status,row_index,timestamp,Books,year,Diagnosis,Chapter,Title,item_category,population_json,population_other_detail,tcm_syndrome,tcm_syndrome_other_detail,modern_osteoporosis_phenotype_json,modern_osteoporosis_phenotype_other_detail,symptoms_signs_json,symptoms_signs_other_detail,treatment_methods_json,treatment_methods_other_detail,therapeutic_drugs_json,osteoporosis_relevance_score,high_relevance_classical_excerpt,consider_include,is_osteoporosis_related,treatment_outcome,key_evidence_json,quality_score,reject_reasonings_json,record_key,herbs,dynasty,symptoms
ok,4,2026-02-04 16:40:42,滇南本草,1436.0,骨断,第三卷 铜线草,<em>铜线草（图缺）</em>，生荒地大水边。形同铁线，红润而圆，粗若筋，长尺余。气味甘甜。走肝经。能活血、生血、养血，点酒散血。专治跌打损伤，骨碎筋断，筋骨疼痛，除湿祛风，解热，治痿软痰火，同酒煮服，最效。骨断，捣敷患处能接；打伤之处，敷之亦愈。,方药,[],,删除,,[],,[],,"[""中药内服"", ""中药外用""]",,"[{""name"": ""铜线草"", ""type"": ""单味药"", ""note"": ""同酒煮服治跌打；捣敷患处治骨断、打伤""}]",0.2,专治跌打损伤，骨碎筋断，筋骨疼痛,True,False,愈,"[{""classical_span"": ""骨碎筋断，骨断"", ""why_supports"": ""出现骨折相关描述，但为跌打外伤所致，非骨弱或脆性骨折""}]",1,"[""将急性外伤性骨折误判为骨质疏松相关表现"", ""在无证据情况下推断特定中医证型或人群"", ""将外用接骨功效过度映射为慢性骨量减少""]",45229c67b11f168043c7e10169f3123e,['铜线草'],明,[]
ok,348,2026-02-04 16:54:09,500种中药现代研究,1956.0,骨痿,外用药及其他 明矾,“矾石，味酸气寒而无毒，其性燥急收涩，解毒除热坠浊。盖寒热泄痢，皆湿热所为，妇人白沃，多由虚脱，涩以止脱故也。阴蚀恶疮，亦缘湿火，目痛多由风热。除固热在骨髓坚齿者，髓为热所劫则空，故骨痿而齿浮，矾性入骨除热，故亦故亦主之。去鼻中息肉者，消毒除热燥湿之功也。”（《本草经疏》）,方药,[],,肾阳虚证,,[],,[],,"[""中药外用""]",,"[{""name"": ""明矾（矾石）"", ""type"": ""单味药"", ""note"": ""外用药材，文中述其“入骨除热”，用于骨痿相关表现""}]",1.0,髓为热所劫则空，故骨痿而齿浮，矾性入骨除热,True,True,,"[{""classical_span"": ""骨痿而齿浮"", ""why_supports"": ""明确出现“骨痿”病名，直接指向骨弱、骨萎，与骨质疏松高度一致""}, {""classical_span"": ""髓为热所劫则空"", ""why_supports"": ""描述骨髓空虚、骨质受损的病机，与骨量减少相符""}]",1,"[""原文仅论药性，缺乏具体患者表现，可能被误泛化"", ""骨痿亦可指其他慢性骨病，未必等同现代骨质疏松"", ""外用药章节，治疗途径与现代系统性骨病存在差异""]",917dd8bde62160a79d00c68ba6dbaf2d,['明矾'],近现代,[]
ok,7,2026-02-04 16:40:56,跌打损伤回生集,1856.0,骨断,卷一 治周身口诀,凡手足骨断，久不得力，难所行举，尚有疼痛，可服乳香寻痛散，加走马在内。,方药,[],,血瘀气滞证,原文为跌打损伤致骨断，属外伤范畴，未见内在虚损证候描述,[],,"[""骨痛"", ""活动受限""]",,"[""中药内服""]",,"[{""name"": ""乳香寻痛散"", ""type"": ""方剂"", ""note"": ""用于手足骨断、疼痛、久不得力""}, {""name"": ""走马"", ""type"": ""单味药"", ""note"": ""作为加味用药""}]",0.2,凡手足骨断，久不得力，难所行举，尚有疼痛,True,False,,"[{""classical_span"": ""手足骨断，久不得力"", ""why_supports"": ""提示骨折及功能受限，但系跌打外伤所致""}]",1,"[""文本为急性外伤骨折，非骨量减少或脆性骨折证据"", ""未出现骨痿、骨弱、年老易折等内在虚损描述"", ""若强行对应骨质疏松分型将超出原文证据""]",2755e1b64956bb960236110bcf65177b,"['乳香寻痛散', '走马']",清,"['活动受限', '骨痛']"
ok,8,2026-02-04 16:40:57,跌打损伤回生集,1856.0,骨断,卷一 损伤秘传口诀,凡折断下手整接之时，先服神妙佛手散，然后整接，夹缚如法。日服桂蕊散，煮酒调一阳丹。患在上，食后服；在下，则食前服。若伤破骨断者，又当用活血住痛散。收功必赖桂蕊散，同一阳丹为妙。,方药,[],,血瘀气滞证,原文未明确提出具体证型，仅述跌打损伤骨断之治法,[],,[],,"[""中药内服""]",,"[{""name"": ""神妙佛手散"", ""type"": ""方剂"", ""note"": ""整接骨折前先服""}, {""name"": ""桂蕊散"", ""type"": ""方剂"", ""note"": ""骨折后日服，收功所赖""}, {""name"": ""一阳丹"", ""type"": ""方剂"", ""note"": ""煮酒调服，与桂蕊散同用""}, {""name"": ""活血住痛散"", ""type"": ""方剂"", ""note"": ""伤破骨断者加用""}]",0.2,,True,False,,"[{""classical_span"": ""若伤破骨断者"", ""why_supports"": ""仅描述外伤所致骨折，属急性损伤而非骨弱""}]",3,"[""文本为跌打损伤与整接骨折的外伤治疗，非慢性骨病"", ""未见骨痿、骨弱、年老易折等指向性描述"", ""将急性外伤骨折直接等同骨质疏松存在过度映射风险""]",ca588dda40560107d4fe154c955b0b6a,"['一阳丹', '桂蕊散', '活血住痛散', '神妙佛手散']",清,[]
ok,9,2026-02-04 16:41:00,跌打损伤回生集,1856.0,骨断,卷一 秘传接骨口诀,井栏骨断，以手揣正，断骨相接归原。用棉絮二个，如果子大，于断骨两旁轻轻托起相接。以神圣散姜汁调贴患处。若烂了伤破皮，不可用姜汁，以蜜调贴，然后用竹筒一节，长短宽狭，随人为则裁断破碎。用一片大者，嵌入骨，在竹内用纸实腋下，用绢袋兜缚，日服乳香寻痛散。,外治法,[],,删除,,[],,[],,"[""中药外用"", ""其他""]",手法接骨、竹筒固定、绢袋兜缚，均属外伤骨折之固定与复位,"[{""name"": ""神圣散"", ""type"": ""方剂"", ""note"": ""以姜汁调贴患处""}, {""name"": ""姜汁"", ""type"": ""其他"", ""note"": ""调神圣散外敷；破皮则不用""}, {""name"": ""蜜"", ""type"": ""其他"", ""note"": ""伤破皮时改以蜜调贴""}, {""name"": ""乳香寻痛散"", ""type"": ""方剂"", ""note"": ""日服止痛""}, {""name"": ""棉絮、竹筒、绢袋"", ""type"": ""外治"", ""note"": ""托骨、固定与兜缚之材料""}]",0.2,,True,False,,"[{""classical_span"": ""井栏骨断，以手揣正"", ""why_supports"": ""明确为跌打外伤所致骨折，属急性损伤而非骨弱或脆性骨折""}]",1,"[""文本为急性外伤骨折处理，非慢性骨弱病机"", ""未出现骨痿、骨疏、年老骨弱等指向骨质疏松的描述"", ""不能据外伤骨断推断为脆性骨折""]",ce53084cb90560903035dfd47c2fb10e,"['乳香寻痛散', '姜汁', '棉絮、竹筒、绢袋', '神圣散', '蜜']",清,[]
ok,12,2026-02-04 16:41:01,跌打损伤回生集,1856.0,骨断,卷三 又麻药方,接骨方（骨断未破皮者易治）,方药,[],,删除,,[],,[],,"[""中药外用""]",,"[{""name"": ""接骨方"", ""type"": ""方剂"", ""note"": ""用于骨断未破皮之接骨治疗""}]",0.2,接骨方（骨断未破皮者易治）,True,False,,"[{""classical_span"": ""骨断未破皮者"", ""why_supports"": ""明确指向外伤性骨折的接骨治疗，非慢性骨弱或骨痿范畴""}]",1,"[""文本为跌打损伤类外伤骨折，缺乏骨弱或脆性骨折语义"", ""未出现骨痿、骨疏、年老易折等与骨质疏松高度相关表述"", ""不能将单次外伤性骨断直接映射为骨质疏松""]",397386b64173a54d1eba5aa679dbcad9,['接骨方'],清,[]
ok,11,2026-02-04 16:41:01,跌打损伤回生集,1856.0,骨断,卷一 秘传接骨口诀,臂骨断，揣定断骨归原，用神圣散贴之。然后用杉皮三片，削去粗皮，密密掐令微破，长短有法。如断向内，以三片短者向内，一片长者向外，作夹托，用绵四部缚之。向身处遂转放宽，令血气贯通。第二部差紧，要血脉流通，一二间相接太紧，则血不通，骨亦难接。日服活血住痛散。三日后换夹，则削薄其夹，比在前更薄，此扎缚亦宜宽些。如有肿，神圣散内加螵蛸、朴硝。四围有泡，用百草霜炒令无烟，纸摊于地上，存性为末，清油调搽泡上。,外治法,[],,删除,,[],,[],,"[""中药内服"", ""中药外用"", ""其他""]",夹托固定、绵缚、接骨复位等跌打损伤外科处理方法,"[{""name"": ""神圣散"", ""type"": ""方剂"", ""note"": ""外贴于断骨处以助接骨""}, {""name"": ""活血住痛散"", ""type"": ""方剂"", ""note"": ""日服以活血止痛""}, {""name"": ""螵蛸"", ""type"": ""单味药"", ""note"": ""肿甚时加入神圣散中外用""}, {""name"": ""朴硝"", ""type"": ""单味药"", ""note"": ""肿甚时加入神圣散中外用""}, {""name"": ""百草霜"", ""type"": ""单味药"", ""note"": ""炒存性为末，清油调搽泡上""}, {""name"": ""杉皮"", ""type"": ""外治"", ""note"": ""削薄作夹托以固定断骨""}]",0.2,,True,False,,"[{""classical_span"": ""臂骨断，揣定断骨归原"", ""why_supports"": ""明确为跌打损伤所致急性骨折，非骨弱自折""}]",1,"[""内容为外伤接骨治疗，非慢性骨病或骨弱范畴"", ""未见骨痿、骨疏、年老骨弱等指向性描述"", ""若强行标注为骨质疏松将混淆外伤性骨折与脆性骨折""]",9166b6f97dec0c863460a550f8f57569,"['朴硝', '杉皮', '活血住痛散', '百草霜', '神圣散', '螵蛸']",清,[]
ok,1352,2026-02-04 17:33:55,500种中药现代研究,1956.0,骨折,清热药 清热解毒药 乌蔹莓,1. 用于接骨及消肿　用洗净泥沙、剔去硬结的新鲜根 500g，糯米饭半碗，千捶成膏敷患处。或在秋冬时采根洗净切片晒干，研成粉末，密封，用时以白酒调成糊状敷于患处。一般敷药 12～24 小时，如局部感灼热应立即换药，否则容易发泡。治疗关节炎时，一般敷3～7天即可。曾治1 例右手尺骨骨折，断面整齐，患部肿痛，经整复后敷上五将草药膏，固定，3天换药1次，1周去夹板，半月即愈。〔江西医药　1964；4（12）：535〕,外治法,[],,血瘀气滞证,原文仅述外伤骨折与消肿接骨外治，未提及内在虚损证候,[],,"[""其他""]",外伤性骨折、局部肿痛（非明确脆性骨折）,"[""中药外用""]",,"[{""name"": ""乌蔹莓根（五将草）"", ""type"": ""外治"", ""note"": ""新鲜根或干根研末，以糯米饭或白酒调膏外敷，接骨消肿""}]",0.2,曾治1例右手尺骨骨折，断面整齐，患部肿痛，经整复后敷上五将草药膏,True,False,愈,"[{""classical_span"": ""右手尺骨骨折"", ""why_supports"": ""涉及骨折治疗，但为明确外伤病例，非骨量减少所致""}]",1,"[""病例为急性外伤骨折，非脆性骨折证据不足"", ""未出现骨痿、骨弱或年老易折等核心指向"", ""仅为外用接骨经验，难以映射骨质疏松机制""]",9f6488bf97ee502cc5b214a0282ed8d5,['乌蔹莓根'],近现代,['其他']
ok,14,2026-02-04 16:41:12,外科全生集,1740.0,骨断,卷一 杂症门,<span style='font-weight:bold;'>跌打骨断,方药,[],,血瘀气滞证,原文未见证型辨识，仅述跌损骨断之治法,[],,[],,"[""中药内服""]",,"[{""name"": ""乳香"", ""type"": ""单味药"", ""note"": ""与没药等同用以行药力""}, {""name"": ""没药"", ""type"": ""单味药"", ""note"": ""与乳香等同用""}, {""name"": ""穿山甲"", ""type"": ""单味药"", ""note"": ""制末入汤内""}, {""name"": ""虎骨"", ""type"": ""单味药"", ""note"": ""骨断时加用""}, {""name"": ""自然铜"", ""type"": ""单味药"", ""note"": ""骨断时加用""}, {""name"": ""地鳖虫"", ""type"": ""单味药"", ""note"": ""骨断时加用""}]",0.2,若骨断加虎骨、自然铜、地鳖虫。,True,False,,"[{""classical_span"": ""骨断"", ""why_supports"": ""提示为跌损所致急性骨折，非骨弱或脆性骨折""}]",1,"[""文本为外伤跌损骨折，非慢性骨病仍可能被误映射"", ""未见骨痿、骨弱等指向骨质疏松的核心证据"", ""缺乏人群与证型信息，相关性判断受限""]",2a663b753e1238f5eb51e7acab149317,"['乳香', '地鳖虫', '没药', '穿山甲', '自然铜', '虎骨']",清,[]
ok,1354,2026-02-04 17:34:01,500种中药现代研究,1956.0,骨折,祛风湿药 海桐皮,1. 治疗四肢骨折后期关节功能障碍　海桐皮、鸡血藤、透骨草、伸筋草、桑寄生、续断、天仙藤各15g。上肢加姜黄12g，桑枝15g；下肢加牛膝、木瓜各20g。上药加水1500ml，煮沸20～40 分钟，取滤液熏洗患处，每剂药可熏洗2天，每日 3～4 次。治疗132例，痊愈108例，显效19例，有效5例。〔北京中医学院学报　1990；13（6）：33〕,外治法,[],,血瘀气滞证,原文未提及辨证，仅描述骨折后期关节功能障碍的治疗,[],,"[""活动受限""]",,"[""中药外用""]",熏洗患处,"[{""name"": ""海桐皮"", ""type"": ""单味药"", ""note"": ""为主药，用于骨折后期关节功能障碍""}, {""name"": ""鸡血藤"", ""type"": ""单味药"", ""note"": ""配伍活血通络""}, {""name"": ""透骨草"", ""type"": ""单味药"", ""note"": ""配伍外洗通络""}, {""name"": ""伸筋草"", ""type"": ""单味药"", ""note"": ""配伍舒筋""}, {""name"": ""桑寄生"", ""type"": ""单味药"", ""note"": ""配伍用于筋骨""}, {""name"": ""续断"", ""type"": ""单味药"", ""note"": ""配伍用于筋骨损伤""}, {""name"": ""天仙藤"", ""type"": ""单味药"", ""note"": ""配伍通络止痛""}, {""name"": ""姜黄"", ""type"": ""单味药"", ""note"": ""上肢加用""}, {""name"": ""桑枝"", ""type"": ""单味药"", ""note"": ""上肢加用""}, {""name"": ""牛膝"", ""type"": ""单味药"", ""note"": ""下肢加用""}, {""name"": ""木瓜"", ""type"": ""单味药"", ""note"": ""下肢加用""}]",0.2,治疗四肢骨折后期关节功能障碍,True,True,痊愈/显效/有效,"[{""classical_span"": ""四肢骨折后期关节功能障碍"", ""why_supports"": ""涉及骨折及骨病恢复期，可与骨质疏松相关骨折情境产生弱关联""}]",1,"[""原文为骨折后期治疗，未明确为脆性骨折或骨弱所致"", ""未提供年龄、人群或慢性骨量减少的描述"", ""缺乏骨痿、骨弱、反复骨折等高度指向性证据""]",8e87d65f2c546fab9f0a8d9e451597ff,"['伸筋草', '天仙藤', '姜黄', '木瓜', '桑寄生', '桑枝', '海桐皮', '牛膝', '续断', '透骨草', '鸡血藤']",近现代,['活动受限']
ok,1355,2026-02-04 17:34:05,500种中药现代研究,1956.0,骨折,祛风湿药 五加皮,8. 治疗骨折　五加皮、地骨皮各30g，另取小鸡1只，将肉捣烂与药粉混匀。骨折复位后敷药，小夹板固定，1周后去药。治疗15例，痊愈11例，4例正在治疗中。一般用药后痛止，3～5天消肿，2～3周后骨痂形成，平均愈合时间为19天。〔中成药研究　1985；（12）：43〕,外治法,[],,删除,,[],,[],,"[""中药外用""]",,"[{""name"": ""五加皮"", ""type"": ""单味药"", ""note"": ""与地骨皮同用，捣粉外敷""}, {""name"": ""地骨皮"", ""type"": ""单味药"", ""note"": ""与五加皮同用，捣粉外敷""}, {""name"": ""小鸡肉"", ""type"": ""外治"", ""note"": ""捣烂与药粉混匀外敷""}]",0.2,,True,True,痊愈,"[{""classical_span"": ""治疗骨折"", ""why_supports"": ""仅涉及骨折治疗，未指向骨量减少或脆性骨折""}]",1,"[""仅描述急性骨折外治，非慢性骨弱证候"", ""未提供人群年龄或反复易折信息"", ""缺乏骨痿、骨疏等典型病名""]",1213157fb99bbddb6da6f384ca63ce77,"['五加皮', '地骨皮', '小鸡肉']",近现代,[]
ok,20,2026-02-04 16:41:24,古今医统大全,1556.0,骨断,卷之七十九 伤损门（古方名正骨科）,洗药仙正散 治伤重骨断，用此洗后正骨，却用乌龙角贴之，如留口。若夹缚，根据前法为之。,外治法,[],,血瘀气滞证,原文仅述伤损骨断的外治处理，未见明确证型辨证,[],,"[""骨折""]",此处为外伤性骨断，非明确脆性骨折，仅作表面对应,"[""中药外用""]",,"[{""name"": ""洗药仙正散"", ""type"": ""方剂"", ""note"": ""用于伤重骨断，洗后正骨""}, {""name"": ""乌龙角"", ""type"": ""外治"", ""note"": ""正骨后贴敷固定""}]",0.2,治伤重骨断，用此洗后正骨,True,False,,"[{""classical_span"": ""治伤重骨断"", ""why_supports"": ""明确指向急性外伤性骨折，而非骨弱或骨痿""}]",1,"[""文本为急性外伤骨折处理，非骨质疏松本病描述"", ""缺乏年老骨弱、骨痿等慢性特征仍强行映射风险"", ""未见证型与内在骨量不足机制相关论述""]",e3ffe2242d4d7d3d5aa3295774b9140d,"['乌龙角', '洗药仙正散']",明,['骨折']
ok,1358,2026-02-04 17:34:10,500种中药现代研究,1956.0,骨折,活血祛淤药 自然铜,为天然黄铁矿Pyrite的含硫化铁(FeS2)矿石。味辛、苦，性平。入肾、肝经。功能：散淤止痛、接骨续筋。主治：跌打损伤、筋断骨折、血淤疼痛、积聚、瘿瘤、疮疡、烫伤。内服：煎汤，3～9g；或入丸、散。外用：研末调敷。,方药,[],,删除非辨证文献,原文未提及具体证型，仅述功效主治,[],,"[""骨痛""]",,"[""中药内服"", ""中药外用""]",,"[{""name"": ""自然铜"", ""type"": ""单味药"", ""note"": ""用于跌打损伤、筋断骨折，内服或外敷""}]",0.2,功能：散淤止痛、接骨续筋。主治：跌打损伤、筋断骨折,True,True,,"[{""classical_span"": ""接骨续筋"", ""why_supports"": ""涉及骨折修复，与骨强度不足后的骨折表现存在弱关联""}, {""classical_span"": ""筋断骨折"", ""why_supports"": ""直接提及骨折，但多为外伤所致，非典型骨质疏松""}]",1,"[""原文以外伤性骨折为主，未区分脆性骨折"", ""未出现骨痿、骨弱等慢性骨量不足描述"", ""缺乏人群与证型信息，映射证据有限""]",db780e9f963c66e5a82b6fe332b2de8d,['自然铜'],近现代,['骨痛']
ok,1357,2026-02-04 17:34:11,500种中药现代研究,1956.0,骨折,活血祛淤药 血竭,血竭配伍自然铜 二者均有活血散淤止痛之功效。且自然铜能续筋接骨，相伍为用，共奏活血祛淤、续筋接骨之功效，用于治疗跌打损伤之筋断骨折而有疼痛者。,方药,[],,血瘀气滞证,原文仅述跌打损伤之筋断骨折，未涉及内在证候，无法判定具体证型,[],,"[""骨痛""]",,"[""中药内服""]",,"[{""name"": ""血竭"", ""type"": ""单味药"", ""note"": ""与自然铜配伍，活血散淤止痛""}, {""name"": ""自然铜"", ""type"": ""单味药"", ""note"": ""续筋接骨，用于筋断骨折""}]",0.2,用于治疗跌打损伤之筋断骨折而有疼痛者,True,False,,"[{""classical_span"": ""续筋接骨"", ""why_supports"": ""提示骨折修复，但属外伤治疗，非骨弱所致""}, {""classical_span"": ""跌打损伤之筋断骨折"", ""why_supports"": ""明确为急性外伤性骨折，非骨质疏松典型情境""}]",1,"[""原文为外伤骨折用药，非慢性骨弱或脆性骨折"", ""未出现骨痿、骨弱、年老易折等指向性描述"", ""证型与人群信息缺失，映射证据有限""]",93923387a6519f496fa1d8b50d157040,"['自然铜', '血竭']",近现代,['骨痛']
ok,1359,2026-02-04 17:34:16,500种中药现代研究,1956.0,骨折,活血祛淤药 自然铜,药理作用：有促进骨折愈合的作用。有报告指出，用人工方法使家兔股骨骨折后，每日服用自然铜与虎骨各半的合剂3g，共服1.5月，对骨折愈合有促进作用，表现为骨痂生长快，量多且较成熟，抗折力亦较对照组强。单独使用则较差。含有自然铜的复方接骨散（含自然铜、骨碎补等共19味）给家兔每日服3g，共服2～8 周，对桡骨骨折愈合有促进作用，表现为愈合骨再折的牵引力较对照组大。,方药,[],,血瘀气滞证,原文仅述骨折愈合的药理作用，未涉及辨证分型,[],,[],,"[""中药内服""]",,"[{""name"": ""自然铜"", ""type"": ""单味药"", ""note"": ""用于实验性骨折后促进骨痂形成与抗折力""}, {""name"": ""虎骨"", ""type"": ""单味药"", ""note"": ""与自然铜合用以增强骨折愈合作用""}, {""name"": ""接骨散"", ""type"": ""方剂"", ""note"": ""含自然铜、骨碎补等，用于促进骨折愈合""}]",0.2,,True,False,好转,"[{""classical_span"": ""有促进骨折愈合的作用"", ""why_supports"": ""仅体现对骨折修复的促进，与骨量减少或脆性骨折无直接指向""}]",1,"[""文本为现代实验药理描述而非古籍病证"", ""仅涉及外伤性骨折愈合，缺乏骨弱或脆性特征"", ""未提供人群、证型或长期骨病信息，映射证据有限""]",f12e151f89d179ccbe2a25f0c242b60f,"['接骨散', '自然铜', '虎骨']",近现代,[]
ok,1360,2026-02-04 17:34:17,500种中药现代研究,1956.0,骨折,活血祛淤药 自然铜,自然铜配伍没药 二者皆有活血止痛之功。且自然铜能接骨续筋；没药能生肌消肿，相伍为用，有活血止痛、接骨续筋、生肌消肿之功效，用于治疗外伤所致之骨折疼痛、淤血肿胀等。,方药,[],,删除,,[],,"[""骨痛""]",,"[""中药内服""]",,"[{""name"": ""自然铜"", ""type"": ""单味药"", ""note"": ""与没药相伍，接骨续筋、活血止痛""}, {""name"": ""没药"", ""type"": ""单味药"", ""note"": ""生肌消肿，配伍自然铜用于骨折疼痛""}]",0.2,用于治疗外伤所致之骨折疼痛、淤血肿胀等,True,False,,"[{""classical_span"": ""外伤所致之骨折疼痛"", ""why_supports"": ""提示为急性外伤性骨折而非骨量减少所致""}, {""classical_span"": ""接骨续筋"", ""why_supports"": ""治疗目标为骨折修复，不指向慢性骨弱""}]",1,"[""文本明确指向外伤性骨折，非脆性骨折"", ""未出现骨痿、骨弱、年老易折等骨质疏松核心表述"", ""证型与人群信息缺失，无法建立稳定映射""]",f62f21ffded591a1c35639860544a5a9,"['没药', '自然铜']",近现代,['骨痛']
ok,1361,2026-02-04 17:34:24,500种中药现代研究,1956.0,骨折,活血祛淤药 泽兰,1. 治疗四肢损伤　忍冬藤、红藤、鸡血藤、蒲公英各30g，川牛膝15g，泽兰、桃枝、赤芍、地骨皮各12g，甘草6g。水煎服，日1剂。治疗单纯软组织损伤及骨折者185例，于手法整复固定后或手术后1周内均内服上方，结果：显效（服药后3～5天内肿胀、疼痛消失，或术后1～2天内刀口疼痛及肿胀消失，无感染现象）156例；有效（服药后5～7天内肿痛消减或术后3天刀口疼痛及肿胀消失，无感染现象）29例。〔山东中医杂志　1990；9（5）：22〕,方药,[],,血瘀气滞证,原文未提及明确证型，仅描述外伤/骨折后的用药,[],,"[""骨折""]",文本仅出现“骨折”，未区分是否脆性骨折，属弱匹配,"[""中药内服""]",,"[{""name"": ""忍冬藤"", ""type"": ""单味药"", ""note"": ""方中组成，用于四肢损伤""}, {""name"": ""红藤"", ""type"": ""单味药"", ""note"": ""方中组成""}, {""name"": ""鸡血藤"", ""type"": ""单味药"", ""note"": ""方中组成""}, {""name"": ""蒲公英"", ""type"": ""单味药"", ""note"": ""方中组成""}, {""name"": ""川牛膝"", ""type"": ""单味药"", ""note"": ""方中组成""}, {""name"": ""泽兰"", ""type"": ""单味药"", ""note"": ""方中组成""}, {""name"": ""桃枝"", ""type"": ""单味药"", ""note"": ""方中组成""}, {""name"": ""赤芍"", ""type"": ""单味药"", ""note"": ""方中组成""}, {""name"": ""地骨皮"", ""type"": ""单味药"", ""note"": ""方中组成""}, {""name"": ""甘草"", ""type"": ""单味药"", ""note"": ""方中组成""}]",0.2,,True,False,显效,"[{""classical_span"": ""治疗单纯软组织损伤及骨折者185例"", ""why_supports"": ""仅涉及外伤性骨折的治疗，未体现骨量减少或骨弱""}]",1,"[""文本为急性外伤/骨折治疗，非慢性骨病"", ""未出现骨痿、骨弱、易折等骨质疏松核心表述"", ""缺乏人群与证型信息仍可能被误映射""]",22d7a8d12bea2bc8d0da413c71150483,"['地骨皮', '川牛膝', '忍冬藤', '桃枝', '泽兰', '甘草', '红藤', '蒲公英', '赤芍', '鸡血藤']",近现代,['骨折']
ok,1364,2026-02-04 17:34:25,500种中药现代研究,1956.0,骨折,活血祛淤药 川芎,川芎口服可促进骨折大鼠及家兔的骨折愈合和血肿的吸收。阿魏酸钠对免疫系统有一定调整作用，可使γ-球蛋白升高，对T淋巴细胞低下者有一定提高作用。,方药,[],,删除,,[],,[],,"[""中药内服""]",,"[{""name"": ""川芎"", ""type"": ""单味药"", ""note"": ""口服，促进骨折愈合及血肿吸收（动物实验）""}, {""name"": ""阿魏酸钠"", ""type"": ""其他"", ""note"": ""调节免疫系统，提升γ-球蛋白与T淋巴细胞功能""}]",0.2,,True,False,不详,"[{""classical_span"": ""促进骨折大鼠及家兔的骨折愈合"", ""why_supports"": ""仅涉及急性骨折愈合，与慢性骨量减少的骨质疏松关联较弱""}]",1,"[""文本仅讨论急性骨折愈合，非骨质疏松范畴"", ""缺乏骨弱、易折、年老骨衰等指向性描述"", ""为现代实验研究资料，非古籍病机记载""]",ec185ae554fc1c03f408d47e59f21899,"['川芎', '阿魏酸钠']",近现代,[]
ok,1366,2026-02-04 17:34:31,500种中药现代研究,1956.0,骨折,安神药 养心安神药 合欢皮,2. 治疗打扑伤损骨折：夜合树（去粗皮，取白皮，锉碎，炒令黄微黑色）四两，芥菜子（炒）一两。上为细末，酒调，临夜服；粗滓罨疮上，扎缚之。此药专接骨。（《百一选方》）,方药,[],,删除,,[],,"[""骨折""]",原文明确为“打扑伤损骨折”，属外伤性骨折，非脆性骨折，故仅作弱映射,"[""中药内服"", ""中药外用""]",,"[{""name"": ""夜合树白皮（合欢皮）"", ""type"": ""单味药"", ""note"": ""去粗皮取白皮，锉碎炒用，为接骨主药""}, {""name"": ""芥菜子"", ""type"": ""单味药"", ""note"": ""炒用，配合酒调内服并外敷""}]",0.2,,True,False,,"[{""classical_span"": ""治疗打扑伤损骨折"", ""why_supports"": ""明确指向外伤性骨折，而非骨量减少或脆性骨折""}, {""classical_span"": ""此药专接骨"", ""why_supports"": ""强调接骨疗效，属于骨折修复范畴""}]",1,"[""文本所述为急性外伤性骨折，缺乏骨弱或脆性证据"", ""未出现骨痿、骨枯、年老易折等与骨质疏松高度相关病名或描述"", ""证型、人群及慢性演变信息不足，无法支持强映射""]",6f7c60bad91df32f53189e14649b8aa6,"['夜合树白皮', '芥菜子']",近现代,['骨折']
ok,38,2026-02-04 16:42:04,普济方,1406.0,骨断,卷三百九 折伤门 接骨手法,x治接骨定痛。诗曰。青柏干荷叶。此药最为强。皂角并碎补。止痛绝为柏叶（生少许） 荷叶（生） 皂角（生多用或肥皂） 骨碎补（去毛） 上各一两为 末。于跌处揣骨断处。以绳太热。若无动 x接骨禁声膏 x 肉桂（不见火为末） 牛皮胶（截碎） 马屁勃（搽末） 独核肥皂 上用生姜自然 汁。添少水须用纸背 日取下。,外治法,[],,血瘀气滞证,原文为跌仆折伤接骨止痛之外治法，未论证型,[],,"[""骨折""]",,"[""中药外用""]",,"[{""name"": ""柏叶"", ""type"": ""外治"", ""note"": ""生用，接骨止痛""}, {""name"": ""荷叶"", ""type"": ""外治"", ""note"": ""生用，入末外敷""}, {""name"": ""皂角"", ""type"": ""外治"", ""note"": ""生多用，止痛""}, {""name"": ""骨碎补"", ""type"": ""外治"", ""note"": ""去毛，接骨""}, {""name"": ""肉桂"", ""type"": ""外治"", ""note"": ""末用，不见火""}, {""name"": ""牛皮胶"", ""type"": ""外治"", ""note"": ""截碎，成膏""}, {""name"": ""马屁勃"", ""type"": ""外治"", ""note"": ""搽末""}, {""name"": ""生姜汁"", ""type"": ""外治"", ""note"": ""调和外用""}]",0.2,,True,False,,"[{""classical_span"": ""治接骨定痛"", ""why_supports"": ""明确针对跌仆骨断的接骨止痛外治""}, {""classical_span"": ""折伤门 接骨手法"", ""why_supports"": ""章节定位为外伤性骨折处理""}]",1,"[""文本为急性外伤骨折处理，非骨量减少或骨弱病机"", ""未出现骨痿、骨枯、年老骨弱等指向骨质疏松的描述"", ""不可将外伤性骨折直接等同为骨质疏松相关脆性骨折""]",bf549b8a48166c957459c07c9e6c398a,"['柏叶', '牛皮胶', '生姜汁', '皂角', '肉桂', '荷叶', '马屁勃', '骨碎补']",明,['骨折']
ok,39,2026-02-04 16:42:07,普济方,1406.0,骨断,卷三百九 折伤门 接骨手法,x治跌骨断。 x用白芨一味为末。酒调服。神效。又方其功不减自然铜与五铢钱服之。,方药,[],,血瘀气滞证,原文仅述外伤骨折治法，未提及具体证型,[],,[],,"[""中药内服""]",,"[{""name"": ""白芨"", ""type"": ""单味药"", ""note"": ""为末，酒调服，治跌骨断""}, {""name"": ""自然铜"", ""type"": ""单味药"", ""note"": ""与五铢钱同服，功不减""}, {""name"": ""五铢钱"", ""type"": ""其他"", ""note"": ""与自然铜同服，用于骨断""}]",0.2,治跌骨断。用白芨一味为末。酒调服。神效。,True,False,显效,"[{""classical_span"": ""治跌骨断"", ""why_supports"": ""明确为跌倒所致骨折，属急性外伤范畴，非骨弱自发""}]",3,"[""仅为急性外伤骨折，缺乏骨弱或年老易折证据"", ""未出现骨痿、骨枯等与骨质疏松高度相关病名"", ""不能将单次跌倒骨断等同于脆性骨折""]",6a908cccdda703bd868eefba34c04b2e,"['五铢钱', '白芨', '自然铜']",明,[]
ok,1367,2026-02-04 17:34:33,500种中药现代研究,1956.0,骨折,补虚药 补阳药 续断,续断配伍骨碎补 二药皆有行血止痛、续筋接骨之功。相伍为用，其效更著，用于治疗扭伤、骨折肿痛。,方药,[],,删除,,[],,[],,"[""中药内服""]",,"[{""name"": ""续断"", ""type"": ""单味药"", ""note"": ""与骨碎补相伍，用于续筋接骨、止痛""}, {""name"": ""骨碎补"", ""type"": ""单味药"", ""note"": ""与续断配伍，治疗扭伤、骨折肿痛""}]",0.2,,True,False,,"[{""classical_span"": ""用于治疗扭伤、骨折肿痛"", ""why_supports"": ""指向急性外伤性骨折与疼痛，非骨量减少或脆性骨折""}]",1,"[""文本仅涉及外伤性骨折，证据不足以映射骨质疏松"", ""未出现骨痿、骨弱或老年易折等核心指征"", ""强行归入现代分型或证型将构成臆造""]",797606f9cecf511472e07d9e071cafa8,"['续断', '骨碎补']",近现代,[]
ok,40,2026-02-04 16:42:11,普济方,1406.0,骨断,卷三百九 折伤门 接骨手法,x彭氏黑龙散 x x治伤损筋骨。碎断差错。每先用葱汤药水淋洗。整顿平正。趁热用姜汁或纸或帛随 xx大小裹贴。有破留口。别用饮药。如骨断碎。斟酌夹服。三日一次淋洗换药。不可去 xx夹。以待骨续。如刀箭兽 成疮。坏烂搽践肿痛。用姜汁和水调贴。有破留口。 x穿山甲（六两） 丁皮（六两） 当归（二两） 百草霜 枇杷叶（略用汁一盂） 上 为细末。姜汁 x又方 x 用川乌一个。先将好醋糟入紫油缸内。次用糟 了盖定。有患取此如梧桐子大。用饭三五粒  x桃红散 x（出永类钤方）,方药,[],,血瘀气滞证,属外伤折伤接骨手法，原文未论及内在虚损证型,[],,[],,"[""中药内服"", ""中药外用""]",,"[{""name"": ""彭氏黑龙散"", ""type"": ""方剂"", ""note"": ""治伤损筋骨、碎断差错之外用/内服方""}, {""name"": ""桃红散"", ""type"": ""方剂"", ""note"": ""接骨疗伤相关方（引自《永类钤方》）""}, {""name"": ""穿山甲"", ""type"": ""单味药"", ""note"": ""方中用药，用于伤损筋骨""}, {""name"": ""丁皮"", ""type"": ""单味药"", ""note"": ""方中用药，具体功用未详述""}, {""name"": ""当归"", ""type"": ""单味药"", ""note"": ""方中用药""}, {""name"": ""百草霜"", ""type"": ""单味药"", ""note"": ""方中用药""}, {""name"": ""枇杷叶"", ""type"": ""单味药"", ""note"": ""取汁入方外用""}, {""name"": ""川乌"", ""type"": ""单味药"", ""note"": ""又方所用，外治""}, {""name"": ""姜汁"", ""type"": ""外治"", ""note"": ""用于裹贴、调药外敷""}]",0.2,,True,False,,"[{""classical_span"": ""治伤损筋骨。碎断差错"", ""why_supports"": ""明确指向外伤性筋骨损伤而非内在骨弱""}, {""classical_span"": ""如骨断碎"", ""why_supports"": ""描述急性骨折处理，与骨质疏松脆性骨折不同""}]",1,"[""内容以急性外伤骨折接骨为主，非慢性骨弱或脆性骨折"", ""未见骨痿、骨枯、年老骨弱等与骨质疏松高度相关病名"", ""若强行对应骨质疏松，存在病因与语境错配风险""]",e817eade24e460f8c6bd1702e9823859,"['丁皮', '姜汁', '川乌', '当归', '彭氏黑龙散', '枇杷叶', '桃红散', '百草霜', '穿山甲']",明,[]
ok,1368,2026-02-04 17:34:35,500种中药现代研究,1956.0,骨折,补虚药 补阳药 鹿茸,6. 对创伤的作用　鹿茸对长期不易愈合和一时新生不良的溃疡和创口，能增强再生过程，并能促进骨折的愈合，影响氮素及碳水化合物的代谢。鹿茸精对强力应激引起头、颈部受伤的家兔，有明显的治疗作用。在损伤16天内，肌肉注射或腹腔注射鹿茸精1ml/kg，每天一次，对损伤引起的行动不安和兴奋状态以及异常的脑电图、肌电图、和眼球震颤电图有明显的改善作用。并使受损伤家兔颈髓部的己糖酸激酶、甘油磷酸激酶、GPT 等酶的活性得到改善。实验证明：鹿茸精对受伤家兔间脑、颈部和胸部脊髓的无氧酵解有明显的增强作用，并对这些部位三羧酸循环有加速恢复的作用。,方药,[],,脾胃虚弱证,,[],,[],,"[""中药内服""]",,"[{""name"": ""鹿茸"", ""type"": ""单味药"", ""note"": ""用于促进骨折及创伤愈合，增强再生过程""}]",0.2,能促进骨折的愈合，影响氮素及碳水化合物的代谢,True,False,好转,"[{""classical_span"": ""促进骨折的愈合"", ""why_supports"": ""涉及骨折修复，但以外伤愈合为主，非骨量减少本体""}]",1,"[""文本以创伤与骨折愈合为主，非慢性骨弱或脆性骨折"", ""未出现骨痿、骨枯等高度指向骨质疏松的古籍病名"", ""不能据此推断适用于骨质疏松的现代表型""]",d626805e15fed17f69cdc1c9280012f0,['鹿茸'],近现代,[]
ok,1369,2026-02-04 17:34:37,500种中药现代研究,1956.0,骨折,外用药及其他 血竭,血竭配伍自然铜 二者均有活血散淤止痛之功效。且自然铜能续筋接骨，相伍为用，共奏活血祛淤、续筋接骨之功效，用于治疗跌打损伤之筋断骨折而有疼痛者。,方药,[],,删除,,[],,"[""骨痛""]",,"[""中药外用""]",,"[{""name"": ""血竭"", ""type"": ""单味药"", ""note"": ""外用，配伍自然铜以活血散瘀止痛""}, {""name"": ""自然铜"", ""type"": ""单味药"", ""note"": ""外用，能续筋接骨，与血竭相伍""}]",0.2,,True,False,,"[{""classical_span"": ""用于治疗跌打损伤之筋断骨折而有疼痛者"", ""why_supports"": ""涉及骨折与骨痛，但为明确外伤所致，非骨量减少或骨弱""}]",1,"[""文本所述为跌打损伤的急性骨折，非脆性骨折"", ""未出现骨痿、骨弱或年老易折等骨质疏松核心特征"", ""证据仅支持外伤骨病，强行映射将导致过度解读""]",c572a0ffab997814a197b4830f213f2f,"['自然铜', '血竭']",近现代,['骨痛']
ok,1370,2026-02-04 17:34:42,500种中药现代研究,1956.0,骨折,外用药及其他 马钱子,曾有报道用马钱子治疗白喉，总剂量达50.54mg 时引起中毒。也有老年人骨骼脱钙者过量服用马钱子制剂，引起全身抽搐而致骨折以及服马钱子7粒中毒致死的报告。中毒者初有咀嚼肌及颈部肌抽筋感，咽下困难，全身不安；然后伸肌与屈肌同时极度收缩而出现强直性惊厥，强直性惊厥反复发作造成衰竭及窒息而死亡。,其他,"[""老年后""]",,血瘀气滞证,原文仅述中毒与骨骼脱钙者骨折，未见明确中医证型判断。,[],,"[""骨折""]",原文描述老年人骨骼脱钙者因中毒抽搐致骨折。,[],,"[{""name"": ""马钱子"", ""type"": ""单味药"", ""note"": ""文中为中毒与不良事件报道，并非用于骨病治疗""}]",0.2,老年人骨骼脱钙者过量服用马钱子制剂，引起全身抽搐而致骨折,True,True,,"[{""classical_span"": ""老年人骨骼脱钙者"", ""why_supports"": ""提示与老年骨量减少相关背景""}, {""classical_span"": ""致骨折"", ""why_supports"": ""出现骨折这一与骨质疏松相关的结局表现""}]",1,"[""文本为中毒不良事件报道，非骨病主诉，相关性较弱"", ""未提供明确中医病名或证型，难以精确映射"", ""骨折由急性抽搐诱发，非典型脆性骨折情境""]",10d5f503cef6aebac98d51aa219cccd5,['马钱子'],近现代,['骨折']
ok,1797,2026-02-04 17:50:41,保赤心筌,1579.0,骨折,卷六 打扑刀伤,骨折皮连者，江应宿令进七厘散一服痛止，外敷花蕊石末渐愈。七厘散、土鳖一味，瓦上煅存性研，秤七厘，生酒服，以醉为度。（与前方不同）,方药,[],,删除,,[],,[],,"[""中药内服"", ""中药外用""]",,"[{""name"": ""七厘散"", ""type"": ""方剂"", ""note"": ""内服止痛""}, {""name"": ""花蕊石末"", ""type"": ""外治"", ""note"": ""外敷促进愈合""}, {""name"": ""土鳖"", ""type"": ""单味药"", ""note"": ""七厘散组成之一，煅研服用""}]",0.2,,True,False,渐愈,"[{""classical_span"": ""骨折皮连者"", ""why_supports"": ""明确为骨折描述""}, {""classical_span"": ""打扑刀伤"", ""why_supports"": ""提示外伤所致而非骨弱""}]",1,"[""文本为急性外伤骨折，非骨量减少或骨弱所致"", ""未出现骨痿、骨弱、年老易折等指向性病机"", ""无慢性演变或反复骨折证据""]",012e25544eb84c7037de4037fb4b62eb,"['七厘散', '土鳖', '花蕊石末']",明,[]
ok,53,2026-02-04 16:42:37,"古今图书集成医部全录011（359-380,外科）",1934.0,骨断,古今图书集成医部全录卷三百七十七,凡平处骨断骨碎皮不破者，只用接骨膏、定痛膏敷贴夹缚。若手足曲直等处及转动处，只宜绢包缚，令时数转动，不可夹缚。如指骨碎断，止用苎麻夹缚。腿上用苎麻绳夹缚。冬月热缚，夏月冷缚，余月温缚。,外治法,[],,血瘀气滞证,原文为损伤、骨断骨碎之处理，未论及内在虚损证型,[],,[],,"[""中药外用""]",,"[{""name"": ""接骨定痛膏"", ""type"": ""外治"", ""note"": ""用于骨断骨碎、皮不破之敷贴""}, {""name"": ""消肿膏"", ""type"": ""外治"", ""note"": ""用于只伤而骨不折者""}, {""name"": ""定痛膏"", ""type"": ""外治"", ""note"": ""用于止痛、夹缚敷贴""}, {""name"": ""补肌散"", ""type"": ""外治"", ""note"": ""碎骨出后用以生肌""}, {""name"": ""补肉膏"", ""type"": ""外治"", ""note"": ""外敷以补肉生肌""}]",0.2,,True,False,,"[{""classical_span"": ""骨断骨碎，皮不破者"", ""why_supports"": ""明确为外伤性骨折描述，非骨弱自折""}]",1,"[""内容为急性损伤骨折处理，非慢性骨弱病机"", ""未见年老、久病或骨痿骨枯等指向"", ""缺乏脆性骨折或骨量不足的语义证据""]",9ce459fc146d5cdeac1efd9005d999ed,"['定痛膏', '接骨定痛膏', '消肿膏', '补肉膏', '补肌散']",近现代,[]
ok,3018,2026-02-04 18:39:20,保命歌括,1549.0,骨痿,卷十二：虚损,加味虎潜丸　治肾肝虚损，骨痿不能起于床，筋缓不能收持。能补诸虚不足，腰体疼痛，行步无力，壮元阳，滋肾水。,方药,[],,肾阳虚证,,[],,"[""活动受限"", ""腰背痛"", ""乏力"", ""步态不稳""]",,"[""中药内服""]",,"[{""name"": ""加味虎潜丸"", ""type"": ""方剂"", ""note"": ""治肾肝虚损、骨痿、腰体疼痛、行步无力""}]",1.0,治肾肝虚损，骨痿不能起于床，筋缓不能收持。腰体疼痛，行步无力。,True,True,,"[{""classical_span"": ""骨痿不能起于床"", ""why_supports"": ""骨痿为古籍中与骨质虚弱、骨量不足高度相关的病名""}, {""classical_span"": ""腰体疼痛，行步无力"", ""why_supports"": ""符合骨质疏松常见的腰背痛与活动功能下降表现""}]",4,"[""原文未提供明确人群或年龄信息，无法细分现代分型"", ""未出现骨折相关描述，部分现代特征需谨慎映射"", ""若将肝肾并虚强行等同多种证型，可能造成过度解读""]",45f6340697341cfa79bb4be067f495b9,['加味虎潜丸'],明,"['乏力', '步态不稳', '活动受限', '腰背痛']"
ok,3019,2026-02-04 18:39:20,保命歌括,1549.0,骨痿,卷十二：虚损,凡肾肝损者，骨痿不能起床，宜服此以益其精；筋缓不能收持，宜服前虎潜丸，以缓其中。此二药者相间服之，所谓补阴和阳，生血益精，润肌肤，强筋骨，性味清而不寒，温而不热，非达造化之精微者，未足以议于斯也。,病名,[],,肾阳虚证,,[],,"[""活动受限""]",“骨痿不能起床，筋缓不能收持”体现起立与活动能力受限,"[""中药内服""]",,"[{""name"": ""虎潜丸"", ""type"": ""方剂"", ""note"": ""用于筋缓不能收持，与前药相间服之以强筋骨""}]",1.0,凡肾肝损者，骨痿不能起床……润肌肤，强筋骨,True,True,,"[{""classical_span"": ""骨痿不能起床"", ""why_supports"": ""直接出现“骨痿”，为古籍中高度指向骨质疏松范畴的病名""}, {""classical_span"": ""强筋骨"", ""why_supports"": ""治疗目标明确指向筋骨虚弱，符合骨量与骨强度不足的语义""}]",1,"[""原文未提供明确人群与年龄信息，无法细分现代表型"", ""部分用药名称在节选中未完整出现，不能臆造补充"", ""缺乏客观骨折或形态改变描述，现代映射仍需谨慎""]",44ef1da06ae51a28f73b0da379bbba24,['虎潜丸'],明,['活动受限']
ok,4314,2026-02-04 19:30:46,保命歌括,1549.0,骨痹,卷九：痰病,寒痰者，因形寒饮冷则伤肺，初则为咳，宜橘皮汤、参苏饮。久则成骨痹。,病名,[],,肾阳虚证,,[],,[],,"[""中药内服""]",,"[{""name"": ""橘皮汤"", ""type"": ""方剂"", ""note"": ""用于寒痰初起咳嗽，非直接治疗骨痹""}, {""name"": ""参苏饮"", ""type"": ""方剂"", ""note"": ""用于寒痰伤肺之咳嗽，非直接治疗骨痹""}]",0.2,久则成骨痹,True,True,,"[{""classical_span"": ""久则成骨痹"", ""why_supports"": ""出现骨痹病名，提示慢性骨病范畴，与骨质疏松存在弱映射可能""}]",1,"[""仅出现病名骨痹，缺乏骨弱或骨折等关键特征"", ""所载方药主要针对咳嗽寒痰而非骨病本身"", ""缺乏人群、症状及转归等支持信息""]",62992bf2fe49c97d7ec840dd519dab98,"['参苏饮', '橘皮汤']",明,[]
ok,61,2026-02-04 16:42:57,石室秘录,1687.0,骨断,卷二（乐集） 不内外治法,引诸活血之药，同群共入，则恶血必从下行，而新生之血必群入于折伤之处：况大黄不特去瘀血，亦能逐而生新，瘀去而各活血之品必能补缺以遮其门路，况土狗。土虱俱是接骨之圣药，即有缺而不全，又得自然铜竞走空缺而补之，此所以奏功之速耳。骨断之处，自服药后，瑟瑟有声，盖两相连贯，彼此合缝，若有神输鬼运之巧。恐世人不信耳，吾传至此，不畏上泄天机者，正副远公好善之心，共为救济之事。庶天眷可邀，愆尤可免耳。,方药,[],,血瘀气滞证,,[],,[],,"[""中药内服""]",,"[{""name"": ""大黄"", ""type"": ""单味药"", ""note"": ""去瘀血并促新生""}, {""name"": ""土狗"", ""type"": ""单味药"", ""note"": ""接骨之圣药""}, {""name"": ""土虱"", ""type"": ""单味药"", ""note"": ""接骨""}, {""name"": ""自然铜"", ""type"": ""单味药"", ""note"": ""补骨断空缺""}]",0.2,骨断之处，自服药后，瑟瑟有声,True,False,显效,"[{""classical_span"": ""骨断之处"", ""why_supports"": ""描述的是外伤性骨折而非骨量减少""}]",1,"[""文本为急性外伤骨折治疗，非慢性骨弱"", ""未出现骨痿、骨枯等骨质疏松指向性病名"", ""不能据此推断为脆性骨折""]",f9acdb9e57f1820abc74f8a2f9304a9f,"['土狗', '土虱', '大黄', '自然铜']",清,[]
ok,353,2026-02-04 16:54:21,本草备要,1683.0,骨痿,内容 木部,甘寒。助阳气，起阴痿，补虚劳，壮筋骨，明目充肌（时珍曰：《别录》、《大明》皆云楮实大补益，而《修真秘书》又云久服令人骨痿，《济生秘览》治骨哽用楮实煎汤，岂非软骨之征乎？《本草发明》甚言其功，而云今补药中罕用，惜未之察耳）。,方药,[],,肾阳虚证,,[],,[],,"[""中药内服""]",,"[{""name"": ""楮实"", ""type"": ""单味药"", ""note"": ""被引文献中用于补益、并与“骨痿”“软骨之征”相关""}]",1.0,久服令人骨痿……岂非软骨之征乎？,True,True,,"[{""classical_span"": ""久服令人骨痿"", ""why_supports"": ""直接出现“骨痿”这一与骨质疏松高度对应的古籍病名""}]",3,"[""仅依据参考上下文而非完整原文，信息可能不全"", ""未明确人群与现代分型，映射存在局限"", ""药物功效存在古籍间不同观点，可能被误读为因果""]",abdc8c3613a5d5801acc45c9b35544a6,['楮实'],清,[]
ok,355,2026-02-04 16:54:29,本草备要,1683.0,骨痿；骨极,内容 人部,甘咸性温。本人之血气所生，故能大补气血，治一切虚劳损极（虚损：一损肺，皮槁毛落；二损心，血脉衰少；三损脾，肌肉消脱；四损肝，筋缓不收；五损肾，骨痿不起。六极，曰气极、血极、筋极、肌极、骨极、精极），恍惚失志癫痫。以初胎及无病妇人者良。有胎毒者害人（以银器插入，焙煮，不黑则无毒）。长流水洗极净，酒蒸焙干研末。或煮烂捣碎入药（如新瓦炙者，反损其精汁），亦可调和煮食（李时珍曰：崔行功《小儿方》云：胞衣宜藏天德月德吉方，深埋紧筑。若为猪、狗食，令儿癫狂；蝼蚁食，令儿疮癣；鸟雀食，令儿恶死；弃火中，令儿疮烂；近社庙、井、灶、街巷，皆有所忌。此亦铜山西崩，洛钟东应，自然之理。今人以之炮炙入药，虽曰以人补人，然食其同类，独不犯崔氏之戒乎？以故本集如天灵盖等，概不入录）。,方药,[],,脾胃虚弱证,,[],,"[""活动受限""]",,"[""中药内服""]",,"[{""name"": ""胞衣（紫河车）"", ""type"": ""单味药"", ""note"": ""用于大补气血，治虚劳损极，涉及骨痿不起""}]",1.0,五损肾，骨痿不起；六极……骨极,True,True,,"[{""classical_span"": ""骨痿不起"", ""why_supports"": ""直接出现“骨痿”病名，为骨质疏松高度相关古籍表述""}, {""classical_span"": ""六极……骨极"", ""why_supports"": ""将骨之极损作为严重虚劳表现，指向骨衰弱""}]",1,"[""文本未直接对应现代分型，现代表型映射可能被过度解读"", ""人群信息复杂且含小儿禁忌，若忽略可能导致标注偏差"", ""药物功效广泛，未专指骨病亦可能被误判为强相关""]",62f11f724c71b5aabc46a2d20aa3f508,['胞衣'],清,['活动受限']
ok,356,2026-02-04 16:54:22,本草便读,1887.0,骨痿,草部,养血祛风。和营利水。疏肌解表。苦平略带微辛。散热润肠。入肝又能达胃。湿胜风淫之证。赖以搜除。筋痹骨痿诸邪。仗其宣利。（秦艽出秦中。其根如罗纹相交。故名之。味苦而辛。性平质润。虽有养血之能。毕竟散邪之品。然风邪在表宜用。解表者又非其所长。只可于营血中搜除风寒湿三气痹闭之邪耳。又按秦艽苦胜于辛。全无甘味。苦能泄。辛能散。故本经称其能散风逐湿。然散风湿之药多燥。此独偏润。故又为风药中润剂。观其质润。罗纹相交。即知其祛风逐湿中。而能和营血行经络矣。）,方药,[],,肾阳虚证,,[],,[],,"[""中药内服""]",,"[{""name"": ""秦艽"", ""type"": ""单味药"", ""note"": ""养血祛风，宣利经络，用于筋痹骨痿之邪""}]",1.0,筋痹骨痿诸邪。仗其宣利。,True,True,,"[{""classical_span"": ""筋痹骨痿诸邪"", ""why_supports"": ""明确出现“骨痿”病名，属骨弱萎软范畴，与骨质疏松高度对应""}]",1,"[""文本未涉及骨痿，仅为一般风湿痹证"", ""未提供任何与骨病相关的症状或病名却强行映射"", ""药物或证型信息并非原文所载而属臆测""]",a3a89f41648bb64ab75f00743c13417d,['秦艽'],清,[]
ok,3211,2026-02-04 18:47:52,本草崇原,1669.0,骨虚,卷上 本经上品 五加皮,五加皮色备五行，花叶五出，乃五车星之精也，为修养家长生不老之药。主治心腹疝气，乃心病而为少腹有形之疝也。黄帝问曰：诊得心脉而急，此为何病？病形何如？岐伯曰：病名心疝，少腹当有形者是也，腹痛，乃脾病而致腹痛也。益气，乃肺病气虚，五加皮能益其气也。疗 ，乃肝病筋虚，五加皮能强筋疗 也。小儿五岁不能行，乃肾病骨虚，五加皮补肾坚骨，故治小儿五岁不能行。治疽疮者，诸疮痛痒，皆属心火。五加皮助精水上滋，而能济其火也。治阴蚀者，虫乃阴类，阳虚则生，五加皮能益君火，而下济其阴也。夫五加皮、女贞实，咸禀五运之气化，女贞皆言养正，五加皆言治病，须知养正则病自除，治病则正自养。,方药,[],小儿五岁不能行，文本明确指向儿童人群,肾阳虚证,,[],以“小儿五岁不能行”“骨虚”为依据，仅作弱映射,"[""活动受限"", ""步态不稳""]",,"[""中药内服""]",,"[{""name"": ""五加皮"", ""type"": ""单味药"", ""note"": ""补肾坚骨，用于小儿骨虚不能行""}]",0.2,小儿五岁不能行，乃肾病骨虚，五加皮补肾坚骨,True,True,,"[{""classical_span"": ""肾病骨虚"", ""why_supports"": ""直接出现“骨虚”概念，与骨量不足存在弱相关""}, {""classical_span"": ""五加皮补肾坚骨"", ""why_supports"": ""明确以“坚骨”为治疗目标，提示骨相关病证""}]",1,"[""文本以儿童病证为主，难以外推至成人骨质疏松"", ""未出现骨折、驼背等典型骨质疏松强指征"", ""属于药物功效描述，非系统性疾病论述""]",8ad5e1c1291ee2a3d54d0e50de638fd9,['五加皮'],清,"['步态不稳', '活动受限']"
ok,1799,2026-02-04 17:50:48,本草汇言,1624.0,骨折,卷之九 木部 乔木类 合欢,集方：夔山氏五则：治心虚有热，天王补心丸。○治肺虚有热，四君子汤。○治脾虚有热，归脾丸。○治肝虚有热，鳖甲丸。○治肾虚有热，六味地黄丸。五方俱倍用合欢木皮，酒洗炒，加入。○《窦氏全书》：治外科痈疡证，未溃可消，已溃可敛，随证随方，俱可加合欢木皮。作煎、作散、作丸、作药酒，咸宜用之。○韦氏《独行方》：治肺痈唾浊，心胸甲错。取合欢皮一掌大，水二升，煎取一升。分作二服。○《百一选方》：治扑损骨折。用合欢树皮去粗皮、炒黄色四两，芥菜子炒一两，共研为末。每服二钱，温酒卧时煎服。以滓敷患处，接骨神效。,方药,[],,血瘀气滞证,原文为外伤扑损骨折用方，未明确归属某一固定证型,[],,"[""骨折""]",原文记载“扑损骨折”，属骨折表现，但未指年老或脆性反复,"[""中药内服"", ""中药外用""]",,"[{""name"": ""合欢树皮"", ""type"": ""单味药"", ""note"": ""去粗皮炒黄，与他药研末内服并以滓外敷，主治扑损骨折""}, {""name"": ""芥菜子"", ""type"": ""单味药"", ""note"": ""炒用，与合欢树皮同研为末治骨折""}]",0.2,治扑损骨折……以滓敷患处，接骨神效,True,False,,"[{""classical_span"": ""治扑损骨折"", ""why_supports"": ""明确指向外伤性骨折而非骨质疏松所致自发或脆性骨折""}]",1,"[""文本为急性外伤骨折用药，缺乏骨弱、年老易折等证据"", ""未出现骨痿、骨枯等与骨质疏松高度对应的古籍病名"", ""证型与人群信息不明，若强行对应将构成过度映射""]",309ca83d7b8b7e936be29b5960cd0c47,"['合欢树皮', '芥菜子']",明,['骨折']
ok,1802,2026-02-04 17:50:50,本草汇言,1624.0,骨折,卷之十九 人部 人骨,人骨：接骨折，疗扑打跌伤之药也。计日闻曰：按《医林集要》云：治杖打伤损，用火烧过人骨五钱为末，乳香三钱，瓦上焙出汗，共研匀，酒调服三钱。受杖者服此，不痛不肿。如扑打跌伤之人服此，先以杉木片，以软绢扎定伤处，立效。,方药,[],,血瘀气滞证,原文仅述外伤骨折用药，未见脏腑虚损或证型辨证描述,[],,[],,"[""中药内服""]",,"[{""name"": ""人骨"", ""type"": ""单味药"", ""note"": ""火烧为末，治杖打伤损、骨折""}, {""name"": ""乳香"", ""type"": ""单味药"", ""note"": ""与人骨同研，酒调服""}]",0.2,,True,False,显效,"[{""classical_span"": ""接骨折，疗扑打跌伤之药也"", ""why_supports"": ""明确为外伤性骨折治疗，非骨弱或脆性骨折""}, {""classical_span"": ""治杖打伤损"", ""why_supports"": ""病因指向急性外力损伤""}]",1,"[""将外伤性骨折误判为骨质疏松相关"", ""在无证型描述情况下强行归入虚损证型"", ""依据不足仍标注具体现代表型""]",0345b882f629d9d18a0d480ffda2d220,"['乳香', '人骨']",明,[]
ok,4272,2026-02-04 19:29:12,本草汇言,1624.0,骨痹,卷之三 草部 隰草类上 旋覆花,女医童玉峰先生曰：若热痰，则多烦热；湿痰，则多倦怠软弱；风痰，则多瘫痪奇证；惊痰，则多心痛癫疾；冷痰，则多骨痹痿疾；饮痰，则多胁痛、臂痛；食积痰，则多癖块痞满。其为病状，种种变见。用旋覆花，虚实寒热，随证加入，无不应手获效。,方药,[],,肾阳虚证,,[],,"[""骨痛"", ""活动受限""]",,"[""中药内服""]",,"[{""name"": ""旋覆花"", ""type"": ""单味药"", ""note"": ""用于冷痰所致骨痹痿疾，随证加入""}]",0.2,冷痰，则多骨痹痿疾；用旋覆花，虚实寒热，随证加入,True,True,,"[{""classical_span"": ""冷痰，则多骨痹痿疾"", ""why_supports"": ""出现骨痹、痿疾等筋骨痿软疼痛表现，与骨弱类疾病有弱相关""}]",1,"[""文本未明确骨折或骨弱，仅为骨痹泛称"", ""缺乏人群与病程信息，难以区分其他痹证"", ""药物主治为痰证，非专指骨质疏松""]",d94fde16946dc91e6b2e79187b3e883a,['旋覆花'],明,"['活动受限', '骨痛']"
ok,85,2026-02-04 16:44:00,验方新编,1846.0,骨断,卷二十三 方药分门 身中门,两胁骨断∶当归、赤芍、生地、红花、桃仁、五加皮、木香、桂枝、杜仲、破故纸、寻骨风、小茴各一两，参三七、血竭、肉桂、牛膝各一钱，虎骨、乳香、没药、柴胡、桔梗、骨碎补各五钱，自然铜、三棱、川乌、甘草各八分，地鳖虫五个，左加柴胡，右加桔梗、百合，好酒对服。,方药,[],,删除,,[],,[],,"[""中药内服""]",,"[{""name"": ""当归"", ""type"": ""单味药"", ""note"": ""活血养血，用于骨断瘀血""}, {""name"": ""赤芍"", ""type"": ""单味药"", ""note"": ""活血散瘀""}, {""name"": ""生地"", ""type"": ""单味药"", ""note"": ""养血""}, {""name"": ""红花"", ""type"": ""单味药"", ""note"": ""活血通络""}, {""name"": ""桃仁"", ""type"": ""单味药"", ""note"": ""破瘀""}, {""name"": ""杜仲"", ""type"": ""单味药"", ""note"": ""补肝肾、强筋骨""}, {""name"": ""破故纸"", ""type"": ""单味药"", ""note"": ""补肾助骨""}, {""name"": ""骨碎补"", ""type"": ""单味药"", ""note"": ""续骨""}, {""name"": ""自然铜"", ""type"": ""单味药"", ""note"": ""接骨""}, {""name"": ""虎骨"", ""type"": ""单味药"", ""note"": ""强筋骨""}, {""name"": ""参三七"", ""type"": ""单味药"", ""note"": ""止血化瘀""}, {""name"": ""血竭"", ""type"": ""单味药"", ""note"": ""止痛活血""}]",0.2,,True,False,,"[{""classical_span"": ""两胁骨断"", ""why_supports"": ""明确为骨折记载，但为外伤性骨断，非骨弱所致""}]",1,"[""条文描述为明确外伤性骨折，非慢性骨量减少"", ""未见年老、骨弱、反复易折等指向骨质疏松的关键信息"", ""不可将单次外伤骨断等同于脆性骨折""]",dffca0221618a1f947f974fd7dd9eacd,"['参三七', '当归', '杜仲', '桃仁', '生地', '破故纸', '红花', '自然铜', '虎骨', '血竭', '赤芍', '骨碎补']",清,[]
ok,86,2026-02-04 16:44:00,验方新编,1846.0,骨断,卷二十三 方药分门 身中门,两手受伤（出血肿痛宜服）∶归尾、赤芍、川芎、生地、桂枝、木香、威灵仙、骨碎补、细辛、桃仁、红花、苏木、广皮、甘草各一钱，水煎服，用酒一二盏以行药力。另加乳香、没药、穿山甲制末入汤内。若骨断加虎骨、自然铜、地鳖虫。,方药,[],,血瘀气滞证,,[],,"[""其他""]",外伤致骨折、肿痛，属急性损伤而非脆性骨折,"[""中药内服""]",,"[{""name"": ""归尾"", ""type"": ""单味药"", ""note"": ""活血止痛""}, {""name"": ""赤芍"", ""type"": ""单味药"", ""note"": ""活血化瘀""}, {""name"": ""川芎"", ""type"": ""单味药"", ""note"": ""行气活血""}, {""name"": ""生地"", ""type"": ""单味药"", ""note"": ""养血""}, {""name"": ""桂枝"", ""type"": ""单味药"", ""note"": ""温经通络""}, {""name"": ""木香"", ""type"": ""单味药"", ""note"": ""行气止痛""}, {""name"": ""威灵仙"", ""type"": ""单味药"", ""note"": ""通络止痛""}, {""name"": ""骨碎补"", ""type"": ""单味药"", ""note"": ""续骨""}, {""name"": ""细辛"", ""type"": ""单味药"", ""note"": ""散寒止痛""}, {""name"": ""桃仁"", ""type"": ""单味药"", ""note"": ""破瘀""}, {""name"": ""红花"", ""type"": ""单味药"", ""note"": ""活血""}, {""name"": ""苏木"", ""type"": ""单味药"", ""note"": ""活血消肿""}, {""name"": ""广皮"", ""type"": ""单味药"", ""note"": ""行气""}, {""name"": ""甘草"", ""type"": ""单味药"", ""note"": ""调和诸药""}, {""name"": ""乳香"", ""type"": ""单味药"", ""note"": ""活血止痛（加用）""}, {""name"": ""没药"", ""type"": ""单味药"", ""note"": ""活血止痛（加用）""}, {""name"": ""穿山甲"", ""type"": ""单味药"", ""note"": ""通络（制末入汤）""}, {""name"": ""虎骨"", ""type"": ""单味药"", ""note"": ""骨断加用""}, {""name"": ""自然铜"", ""type"": ""单味药"", ""note"": ""骨断加用""}, {""name"": ""地鳖虫"", ""type"": ""单味药"", ""note"": ""骨断加用""}]",0.2,若骨断加虎骨、自然铜、地鳖虫,True,False,,"[{""classical_span"": ""若骨断加虎骨、自然铜"", ""why_supports"": ""明确针对骨折处理，显示与骨病有关但属外伤""}, {""classical_span"": ""两手受伤（出血肿痛）"", ""why_supports"": ""病因指向急性外伤而非骨弱""}]",1,"[""文本为外伤骨折方，非慢性骨弱疾病"", ""无年老、久病或骨痿骨疏等描述"", ""证据不足以判定为骨质疏松相关""]",5e63f82e946a040b399e4cf0ffe469cf,"['乳香', '地鳖虫', '威灵仙', '川芎', '广皮', '归尾', '木香', '桂枝', '桃仁', '没药', '甘草', '生地', '穿山甲', '红花', '细辛', '自然铜', '苏木', '虎骨', '赤芍', '骨碎补']",清,['其他']
ok,90,2026-02-04 16:44:15,验方新编,1846.0,骨断,卷二十三 跌打损伤经验各良方 骨断折碎,活蟹一只，选肥大而多膏者，连壳捣如泥，入生姜四两，入醋一杯，带糟更妙，老酒一碗，连糟亦可，捣匀挤出汁煎滚灌下。其渣炒热敷患处扎定。如只损破不曾折断者，只吃汁，不敷渣。凡骨断折碎，俱极神效，能令骨节归完，真妙方也。,方药,[],,血瘀气滞证,属跌打损伤之骨断折碎，偏外伤范畴，原文未述内在虚损证型,[],,"[""骨折""]",原文述“骨断折碎”，为骨折表现，但未指骨弱或反复自发性骨折,"[""中药内服"", ""中药外用""]",,"[{""name"": ""活蟹"", ""type"": ""外治"", ""note"": ""连壳捣泥，取汁内服，渣炒热外敷患处""}, {""name"": ""生姜"", ""type"": ""单味药"", ""note"": ""与活蟹同捣取汁""}, {""name"": ""醋"", ""type"": ""其他"", ""note"": ""入方助行血""}, {""name"": ""老酒"", ""type"": ""其他"", ""note"": ""入方活血通络""}]",0.2,,True,False,显效,"[{""classical_span"": ""凡骨断折碎，俱极神效"", ""why_supports"": ""明确针对外伤性骨折疗效描述，但未涉及骨弱或年老易折""}]",1,"[""文本为急性外伤骨折治疗，非慢性骨弱或骨痿描述"", ""未出现年老、久病、骨疏等指向骨质疏松的关键信息"", ""将外伤性骨折直接等同骨质疏松可能造成过度映射""]",9dc3344cfa3be875586d82109e19ea9f,"['活蟹', '生姜', '老酒', '醋']",清,['骨折']
ok,3034,2026-02-04 18:39:58,本草汇纂,1863.0,骨痿,卷二 平泻,专入脾、肾。甘淡微咸，性平微寒，无毒。入脾除虚热，入肾涩元气。治发热自汗，伤中，除痹下气，逐皮肤邪热痱气，补五脏虚劳羸瘦，安神定惊，强阴益精，久服厚肠胃，健筋骨，强腰膝，补肾益力，疗骨痿风痹，腰脚软弱，囊湿精少，小便余沥，痈疽排脓内塞。长于清胃除热，惟胃虚有虚热者宜之，若虚而无火者，不得混用。但形瘦味淡，非先入药久熬，其汁莫出。且治虚热，补性虽有，亦在量病轻重施用。取光润如金钗，股短中实者良。长而虚者味苦，名木斛，服之损人。去头根，酒浸用。恶巴豆。畏僵蚕。细剉，水浸熬膏更良。,方药,"[""老年后""]",,肝肾阴虚证,,"[""原发性-老年型""]",,"[""乏力"", ""活动受限""]",原文见“腰脚软弱”“健筋骨，强腰膝”，对应筋骨无力与功能受限,"[""中药内服""]",,"[{""name"": ""石斛"", ""type"": ""单味药"", ""note"": ""入脾肾，补虚劳，健筋骨，疗骨痿；久服强腰膝""}]",1.0,补五脏虚劳羸瘦，健筋骨，强腰膝，补肾益力，疗骨痿风痹，腰脚软弱,True,True,,"[{""classical_span"": ""疗骨痿风痹"", ""why_supports"": ""直接出现“骨痿”，为古籍中与骨质疏松高度对应的病名""}, {""classical_span"": ""健筋骨，强腰膝"", ""why_supports"": ""指向骨与筋功能减退的改善，符合骨量不足相关表现""}]",1,"[""若将药物名称误判而原文并未指向石斛，可能构成臆造"", ""证型为多证并见，强行单选可能造成简化偏差"", ""未涉及骨折等现代核心结局，可能被认为映射过强""]",11d7c4658d3b02778068fe20e7e54ab1,['石斛'],清,"['乏力', '活动受限']"
ok,3033,2026-02-04 18:39:58,本草汇纂,1863.0,骨痿；骨枯,卷二 平泻,专入心、肺。味甘微苦微寒，甘多寒少。润肺清心泻热。有类天冬，但彼所主在肺，此则在肺而并在心。消痰行水，生津止嗽，解热除烦，疗时疾热狂头痛，热毒大水，面目肢节浮肿，治肺痿吐脓，止呕吐，同人参则能复脉生津，名生脉散。清肺中伏火，补心气不足，疗身重目黄，心下支满，心腹结气，虚劳客热，暑伤元气，脉绝短气，口干燥渴。强阴益精，消谷调中，止血妄行及经水枯，乳汁不下，肠中伤饱，羸瘦短气，定肺保神，安魂定魄。久服轻身明目。和车前、地黄丸服，去湿痹，变白，夜视有光。断谷为要药。但性寒而润，虚寒泄泻者勿用。肥白而大者佳。去心，入滋补药酒润，或拌米炒黄。地黄、车前为使。恶款冬、苦参、青箱、木耳。忌鲫鱼。熬膏良。盖肺朝百脉，脉属心，心燥则肺金失养而脉绝，心清则气即充而脉复。麦冬气禀清肃，能于心中除烦，由于肺清则水得生而心不烦，譬如人当盛暑，则燔灼不宁，若值秋风一至，则炎热顿解，而无燥郁不堪之候。东垣曰：人参甘寒，泻火热而益元气；麦冬苦寒，滋燥金而清水源；五味酸温，泻丙火而补庚金，益五脏之气。治嗽须分内伤外感，如外感则声盛而浊，先缓后急，日夜无度，痰涎稠黏而喘急；内伤声怯而槁，先急后缓，或早甚，或暮甚，清痰少气而喘乏。外感则其发必暴，或为寒热，或为气逆，或为鼻塞声重头痛，轻者脉亦和缓，重者脉见弦洪；内伤其发有渐，或素有劳积虚损，日渐以甚，其症或为寒热潮热，或为形容瘦减，或两颧常赤，或气短喉干，其脉轻亦微数，重必细数弦紧。痿证有五，按经言肺热叶焦，皮毛虚弱急薄以着，则症见足弱不能以行；心热火炎下厥，则症见筋纵不能任地；肝热口苦血干，则症成拘挛筋痿；脾热胃干而渴，肌肉不仁，则症发为肉痿；肾热腰脊不举，骨枯髓减，则症发为骨痿。独肺热叶焦，高源化绝，则诸脏不得仰肺灌溉，故痿独推于肺，而治痿又责重于阳明。,病名,[],,肝肾阴虚证,,[],,"[""活动受限""]",,"[""中药内服""]",,"[{""name"": ""麦冬"", ""type"": ""单味药"", ""note"": ""原文论其强阴益精，并及骨痿病机讨论""}]",1.0,肾热腰脊不举，骨枯髓减，则症发为骨痿。,True,True,,"[{""classical_span"": ""骨枯髓减"", ""why_supports"": ""直接描述骨与骨髓枯减，符合骨量减少的核心特征""}, {""classical_span"": ""症发为骨痿"", ""why_supports"": ""明确出现高度相关古籍病名“骨痿”""}]",1,"[""原文未给出具体现代分型，若强行对应绝经或老年型可能属过度推断"", ""症状以机理描述为主，缺乏明确疼痛或骨折记载"", ""药物用途广泛，针对骨痿的治疗指向不够集中""]",a1467d8c679d6beba5ba22a0a4b1a7ba,['麦冬'],清,['活动受限']
ok,1875,2026-02-04 17:53:33,本草衍义补遗,1347.0,骨折,本草衍义补遗 补遗,世以为接骨之药，然此等方尽多。大抵骨折，在补气、补血、补胃，俗工惟在速效以利，迎合病人之意。面钢非煅不可用，若新出火者，其火毒、金毒相扇，挟香热药毒，虽有接肯之功，燥散之祸甚于刀剑，戒之。（石髓铅，即自然铜也。凡使勿用方金牙，其方金牙真似石髓铅，若误饵。吐煞人）,方药,[],,血瘀气滞证,文本仅论骨折用药与接骨利弊，未指向具体内在证型,[],,[],,"[""中药内服""]",,"[{""name"": ""自然铜（石髓铅）"", ""type"": ""单味药"", ""note"": ""世以为接骨之药，作者强调须煅用，误用有毒""}]",0.2,,True,False,,"[{""classical_span"": ""大抵骨折，在补气、补血、补胃"", ""why_supports"": ""仅讨论骨折（多属外伤）的治法原则，未涉及骨弱或脆性骨折""}]",1,"[""文本聚焦外伤性骨折接骨用药，非慢性骨弱病机"", ""未出现骨痿、骨疏、年老易折等高度相关表述"", ""无法据文确定任何现代骨质疏松分型""]",b267b13f51938b5e66cf5b05872a6cdf,['自然铜'],明,[]
ok,3538,2026-02-04 19:01:20,本草约言,1660.0,骨极,卷之四 兽部（三十八种） 豹肉,味咸平，无毒。主安五脏，补绝伤，轻身益气，久服利人耐寒暑，脂合生发膏，朝涂暮生，齿骨极坚，人诈为佛牙。,方药,[],,肾阳虚证,,[],,[],,"[""中药内服"", ""中药外用""]",,"[{""name"": ""豹肉"", ""type"": ""单味药"", ""note"": ""内服，称其能安五脏、补绝伤、益气耐寒暑""}, {""name"": ""豹脂"", ""type"": ""外治"", ""note"": ""合生发膏外涂，用于生发、坚齿骨""}]",0.2,齿骨极坚,True,True,,"[{""classical_span"": ""齿骨极坚"", ""why_supports"": ""直接提及骨质坚实，提示有增强骨骼强度的含义""}]",1,"[""仅描述药物功效而非具体骨病证候，相关性偏弱"", ""未出现骨痿、骨折等明确指向骨质疏松的病名或表现"", ""现代骨质疏松分型无法从文本中直接映射""]",c2b967142375142ed0846ddb49682f36,"['豹肉', '豹脂']",清,[]
ok,106,2026-02-04 16:44:45,证治准绳·疡医,1602.0,骨断,卷之五 薛氏分证主治大法,若元气虚弱，或不戒房劳，或妄行攻伐，致死肉上延，或腐而不痛，黑而不脱者，当大补元气，无可保生。若手足节HT 断去者无妨，骨断筋连不急剪去，若侵及好肉则不治。,其他,[],,血瘀气滞证,,[],,[],,"[""中药内服"", ""针刺""]",,"[{""name"": ""托里散"", ""type"": ""方剂"", ""note"": ""用于脓瘀肉者，配合针刺托里""}, {""name"": ""十全大补汤"", ""type"": ""方剂"", ""note"": ""口噤遗尿似破伤风者使用""}, {""name"": ""附子"", ""type"": ""单味药"", ""note"": ""十全大补汤中加用以温补""}]",0.2,骨断筋连，不急剪去,True,False,,"[{""classical_span"": ""骨断筋连"", ""why_supports"": ""涉及骨折描述，但为外伤所致，非骨弱或骨痿""}]",1,"[""内容以急性手足损伤为主，非慢性骨病"", ""未出现骨痿、骨弱、年老易折等高指向性表述"", ""骨断为外伤结果，不能等同脆性骨折""]",ddd46fd70e6429921b1f0342ed1f5aa7,"['十全大补汤', '托里散', '附子']",明,[]
ok,110,2026-02-04 16:44:57,证治准绳·疡医,1602.0,骨断,卷之五 跌扑伤损,凡腰骨损断，用门一片放地下，一头斜高些，令患人覆眠，以手伸上搬住其门，下用三人拽伸，以手按损处三时久，却用定痛膏、接骨膏敷贴，病患浑身动作一宿至来日，串处无痛，却可自便左右翻转，仍用破血药。凡臀股左右跌出骨者，右入左，左入右，用脚踏进，撙捺平正用药，如跌入内，令患人盘脚，按其肩头，医用膝旅入，虽大痛一时无妨，整顿平正，却用接骨膏、定痛膏敷贴，只宜仰卧，不可翻卧，大动后恐成损患。凡腰腿伤，全用酒佐通气血药，俱要加杜仲。凡胯骨从臀上出者，用二三人捉定腿拔伸，仍以脚捺送入，却用前等膏敷贴。如在裆内出者，则难治。凡脚骨伤甚难整，当临时相度，难泥一说。凡两腿左右打跌骨断者，以手法整其骨，以手拽正，上拽七分于前，下拽五分于后整定，用接骨膏、定痛膏敷贴。以夹缚缚时，先缚中正，后缚上下，外用副夹。若上下有肿痛无虑，五日方可换药。凡辨腿胯骨出内外者，如不粘膝，便是出向内，从内捺入平正；如粘膝不能开，便是出向外，从外捺入平正，临机应变。凡脚盘出臼，令患人坐定，医人以脚从腿上一踏一搬，双手一撙捺，摇二三次，却用接骨膏、定痛膏，或理伤膏敷贴。凡膝盖损断，用手按捺进平正后，用前膏敷贴，桑白皮夹缚，作四截缚之。,外治法,[],,血瘀气滞证,原文为跌扑伤损整复敷贴之法，未论证候,[],,"[""骨痛"", ""活动受限""]",,"[""中药外用"", ""其他""]",手法复位、牵引整骨、夹缚固定,"[{""name"": ""定痛膏"", ""type"": ""外治"", ""note"": ""骨伤后敷贴止痛""}, {""name"": ""接骨膏"", ""type"": ""外治"", ""note"": ""骨断整复后敷贴""}, {""name"": ""理伤膏"", ""type"": ""外治"", ""note"": ""跌扑损伤敷贴""}, {""name"": ""桑白皮"", ""type"": ""外治"", ""note"": ""夹缚固定材料""}]",0.2,凡腰骨损断……用接骨膏、定痛膏敷贴,True,False,,"[{""classical_span"": ""凡腰骨损断"", ""why_supports"": ""描述明确为外伤性骨断而非骨弱自折""}]",3,"[""文本为急性跌扑伤损处理，非慢性骨弱病证"", ""未见年老骨脆或反复易折等指向"", ""证型与人群信息缺失，难以稳定映射""]",049f74b8591f059a637dd6ce0ad98159,"['定痛膏', '接骨膏', '桑白皮', '理伤膏']",明,"['活动受限', '骨痛']"
ok,111,2026-02-04 16:45:00,证治准绳·疡医,1602.0,骨折；骨断,卷之五 跌扑伤损,凡断筋损骨者，先用手寻揣伤处，整顿其筋骨平正，用接骨等膏敷贴，用正副夹缚定。正夹用杉皮去外重皮，约手指大，排肉上，以药敷杉皮上，药上用副夹，用竹片去里竹黄，亦如指大，疏排夹缚。凡骨碎断，或未碎断但皮破损肉者，先用补肌散填满疮口，次用散血膏敷贴。如骨折，要接骨膏敷贴、夹缚。或皮破骨断者，用补肉膏敷贴。凡骨断皮破者，不用酒煎药，或损在内破皮肉者，可加童便在破血药内和服。若骨断皮不破，可全用酒煎损药服之。若只损伤，骨未折，肉未破者，用消肿膏，或定痛膏。凡皮破、骨出差臼，拔伸不入，撙捺皮相近三分，用快刀割开些，捺入骨，不须割肉，肉自破了可以入骨，骨入后，用补肉膏敷贴。疮四傍肿处留疮口，用补肌散填之，皮肉不破，用接骨膏、定痛膏敷贴。若破者，必有血出，用力整时，最要快便。凡皮里有碎骨，只用定痛膏、接骨膏敷贴，夹缚，十分伤害，自然烂开肉，其骨碎必自出，然后掺补肌散，外以补肉膏敷贴。凡骨碎，看本处平正如何？大抵骨低，是不会损，左右骨高，骨定损了。如折骨，要拔伸捺平正，用药敷贴，以正、副夹束缚，勿令转动，使损处坚固。如出臼，曲处要时时曲转，使活处不强。凡敷贴用板子一片，就板子上，将蕉叶或纸，被摊接骨膏、定痛膏在上，移在损处，皮内有碎骨，后来皮肉自烂，先掺补肌散，次敷补肉膏，碎骨自出。若破断皮肉，先以封口药填涂，用线缝合，外用补肉膏、散血膏敷贴。凡平处骨断、骨碎、皮不破者，只用接骨膏、定痛膏敷贴夹缚。若手足曲直等处及转动处，只宜绢包缚，令时数转动，不可夹缚。如指骨碎断，止用苎麻夹缚；腿上用苎麻绳夹缚，冬月热缚，夏月冷缚，余月温缚。凡拔伸捺正，要膻绢软物单正，仍拔伸当近在骨损处，不得前去一节骨上，仍拔伸相度左右骨，各有正斜拔者。凡撙捺，要手法快便，要皮肉相执平正，整拔亦要相度难易，或用三四人不可轻易。凡筋断，用枫香，以金沸草砍取汁，调涂敷，次用理伤膏敷贴。,外治法,[],,删除,,[],,[],,"[""中药外用""]",,"[{""name"": ""接骨膏"", ""type"": ""外治"", ""note"": ""用于骨折、骨断后的敷贴固定""}, {""name"": ""定痛膏"", ""type"": ""外治"", ""note"": ""用于损伤疼痛的外敷""}, {""name"": ""补肌散"", ""type"": ""外治"", ""note"": ""用于皮破骨伤时填疮口""}, {""name"": ""补肉膏"", ""type"": ""外治"", ""note"": ""用于皮破骨断后的敷贴""}, {""name"": ""散血膏"", ""type"": ""外治"", ""note"": ""用于破损出血后的外敷""}, {""name"": ""封口药"", ""type"": ""外治"", ""note"": ""用于破断皮肉时封合疮口""}, {""name"": ""枫香"", ""type"": ""单味药"", ""note"": ""用于筋断外敷""}, {""name"": ""金沸草"", ""type"": ""单味药"", ""note"": ""取汁与枫香同用外敷""}]",0.2,凡断筋损骨者……凡骨碎断,True,False,,"[{""classical_span"": ""凡断筋损骨者"", ""why_supports"": ""明确为跌扑外伤导致的筋骨损伤""}, {""classical_span"": ""凡骨碎断"", ""why_supports"": ""描述骨折但属急性外伤而非骨弱自折""}]",1,"[""内容主要为外伤骨折处理，非慢性骨弱病证"", ""未见年老骨弱、骨痿等指向性描述"", ""证型与人群信息无法从原文直接确认""]",4fdddcef1917cfa21e248e62be606802,"['定痛膏', '封口药', '接骨膏', '散血膏', '枫香', '补肉膏', '补肌散', '金沸草']",明,[]
ok,116,2026-02-04 16:45:13,疡医大全,1740.0,骨断,卷十五 舌部,先将人参各项俱研细。后用土狗、地虱捣烂，入前药末内捣匀，佩身上三日，干为末，盛在瓶内。遇有此等病，医治可也。此药接骨最奇，服下神效，骨断者服一钱即愈。,方药,[],,血瘀气滞证,原文为急性外伤接骨与舌伤处理，未辨证论治具体证型,[],,[],,"[""中药内服"", ""中药外用""]",,"[{""name"": ""龙齿"", ""type"": ""单味药"", ""note"": ""入末药方用于接骨""}, {""name"": ""人参"", ""type"": ""单味药"", ""note"": ""入末药方，要求透明者""}, {""name"": ""生地"", ""type"": ""单味药"", ""note"": ""入末药方""}, {""name"": ""冰片"", ""type"": ""单味药"", ""note"": ""入末药方""}, {""name"": ""象皮"", ""type"": ""单味药"", ""note"": ""入末药方""}, {""name"": ""土狗"", ""type"": ""其他"", ""note"": ""去头翅，入末药方""}, {""name"": ""地虱"", ""type"": ""其他"", ""note"": ""捣烂入药末""}]",0.2,,True,False,愈,"[{""classical_span"": ""骨断者服一钱即愈"", ""why_supports"": ""仅涉及外伤性骨折的接骨疗效，未指向骨量减少或脆性骨折""}]",1,"[""文本为急性外伤接骨，非慢性骨弱或骨痿范畴"", ""未出现年老、骨疏、易折等骨质疏松核心特征"", ""无明确中医证型与人群背景，难以稳定映射""]",c7306ffcf87a29dbed7e41a3b9d192a1,"['人参', '冰片', '土狗', '地虱', '生地', '象皮', '龙齿']",清,[]
ok,1954,2026-02-04 17:56:30,辨证录,1687.0,骨空,卷之六 痿证门（八则）,阳明之火，固结于脾，而不肯解，善用肥甘之物，食后即饥，少不饮食，便觉头红面热，两足乏力，不能行走，人以为阳明胃火之旺，以致成痿，谁知是太阴脾火之盛，以烁干其阴乎。夫痿症皆责之阳明，何以太阴火旺，亦能成痿？盖太阴与阳明为表里，阳明火旺，而太阴之火亦旺矣。二火相合，而搏结于腑脏之间，所用饮食，仅足以供火之消磨，而不能佐水之 渥。火旺水亏，则肾宫干涸，何能充足于骨中之髓耶。骨既无髓，则骨空无力，何能起立以步履哉。治法益太阴之阴水，以胜其阳明之阳火，则脾胃之中，水火无亢炎之害；而后筋骨之内，髓血有盈满之机也。方用调脾汤：,症状,[],,肝肾阴虚证,,[],,"[""乏力"", ""活动受限"", ""步态不稳""]",,"[""中药内服""]",,"[{""name"": ""调脾汤"", ""type"": ""方剂"", ""note"": ""用于益太阴之阴水，以充筋骨之髓""}]",1.0,骨既无髓，则骨空无力，何能起立以步履哉,True,True,,"[{""classical_span"": ""骨空无力"", ""why_supports"": ""直接描述骨中无髓、骨力不足，符合骨质疏松核心特征""}, {""classical_span"": ""不能行走"", ""why_supports"": ""提示骨与下肢承重功能受损，符合功能障碍表现""}]",1,"[""文本未涉及骨折，若强行标注脆性骨折则属过度推断"", ""未明确人群年龄与性别，无法细分现代表型"", ""若忽略原文“骨空无力”关键证据而映射其他骨病则不合规""]",c68d6932676feb3b9fa313ed9ca1ea79,['调脾汤'],清,"['乏力', '步态不稳', '活动受限']"
ok,120,2026-02-04 16:45:16,"古今图书集成医部全录011（359-380,外科）",1934.0,骨折；骨断,古今图书集成医部全录卷三百七十七,凡骨碎断或未碎断，但皮破损肉者，先用补肌散填满疮口，次用散血膏敷贴。如骨折，要接骨膏敷贴夹缚。或皮破骨断者，用补肉膏敷贴。,外治法,[],,删除,,[],,[],,"[""中药外用""]",,"[{""name"": ""补肌散"", ""type"": ""外治"", ""note"": ""填满疮口以助肌肉生长""}, {""name"": ""散血膏"", ""type"": ""外治"", ""note"": ""敷贴以散瘀血""}, {""name"": ""接骨膏"", ""type"": ""外治"", ""note"": ""用于骨折接续夹缚""}, {""name"": ""补肉膏"", ""type"": ""外治"", ""note"": ""皮破骨断时敷贴""}]",0.2,,True,False,,"[{""classical_span"": ""凡骨碎断或未碎断"", ""why_supports"": ""描述的是外伤所致骨折处理，而非骨弱自折""}]",1,"[""文本仅涉及急性外伤骨折的外治法，非慢性骨病"", ""未见骨痿、骨弱或年老易折等骨质疏松指向"", ""若强行映射为脆性骨折将属于证据不足""]",c33f7e7aa0c55ca7802bf034fa6733d7,"['接骨膏', '散血膏', '补肉膏', '补肌散']",近现代,[]
ok,121,2026-02-04 16:45:24,"古今图书集成医部全录011（359-380,外科）",1934.0,骨断,古今图书集成医部全录卷三百七十七,凡骨断皮破者，不用酒煎药。或损在内破皮肉者，可加童便在破血药内和服。若骨断皮不破，可全用酒煎损药服之。若只损伤，骨未折肉未破者，用消肿膏或定痛膏。,治法,[],,删除,,[],,[],,"[""中药内服"", ""中药外用""]",,"[{""name"": ""消肿膏"", ""type"": ""外治"", ""note"": ""用于损伤未折骨、未破皮之消肿止痛""}, {""name"": ""定痛膏"", ""type"": ""外治"", ""note"": ""用于损伤未折骨、未破皮之止痛""}, {""name"": ""童便"", ""type"": ""其他"", ""note"": ""加于破血药内和服，用于内损破皮肉者""}]",0.2,,True,False,,"[{""classical_span"": ""凡骨断皮破者"", ""why_supports"": ""描述为外伤性骨折的处理方法，非骨量减少或骨弱所致""}]",1,"[""文本为急性外伤骨折治法，非慢性骨弱或脆性骨折"", ""未出现骨痿、骨枯等与骨质疏松高度相关病名"", ""缺乏老年、久病或反复易折等关键证据""]",5dbc270185e10eedc05cefed0379370a,"['定痛膏', '消肿膏', '童便']",近现代,[]
ok,123,2026-02-04 16:45:27,证治准绳·疡医,1602.0,骨断,卷之五 跌扑伤损,上为末。先将折伤处揣定，令入原位。以姜汁调药如糊，摊纸上贴骨断处，用杉木片夹定，以绳缚之莫令转动。三五日后开看，以温葱汤洗后，再贴药，复夹七日。如痛再加没药。,外治法,[],,删除,,[],,"[""骨折""]",,"[""中药外用"", ""其他""]",夹板固定（杉木片夹定，以绳缚之）,"[{""name"": ""姜汁"", ""type"": ""外治"", ""note"": ""调药如糊，外敷骨断处""}, {""name"": ""没药"", ""type"": ""单味药"", ""note"": ""疼痛时加用""}, {""name"": ""温葱汤"", ""type"": ""外治"", ""note"": ""三五日后洗患处""}, {""name"": ""杉木片"", ""type"": ""外治"", ""note"": ""夹定骨断处以固定""}]",0.2,,True,False,,"[{""classical_span"": ""贴骨断处，用杉木片夹定"", ""why_supports"": ""明确描述为外伤性骨折处理，非骨弱所致""}]",1,"[""内容为急性外伤骨折的外治法，非慢性骨弱疾病"", ""未见骨痿、骨弱、年老易折等指向性描述"", ""将外伤性骨折直接等同骨质疏松可能造成过度映射""]",db8dc18de27fb996fecc4cc2a9a1f2e6,"['姜汁', '杉木片', '没药', '温葱汤']",明,['骨折']
ok,1956,2026-02-04 17:56:34,辨证录,1687.0,骨空,卷之十 鹤膝门（二则）,夫骨最坚硬，湿邪似难深入，何竟入于膝乎？此因立而行房所成也。凡人行房，必劳其筋骨，至于精泄之后，则髓必空虚，髓空则骨空，邪即乘其虚空而直入矣。若膝则筋骨联接之处，骨静而膝动，动能变而静不能变也。不变者形消，能变者形大。但其病虽成于肾精之虚，而治病断不可单治其肾，因所犯者湿耳。湿乃阴邪，阴邪必须以阳气祛之。肾之精，阴水也。补精则精旺，阴与阴合，阴无争战之机，不战而邪何能去？故不当补精而当补气。方用蒸膝汤：,病名,[],,肾虚血瘀证,原文称“肾精之虚，湿邪乘虚而入”，非所列标准证型，属肾精亏虚夹湿之病机表述,[],,"[""骨痛"", ""活动受限""]",膝为筋骨联接之处，病及膝部，表现为疼痛及活动受限,"[""中药内服""]",,"[{""name"": ""蒸膝汤"", ""type"": ""方剂"", ""note"": ""原文明确提出“方用蒸膝汤”以治其病""}]",1.0,精泄之后，则髓必空虚，髓空则骨空,True,True,,"[{""classical_span"": ""髓空则骨空"", ""why_supports"": ""直接描述骨内空虚，为古籍中高度指向骨量不足的核心表述""}, {""classical_span"": ""凡人行房，必劳其筋骨"", ""why_supports"": ""提示因精耗导致筋骨受损，符合男性继发性骨质疏松的病因逻辑""}]",1,"[""若忽略“骨空”这一明确病名，可能低估其与骨质疏松的直接对应性"", ""若强行套用标准证型而无文本依据，可能构成证型臆造"", ""若据此推断具体疗效或现代治疗方案，超出文本证据范围""]",325fafeb9e549710c663684fa60da1bf,['蒸膝汤'],清,"['活动受限', '骨痛']"
ok,3059,2026-02-04 18:41:02,病机沙篆,1628.0,骨痿,卷上 二、虚劳,肾热者，轻手扪之不热，重按至骨乃热，亥子时尤甚，肾主骨也。其症腰膝脊俱痛，耳鸣遗泄，二便不调，骨痿不能起，眇中清，目昏，面黑，口干，咯血，饥不欲食，腹大胫肿，臀股后痛，小腹气逆下肿，肠澼，阴下湿痒，手指青黑厥逆，足下热，嗜卧，坐而欲起，善怒，四肢不收。实则腰脊解软，虚则梦泄及渡水恐惧。地黄、枸杞、桑螵蛸、龟版、山药、山萸、牛膝、杜仲、五味子补之；泽泻、知母泻之。肉桂、附子、补骨脂、肉苁蓉、鹿胶、沉香温之；知母、黄柏、丹皮、骨皮凉之。强力坐湿则伤肾，肾伤须重补之，骨碎补、补骨脂、虎胫骨、何首乌、地黄之属。,病名,"[""情志异常""]",,肝肾阴虚证,,[],,"[""腰背痛"", ""骨痛"", ""活动受限"", ""乏力""]",,"[""中药内服""]",,"[{""name"": ""地黄"", ""type"": ""单味药"", ""note"": ""补肾填精，用于骨痿""}, {""name"": ""枸杞"", ""type"": ""单味药"", ""note"": ""补肝肾""}, {""name"": ""桑螵蛸"", ""type"": ""单味药"", ""note"": ""固肾涩精""}, {""name"": ""龟版"", ""type"": ""单味药"", ""note"": ""滋阴补肾""}, {""name"": ""山药"", ""type"": ""单味药"", ""note"": ""补脾肾""}, {""name"": ""山萸"", ""type"": ""单味药"", ""note"": ""补肝肾""}, {""name"": ""牛膝"", ""type"": ""单味药"", ""note"": ""强筋骨""}, {""name"": ""杜仲"", ""type"": ""单味药"", ""note"": ""补肝肾、强腰膝""}, {""name"": ""五味子"", ""type"": ""单味药"", ""note"": ""敛阴固肾""}, {""name"": ""骨碎补"", ""type"": ""单味药"", ""note"": ""补肾续骨""}, {""name"": ""补骨脂"", ""type"": ""单味药"", ""note"": ""温肾壮骨""}, {""name"": ""虎胫骨"", ""type"": ""单味药"", ""note"": ""强筋骨""}, {""name"": ""何首乌"", ""type"": ""单味药"", ""note"": ""补肝肾益精血""}]",1.0,肾主骨也。其症腰膝脊俱痛……骨痿不能起,True,True,,"[{""classical_span"": ""骨痿不能起"", ""why_supports"": ""直接出现骨痿病名，指向骨萎弱""}, {""classical_span"": ""肾主骨也"", ""why_supports"": ""以肾与骨关系解释病机""}]",1,"[""若将其强行对应具体现代分型可能属过度推断"", ""未出现骨折记载，不能外推脆性骨折"", ""缺乏人群年龄信息，老年映射证据不足""]",d66a2b64e6d79df2972e78c5a40e9e8e,"['五味子', '何首乌', '地黄', '山药', '山萸', '杜仲', '枸杞', '桑螵蛸', '牛膝', '虎胫骨', '补骨脂', '骨碎补', '龟版']",明,"['乏力', '活动受限', '腰背痛', '骨痛']"
ok,5080,2026-02-04 20:01:44,病机沙篆,1628.0,骨痿；骨枯,卷下 五、腰痛,经曰：腰者肾之府，转摇不能，肾将惫矣。又云：巨阳虚，则腰背头项痛。此二条言正气之虚也。又云：膀胱之脉，挟脊抵腰，故挟脊痛，腰似折。此一条，言邪之实也。膏梁之人，久服热剂，醉饱入房，损其正气，则肾热腰脊病，久则髓减骨枯，发为骨痿。夫足之三阳，从头走足，足之三阴，从足走腹，经筋所过，皆能为痛，治之者须审系何经，方得应手取效，若专肾虚，或有寒湿风为病者，毋乃固乎？然虚为本，而风寒湿热为标，亦有瘀血、滞气、痰饮为病者。风痛者，浮脉，或左或右，痛无定处，牵引两足，宜防风、苍术、白芷、桔梗、陈皮、桃仁、芎、归、朴、壳；甚者加全蝎。湿痛者，久坐水湿或着雨露，脉必带缓，天阴尤甚，体亦沉重，宜用肾着汤，茯苓、白术、干姜、甘草；或渗湿汤，二术、二苓、丁香、干姜、甘草。如挟风加独活、寄生。如挟寒加桂枝，并用摩腰膏，附子、乌头尖、南星各三钱五分，丁香、樟脑、朱砂、雄黄各三钱五分，干姜一钱、麝香五分，蜜丸如圆眼大，姜汁化如厚粥，涂掌上烘热，摩腰中，即以热绵裹之。挟湿热者，羌活胜湿汤。感寒者，腰间如水溶溶，脉必浮紧，得热则减，见寒则增，宜用麻黄、白芷、桂、附、芎、桂、朴、苍、陈、姜，并用摩腰膏。伤热痛者，脉必洪数，口渴、便秘，甘豆汤，甘草二钱，马料黑豆二合，加天麻、续断。因闪仆伤痛，乳香散，虎胫骨、败龟版各二两，血竭、赤芍、乳、没、归、防、白附、苍耳、自然铜、骨碎补、肉桂、干姜各三两，牛膝、天麻、槟榔、五加皮、羌活各二两为末，酒下一钱；甚者加桃仁、全蝎，或用黑豆神散，黑豆半升炒取皮，芎、归、芍、地、姜、桂、甘草、蒲黄为末，童便和酒下二钱。如不效，瘀血甚也，宜五积散加桃仁、红花、大黄、葱白煎服。痰注痛者，用二陈汤加南星、乌药、香附、枳壳。气滞痛者，脉沉，宜沉香、砂仁、香附、乌药、枳壳、桂。怒气伤肝及肾痛者，芎、归、牛膝、杜仲、木瓜、细辛、半夏、菖蒲、甘草、枣仁煎服。思忧伤脾及肾痛者，归脾汤加香附、乌药、沉香、砂仁。抑郁失志，七气汤，人参、半夏、肉桂、胡索、乳香、甘草、姜、枣煎服。腰痛连引足膝者，杜仲、续断、牛膝、骨碎补、补骨脂、胡索、灵仙、桃仁等分为末，酒糊加核桃仁打匀丸，酒下五钱。,症状,"[""老年后"",""情志异常""]",,肝肾阴虚证,,"[""原发性-老年型""]",,"[""腰背痛"", ""骨痛"", ""活动受限""]",,"[""中药内服""]",,"[{""name"": ""肾气丸"", ""type"": ""方剂"", ""note"": ""用于肾虚腰痛，补肾助阳""}, {""name"": ""鹿茸"", ""type"": ""单味药"", ""note"": ""补肾阳以治腰脊痛""}, {""name"": ""羊肾"", ""type"": ""单味药"", ""note"": ""补肾阳，强腰脊""}, {""name"": ""茴香丸"", ""type"": ""方剂"", ""note"": ""补阳散寒，治肾虚腰痛""}, {""name"": ""六味地黄丸"", ""type"": ""方剂"", ""note"": ""补肾阴，治骨痿骨枯""}, {""name"": ""风髓丹"", ""type"": ""方剂"", ""note"": ""补髓养骨，用于骨痿""}, {""name"": ""官桂"", ""type"": ""单味药"", ""note"": ""久腰痛用以温通开之""}]",1.0,久则髓减骨枯，发为骨痿,True,True,,"[{""classical_span"": ""髓减骨枯，发为骨痿"", ""why_supports"": ""直接出现骨痿、骨枯，为骨量衰减的高度相关描述""}, {""classical_span"": ""腰者，肾之府"", ""why_supports"": ""肾虚致腰痛，符合骨质疏松常见腰背痛表现""}]",1,"[""若将外感跌扑主导的腰痛误判为骨质疏松则证据不足"", ""若忽略原文明确骨痿骨枯而仅作一般腰痛处理则不充分"", ""若强行加入未提及的人群或现代表型属于臆造""]",a9dffc374b9ad7078dedf14171f28554,"['六味地黄丸', '官桂', '羊肾', '肾气丸', '茴香丸', '风髓丹', '鹿茸']",明,"['活动受限', '腰背痛', '骨痛']"
ok,143,2026-02-04 16:46:15,普济方（四库本301-360卷）,1406.0,骨断,普济方卷三百九,右各一两为末于跌处揣定骨入元以杉木板子量大小以纸衬于杉内生姜调药如糊摊就纸上贴骨断处以绳缚定夹外更以熟绢纒之莫令骨动三日或七日开看以葱汤洗不可令水大热若无动再贴药复夹七日除七日换药贴如痛甚加没药少许贴一方有白及,外治法,[],,血瘀气滞证,原文仅述跌仆骨断之外治固定与敷贴，未涉及内在虚损或证型辨证,[],,[],,"[""中药外用""]",,"[{""name"": ""生姜"", ""type"": ""外治"", ""note"": ""调药如糊外敷于骨断处""}, {""name"": ""没药"", ""type"": ""单味药"", ""note"": ""疼痛甚时加用""}, {""name"": ""白及"", ""type"": ""单味药"", ""note"": ""一方中所用外敷药""}, {""name"": ""杉木板"", ""type"": ""外治"", ""note"": ""固定骨折用""}, {""name"": ""熟绢"", ""type"": ""外治"", ""note"": ""缠缚固定""}, {""name"": ""葱汤"", ""type"": ""外治"", ""note"": ""开看后清洗患处""}]",0.2,,True,False,,"[{""classical_span"": ""贴骨断处以绳缚定夹外"", ""why_supports"": ""明确为跌仆所致骨折的外治固定，并非骨弱自折""}]",1,"[""所述为急性外伤骨折处理，缺乏骨弱或久病证据"", ""未出现骨痿、骨枯等与骨质疏松高度相关病名"", ""不能区分是否为脆性骨折，强行映射风险高""]",e341ac5e138de5f65f12a00fafd97444,"['杉木板', '没药', '熟绢', '生姜', '白及', '葱汤']",明,[]
ok,144,2026-02-04 16:46:15,普济方（四库本301-360卷）,1406.0,骨断,普济方卷三百九,彭氏黒龙散　治伤损筋骨碎断差爻每用先洗葱汤药水淋洗整拔平正看热令用姜汁或纸或帛随大小裹贴有破留口别用饮药如骨断碎斟酌夹缚三日一次淋洗换药不可去夹以待骨续如刀箭兽龁成疮坏烂擦践肿痛用姜汁和水调贴有破留口川山甲【六两】　丁皮【六两】　当归【二两】　百草霜　枇杷叶【畧用皆一字】,方药,[],,血瘀气滞证,原文仅述外伤致筋骨碎断之治法，未见虚损证候描述,[],,[],,"[""中药外用""]",淋洗、裹贴、夹缚等外治法,"[{""name"": ""彭氏黑龙散"", ""type"": ""方剂"", ""note"": ""用于伤损筋骨碎断，外用裹贴""}, {""name"": ""川山甲"", ""type"": ""单味药"", ""note"": ""外用配伍""}, {""name"": ""丁皮"", ""type"": ""单味药"", ""note"": ""外用配伍""}, {""name"": ""当归"", ""type"": ""单味药"", ""note"": ""外用配伍""}, {""name"": ""百草霜"", ""type"": ""单味药"", ""note"": ""外用配伍""}, {""name"": ""枇杷叶"", ""type"": ""单味药"", ""note"": ""外用配伍""}]",0.2,,True,False,,"[{""classical_span"": ""治伤损筋骨碎断"", ""why_supports"": ""明确为外伤性骨折治疗，非骨虚或脆性骨折""}]",1,"[""文本为急性外伤骨折处置，非慢性骨虚疾病"", ""未见年老、久病或骨弱易折等骨质疏松特征"", ""证型与现代表型无法从原文确认""]",22570519f489a13b4d6758208a6b3f69,"['丁皮', '川山甲', '当归', '彭氏黑龙散', '枇杷叶', '百草霜']",明,[]
ok,147,2026-02-04 16:46:29,普济方（四库本301-360卷）,1406.0,骨断,普济方卷三百十二,用南蓼杜独活藁本黄柏生姜煎洗如有口除姜蓼损而青肿用此二味若肉冷痹痛骨断而肿不可洗伤口有脓水别用合口药如前风流散,外治法,[],,肾阳虚证,,[],,"[""骨折""]",原文出现“骨断而肿”，为骨折表现，但未能确认是否因骨脆所致,"[""中药外用""]",,"[{""name"": ""南蓼"", ""type"": ""单味药"", ""note"": ""与诸药同煎外洗""}, {""name"": ""杜独活"", ""type"": ""单味药"", ""note"": ""与诸药同煎外洗""}, {""name"": ""藁本"", ""type"": ""单味药"", ""note"": ""与诸药同煎外洗""}, {""name"": ""黄柏"", ""type"": ""单味药"", ""note"": ""与诸药同煎外洗""}, {""name"": ""生姜"", ""type"": ""单味药"", ""note"": ""外洗用，若有口则去姜蓼""}]",0.2,骨断而肿不可洗,True,True,,"[{""classical_span"": ""骨断而肿"", ""why_supports"": ""明确记载骨折，为骨病相关但偏急性外伤""}]",1,"[""文本为外伤骨折，非骨弱或年老骨疏的明确描述"", ""未出现骨痿、骨枯等高指向性病名"", ""缺乏人群与慢性演变信息，难以直接映射骨质疏松""]",b7774368de6b89accd59cad989b99857,"['南蓼', '杜独活', '生姜', '藁本', '黄柏']",明,['骨折']
ok,2745,2026-02-04 18:27:10,不居集,1778.0,骨痿,上集卷之五 刘河间治虚损法,治肾损骨痿，不能起于床。益精补肾。,方药,[],,删除,,[],,"[""活动受限"", ""乏力""]",,"[""中药内服""]",,"[{""name"": ""金刚丸"", ""type"": ""方剂"", ""note"": ""治肾损骨痿，不能起于床，益精""}]",1.0,治肾损骨痿，不能起于床,True,True,,"[{""classical_span"": ""肾损骨痿"", ""why_supports"": ""骨痿为古籍中与骨质衰弱高度相关的病名""}, {""classical_span"": ""不能起于床"", ""why_supports"": ""提示严重功能障碍，符合骨病导致活动受限表现""}]",1,"[""仅凭单条文献即外推具体现代分型，证据不足"", ""将肾损直接等同某一明确中医证型，可能臆断"", ""缺乏骨折或形体改变描述，可能并非全部骨质疏松情形""]",a8475e5ca1da88960e6d2118a2e3d461,['金刚丸'],清,"['乏力', '活动受限']"
ok,3098,2026-02-04 18:42:37,不居集,1778.0,骨痿；骨枯,上集卷之二十四 腰痛,徐东皋云：腰者，肾之外候，一身所持，以转移、开合者也。盖诸脉皆贯于肾，而络于腰脊，肾气一虚，腰必痛矣。除坠之外，不涉于虚，其于风寒湿热，虽有外邪，多有乘虚相犯，而祛邪之中，又当有以究其本也。举世之人，每每醉以入房，欲竭其精，耗散其真，务快心意，恬不知养，其不虚者几希。予见房室劳伤肾气，腰脊兼痛，久则髓减骨枯，发为骨痿者有矣。甫年少时常有腰痛，及闪挫之病，每服补肾汤、丸，仅得不甚而易愈，尚不知房室之害也。予禀性淡于欲事，自壬子来多游江湖间，欲渐稀而腰痛亦稀。至辛酉之后，集此书兼视病家，无暇而欲益寡，腰觉强健而绝无痛作之因。可见寡欲之功，优于补剂。,症状,[],,肝肾阴虚证,文中并列论述肾阳虚腰痛与肝肾阴虚致骨痿，非单一证型,[],,"[""腰背痛"", ""骨痛"", ""活动受限""]",,"[""中药内服"", ""针刺""]",,"[{""name"": ""肾气丸"", ""type"": ""方剂"", ""note"": ""用于肾阳虚腰痛""}, {""name"": ""茴香丸"", ""type"": ""方剂"", ""note"": ""用于补阳治腰痛""}, {""name"": ""六味地黄丸"", ""type"": ""方剂"", ""note"": ""用于肾阴虚、骨痿""}, {""name"": ""滋肾丸"", ""type"": ""方剂"", ""note"": ""用于补肾阴不足""}, {""name"": ""封髓丸"", ""type"": ""方剂"", ""note"": ""用于髓减骨枯""}]",1.0,久则髓减骨枯，发为骨痿,True,True,,"[{""classical_span"": ""久则髓减骨枯"", ""why_supports"": ""直接描述骨质枯减，为骨质疏松高度对应概念""}, {""classical_span"": ""发为骨痿"", ""why_supports"": ""骨痿为古籍中骨弱萎软的核心病名""}]",1,"[""证型并存却强行单选可能导致偏差"", ""未见明确年龄人群，难以对应现代分型"", ""未描述骨折等现代关键结局指标""]",67807d8aa36f521a61e6adac3f7ddca7,"['六味地黄丸', '封髓丸', '滋肾丸', '肾气丸', '茴香丸']",清,"['活动受限', '腰背痛', '骨痛']"
ok,3157,2026-02-04 18:44:56,不居集,1778.0,骨痿,上集卷之五 刘河间治虚损法,河间曰：虚损之人寒热，因虚而感也。感寒则损阳，阳虚则阴盛，故损自上而下，治之宜以辛甘淡，过于胃则不可治也。感热则损阴，阴虚则阳盛，故损自下而上，治之宜以甘、苦、酸、咸，过于脾则不可治也。自上而下者，一损损于肺，皮聚而毛落；二损损于心，血脉虚少，不能营于脏腑，妇人月水不通；三损损于胃，饮食不为肌肤。自下而上者，一损损于肾，骨痿不能起于床；二损损于肝，筋缓不能自收持；三损损于脾，饮食不能消克。论曰：心肺损而色败，肝肾损而形痿，谷不能化而脾损，感此病者，皆损之病也。渐渍之深，皆虚劳之疾也。,病名,"[""围绝经期""]",,肝肾阴虚证,,"[""原发性-绝经后型""]",,"[""活动受限"", ""乏力""]",,"[""中药内服""]",,"[{""name"": ""金刚丸"", ""type"": ""方剂"", ""note"": ""治肾损，骨痿不能起于床，益精补肾""}, {""name"": ""缓中牛膝丸"", ""type"": ""方剂"", ""note"": ""治肾肝损，筋缓不能自收持""}, {""name"": ""煨肾丸"", ""type"": ""方剂"", ""note"": ""治肝肾损及脾，骨痿食谷不化""}, {""name"": ""地黄丸"", ""type"": ""方剂"", ""note"": ""治阳盛阴虚，肝肾不足，形瘦无力""}, {""name"": ""八味丸"", ""type"": ""方剂"", ""note"": ""治阳盛阴虚，心肺不足，形体困倦""}]",1.0,治肾损，骨痿不能起于床,True,True,,"[{""classical_span"": ""骨痿不能起于床"", ""why_supports"": ""直接出现“骨痿”，描述骨无力、不能起身，符合骨质疏松核心特征""}, {""classical_span"": ""妇人月水不通"", ""why_supports"": ""提示女性生殖期后相关变化，可对应绝经后骨质疏松人群""}]",3,"[""若忽略原文明确“骨痿”而泛化为其他骨病，可能误判"", ""若将未出现的疼痛或骨折症状强行补充，属臆造信息"", ""若混用多个证型而不选其一，违反单选证型约束""]",d76df9c73d2b9376f47b98dff873b401,"['八味丸', '地黄丸', '煨肾丸', '缓中牛膝丸', '金刚丸']",清,"['乏力', '活动受限']"
ok,5141,2026-02-04 20:04:15,不居集,1778.0,骨枯,下集卷之四 暑证,暑热每多伤气，气虚身热，脉弱，汗出口渴，有似虚损，其甚变为疟痢，或为热症。调治失宜，元气内亏，日久累成不足之症。有暑邪内伏，销铄真阴，肌肉尽脱，大骨枯陷，吐痰失血，蒸热，全类虚损，而实为暑邪所伤，谓之暑瘵。澄按：暑本不成瘵，日久调治失宜，真阴销铄，则变成瘵矣，成瘵则难治矣。虽似虚损，实因于暑。故欲治其瘵者，必先治其暑，如青蒿煎之类。,病名,[],,肝肾阴虚证,,[],,[],,"[""中药内服""]",,"[{""name"": ""青蒿煎"", ""type"": ""方剂"", ""note"": ""文中提出“如青蒿煎之类”，用于先治暑邪""}]",1.0,肌肉尽脱，大骨枯陷,True,True,,"[{""classical_span"": ""大骨枯陷"", ""why_supports"": ""直接出现“骨枯”类描述，符合骨量耗损、骨质衰败的核心特征""}, {""classical_span"": ""真阴销铄"", ""why_supports"": ""提示阴精长期耗损，为骨失所养的重要病机""}]",1,"[""文本未出现明确骨折或疼痛表现，部分现代骨质疏松特征缺失"", ""该病名属暑瘵范畴，骨枯可能为严重消耗性疾病的并发表现"", ""未给出人群年龄与性别信息，难以对应原发性分型""]",d252297d35e08ad63d5f4ddfecb4969b,['青蒿煎'],清,[]
ok,1123,2026-02-04 17:24:30,成方切用,1682.0,骨痿,卷二上 补养门 六味地黄丸,上丸法如前，肾中水虚不能制火者，此方主之。今人足心热，阴股热，腰脊痛，率是此证，乃咳血之渐也。熟地滋阴补肾，生血生精，山萸温肝逐风，涩精秘气；牡丹泻君相之伏火，凉血退蒸。（时珍曰：伏火，即阴火也。阴火，即相火也。世人专以黄柏治相火，不知丹皮之功更胜，丹皮能入肾泻阴火，退无汗之骨蒸。）山药清虚热于肺脾，补脾固肾。（能涩精。）茯苓渗脾中湿热，而通肾交心。泽泻泻膀胱水邪，而聪耳明目。壮水之主，以制阳光，即此方也。加黄柏知母各二两，名知柏八味丸。治阴虚火动，骨痿髓枯，（因下焦湿火，）尺脉旺者宜之。加桂一两，名七味地黄丸。引无根之火，降而归元。治肝经气虚，筋无所养，变为寒证，以致筋骨疼痛，脚软懒行。及伤寒服凉药过多，木中无火，手足牵引。肝经血虚，以致火燥筋挛，变为结核瘰&#30311;等证。经曰：辛以润之，此方是也。加五味，名都气丸，治劳嗽。（益肺之源。以生肾水也。）加肉桂一两，五味二两。名加减八味丸。治肾水不足，虚火上炎，发热作渴，口舌生疮，或牙龈溃烂，咽喉作痛，或形体憔悴，寝汗发热，五脏齐损。加五味二两，麦冬三两，名八仙长寿丸，治虚损劳热。加杜仲炒（姜牛）膝（洗酒）各二两，治肾虚腰膝酸痛。去泽泻，加益智仁三两，（盐酒炒）治小便频数。（益智辛热，涩精固气。）用熟地二两。山药山萸丹皮归尾五味柴胡各五钱，茯神泽泻各二钱半，蜜丸，朱砂为衣，名益阴肾气丸，（即明目地黄丸。东垣。）治肾虚目昏。（加柴胡者。所以升阳于上也。）加柴胡五味白朮当归甘草，名滋肾生肝饮，治血虚气滞。或肩背绊痛，或胃脘当心而痛，或肝火郁与胃中，以致倦怠嗜卧，饮食不思，口渴咽燥，及妇人小便自遗，频数无度。凡伤寒后，热已退而见口渴者用之。薛氏用治妇女郁怒伤肝脾，以致小便淋沥不利，月经不调，两肋胀闷，小腹作痛，寒热往来，胸乳作痛，左关弦洪，右关弦数。此郁怒伤肝脾，血虚气滞为患。（高鼓峰曰：六味丸，薛氏一变而为滋肾生肝饮，用六味减半分两。而加柴胡五味白朮当归甘草，合生金以制木也。以制为生，天地自然之序也。）去山萸，而加柴胡归尾生地五味，辰砂为衣，名滋阴肾气丸。治目神水宽大渐散，或如雾露中行，渐观空中有黑花，视物二体，久则光不收，及内障。神水淡白色。（高鼓峰曰：又一变而为滋阴肾气丸，独去山茱萸，而加柴胡归尾生地五味，仍合逍遥都气，肾肝同治。用归尾生地者，行瘀滞也，柴胡疏木气也，去芍药，恐妨于行之疏之也。名滋阴者，厥阴也。皆用五味者，虽合都气，然实防木之反克，泻丁之义也。去山茱萸，不欲强木也。）去泽泻，而用参 归术陈皮甘草五味麦冬，名人参补气汤。治肾水不足，虚火上炎，咳嗽脓血，发热作渴，小便不调等证。（高鼓峰曰：又一变而为人参补气汤，其义愈变化无穷，真有游龙戏海之妙。夫白朮之与六味，其功相反，焉得合之。曰：从合生脉来，则有自然相通之义。借茯苓以合五味异功之妙，用归 以合养血之奇，其不用泽泻者，盖为发热作渴，小便不调，则无再竭之理。理无再竭，便当急生，生脉之所由来，既当生脉，异功之可以转入也。且水生高原，气化能出，肺气将败，故作渴不调。此所以急去泽泻，而生金滋水。复崇土以生金，其苦心可不知哉。）加生地柴胡五味，复等其分，名加味地黄丸，又名抑阴地黄丸。治肝肾阴虚，耳内痒痛出水，或眼昏痰喘，或热渴便涩等证。（高鼓峰曰：又一变而为加味地黄丸，真愈出而愈奇矣。柴胡从逍遥来，生地从固本来，五味仍合都气。其曰耳内痒痛出水，或眼昏痰喘，或热渴便涩，而总为肝肾阴虚，则知阴虚半由火郁而致也，故用柴胡以疏之。郁火非生地不能凉，故用生地。用五味，仍泻丁以补金，补金以生水也。曰抑阴，为郁火太盛，非疏之不可，疏之所以抑之。生地凉血，便有泻义，泻之所以抑之也。）加五味生地当归，名抑阴肾气丸。治诸脏亏损，胸膈痞闷，发热，潮热，晡热，或寒热往来，五心烦热。或口干作渴，月经不调，或筋骨酸倦，饮食少思。或头目不清，痰气上壅，咳嗽晡甚。或小便赤数，两足热痛，或腰膝痿软，肢体作痛等证。去泽泻，加川楝子当归使君子川芎，以赤茯苓换白茯苓，名九味地黄丸，治肾疳。加柴胡芍药，名疏肝益肾汤。治胃脘痛而大便燥结者，此肝血虚也，逍遥散所不俞者，此方妙。,方药,"[""情志异常""]",,肝肾阴虚证,,[],,"[""腰背痛"", ""骨痛"", ""活动受限"", ""乏力""]",,"[""中药内服""]",,"[{""name"": ""六味地黄丸"", ""type"": ""方剂"", ""note"": ""补肾滋阴，原文用于肾中水虚、骨痿相关表现""}, {""name"": ""知柏八味丸"", ""type"": ""方剂"", ""note"": ""六味地黄丸加黄柏知母，治阴虚火动、骨痿髓枯""}]",1.0,治阴虚火动，骨痿髓枯，尺脉旺者宜之,True,True,,"[{""classical_span"": ""骨痿髓枯"", ""why_supports"": ""直接出现骨痿病名，与骨质疏松高度同义映射""}, {""classical_span"": ""腰脊痛"", ""why_supports"": ""符合骨质疏松常见腰背痛表现""}]",4,"[""若将未明确提及的现代分型强行对应为绝经后或老年型，属证据不足"", ""若忽略原文以阴虚火动为主而改判其他证型，可能偏离文本"", ""若加入原文未述及的骨折结局，属于臆造信息""]",9104c1c52271b83f52bbde0fb6aa924d,"['六味地黄丸', '知柏八味丸']",清,"['乏力', '活动受限', '腰背痛', '骨痛']"
ok,1124,2026-02-04 17:24:40,成方切用,1682.0,骨痿,卷二上 补养门 虎潜丸,治精血不足，筋骨痿弱，足不任地，及骨蒸劳热。（肝主筋，血不足则筋痿。肾主精不足则骨痿，故步履为艰也。骨蒸劳热，本乎阴虚。）黄柏（盐酒炒） 知母（盐酒炒） 熟地（三两） 虎胫骨（酥炙一两） 龟板（酥炙四两） 锁阳（水润二两） 羯羊肉酒煮菟丝紫河车，名补益丸，水而滋阴。归芍牛膝，所也。龟得阴气最浓，故以犹立不仆，其气力皆在前血药，故又加陈皮以利气义，使气血交通，阴阳相也。（凡阳胜者，不必泻,方药,[],,肝肾阴虚证,,[],,"[""活动受限"", ""步态不稳""]",,"[""中药内服""]",,"[{""name"": ""虎潜丸"", ""type"": ""方剂"", ""note"": ""用于治精血不足、筋骨痿弱、足不任地、骨蒸劳热""}]",1.0,治精血不足，筋骨痿弱，足不任地，及骨蒸劳热,True,True,,"[{""classical_span"": ""筋骨痿弱"", ""why_supports"": ""直接指向骨与筋失养、萎软无力，为骨质疏松高度相似表述""}, {""classical_span"": ""足不任地"", ""why_supports"": ""描述下肢负重能力下降，符合骨弱导致的功能受限""}, {""classical_span"": ""骨蒸劳热"", ""why_supports"": ""阴虚骨病常见伴随表现，提示慢性骨质亏损背景""}]",4,"[""文本未明确出现现代诊断，可能被误映射为其他骨病"", ""人群与现代分型信息缺失，降低精确度"", ""未出现骨折等关键现代结局指标""]",e3cac1a453e2a0bb1910228c75d47002,['虎潜丸'],清,"['步态不稳', '活动受限']"
ok,1684,2026-02-04 17:46:33,成方切用,1682.0,骨折,卷十二下 救急门 跌打损伤,韭汁和童便饮，散其淤血。骨折者，蜜和葱白，捣匀浓封，酒调白芨末二钱服。,方药,[],,血瘀气滞证,原文未提及明确证型，仅述跌打损伤之骨折处理,[],,[],,"[""中药内服"", ""中药外用""]",,"[{""name"": ""韭汁"", ""type"": ""单味药"", ""note"": ""与童便同饮以散瘀血""}, {""name"": ""童便"", ""type"": ""其他"", ""note"": ""与韭汁同用，内服""}, {""name"": ""蜜"", ""type"": ""单味药"", ""note"": ""与葱白同捣，外敷骨折处""}, {""name"": ""葱白"", ""type"": ""单味药"", ""note"": ""与蜜同捣浓封外用""}, {""name"": ""白芨末"", ""type"": ""单味药"", ""note"": ""酒调二钱内服""}]",0.2,,True,False,,"[{""classical_span"": ""骨折者，蜜和葱白，捣匀浓封"", ""why_supports"": ""明确针对跌打损伤所致骨折的处理，属外伤范畴""}]",1,"[""条文为急性跌打损伤骨折处理，非慢性骨弱或脆性骨折"", ""未涉及年老、骨痿、骨弱等与骨质疏松高度相关的描述"", ""无证型、人群或慢性病程信息，难以建立强映射""]",201047251a55ef937c0f9b683915f89f,"['白芨末', '童便', '葱白', '蜜', '韭汁']",清,[]
ok,3458,2026-02-04 18:57:54,成方切用,1682.0,骨极,卷二上 补养门 龟鹿二仙膏,治瘦弱少气，梦遗泄精，目视不明，精极之证。（五劳之外，又有六极，谓气极筋极骨极肌极也。精生气，气生神。精极则无以生气，故瘦弱少气，气弱则不能目不明。精气不固，水不能制火，故遗泄而精愈耗也。）鹿角（十斤） 龟板（五斤） 枸杞（一斤） 人参（一斤） 先将鹿角龟板锯截，刮净水浸，桑火龟为介虫之长，得阴气最全。（介虫阴类。） 鹿角遇夏至即解，禀纯阳之性。（阴生解。） 且不两月，长至一二十斤，骨之速生，无过于此者，（人身唯骨难长。）故能峻补血。两者皆用气血以补气血，所谓补之以其类也。人参大补元气。枸杞滋阴助阳，此气血阳交补之剂。气足则精固不遗，血足则视听明了。久服可以益寿，岂特已疾而已哉。（李珍曰：龟鹿皆灵而寿，龟首常藏向腹，能通任脉，故取其甲以补心补肾补血，以养阴也。首常返向尾，能通督脉，故取其角以补命补精补气，以养阳也。）,方药,[],,脾胃虚弱证,,[],,"[""乏力""]",原文载“瘦弱少气”，对应现代乏力表现,"[""中药内服""]",,"[{""name"": ""龟鹿二仙膏"", ""type"": ""方剂"", ""note"": ""用于补精益气血，治精极、骨极等虚损证""}]",0.4,五劳之外，又有六极，谓气极筋极骨极也……人身唯骨难长,True,True,,"[{""classical_span"": ""骨极"", ""why_supports"": ""提示骨之虚损，为古籍中与骨质衰弱相关的重要概念""}, {""classical_span"": ""人身唯骨难长"", ""why_supports"": ""强调骨生长困难，指向骨量不足的认识""}]",1,"[""原文未记载骨折、驼背等明确骨质疏松特征，相关性有限"", ""症状多为精气虚损的整体虚证，非专指骨病"", ""缺乏明确人群与年龄信息，难以对应具体现代表型""]",a9681882397161e8f5fd587c34cae889,['龟鹿二仙膏'],清,['乏力']
ok,1327,2026-02-04 17:33:00,程氏易简方论,1604.0,骨痿,程氏易简方论卷三上,五脏之热，各自不同。肺热者，轻手即得，略重全无，肺主皮毛也，日西尤甚。其症嗽咳洒淅，善嚏善悲，缺盆痛，胸全痛，臂痛肩背痛，脐右胀痛，小便频数，皮肤痛及麻木。○形寒饮冷则伤肺。○实则梦兵戈，虚则梦田野。人参、黄芪、麦冬、五味、山药、紫菀、茯苓、百合补之，桑皮、葶苈、枳壳、苏子、防风泻之，干姜、豆蔻、款花、木香温之，沙参、玄参、知母、贝母、山栀、黄芩、天花粉、兜铃凉之。○心热者，微按之皮毛之下肌肉之上乃得，加力按之则全不热，心主血脉也，日中尤甚。其症烦心心痛，掌中热而哕，善忘善笑，不寐，筑筑然动，舌破消渴，口舌心胸间汗。○忧愁思虑则伤心。○实则梦惊忧怖恐，虚则梦烟火焰天。丹参、圆眼、茯神、归身、麦冬、山药补之，黄连泻之，桂心、益智、菖蒲温之，竹叶、犀角、黄连、连翘、朱砂凉之。○脾热者，轻手固不热，重按亦不热，热在不轻不重之间，脾主肌肉也，遇夜尤甚。其症怠惰嗜卧，四肢不收，无气以动，泄泻便闭，面黄，舌强痛，口甘吐逆，不嗜食，不化食，抢心，善味善饥，善噫，当脐痛，腹胀肠鸣，肉痛足肿。○饮食劳倦思虑则伤脾。○实则梦欢歌快乐，虚则梦饮食相争。人参、白术、茯苓、甘草、陈皮、扁豆、山药、苡仁补之，姜、附、丁、桂温之，玄明粉、石膏、滑石凉之。○肝热者，按至肌肉之下骨之上乃得，肝主筋也，寅卯时尤甚。其症多怒多惊，便难，转筋挛急，四时困热满闷，筋痿不能起，头痛，耳聋颊肿，面青目痛，两胁痛，小腹痛，呕逆作酸，睾疝，冒眩，善瘈。○怒则伤肝。○实则梦山林大树，虚则梦细草苔藓。阿胶、山药、枣仁、木瓜补之，青皮、芍药、柴胡、青黛、龙胆、黄连、木通泻之，木香、吴茱萸、肉桂温之，甘菊、车前、柴胡、黄芩、山栀凉之。○肾热者，轻手不热，重按至骨乃热，亥子时尤甚，肾主骨也。其症腰膝脊俱痛，耳鸣遗泄，二便不调，骨痿不能起，眇中青，面黑，口干咯血，饥不欲食，腹大胫肿，臋股后痛，小腹气逆急痛，下肿肠癖，阴下湿痒，手指青黑厥逆，足下热，嗜卧，坐而欲起，善怒，四肢不收。○强力坐湿则伤肾。○实则梦腰脊解软，虚则梦泄及渡水恐惧。地黄、枸杞、桑螵蛸、龟板、山药、山萸、牛膝、杜仲、五味补之，泽泻、知母泻之，肉桂、附子、补骨脂、鹿角、肉苁蓉、沉香温之，知母、黄柏、丹皮、地骨皮凉之。经曰：二阳之病，发心脾，有不得隐曲，女子不月，其传为风消，其传为息贲者，死不治。三阳为病，发寒热，下为痈肿，及为痿厥腨㾓，其传为索泽，其传为㿗疝。一阳发病，少气，善欬善泄，其传为心掣，其传为膈。○又曰：春夏则阳气多而阴气少，秋冬则阴气盛而阳气衰。秋冬夺于所用，下气上争不能复，精气溢下，邪气因从之而上也。气因于中，阳气衰不能泌营其经络，阳气日损，阴气独旺，故手足为之寒也。○酒入于胃，则络脉满而经脉虚，脾主为胃行其津液者也，阴气虚则阳气入，阳气入则胃不和，胃不和则精气竭，精气竭则不营其四肢也。此人必数醉若饱以入房，气聚于脾中不得散，酒气与谷气相抟，热甚于中，故身内热而溺赤也。夫酒气甚而慓悍，肾气独衰，阳气独胜，手足为之热也。○皮毛者，肺之合也，皮毛先受邪气，邪气以从其合也；其寒饮食入胃，从脾脉上至于肺则肺寒，肺寒则内外合邪，因而客之，则为肺咳。肺咳之状，咳而喘息有音，甚而唾血。心咳之状，咳则心痛，喉中介介如梗状，甚则咽肿喉痹。肝咳之状，咳则两胁下痛，甚则不可以转，转则两胠下满。脾咳之状，咳则右胠下痛，阴阴引肩背，甚则不可以动，动则咳剧。肾咳之状，咳则腰背相引而痛，甚则咳涎。五脏久咳，乃移于六腑。脾咳不已，则胃受之，胃咳之状，咳而呕，呕甚则长虫出。肝咳不已，则胆受之，胆咳之状，咳呕胆汁。肺咳不已，则大肠受之，大肠咳状，咳而遗尿。心咳不已，则小肠受之，小肠咳状，咳而失气，气与咳俱失。肾咳不已，则膀胱受之，膀胱咳状，咳而遗溺。久咳不已，则三焦受之，三焦咳状，咳而腹满不欲饮食，此皆聚于胃，关于肺，使人多涕唾而面浮肿气逆也。○张仲景云：五劳虚极羸瘦，腹满不能饮食。凡食伤、忧伤、饮伤、房室伤、饥伤、劳伤、经络营卫气伤，即《内经》所谓百病皆生于气，内有干血，肌肤甲错，两目暗黑，缓中补虚，大黄䗪虫丸主之。○按：虚劳发热，皆由瘀血内伤也。人之饮食起居，一失其节，皆能成伤，皆能蓄血，故以滋润之剂治干枯，以啖血之物行死血，死血既去，病根已铲，而后可从事于滋补。仲景为医方鼻祖，不可不绎其言也（宜与蓄血条参看）。活法机要，虚损之疾，有寒有热，皆由虚而感也。感寒则损阳，阳虚则阴盛，故损自上而下。一损损于肺，故皮聚而毛落。二损损于心，故血脉虚弱，不能营养脏腑，妇人则月水不通。三损损于胃，故饮食不为肌肤也。治之宜以辛甘淡。○感热则损阴，阴虚则阳盛，故损自下而上。一损损于肾，故骨痿不能起于床。二损损于肝，故筋缓不能自收持。三损损于脾，故饮食不能消克也。心肺损则色弊，肝肾损其形痿，脾胃损则谷不化也。肺损，皮聚毛落，宜益其气，四君子汤。心肺虚损，皮聚毛落，血脉虚耗，宜益中和血，八珍汤。心肺与胃俱损，饮食不为肌肤，十全大补汤。肾损骨痿，宜益精补肾，班龙丸。肝损筋缓，宜温中，龟鹿二仙膏。肝肾脾俱损，益精温中消谷，还少丹。阳盛阴虚，肾肝不足，宜荣血养肾，八味丸。瘦弱困倦，未辨阴阳，夏月宜六味丸，春秋宜加减八味丸，冬月宜八味丸。肺热鼻干，乌梅、紫菀、二冬。皮热，舌白，唾血，石膏、桑皮。肤热，昏寐嗜卧，丹皮。气热，喘促鼻干，人参、黄芩、栀子。大肠热，右鼻孔干痛，芒硝、大黄。脉热吐血，经络脉溢，缓急不调，当归、生地。血热发焦，地黄、当归、桂心、童便。小肠热，下唇焦，木通、赤茯、生地。脾热唇焦，芍药、木瓜、苦参。肉热，食无味而呕，烦燥不安，芍药。胃热舌下痛，石膏、粳米、大黄、芒硝、葛根。肝热眼黑，前胡、川芎、当归。胆热，眼白失色，柴胡、瓜蒌。三焦热，乍寒乍热，石膏、竹叶。肾热，两耳焦，石膏、知母、生地、寒水石。脑热，头眩闷热，羌活、地黄、防风。髓热，髓沸骨中热，当归、生地、天门冬。骨热齿黑，腰痛足冷，疳虫食脏，鳖甲、当归、地骨皮、生地。肉热，肢细跌踵，脏腑俱热，石膏、黄柏。胞热，小便黄赤，生地、泽泻、滑石、茯苓、沉香。膀胱热，左耳焦，泽泻、茯苓、滑石。玄机云：一水既亏，不胜五火，虚症蜂起，当先和解微下，次则调补。若邪气未除，便行补剂，邪入经络，良可悲哉！惟无积之人，脉按举无力，方可补之。五脏虽皆有痨，心肾为多，心主血，肾主精，精竭血燥则痨成矣。惟当温养滋补，调心益肾。雄附峻烈，内无血精，不足当此猛剂，适足以发其虚阳，然不可因热纯用冷药伤胃，夫过用热药者，犹釜中无水而进火也，过用冷药者犹釜下无火而添水也，非徒无益而反害之，宜十全大补汤、养荣汤、建中汤皆可选用。左尺独虚者，六味丸，壮水之主，以制阳光。右尺不足者，八味丸，益火之原，以消除翳。丹溪论劳瘵，主乎阴虚，午后属阴。阴虚则热在午后子前也。卧时属阴，阴虚则汗从寐时盗出也。阴虚无以制火，则火气逆上，喘嗽而吐痰也。阴虚则脉浮大而沉虚也。以四物汤加黄柏、知母，后世遵之，多致夭枉。盖川芎上窜，非火炎者所宜，地黄腻滞，非痰多者所宜，知母易于滑肠，黄柏易于败胃，暂投犹可，久用必伤。余制一主方，以薏苡仁、茯苓扶胃且有降下之功，以桔梗、陈皮行气且有健脾之力，麦冬、五味保肺而有滋化之源，地骨皮、丹皮除蒸而无寒冷之害，痰喘则桑皮、贝母，止血则藕汁、童便，泻泄则莲心、山药，燥结则人乳、梨汁，此以甘凉之品行降收之令，为初起者设也。若久病而百脉空虚，虚火亢炎，非甘温之品，不能复其真元，异功散是也，非粘濡之物，不能润其枯朽，地黄丸是也。○少气懒言，目昏面白，以生脉饮同甘枯汤，频频啜之。○病久而结痰成积，腹胁常热，惟头面手足于寅卯时乍凉，宜六君子汤加姜汁、竹沥，送滚痰丸二钱，先以汤润丸可分两三次投之，自当徐化，不得过多。○面色不衰，肌肤不瘦，外如无病，内实虚伤，俗名桃花疰。须察其现在何症，何脏受伤，而后治之。痨症久嗽，咽痛失音，此是下传上也；不嗽不痛，溺浊脱精，此是上传下也，均非吉兆。○形色尪羸，阳事不禁，脉细无根，脉数无伦，死在旦夕。虚痨，皆由嗜欲不节，七情过伤，饥饱劳碌，贪婪无厌，不量才力，勉强云为，积劳成虚，积虚成损，日积日深，或病失调养，或病后食肉油腻，行房饮酒，犯之而作，久蒸不已，变症万端。病在脾肺属于气分，病在心肝肾属于血分，而诸血症已见于前，故次于气血门后，其气血门中方论俱可参用。而咳嗽等症已列于后，宜与痰嗽诸条互参。第此等症，近日最多，惟病者自知身命为重，惩忿窒欲，痛悔前非，一遵禁戒，视色如鸩，视贪如阱，饮食有节，寒温适宜，一切妄念，尽皆放下，认定良医，耐性调治，自获安痊。盖得此症，匪朝伊夕，由来既久，空虚已甚，古人谓治虚症，如贫家积钱，称得一钱，费用九分，元非容易。王道无近功之言，良有以也。倘有是病，任性如故，不远房帏，不节饮食，多怒多欲，不悔前非，惟图速效，良言罔听，讳疾忌医，虽有对症之方，难收桑榆之效矣。故愚常谓此症在病人自知调理之功居多，药剂反居其次。况此症变纪多端，不可执一聊具，方论于下，用者因时制宜可也。,病名,"[""情志异常"", ""围绝经期""]",,肝肾阴虚证,,"[""原发性-绝经后型""]",,"[""腰背痛"", ""骨痛"", ""活动受限""]",,"[""中药内服""]",,"[{""name"": ""班龙丸"", ""type"": ""方剂"", ""note"": ""原文用于“肾损骨痿，宜益精补肾”""}, {""name"": ""龟板"", ""type"": ""单味药"", ""note"": ""肾热骨痿相关，入补肾药列""}, {""name"": ""杜仲"", ""type"": ""单味药"", ""note"": ""补肾强骨，用于腰膝脊痛""}]",1.0,肾主骨也……其症腰膝脊俱痛，骨痿不能起,True,True,,"[{""classical_span"": ""肾主骨也"", ""why_supports"": ""明确指出肾与骨的生理病理关系""}, {""classical_span"": ""骨痿不能起"", ""why_supports"": ""直接出现高度相关病名与功能障碍""}]",1,"[""若忽略原文中“骨痿”直接表述，可能低估相关性"", ""若将泛指腰痛误判为外伤或痹证，可能造成误排"", ""若脱离原文强行引入现代分型，可能构成臆造""]",ede6f8fdf2480e24635fefe844ab7ea6,"['杜仲', '班龙丸', '龟板']",明,"['活动受限', '腰背痛', '骨痛']"
ok,1326,2026-02-04 17:33:02,程氏易简方论,1604.0,骨痿,程氏易简方论卷一下,十剂者，宣、通、补、泄、轻、重、滑、涩、燥、湿。宣剂，宣可去壅，生姜、橘皮之属。壅者塞也，宣者布也散也，郁塞之病，不升不降，必先布敷散之。如气郁，有余则香附、抚芎以开之，不足则补中以运之；火郁，微则山栀、青黛以散之，甚则升阳解肌以发之；湿郁，微则苍术、白芷以燥之，甚则风药以胜之；痰郁，微则南星、橘皮以化之，甚则瓜蒂、藜芦以涌之；血郁，微则桃仁、红花以行之，甚则或吐或下以逐之；食郁，微则山楂、神曲以消之，甚则上涌下泄以去之，皆宣剂也。通剂，通可去滞，通草、防己之属。留者，留滞也。湿热留于气分，而痛痹癃闭，宜淡味下降，通利小便，而泄气中之滞，通草是也。湿热留于血分，而痛痹癃闭，宜苦寒下引，通其前后，而泄血中之滞，防己是也。补剂，补可去弱，人参、羊肉之属。形不足者，补之以气，人参是也。精不足者，补之以味，羊肉是也。泄剂，泄可去闭，葶苈、大黄之属。闭字作实字看，泄字作泻字看。实者泻之，葶苈泻气实而利小便，大黄泻血实而利大便。轻剂，轻可去实，麻黄、葛根之属。表闭者，风寒伤营，腠理闭密，而为发热头痛，宜麻黄轻扬之剂，发其汗而表自解。里闭者，火热抑郁，皮肤干闭，而为烦热昏瞀，宜葛根轻扬之剂，解其肌而火自散。上闭有二，一则外寒内热，上焦气闭，发为咽痛，宜辛凉以扬散之；一则饮食寒冷，抑遏阳气在下，发为痞满，宜扬其清而抑其浊。下实亦有二，阳气陷下，里急后重，至圊不能便，但升其阳而大便自顺，所谓下者举之也；燥热伤肺金，金气膹郁，窍开于上而膀胱闭于下，为小便不利，以升麻之类探而吐之，上窍通则小便自利，所谓病在下取之上也。重剂，重可去怯，磁石、铁粉之属。重剂凡四，有惊则气乱魂飞者，有怒则气上发狂者，并铁粉、雄黄以平其肝；有神不守舍而健忘不宁者，宜朱砂、紫英石以镇其心；有恐则气下，如人将捕者，宜磁石、沉香以安其肾。滑剂，滑可去着，冬葵子、榆白皮之属。着者，有形之邪留着于经络脏腑，如屎溺、浊带、痰涎、胞胎、痈肿之类，宜滑药以去其留滞之物，此与通以去滞略相类而实不同，通草、防己淡渗去湿热无形之邪，葵子、榆皮甘滑去湿热有形之邪，故彼曰滞，此曰着也。涩剂，涩可去脱，牡蛎、龙骨之属。脱者，气脱、血脱、精脱、神脱也。脱则散而不收，用涩酸温平，以敛其耗散。夫汗出、便泻、遗溺，皆气脱也。阳风、崩下、血厥，皆血脱也。流精、骨痿，精脱也。牡蛎、龙骨、五味子、五倍子、诃子、粟壳、棕灰、石脂，皆涩药也。如气脱兼参、芪，血脱兼归、地，精脱兼龟、鹿。至如脱阳者见鬼，脱阴者目盲，此神脱也，去死不远，无药可治。燥剂，燥可去湿，桑皮、赤小豆之属。外感之湿，由于山岚雨露；内伤之湿，由于酒茶蔬果。夫风药可以胜湿，淡药可以渗湿，不独桑皮、赤小豆也。湿剂，湿可去枯，白石英、紫石英之属。湿字作润字看，枯者燥也，血液枯而成燥，上燥则渴，下燥则结，筋燥则挛，皮燥则揭，肉燥则裂，骨燥则枯。养血则当归、地黄，生津则门冬、五味，益精则苁蓉、枸杞，不独石英为润剂也。,治法,[],,肾虚血瘀证,原文仅言“精脱”“骨痿”，未明确对应给定证型枚举中的具体证型,[],,"[""其他""]",骨痿（原文明确提及，属筋骨痿软、骨弱范畴）,"[""中药内服""]",,"[{""name"": ""牡蛎"", ""type"": ""单味药"", ""note"": ""涩剂，用于敛精止脱，治疗骨痿属精脱者""}, {""name"": ""龙骨"", ""type"": ""单味药"", ""note"": ""涩剂，用于敛精止脱""}, {""name"": ""五味子"", ""type"": ""单味药"", ""note"": ""涩药，敛耗散之精""}, {""name"": ""五倍子"", ""type"": ""单味药"", ""note"": ""涩药，收敛""}, {""name"": ""诃子"", ""type"": ""单味药"", ""note"": ""涩药，收敛""}, {""name"": ""粟壳"", ""type"": ""单味药"", ""note"": ""涩药，固脱""}, {""name"": ""棕灰"", ""type"": ""单味药"", ""note"": ""涩药，止脱""}, {""name"": ""石脂"", ""type"": ""单味药"", ""note"": ""涩药，收敛""}, {""name"": ""龟"", ""type"": ""单味药"", ""note"": ""精脱兼用以益精""}, {""name"": ""鹿"", ""type"": ""单味药"", ""note"": ""精脱兼用以益精""}]",1.0,流精、骨痿，精脱也,True,True,,"[{""classical_span"": ""流精、骨痿，精脱也"", ""why_supports"": ""明确出现“骨痿”，为古籍中与骨弱、骨质衰退高度相关的病名""}]",1,"[""原文未给出现代疾病对照，强行细分现代分型可能构成臆造"", ""未明确患者人群与年龄，难以对应绝经后或老年型"", ""证型仅述精脱，未与固定枚举证型完全对应""]",e8308f225bfe743d5614d978355e526f,"['五倍子', '五味子', '棕灰', '牡蛎', '石脂', '粟壳', '诃子', '鹿', '龙骨', '龟']",明,['其他']
ok,1330,2026-02-04 17:33:08,程氏易简方论,1604.0,骨痿,程氏易简方论卷四上,蜜丸，灯草汤下。伏梁丸，本方除吴茱萸、白术、茯苓、泽泻、茵陈、川椒、砂仁，加菖蒲、茯神、丹参、红豆，治心积，起脐上，至心下，大如臂，令人烦心。肥气丸，本方除吴茱、砂仁、桂、术、黄芩、泽泻，加柴胡、莪术、皂角、昆布、甘草，治肝积，在左胁下，有头足，令人发咳，痎疟不已。息贲丸，本方除吴茱、白术、砂仁、黄芩、茵陈、泽泻，加紫菀、桔梗、天冬、白蔻、陈皮、青皮、三棱，用淡姜汤下，治肺积，在右胁下，令人洒淅寒热，喘咳，发肺痈，秋冬黄连减半。贲豚丸，本方除吴茱、白术、砂仁、人参、干姜、川椒、黄芩、茵陈，加菖蒲、丁香、附子、苦楝、廷胡索、独活、全蝎，用淡盐汤下，治肾积，发于小腹，上至心下，若豚状，上下无时，令人喘咳骨痿，及男子七疝，女子瘕聚带下。,方药,[],,肾阳虚证,,[],,"[""其他""]",骨痿（原文直述，指筋骨痿软、骨弱之象）,"[""中药内服""]",,"[{""name"": ""贲豚丸"", ""type"": ""方剂"", ""note"": ""治肾积，原文称可致“骨痿”，用淡盐汤下""}]",1.0,治肾积，发于小腹，上至心下，若豚状，上下无时，令人喘咳骨痿,True,True,,"[{""classical_span"": ""令人喘咳骨痿"", ""why_supports"": ""直接出现“骨痿”这一与骨质疏松高度同向的古籍病名/表现""}]",1,"[""仅见症状性“骨痿”描述，未提供骨折或骨量变化细节"", ""文本主旨为“肾积”方药，骨痿为并见症状，非专论骨病"", ""未提供明确人群与病程，现代分型难以精确映射""]",636cec00473a73e48bd7937c4c09f2f6,['贲豚丸'],明,['其他']
ok,1332,2026-02-04 17:33:15,程氏易简方论,1604.0,骨痿；骨枯,程氏易简方论卷五上,六味丸加知母、黄柏，治肾气热则腰脊不举，骨枯髓减而成骨痿。,方药,[],,肝肾阴虚证,,[],,"[""活动受限"", ""乏力""]",原文“腰脊不举”提示功能受限与无力,"[""中药内服""]",,"[{""name"": ""六味丸"", ""type"": ""方剂"", ""note"": ""加知母、黄柏以治肾气热所致骨痿""}, {""name"": ""知母"", ""type"": ""单味药"", ""note"": ""加减用药，清热滋阴""}, {""name"": ""黄柏"", ""type"": ""单味药"", ""note"": ""加减用药，清热滋阴""}]",1.0,治肾气热则腰脊不举，骨枯髓减而成骨痿,True,True,,"[{""classical_span"": ""骨枯髓减而成骨痿"", ""why_supports"": ""直接出现“骨痿、骨枯髓减”，与骨量减少高度一致""}, {""classical_span"": ""腰脊不举"", ""why_supports"": ""提示脊柱功能障碍，符合骨质疏松相关表现""}]",1,"[""若未明确出现“骨痿/骨枯”等关键病名，相关性将被高估"", ""若将证型或人群作出超出原文的信息推断，属于臆造"", ""若强行对应具体现代分型而无年龄/病因依据，证据不足""]",b3a954e7f642b169a26bfd298d8e6eb1,"['六味丸', '知母', '黄柏']",明,"['乏力', '活动受限']"
ok,1784,2026-02-04 17:50:18,程氏易简方论,1604.0,骨折,程氏易简方论卷三下,韭汁和童便、好酒饮醉，散其气血。山羊血，酒化温饮，一醉即愈。如无，以真三七捣末，冲酒饮。不用酒，以童便送。急饮童便数盅，甚佳。以童便能护心，则血不得入心，尚可从容调治也（《史记》：范睢折胁而死，宾客溺之，得溺而苏，后入秦为相。盖知溺可治损伤矣）。又方，并治骨折筋断，用路上墙脚下往来人便溺处，久碎瓦片一块，洗净，火煅，米醋淬五次，黄色为度，刀刮细末，每服三钱，好酒调下，在上食前，在下食后，神效。又方，生大黄（三钱），土狗（二十一个，酒浆浸炙），红花（八钱，酒沙），五加皮（五钱，酒炒），胡桃隔（五钱，炒），沉香（五钱），乳香、没药（各四钱。去油），当归（一钱，酒炒），俱为细末，酒下一钱。又方，生大黄、天竺黄、三七（焙）、儿茶、乳香（煅）、没药（去油）、血竭（各三钱），阿魏（五分），麝香、冰片、牛黄、郁金（各二分），雄黄（一钱），共末，以制过藤黄（七分）隔水顿化，如干加蜜和丸，每服一丸，约重二分，酒下取汗。跌死昏迷，以草乌、甘草、官桂、槿皮等分，为末，每服二钱，酒调灌下，勿令开口。骨折者，蜜和葱白捣匀，厚封，酒调白及末二钱服。接骨方，用透明乳香（三钱）研末，以半两铜钱（五个）盛末，放炭火上煅，去油存性，再以甜瓜子（每岁十粒），亦同半两钱同炒黄脆，去钱，只以二味和匀研末。先用蕲艾煎水沃洗伤处，又以新棉絮包暖，再将好酒冲上末药服，以醉为度，盖暖取汗，其骨自相接续。若上身伤食后服，下身伤食远服。然必须时合时用，若隔宿则药气散而无益矣。若正破伤之时，适值风寒雨湿入内，登时头痛寒热，甚有角弓反张如痉状者，用川芎（一钱），当归（一钱五分），红花（四分），羌活（六分），防风（八分），白僵蚕（一钱二分），土鳖虫（七个，捣碎），穿山甲（三大片，酥酒炙），柴胡（七分），生甘草（四分），水、酒各一碗，姜三片，煎八分，热服。伤在下部，加牛膝一钱。如一时药不便，以青葱、生姜切碎，各捣汁一盏，和酒热服，亦妙。,方药,[],,删除,,[],,[],,"[""中药内服"", ""中药外用""]",,"[{""name"": ""童便"", ""type"": ""其他"", ""note"": ""内服，急救损伤、护心""}, {""name"": ""三七"", ""type"": ""单味药"", ""note"": ""捣末冲酒服，治骨折""}, {""name"": ""山羊血"", ""type"": ""单味药"", ""note"": ""酒化温饮，治损伤""}, {""name"": ""大黄"", ""type"": ""单味药"", ""note"": ""多方配伍，活血通滞""}, {""name"": ""乳香、没药"", ""type"": ""单味药"", ""note"": ""去油研末，治骨折筋断""}, {""name"": ""白及"", ""type"": ""单味药"", ""note"": ""酒调服，骨折用""}, {""name"": ""接骨方（乳香、甜瓜子等）"", ""type"": ""方剂"", ""note"": ""接续骨折""}, {""name"": ""蜜和葱白"", ""type"": ""外治"", ""note"": ""外敷骨折处""}]",0.2,并治骨折筋断，用路上墙脚下往来人便溺处，久碎瓦片一块,True,True,愈,"[{""classical_span"": ""并治骨折筋断"", ""why_supports"": ""明确指向骨折等骨损伤，但未体现骨量减少或脆性特点""}]",1,"[""主要为急性外伤骨折治疗，非慢性骨弱证据"", ""未见骨痿、骨枯等高度相关病名"", ""缺乏老年或反复易折等脆性骨折线索""]",9ec6366728c67666715dfb58b84d86b3,"['三七', '乳香、没药', '大黄', '山羊血', '接骨方', '白及', '童便', '蜜和葱白']",明,[]
ok,3509,2026-02-04 19:00:14,程氏易简方论,1604.0,骨极,程氏易简方论卷三上,论曰：肾主骨，骨极则骨内空虚之极也，故令腰脊酸削。齿者骨之余，故亦作疼。手足烦疼，不欲行动，皆骨内空虚之征也。以骨治骨，求其类也。以虎骨治骨，取其壮也。酿之以酒者，取酒性善渍，直彻透骨也。男子天癸未满而御女，则四肢有未满之处，异日必有难状之疾，其骨极之类乎？,方药,[],,肾虚血瘀证,原文以“骨极”“骨内空虚”为核心论述，未对应给定枚举中的具体证型名称,[],,"[""腰背痛"", ""骨痛"", ""活动受限""]",,"[""中药内服""]",,"[{""name"": ""虎骨酒"", ""type"": ""单味药"", ""note"": ""以虎骨酿酒，“以骨治骨，取其壮也”，用于骨内空虚、腰脊酸削等""}]",1.0,肾主骨，骨极则骨内空虚之极也，故令腰脊酸削。齿者骨之余，故亦作疼。,True,True,,"[{""classical_span"": ""骨极则骨内空虚之极也"", ""why_supports"": ""明确描述骨内空虚、骨质衰弱状态，与骨量减少高度相符""}, {""classical_span"": ""腰脊酸削"", ""why_supports"": ""典型慢性腰背痛，常见于骨质疏松相关骨病""}]",1,"[""若将“骨极”直接等同现代明确分型，可能存在过度映射风险"", ""若推断具体肾阴虚或肾阳虚证型，属于超出原文证据"", ""若引申到具体人群或现代流行病学分型，原文未提供直接依据""]",8984fe83b84fbcedd4ae09a448c0d46f,['虎骨酒'],明,"['活动受限', '腰背痛', '骨痛']"
ok,301,2026-02-04 16:52:21,赤水玄珠（标点本）,1956.0,骨痿,第四卷,<u>金刚丸</u>　肾损骨痿，不能起床。,方药,[],,肾虚血瘀证,原文仅述“肾损骨痿”，未明确对应给定六种证型之一,[],,"[""活动受限""]",“不能起床”提示严重活动受限,"[""中药内服""]",,"[{""name"": ""金刚丸"", ""type"": ""方剂"", ""note"": ""用于治疗肾损所致骨痿""}]",1.0,肾损骨痿，不能起床,True,True,,"[{""classical_span"": ""肾损骨痿"", ""why_supports"": ""“骨痿”为与骨量减少、骨弱高度相关的经典病名""}, {""classical_span"": ""不能起床"", ""why_supports"": ""提示骨病导致严重功能障碍，符合骨质疏松晚期表现之一""}]",4,"[""未提供患者年龄与性别，无法映射具体现代表型"", ""证型仅述“肾损”，不足以精确对应给定证型枚举"", ""未提及骨折等信息，现代表型判断仍有不确定性""]",b05a6f71e4f3e8ba80daf339338a7bca,['金刚丸'],近现代,['活动受限']
ok,300,2026-02-04 16:52:25,赤水玄珠（标点本）,1956.0,骨痿；骨枯,第四卷,东垣曰：大抵寒湿多而风热少，然有房室劳伤，肾虚腰痛者，是阳气虚弱，不能运动故也。经曰：腰者肾之腑，转摇不能，肾将败矣。宜肾气丸、茴香丸之类，以补阳之不足也。膏粱之人，久服汤药，醉以入房，损其真气，则肾气热而腰脊痛不能举，久则髓减骨枯，发为骨痿。宜六味地黄丸、滋肾丸、凤髓丹之类，以补阴之不足也。,病名,[],,删除多复合证,原文并列提及“肾阳虚弱”与“肝肾阴虚（真气损、肾气热）”两类病机，非单一证型。,[],,"[""腰背痛"", ""活动受限""]",原文“腰脊痛不能举”“转摇不能”“久则髓减骨枯”。,"[""中药内服""]",,"[{""name"": ""肾气丸"", ""type"": ""方剂"", ""note"": ""用于补阳之不足，治肾虚腰痛""}, {""name"": ""茴香丸"", ""type"": ""方剂"", ""note"": ""与肾气丸同类，用于补阳""}, {""name"": ""六味地黄丸"", ""type"": ""方剂"", ""note"": ""补阴之不足""}, {""name"": ""滋肾丸"", ""type"": ""方剂"", ""note"": ""滋补肾阴""}, {""name"": ""凤髓丹"", ""type"": ""方剂"", ""note"": ""补阴填髓，治骨痿""}]",1.0,久则髓减骨枯，发为骨痿。,True,True,,"[{""classical_span"": ""久则髓减骨枯，发为骨痿"", ""why_supports"": ""直接出现骨枯、骨痿，为高度相关古籍病名""}, {""classical_span"": ""腰脊痛不能举"", ""why_supports"": ""符合慢性腰背痛与功能受限特征""}]",4,"[""文本未明确提及现代骨密度或骨折指标，可能被认为证据非现代直测"", ""证型并列，若强行单一化可能被质疑过度归纳"", ""未指明具体人群年龄，现代分型难以精确对应""]",4aa82c987d72be838130f7a1cf1e3023,"['六味地黄丸', '凤髓丹', '滋肾丸', '肾气丸', '茴香丸']",近现代,"['活动受限', '腰背痛']"
ok,312,2026-02-04 16:52:47,赤水玄珠（标点本）,1956.0,骨痿,第十一卷,虎潜丸、补肾丸，皆治骨痿之剂也。肉痿当以清燥汤治之。,方药,[],,脾胃虚弱证,,[],,[],,"[""中药内服""]",,"[{""name"": ""虎潜丸"", ""type"": ""方剂"", ""note"": ""原文称“皆治骨痿之剂也”""}, {""name"": ""补肾丸"", ""type"": ""方剂"", ""note"": ""原文称“皆治骨痿之剂也”""}]",1.0,虎潜丸、补肾丸，皆治骨痿之剂也。,True,True,,"[{""classical_span"": ""皆治骨痿之剂也"", ""why_supports"": ""“骨痿”为古籍中与骨量不足、骨弱高度对应的病名""}]",1,"[""若将骨痿以外的证候强行映射为骨质疏松，可能构成臆造"", ""若推断具体现代分型（如绝经后型）而原文未述，证据不足"", ""若补充未出现的症状体征（疼痛、骨折等），将违反原文依据""]",e32ce95cefbbf42f2f8875a6bcd57a53,"['虎潜丸', '补肾丸']",近现代,[]
ok,1916,2026-02-04 17:54:55,赤水玄珠（标点本）,1956.0,骨折,第三十卷,<u>秘传神效散</u>　治跌扑损伤骨折、骨碎、筋断，疼痛不可忍者，此药极能理伤续断，累验若神。,方药,[],,血瘀气滞证,原文为跌扑损伤所致骨折、筋断，属外伤范畴，未涉及内伤虚证证型,[],,"[""骨痛"", ""活动受限""]",,"[""中药内服""]",,"[{""name"": ""秘传神效散"", ""type"": ""方剂"", ""note"": ""用于跌扑损伤所致骨折、骨碎、筋断疼痛""}]",0.2,治跌扑损伤骨折、骨碎、筋断，疼痛不可忍者,True,False,,"[{""classical_span"": ""治跌扑损伤骨折"", ""why_supports"": ""明确为外伤性骨折治疗，非因骨弱所致""}]",1,"[""文本为急性跌扑外伤，非慢性骨弱或脆性骨折"", ""未见年老、久病、骨痿等与骨质疏松高度相关描述"", ""证型与现代表型无法从原文确定""]",5ad346763e051ba8b5698d9e67cdd276,['秘传神效散'],近现代,"['活动受限', '骨痛']"
ok,1915,2026-02-04 17:54:57,赤水玄珠（标点本）,1956.0,骨折,第三十卷,上为细末，用生姜自然汁调如稀糊，敷以纸花贴，如干再敷。如骨折，先以绵帛封缚，次用杉树皮夹定，良久痛止即痒，觉热乃是血活，筋骨复旧，轻者三五日，重者不过旬日矣。,外治法,[],,血瘀气滞证,原文仅述骨折外治与愈合过程，未涉及虚实寒热等证型判断,[],,"[""骨折""]",文中明确记载“如骨折”,"[""中药外用""]",,"[{""name"": ""生姜自然汁"", ""type"": ""外治"", ""note"": ""调末成糊外敷""}, {""name"": ""杉树皮"", ""type"": ""外治"", ""note"": ""夹定固定骨折""}, {""name"": ""绵帛"", ""type"": ""外治"", ""note"": ""用于封缚固定""}]",0.2,如骨折，先以绵帛封缚，次用杉树皮夹定,True,True,好转,"[{""classical_span"": ""如骨折"", ""why_supports"": ""提示骨折情形，但为急性外伤处理，非骨弱本因""}, {""classical_span"": ""筋骨复旧"", ""why_supports"": ""描述骨折愈合转归""}]",1,"[""条文为急性骨折外治，未体现骨量减少或骨弱本质"", ""缺乏老年、反复骨折等指向骨质疏松的关键信息"", ""证型与人群信息不足，难以进行可靠现代映射""]",14c24077a4d31077deabd911600f0f28,"['杉树皮', '生姜自然汁', '绵帛']",近现代,['骨折']
ok,3323,2026-02-04 18:52:17,赤水玄珠（标点本）,1956.0,骨虚,第十卷,脉虚者以牛膝、红花、川芎补之。骨虚者苁蓉、锁阳、虎骨补之。筋虚木瓜、杜仲、破故纸、龟板补之。肉虚山药、大枣、甘草。皮毛虚者栝蒌、桂枝、黄耆。气虚人参、黄耆、附子。血虚当归、地黄、芍药。津虚天花粉、玄参、升麻、麦冬。髓虚五味子、地黄、当归补之。,病名,[],,肾虚血瘀证,原文以“骨虚”“髓虚”等虚损分类论治，未对应所列标准证型之一。,[],,[],,"[""中药内服""]",,"[{""name"": ""苁蓉"", ""type"": ""单味药"", ""note"": ""用于骨虚者补益""}, {""name"": ""锁阳"", ""type"": ""单味药"", ""note"": ""用于骨虚者补益""}, {""name"": ""虎骨"", ""type"": ""单味药"", ""note"": ""用于骨虚者补益""}, {""name"": ""五味子"", ""type"": ""单味药"", ""note"": ""用于髓虚者补益""}, {""name"": ""地黄"", ""type"": ""单味药"", ""note"": ""用于血虚/髓虚者补益""}, {""name"": ""当归"", ""type"": ""单味药"", ""note"": ""用于血虚/髓虚者补益""}]",0.4,骨虚者苁蓉、锁阳、虎骨补之。髓虚五味子、地黄、当归补之。,True,True,,"[{""classical_span"": ""骨虚者苁蓉、锁阳、虎骨补之"", ""why_supports"": ""直接提出“骨虚”概念并以补骨药物治疗，指向骨量不足/骨弱""}, {""classical_span"": ""髓虚五味子、地黄、当归补之"", ""why_supports"": ""骨髓亏虚与现代骨代谢不足存在语义对应""}]",1,"[""原文未出现明确现代诊断或骨折描述，映射可能过度"", ""未提及人群年龄或性别，无法对应具体现代表型"", ""症状体征描述不足，相关性证据有限""]",dd7974e0e857e5def802fdfb4f72db35,"['五味子', '地黄', '当归', '苁蓉', '虎骨', '锁阳']",近现代,[]
ok,4326,2026-02-04 19:31:17,赤水玄珠（标点本）,1956.0,骨痹,第六卷,热痰则多烦热，风痰多成瘫痪奇症，冷痰多成骨痹，湿痰多成倦怠软弱，惊痰多成心痛癫疾，饮痰多胁痛臂痛，食积痰多成癖块痞满。,病名,[],,其它-风寒湿痹证,文中称“冷痰多成骨痹”，属痰寒凝滞致病，未明确对应给定六类证型,[],,"[""骨痛"", ""活动受限""]",,"[""中药内服""]",,"[{""name"": ""滚痰丸"", ""type"": ""方剂"", ""note"": ""文中称“制滚痰丸一方，总治斯疾”，用于治痰所致诸病""}]",0.2,冷痰多成骨痹,True,False,,"[{""classical_span"": ""冷痰多成骨痹"", ""why_supports"": ""出现“骨痹”这一骨病相关病名，但未见骨弱、易折等强指向描述""}]",1,"[""仅出现骨痹病名，缺乏骨弱或脆性骨折等关键信息"", ""证型与现代表型多依赖推断，原文未明确"", ""内容以痰饮病机为主，骨病非核心论述对象""]",d8c686395a25d89ea180573d5c83623a,['滚痰丸'],近现代,"['活动受限', '骨痛']"
ok,5073,2026-02-04 20:01:28,赤水玄珠（标点本）,1956.0,骨枯,第十卷,罗氏　清神甘露丸　男子妇人虚劳不足，大骨枯，大肉陷并治。,方药,"[""胎产哺乳""]",,肝肾阴虚证,,"[""妊娠-哺乳相关骨质疏松""]",,"[""其他""]",原文述“大骨枯，大肉陷”，属形体消瘦、骨枯之变,"[""中药内服""]",,"[{""name"": ""生地黄汁"", ""type"": ""单味药"", ""note"": ""用于治虚劳不足、骨枯""}, {""name"": ""白莲藕汁"", ""type"": ""单味药"", ""note"": ""与生地黄汁同用""}, {""name"": ""牛乳汁"", ""type"": ""单味药"", ""note"": ""滋养以治虚劳""}]",1.0,治虚劳不足，大骨枯，大肉陷，皆治之。,True,True,,"[{""classical_span"": ""大骨枯"", ""why_supports"": ""直接指向骨枯、骨质衰弱范畴""}, {""classical_span"": ""虚劳不足"", ""why_supports"": ""慢性虚损背景，符合骨量减少语境""}]",3,"[""若忽略原文仅据现代概念强行对应，属证据不足"", ""若将形体消瘦误判为外伤或痹证，可能错误映射"", ""若未限定妊娠-哺乳人群而泛化至全部骨病，可能过度外推""]",6c801e0bcb8fffb964dbe4458fa0bc1a,"['牛乳汁', '生地黄汁', '白莲藕汁']",近现代,['其他']
ok,4345,2026-02-04 19:31:58,春脚集,1825.0,骨痹,春脚集卷之三 皮肤部,筋痹，加木瓜、柴胡。骨痹，加独活、泽泻。肉痹，加茯苓、陈皮、木香、砂仁。脉痹，加菖蒲、茯神、当归。皮痹，加紫苑、杏仁、麻黄。水煎服。,方药,[],,其它-风寒湿痹证,原文仅列筋痹、骨痹、肉痹等分类，未对应固定证型枚举,[],,[],,"[""中药内服""]",,"[{""name"": ""独活"", ""type"": ""单味药"", ""note"": ""骨痹加用""}, {""name"": ""泽泻"", ""type"": ""单味药"", ""note"": ""骨痹加用""}]",0.2,骨痹，加独活、泽泻。,True,True,,"[{""classical_span"": ""骨痹，加独活、泽泻"", ""why_supports"": ""出现“骨痹”这一骨病相关范畴，但未见骨弱、易折等特征""}]",1,"[""仅有骨痹用药提示，缺乏骨弱或脆性骨折等关键信息"", ""未提供人群、证型与症状细节，现代映射证据不足"", ""痹证多属风寒湿痹，可能与骨质疏松并非同一病机""]",55ea3a86223978db2a651262c484cb0e,"['泽泻', '独活']",清,[]
ok,226,2026-02-04 16:49:22,大方脉,1056.0,骨痿,卷六 伤寒杂病医方 医方补养门,六味汤加酒炒黄柏、知母，治阴虚火动，骨痿髓枯者。王冰所谓壮水之主以制阳光，尺脉旺者宜之。,方药,[],,肝肾阴虚证,,[],,[],,"[""中药内服""]",,"[{""name"": ""六味汤"", ""type"": ""方剂"", ""note"": ""主方，用于滋阴治骨痿髓枯""}, {""name"": ""黄柏"", ""type"": ""单味药"", ""note"": ""酒炒，加减以清虚火""}, {""name"": ""知母"", ""type"": ""单味药"", ""note"": ""加减以滋阴清热""}]",1.0,治阴虚火动，骨痿髓枯者,True,True,,"[{""classical_span"": ""骨痿髓枯"", ""why_supports"": ""骨痿为古籍中与骨质衰弱高度相关的病名，直接指向骨质疏松样改变""}]",1,"[""未明确患者年龄或性别，无法细分现代骨质疏松表型"", ""未出现疼痛或骨折等现代临床表现，映射主要基于病名"", ""证型可能存在多重解释，单一证型选择存在简化风险""]",12e1565b327c7d4a5151940376fe19d8,"['六味汤', '知母', '黄柏']",宋金元,[]
ok,225,2026-02-04 16:49:24,大方脉,1056.0,骨痿,卷六 伤寒杂病医方 医方祛风门,经曰：卫虚则不用，营虚则不仁。中左者，加当归三钱；中右者，倍蜜耆；风中两腿胫膝，加牛膝、苡仁；筋软难屈伸，加木瓜；骨痿，加炙虎骨；经络不通兼里寒者，加附子。此方功专补外，故不用人参、炙草。,方药,[],,肾阳虚证,,[],,"[""活动受限""]",原文载“筋软难屈伸”“骨痿”，提示活动受限,"[""中药内服""]",,"[{""name"": ""当归"", ""type"": ""单味药"", ""note"": ""中左者加用""}, {""name"": ""黄芪（蜜炙）"", ""type"": ""单味药"", ""note"": ""中右者倍用""}, {""name"": ""牛膝"", ""type"": ""单味药"", ""note"": ""风中两腿胫膝加用""}, {""name"": ""苡仁"", ""type"": ""单味药"", ""note"": ""风中两腿胫膝加用""}, {""name"": ""木瓜"", ""type"": ""单味药"", ""note"": ""筋软难屈伸加用""}, {""name"": ""炙虎骨"", ""type"": ""单味药"", ""note"": ""骨痿加用""}, {""name"": ""附子"", ""type"": ""单味药"", ""note"": ""经络不通兼里寒者加用""}]",1.0,骨痿，加炙虎骨,True,True,,"[{""classical_span"": ""骨痿"", ""why_supports"": ""骨痿为古籍中与骨萎弱、骨量不足高度相关的病名""}, {""classical_span"": ""筋软难屈伸"", ""why_supports"": ""提示筋骨痿软与功能受限，符合骨质疏松表现""}]",1,"[""未明确给出现代人群或年龄信息，现代表型难以精确对应"", ""未记载骨折等结局性证据，相关性判断主要依赖病名"", ""方名未明，仅据加减药物推断治法范围""]",93699c1af182f0fad6c1518ed59dbfc9,"['当归', '木瓜', '炙虎骨', '牛膝', '苡仁', '附子', '黄芪']",宋金元,['活动受限']
ok,4439,2026-02-04 19:35:43,大方脉,1056.0,骨痹,卷六 伤寒杂病医方 医方祛风门,行痹走痛，以羌活、防风为主；痛痹苦痛，以麻黄、附子为主；著痹重痛，以羌活、防己为主；皮痹麻痒，以桂枝、黄耆为主；脉痹色变，以桂枝、红花为主；肌痹顽木，以白芷、葛根为主；筋痹牵强，以羚羊角末为主；骨痹痠痛，以醋炙虎骨为主。,病名,[],,肾阳虚证,,[],,"[""骨痛""]",,"[""中药内服""]",,"[{""name"": ""醋炙虎骨"", ""type"": ""单味药"", ""note"": ""原文称“骨痹痠痛，以醋炙虎骨为主”""}]",0.2,骨痹痠痛，以醋炙虎骨为主,True,True,,"[{""classical_span"": ""骨痹痠痛"", ""why_supports"": ""提示慢性骨部疼痛，可能与骨量不足或骨弱相关，但缺乏脆性骨折等强特征""}]",1,"[""原文未提及骨折、骨弱或年老等关键信息，相关性可能被高估"", ""痹证多属风寒湿痹，可能为其他骨关节疾病而非骨质疏松"", ""仅据单句用药主治推断现代疾病，证据层级有限""]",ac1a74f7b2dfa0cac4094c44d6c3433a,['醋炙虎骨'],宋金元,['骨痛']
ok,381,2026-02-04 16:55:26,戴丽三医疗经验选,2011.0,骨痿,医案 脏寒癃胀,上方以四逆汤扶元阳，其余诸药，补肝肾，强腰膝，治腰痛。金刚丸系治腰痛骨痿之效方。连服十余剂，症状消失。,方药,[],,肾阳虚证,,[],,"[""腰背痛""]",,"[""中药内服""]",,"[{""name"": ""四逆汤"", ""type"": ""方剂"", ""note"": ""扶元阳，用于治疗腰痛""}, {""name"": ""金刚丸"", ""type"": ""方剂"", ""note"": ""治腰痛骨痿之效方""}]",1.0,金刚丸系治腰痛骨痿之效方,True,True,愈,"[{""classical_span"": ""腰痛骨痿"", ""why_supports"": ""明确出现“骨痿”病名，为骨质疏松高度相关范畴""}, {""classical_span"": ""补肝肾，强腰膝"", ""why_supports"": ""指向肝肾亏虚所致筋骨痿弱，与骨质疏松机制相符""}]",1,"[""原文未涉及骨折或影像学描述，可能为其他腰痛疾病"", ""未提供患者年龄性别，难以对应具体现代表型"", ""为单案医案记载，外推性有限""]",9e49f477cc7dff49f7eb6c2aa7b65100,"['四逆汤', '金刚丸']",近现代,['腰背痛']
ok,384,2026-02-04 16:55:34,丹溪手镜,1347.0,骨痿,卷之中 热烦（附劳五）,牛膝丸 治肾肝损，骨痿筋缓不能收持，亦治腰痛。,方药,[],,肝肾阴虚证,原文称“肾肝损”，未明确对应给定六证型之一,[],,"[""腰背痛"", ""活动受限""]",“骨痿筋缓不能收持”提示筋骨萎软、功能受限,"[""中药内服""]",,"[{""name"": ""牛膝丸"", ""type"": ""方剂"", ""note"": ""用于治疗肾肝损所致骨痿、筋缓及腰痛""}]",1.0,治肾肝损，骨痿筋缓不能收持，亦治腰痛。,True,True,,"[{""classical_span"": ""骨痿筋缓不能收持"", ""why_supports"": ""“骨痿”为古籍中高度指向骨质虚弱的核心病名""}, {""classical_span"": ""亦治腰痛"", ""why_supports"": ""慢性腰痛为骨质疏松常见表现之一""}]",4,"[""原文未提供患者年龄与性别，无法细分现代分型"", ""证型仅述“肾肝损”，与固定枚举存在对应不确定性"", ""未记载影像或骨折等客观证据，属语义映射""]",8b8c80465f1a78c5acf3fa7706abc8d8,['牛膝丸'],明,"['活动受限', '腰背痛']"
ok,195,2026-02-04 16:48:11,丹溪心法附余,1536.0,骨断,卷之十六火郁门 跌扑伤损（七十五）,上为末，于折伤揣定入原位，以姜汁调药加糊，摊在纸上，贴骨断处，用杉木片子夹定，以绳缚之，莫令摇动，三五日后开看，以温葱汤洗之，后再贴药，复夹七日。如痛甚，加没药。,外治法,[],,血瘀气滞证,原文为外伤折伤外敷方，未提及任何内在证型辨证信息。,[],,"[""其他""]",骨断、折伤属急性外伤性骨折，并非描述脆性骨折。,"[""中药外用""]",,"[{""name"": ""姜汁"", ""type"": ""外治"", ""note"": ""调药为糊外敷于骨断处""}, {""name"": ""杉木片"", ""type"": ""外治"", ""note"": ""夹定骨折部位以固定""}, {""name"": ""没药"", ""type"": ""单味药"", ""note"": ""疼痛明显时加用""}, {""name"": ""葱汤"", ""type"": ""外治"", ""note"": ""温洗骨折处后再敷药""}]",0.2,,True,False,,"[{""classical_span"": ""折伤 治折伤外敷方"", ""why_supports"": ""明确指向外伤性折伤的处理，而非骨弱或脆性骨折。""}, {""classical_span"": ""贴骨断处，用杉木片子夹定"", ""why_supports"": ""为急性骨断固定措施，符合外伤情境。""}]",1,"[""文本仅描述外伤性骨折的外治方法，未体现骨质疏松的病因或慢性特征。"", ""未出现骨痿、骨弱、年老易折等与骨质疏松高度相关的古籍表述。"", ""若强行标注为脆性骨折或特定证型，属于证据不足的过度映射。""]",eb4f4b3df86860ceb3ccbc0e5a7e8349,"['姜汁', '杉木片', '没药', '葱汤']",明,['其他']
ok,1828,2026-02-04 17:51:53,丹溪心法附余,1536.0,骨折,卷首 本草衍义补遗,自然铜　世以为接骨之药，然此等方尽多。大抵骨折，在补气、补血、补胃，俗工惟在速效，以罔利迎合病人之意。而铜非煅不可用，若新出火者，其火毒、金毒相扇，挟香热药毒，虽有接骨之功，燥散之祸甚于刀剑，戒之。石髓铅，即自然铜也。凡使勿用方金牙，其方金牙真似石髓铅，若误饵，吐煞人。,方药,[],,血瘀气滞证,原文仅论骨折用药利弊，未涉及辨证分型,[],,"[""骨折""]",文本仅提“骨折”，未区分是否脆性，属最接近枚举项,"[""中药内服""]",,"[{""name"": ""自然铜（石髓铅）"", ""type"": ""单味药"", ""note"": ""世以为接骨之药，但强调须煅用，戒其火毒、金毒""}]",0.2,,True,False,,"[{""classical_span"": ""自然铜　世以为接骨之药"", ""why_supports"": ""提示治疗对象为骨折而非骨量减少""}, {""classical_span"": ""大抵骨折，在补气、补血、补胃"", ""why_supports"": ""全文围绕外伤骨折的治法原则""}]",1,"[""文本讨论急性外伤骨折用药，缺乏骨弱或年老易折描述"", ""未出现骨痿、骨疏等与骨质疏松高度相关病名"", ""症状与证型信息不足，难以进行稳健古今映射""]",4bbb0cf8a766fce251d45e6aca85a6cd,['自然铜'],明,['骨折']
ok,1391,2026-02-04 17:35:27,丹溪治法心要,1347.0,骨折,卷六 扑损疮（第一百十）,治 伤骨折入血黯者：滑石（六分） 甘草（一分） 为末，人参汤调饮之。次用生姜、自然汁一盏，好米醋一盏，用独子肥皂四个，敲破 于姜汁、米醋之中，以纱滤去粗，煎成膏药贴之，遍身者亦可。,治法,[],,血瘀气滞证,文本为急性外伤骨折用药，未体现内在虚损证型,[],,[],,"[""中药内服"", ""中药外用""]",,"[{""name"": ""滑石"", ""type"": ""单味药"", ""note"": ""内服散剂，用于伤骨折入血黯""}, {""name"": ""甘草"", ""type"": ""单味药"", ""note"": ""内服配伍""}, {""name"": ""人参汤"", ""type"": ""方剂"", ""note"": ""调服药末""}, {""name"": ""生姜汁"", ""type"": ""外治"", ""note"": ""与米醋、肥皂同煎成膏药""}, {""name"": ""米醋"", ""type"": ""外治"", ""note"": ""外敷膏药基质""}, {""name"": ""独子肥皂"", ""type"": ""外治"", ""note"": ""敲破入姜汁米醋煎膏外贴""}]",0.2,,True,False,,"[{""classical_span"": ""治 伤骨折入血黯者"", ""why_supports"": ""明确为外伤性骨折治疗，非骨弱或脆性骨折""}]",1,"[""文本为急性外伤骨折处理，非慢性骨量减少疾病"", ""未见年老骨弱、反复易折等骨质疏松核心特征"", ""证型与人群信息不足，无法进行可靠古今病名映射""]",870c87671e0ad79b88ca5292f7e9208d,"['人参汤', '滑石', '独子肥皂', '甘草', '生姜汁', '米醋']",明,[]
ok,1395,2026-02-04 17:35:33,跌打秘方,1652.0,骨折,论治法,如小膀有大小两骨，一茎折者易治。俱折者难治。而骨折看有藕七头（七字折断理然而成字）易治。如两骨平断者难医。更有戳穿皮肉者，尤难治也。此症与上大腿治同一法，如骨戳皮外，须将碎骨镶上断处，不可汤洗，将生肌散敷之。如骨折不破皮肉，以接骨散敷之。足踝之骱骨易出难上，须一手抬住其脚掬上以脚根，一手扳其脚指，左出偏其左，右出偏其右，将脚掬上，以脚根掬下，不可以一伸而上，内服宽筋活血散，脚偶被伤致令筋促酸痛，不便伸缩，宜用宽筋散煎汤洗之。,治法,[],,血瘀气滞证,原文为跌打损伤所致骨折之治法描述，未涉及内在虚损证型辨析,[],,"[""骨折"", ""活动受限""]",骨折、筋促酸痛致伸缩不便均见于原文,"[""中药内服"", ""中药外用""]",,"[{""name"": ""生肌散"", ""type"": ""外治"", ""note"": ""骨折戳穿皮肉者外敷""}, {""name"": ""接骨散"", ""type"": ""外治"", ""note"": ""骨折未破皮肉者外敷""}, {""name"": ""宽筋活血散"", ""type"": ""方剂"", ""note"": ""内服以宽筋活血""}, {""name"": ""宽筋散"", ""type"": ""方剂"", ""note"": ""煎汤洗以治筋促酸痛""}]",0.2,如小膀有大小两骨，一茎折者易治。俱折者难治。,True,False,,"[{""classical_span"": ""一茎折者易治。俱折者难治"", ""why_supports"": ""明确描述骨折情形，属于外伤性骨病""}]",1,"[""文本为急性跌打损伤骨折，非内在骨弱所致"", ""未见年老、久病、骨痿骨弱等骨质疏松核心特征"", ""缺乏与骨量减少或脆性反复骨折的直接证据""]",212defe9caa91904e5c21d913741fd90,"['宽筋散', '宽筋活血散', '接骨散', '生肌散']",清,"['活动受限', '骨折']"
ok,1396,2026-02-04 17:35:39,跌打损伤方,1879.0,骨折,下部,入加牛膝（一钱）、虎骨（一钱）、木瓜（一钱）、续断（一钱）、和上之药煎服。另用羌活（五钱）、栀子（三钱）生地（五钱）、大黄（五钱）、和酒为膏封对患处。左右脚廉骨二穴，只怕骨折，根断难治，肿痛血流可治。入虎骨（一钱）、川连（二钱）、三七（三条）、续断（一钱）、碎补（二钱）、和上之药煎服。另用大黄（五钱）、生地（一钱）、红花（五钱）、乳香（二钱）、没药（一钱）、共研末，调酒为膏抹之愈。左右脚肠肚二穴，只怕喉干目暗，伤之难治，否则可治。入加虎骨（三钱）、川连（五钱）、牛膝（二钱）、三七（二钱）、和上之药煎服。另用生地（一两）、大黄（一两）、乳香（二钱）、没药二钱调酒为膏贴对患处。左右脚目二穴，只怕骨碎，如勿肿可治，入加木瓜（一钱）牛膝（一钱）、碎补（一钱）、三七（二钱）、白芍（二钱）、和上之药煎服。另用大黄、生地、生姜（各一钱）红花（一钱半、乳香（一钱）、没药（一钱）、共捶，酒贴对患处。周身所伤部位七十二穴，因经微之穴不计一杯录胆。跌打挞打损伤及登楼走马墙壁所压，枪刀石头所伤，轻重宜应量人虚壮而施治也。壮者可用硬破，后心须用扶之。用肝肺之药可得全功矣。弱者不可破，宜当应扶正气。药方相忝无患也矣。,方药,[],,血瘀气滞证,跌打损伤所致外伤性骨折，属外伤血瘀范畴，非内虚证候,[],,"[""其他""]",跌打损伤所致骨折、肿痛、出血，属急性外伤表现,"[""中药内服"", ""中药外用""]",,"[{""name"": ""牛膝"", ""type"": ""单味药"", ""note"": ""内服方中使用""}, {""name"": ""虎骨"", ""type"": ""单味药"", ""note"": ""内服方中使用""}, {""name"": ""续断"", ""type"": ""单味药"", ""note"": ""内服方中使用""}, {""name"": ""三七"", ""type"": ""单味药"", ""note"": ""内服方中使用""}, {""name"": ""大黄"", ""type"": ""单味药"", ""note"": ""外用调酒为膏贴敷""}]",0.2,左右脚廉骨二穴，只怕骨折，根断难治,True,False,可治,"[{""classical_span"": ""只怕骨折"", ""why_supports"": ""明确提及骨折，但语境为跌打外伤""}, {""classical_span"": ""跌打挞打损伤"", ""why_supports"": ""病因明确为外力损伤而非骨弱自折""}]",1,"[""文本为急性外伤骨折，非骨量减少或脆性骨折"", ""未见年老、久病或骨弱等骨质疏松核心特征"", ""证型与现代表型若强行映射将构成臆造""]",2dbcbe7884557b4091e2ac06a2f6ba0a,"['三七', '大黄', '牛膝', '续断', '虎骨']",清,['其他']
ok,13,2026-02-04 16:41:10,跌损妙方,1628.0,骨断,全身门第一,凡跌打骨断，痛不可忍。急拾往来便溺墙下瓦片，洗净，火 醋淬五七次，研极细末。,外治法,[],,删除,,[],,"[""骨痛""]",,"[""中药外用""]",,"[{""name"": ""瓦片（火醋淬）"", ""type"": ""外治"", ""note"": ""用于跌打骨断，研末外用""}]",0.2,,True,False,,"[{""classical_span"": ""凡跌打骨断，痛不可忍"", ""why_supports"": ""描述为急性外伤所致骨折与剧痛，非骨弱或脆性骨折""}]",1,"[""文本仅涉及外伤性骨折，缺乏骨弱或反复易折证据"", ""未出现骨痿、骨枯等与骨质疏松高度相关的古籍病名"", ""治疗为外伤外治法，非针对慢性骨量减少""]",8713b95c6fc53c028ae6178a16027037,['瓦片'],明,['骨痛']
ok,387,2026-02-04 16:55:38,订正仲景全书金匮要略注,1742.0,骨痿,卷一 痉湿病脉证并治第二,『集注』赵良曰：此证风湿皆从表受之，其病在外，故脉浮汗出。凡身重，有肌肉痿而重者，有骨痿而重者。此之身重，乃风湿在皮毛之表，故不作疼。虚其卫气，而湿着为身重，故以黄 实卫，甘草佐之；防己去湿，白术佐之。然则风湿二邪，独无散风之药何耶？盖汗多，知其风已不留，以表虚而风出入乎其间，因之恶风尔。惟实其卫，正气壮则风自退，此不治而治者也。,病名,[],,脾胃虚弱证,,[],,[],,"[""中药内服""]",,"[{""name"": ""黄芪"", ""type"": ""单味药"", ""note"": ""实卫气""}, {""name"": ""甘草"", ""type"": ""单味药"", ""note"": ""佐黄芪""}, {""name"": ""防己"", ""type"": ""单味药"", ""note"": ""去湿""}, {""name"": ""白术"", ""type"": ""单味药"", ""note"": ""佐防己""}]",1.0,凡身重，有肌肉痿而重者，有骨痿而重者。,True,True,,"[{""classical_span"": ""有骨痿而重者"", ""why_supports"": ""明确出现骨痿病名，属骨失养萎弱范畴""}]",3,"[""仅据风湿表证亦可解释，未必专指骨量减少"", ""未见年龄、骨折等现代骨质疏松关键信息"", ""症状描述偏身重痿软，可能与肌肉病变相关""]",eaaeb301913284d6f72a0108384ca248,"['甘草', '白术', '防己', '黄芪']",清,[]
ok,1590,2026-02-04 17:43:05,东医宝鉴,1610.0,骨折,杂病篇卷之九 诸伤,<b>骨折筋断伤</b>,方药,[],,血瘀气滞证,,[],,"[""腰背痛"", ""活动受限""]",,"[""中药内服""]",,"[{""name"": ""廑虫（庶虫）"", ""type"": ""单味药"", ""note"": ""活瘀血、续筋骨，为接骨常用""}, {""name"": ""乳香"", ""type"": ""单味药"", ""note"": ""配伍活血止痛""}, {""name"": ""没药"", ""type"": ""单味药"", ""note"": ""配伍活血止痛""}, {""name"": ""龙骨"", ""type"": ""单味药"", ""note"": ""配伍用于接骨""}, {""name"": ""自然铜"", ""type"": ""单味药"", ""note"": ""配伍用于接骨""}, {""name"": ""三七"", ""type"": ""单味药"", ""note"": ""配伍活血止血""}, {""name"": ""骨碎补"", ""type"": ""单味药"", ""note"": ""配伍续筋接骨""}, {""name"": ""川续断"", ""type"": ""单味药"", ""note"": ""配伍续筋接骨""}]",0.2,本品有活瘀血、续筋骨的特殊作用，凡是跌打损伤，骨折筋断等症,True,True,,"[{""classical_span"": ""骨折筋断"", ""why_supports"": ""涉及骨折修复，与骨病相关但偏外伤""}, {""classical_span"": ""续筋骨"", ""why_supports"": ""提示对筋骨损伤与修复的治疗""}]",1,"[""主要为外伤性骨折，非脆性骨折证据不足"", ""未见年老骨弱或反复骨折等描述"", ""不能据此直接映射特定骨质疏松分型""]",73491a67a6ad824c91580c2c994f5e70,"['三七', '乳香', '川续断', '廑虫', '没药', '自然铜', '骨碎补', '龙骨']",明,"['活动受限', '腰背痛']"
ok,1811,2026-02-04 17:51:15,东医宝鉴,1610.0,骨折,杂病篇卷之九 诸伤,治扑伤，筋断、骨折。糯米（一升），皂角切碎半升，铜钱（百个，同炒至焦黑去钱）。,外治法,[],,血瘀气滞证,属外伤所致筋断骨折，非内伤虚损证型,[],,"[""骨折""]",,"[""中药外用""]",,"[{""name"": ""糯米"", ""type"": ""外治"", ""note"": ""与皂角、铜钱同炒，外用治骨折""}, {""name"": ""皂角"", ""type"": ""外治"", ""note"": ""切碎与糯米、铜钱同炒外敷""}, {""name"": ""铜钱"", ""type"": ""外治"", ""note"": ""同炒至焦黑去钱，用其药力""}]",0.2,,True,False,,"[{""classical_span"": ""治扑伤，筋断、骨折"", ""why_supports"": ""明确为外伤性骨折治疗，非骨质疏松本病""}]",1,"[""仅记载外伤骨折，缺乏骨弱或年老易折证据"", ""未出现骨痿、骨疏等高度相关病名"", ""治疗针对急性损伤，非慢性骨量减少""]",512e47c8d10e01d35aced24e4d490ef3,"['皂角', '糯米', '铜钱']",明,['骨折']
ok,1816,2026-02-04 17:51:27,东医宝鉴,1610.0,骨折,杂病篇卷之九 诸伤,疗伤损骨折，火醋淬七次，研细，水飞。同当归、没药各半钱，温酒调服，仍以手摩痛处。（《本草》。）此药新火得有毒，若不折骨、不碎骨，则不可用自然铜。（《丹心》）,方药,[],,血瘀气滞证,,[],,[],,"[""中药内服"", ""其他""]",以手摩痛处，属推拿按摩外治,"[{""name"": ""自然铜"", ""type"": ""单味药"", ""note"": ""火醋淬七次，研细水飞后温酒调服，用于疗伤损骨折""}, {""name"": ""当归"", ""type"": ""单味药"", ""note"": ""与自然铜、没药同服，各半钱""}, {""name"": ""没药"", ""type"": ""单味药"", ""note"": ""与自然铜、当归同服，各半钱""}]",0.2,,True,False,,"[{""classical_span"": ""疗伤损骨折"", ""why_supports"": ""明确针对外伤性骨折治疗，属急性损伤而非骨量减少""}]",1,"[""文本为外伤骨折治疗，非慢性骨弱或脆性骨折"", ""未见骨痿、骨弱、年老易折等骨质疏松核心描述"", ""若强行对应现代表型易造成外伤与代谢性骨病混淆""]",9881b10e07346f5ed8e64f6728168752,"['当归', '没药', '自然铜']",明,[]
ok,1817,2026-02-04 17:51:29,东医宝鉴,1610.0,骨折,杂病篇卷之九 诸伤,主骨折，专能接骨。取皮，炒黑色，四两。芥子，炒，一两。,方药,[],,删除,,[],,"[""骨折""]",原文仅述“主骨折”，未区分外伤或脆性,[],,"[{""name"": ""取皮（未注明具体来源）"", ""type"": ""单味药"", ""note"": ""炒黑色，四两，用于接骨""}, {""name"": ""芥子"", ""type"": ""单味药"", ""note"": ""炒，一两，用于接骨""}]",0.2,主骨折，专能接骨。,True,False,,"[{""classical_span"": ""主骨折，专能接骨"", ""why_supports"": ""仅提示骨折治疗，未见骨弱、年老易折等骨质疏松特征""}]",1,"[""文本仅涉及骨折，缺乏骨质疏松特异性描述"", ""未区分外伤性或脆性骨折，证据不足"", ""证型、人群等关键信息缺失，无法可靠映射""]",62894c420d5b655261311a587408ce44,"['取皮', '芥子']",明,['骨折']
ok,3263,2026-02-04 18:49:58,东医宝鉴,1610.0,骨虚,杂病篇卷之四 虚劳,虚者，皮毛、肌肉、筋脉、骨髓、气血、津液不足是也。（《纲目》。）凡饮食减少，精神昏短，遗精梦泄，腰背、胸胁、筋骨引痛，潮热自汗，痰盛咳嗽，是虚劳常证也。（《入门》。）皮虚则热，脉虚则惊，肉虚则重，筋虚则急，骨虚则痛，髓虚则堕，肠虚则泻。三阳实，三阴虚，汗不出。三阴实，三阳虚，汗不止。（《直指》。）诸虚不足，荣卫俱竭，五劳七伤，骨蒸潮热，腰背拘急，百节酸痛，夜多盗汗，心常惊惕，咽燥唇焦，嗜卧少力，肌肤瘦悴，咳嗽多痰，咯唾血丝，寒热往来，颊赤神昏，专不进食。服热药则烦躁上冲，服凉药则膈满腹痛，最难为治。（《得效》）,病名,"[""老年后""]",,肝肾阴虚证,,"[""原发性-老年型""]",,"[""腰背痛"", ""骨痛"", ""乏力""]",,"[""中药内服""]",,"[{""name"": ""四物汤"", ""type"": ""方剂"", ""note"": ""用于调血滋养，缓中养肝""}, {""name"": ""鹿茸"", ""type"": ""单味药"", ""note"": ""润补，用于虚损补益""}, {""name"": ""当归"", ""type"": ""单味药"", ""note"": ""润补养血""}, {""name"": ""苁蓉"", ""type"": ""单味药"", ""note"": ""润补肾精""}, {""name"": ""地黄"", ""type"": ""单味药"", ""note"": ""清补滋阴""}]",0.4,骨虚则痛，髓虚则堕,True,True,,"[{""classical_span"": ""骨虚则痛"", ""why_supports"": ""直接描述骨虚与疼痛，符合骨量不足相关表现""}, {""classical_span"": ""筋骨引痛"", ""why_supports"": ""提示慢性筋骨疼痛，非急性外伤""}]",1,"[""文本未明确出现骨折或骨痿等高度特异病名"", ""部分症状可解释为虚劳而非骨质疏松"", ""古今病名对应存在语义泛化风险""]",a78e703b53f905a4b40c8f4b7b2abd04,"['四物汤', '地黄', '当归', '苁蓉', '鹿茸']",明,"['乏力', '腰背痛', '骨痛']"
ok,3456,2026-02-04 18:57:59,东医宝鉴,1610.0,骨极,杂病篇卷之四 虚劳,数转筋，十指爪甲皆痛，为筋极。牙齿动，手足痛，不能久立，为骨极。面无血色，头发堕落，为血极。身上往往如鼠走，体上干黑，为肉极。气少无力，身无膏泽，翕翕羸瘦，眼无精光，立不能定，身体苦痒，搔之生疮，此为精极。胸胁逆满，恒欲大怒，气少不能言，此为气极。（《入门》）,症状,[],,肾虚血瘀证,原文仅述“骨极”属六极之一，未明确归属具体证型,[],,"[""骨痛"", ""活动受限""]",,"[""中药内服""]",,"[{""name"": ""茸珠丸"", ""type"": ""方剂"", ""note"": ""《入门》所载，用于“骨极”之证""}]",0.4,牙痛，手足痛，不能久立为骨极,True,True,,"[{""classical_span"": ""不能久立为骨极"", ""why_supports"": ""提示骨病所致慢性疼痛与功能受限，部分契合骨量不足表现""}]",1,"[""原文未出现骨折或骨弱等强指向骨质疏松的描述"", ""未明确患者年龄或性别，无法对应具体现代分型"", ""证型需推断但文本未直接给出，映射存在不确定性""]",dcc6e7fe52f5dbd082e14860d35067c3,['茸珠丸'],明,"['活动受限', '骨痛']"
ok,3523,2026-02-04 19:00:53,东医宝鉴,1610.0,骨极,杂病篇卷之九 诸伤,治闪挫、跌扑、伤骨极重。人中白，煅为末。温酒调五分服。（《入门》）,方药,[],,删除,,[],,"[""骨痛"", ""活动受限""]",源于“闪挫、跌扑、伤骨极重”的外伤性疼痛与功能受限描述,"[""中药内服""]",,"[{""name"": ""人中白"", ""type"": ""单味药"", ""note"": ""煅为末，温酒调服，用于治疗跌扑伤骨""}]",0.2,,True,False,,"[{""classical_span"": ""治闪挫、跌扑、伤骨极重"", ""why_supports"": ""明确为急性外伤致骨损伤，非骨量减少或骨脆性病变""}]",1,"[""原文为外伤骨折治疗，非慢性骨弱或骨痿范畴"", ""未见年老、久病、骨脆等骨质疏松核心特征"", ""证型与人群信息缺失，无法建立稳定古今映射""]",52f2308af8b7d8fbd1e5e81b2a33c363,['人中白'],明,"['活动受限', '骨痛']"
ok,4277,2026-02-04 19:29:22,东医宝鉴,1610.0,骨痹,内景篇卷之二 痰饮,寒痰，即冷痰也。骨痹，四肢不举，气刺痛，无烦热，凝结清冷。宜温中化痰丸、温胃化痰丸、新法半夏汤。（《丹心》）,病名,[],,肾阳虚证,,[],,"[""骨痛"", ""活动受限""]",,"[""中药内服""]",,"[{""name"": ""温中化痰丸"", ""type"": ""方剂"", ""note"": ""用于寒痰骨痹""}, {""name"": ""温胃化痰丸"", ""type"": ""方剂"", ""note"": ""温胃化痰止痛""}, {""name"": ""新法半夏汤"", ""type"": ""方剂"", ""note"": ""化寒痰止痛""}]",0.2,骨痹，四肢不举，气刺痛，无烦热，凝结清冷。,True,True,,"[{""classical_span"": ""骨痹，四肢不举"", ""why_supports"": ""提示慢性骨病致活动受限与骨痛""}, {""classical_span"": ""气刺痛"", ""why_supports"": ""符合骨痛表现但非特指骨量减少""}]",1,"[""仅为痹证疼痛描述，缺乏骨弱或易折证据"", ""未出现骨痿/骨枯等高度指向病名"", ""证型与现代表型映射证据有限""]",7a66ba68e436ced19f474f285f52251c,"['新法半夏汤', '温中化痰丸', '温胃化痰丸']",明,"['活动受限', '骨痛']"
ok,351,2026-02-04 16:54:12,备急千金要方,652.0,骨痿,卷二十 膀胱腑方（凡七类） 膀胱虚实第二,治膀胱肾冷，坐起欲倒，目KT KT ，气不足骨痿方。,方药,[],,肾阳虚证,,[],,[],,"[""中药内服""]",,"[{""name"": ""气不足骨痿方"", ""type"": ""方剂"", ""note"": ""用于治疗膀胱肾冷、气不足所致骨痿""}]",1.0,治膀胱肾冷，坐起欲倒，目KT KT，气不足骨痿方,True,True,,"[{""classical_span"": ""气不足骨痿"", ""why_supports"": ""明确出现“骨痿”这一高度指向骨质疏松的古籍病名""}]",3,"[""原文未提供具体人群信息，无法映射年龄或性别人群"", ""未记载具体症状如骨折或疼痛，现代表型细分证据不足"", ""未列出具体药物组成，仅有方名，药物细节有限""]",5975446c797055deb7f8d1119ca12d42,['气不足骨痿方'],唐,[]
ok,357,2026-02-04 16:54:31,本草分经,1798.0,骨痿,原例（次序略经更定） 足少阴肾,苦温，坚肾行血，治折伤骨痿，擦牙良。,方药,[],,肾虚血瘀证,原文仅述“坚肾行血”，未明确具体证型，无法判定,"[""其他""]",古籍病名“骨痿”与现代骨质疏松高度相似，但未指明绝经、老年或继发分型,"[""骨折""]",,"[""中药内服"", ""中药外用""]",,"[{""name"": ""guwei"", ""type"": ""单味药"", ""note"": ""苦温，坚肾行血，治折伤骨痿，擦牙良""}]",1.0,治折伤骨痿,True,True,,"[{""classical_span"": ""治折伤骨痿"", ""why_supports"": ""“骨痿”为古籍中高度指向骨质疏松范畴的病名，并涉及骨折""}]",1,"[""原文未载完整章节与标题，信息来源有限"", ""未明确对应现代骨质疏松具体分型"", ""未提供人群与证型细节，证据颗粒度较粗""]",7373527fc590515d34979a1718c7aab9,['guwei'],清,['骨折']
ok,359,2026-02-04 16:54:39,本草纲目,1596.0,骨痿,主治第三卷 百病主治药 诸风,本（一百六十恶风，头面身体风湿，手足 曳。） 石菖蒲（浸酒服，治三十六风，一十二痹，主骨痿；丸服，治中风九晒丸 服。） 耳（大风湿痹，毒在骨髓。为末水服，或丸服。百日病出，如 如疥，如驳起皮。亦可酿酒。） 牛蒡根（风毒缓弱，浸酒服。老人中风，口目 动，风湿久痹，筋挛骨痛，一二十年风疾病。） 茵陈蒿（风湿挛缩，酿酒服；浴风痹。） 白术（逐风湿，舌本强，消痰益胃。） 苍术（大风 痹，筋骨软弱，散风除湿解郁。汁酿酒，治一切风湿筋骨痛。）,病名,"[""情志异常"", ""老年后""]",,肾虚血瘀证,原文仅述风湿、痹、骨痿等病机，未明确归属固定证型,"[""原发性-老年型""]",,"[""骨痛"", ""活动受限""]",,"[""中药内服""]",,"[{""name"": ""石菖蒲"", ""type"": ""单味药"", ""note"": ""浸酒或丸服，治诸风痹，主骨痿""}, {""name"": ""牛蒡根"", ""type"": ""单味药"", ""note"": ""浸酒服，治风湿久痹、筋挛骨痛""}, {""name"": ""茵陈蒿"", ""type"": ""单味药"", ""note"": ""酿酒服，治风湿挛缩""}, {""name"": ""白术"", ""type"": ""单味药"", ""note"": ""逐风湿，强筋骨""}, {""name"": ""苍术"", ""type"": ""单味药"", ""note"": ""治风湿痹，筋骨软弱""}]",1.0,治三十六风，一十二痹，主骨痿；筋骨软弱，骨痛,True,True,,"[{""classical_span"": ""主骨痿"", ""why_supports"": ""直接出现高度相关古籍病名""}, {""classical_span"": ""筋骨软弱"", ""why_supports"": ""符合骨量不足、骨力下降表现""}, {""classical_span"": ""老人中风…筋挛骨痛"", ""why_supports"": ""老年人群慢性骨痛""}]",1,"[""未区分风湿痹证与骨量减少的现代概念差异"", ""缺乏脆性骨折等直接证据仍可能被过度映射"", ""证型与现代分型推断空间有限""]",15b337a45c528c86c32010355c54a275,"['牛蒡根', '白术', '石菖蒲', '苍术', '茵陈蒿']",明,"['活动受限', '骨痛']"
ok,362,2026-02-04 16:54:40,本草纲目,1596.0,骨痿,草部第二十卷 草之九 骨碎补,时珍曰∶骨碎补，足少阴药也。故能入骨，治牙，及久泄痢。昔有魏刺史子久泄，诸医不效，垂殆。予用此药末入猪肾中煨熟与食，顿住。盖肾主大小便，久泄属肾虚，不可专从脾胃也。《雷公炮炙论》用此方治耳鸣，耳亦肾之窍也。案∶戴原礼《证治要诀》云∶痢后下虚，不善调养，或远行，或房劳，或外感，致两足痿软，或痛或痹，遂成痢风。宜用独活寄生汤吞虎骨四斤丸，仍以骨碎补三分之一，同研取汁，酒解服之。外用杜仲、牛膝、杉木节、萆 、白芷、南星煎汤，频频熏洗。此亦从肾虚骨痿而治也。,病名,[],,肾虚血瘀证,原文多次指出“久泄属肾虚”“肾虚骨痿”，属肾虚为本，但未明确阴阳属性,[],,"[""骨痛"", ""活动受限"", ""乏力""]",,"[""中药内服"", ""中药外用""]",,"[{""name"": ""骨碎补"", ""type"": ""单味药"", ""note"": ""主药，入肾治骨，治骨痿、足软""}, {""name"": ""独活寄生汤"", ""type"": ""方剂"", ""note"": ""治痢后下虚、两足痿软""}, {""name"": ""虎骨四斤丸"", ""type"": ""方剂"", ""note"": ""吞服以治痢风、骨痿""}, {""name"": ""杜仲、牛膝、杉木节、萆薢、白芷、南星"", ""type"": ""外治"", ""note"": ""煎汤熏洗筋骨痿软""}]",1.0,致两足痿软，或痛或痹，遂成痢风……此亦从肾虚骨痿而治也,True,True,好转,"[{""classical_span"": ""肾虚骨痿"", ""why_supports"": ""骨痿为古籍中高度对应骨量不足、骨弱的核心病名""}, {""classical_span"": ""两足痿软，或痛或痹"", ""why_supports"": ""描述下肢骨力减退、疼痛，符合骨质疏松表现""}]",1,"[""若忽略“骨痿”这一明确病名，可能被误判为单纯痹证"", ""若将肾虚直接细分为阴虚或阳虚，存在证型臆断风险"", ""若脱离原文语境推断具体人群，证据不足""]",adf32ddf3ca1995def722a4791b8bfca,"['杜仲、牛膝、杉木节、萆薢、白芷、南星', '独活寄生汤', '虎骨四斤丸', '骨碎补']",明,"['乏力', '活动受限', '骨痛']"
ok,363,2026-02-04 16:54:42,洞天奥旨,1694.0,骨痿,卷八 骨痿疮,补中益气汤  祖传。治骨痿疮，生于腿上胯骨间。,方药,[],,肾虚血瘀证,原文仅述功效与所治病证（骨痿），未明确归属固定证型,[],,"[""骨痛""]",“止诸痛”“治骨痿”提示骨病相关疼痛,"[""中药内服""]",,"[{""name"": ""当归酒"", ""type"": ""方剂"", ""note"": ""当归煎汁酿酒，用于和血脉、坚筋骨、治骨痿""}, {""name"": ""石菖蒲"", ""type"": ""单味药"", ""note"": ""煎汁酿酒或浸酒，功效同上，用于治骨痿""}]",1.0,当归酒……坚筋骨……治骨痿,True,True,,"[{""classical_span"": ""治骨痿"", ""why_supports"": ""“骨痿”为古籍中高度指向骨质虚弱、萎软的重要病名""}]",1,"[""原文未载明具体人群却强行标注人群类型"", ""未出现证型却臆断为某固定中医证型"", ""将非骨病描述误判为骨质疏松相关""]",6936ab6fe81bf9f5fda2e943a1b2e7d2,"['当归酒', '石菖蒲']",清,['骨痛']
ok,364,2026-02-04 16:54:44,本草蒙筌,1566.0,骨痿,卷之十二 人部 人乳汁,味甘，气平、寒。无毒。择妇体盛及初产者汁浓，取蒸饭间竟结块者力胜。如常口吮，易图近功。多得晒干，堪备远用。欲使流行经络，务加醇酒调吞。四物汤搀，共补精血；四君子入，同益元阳。肌瘦皮黄，毛发焦槁者速觅；筋挛骨痿，肠胃秘涩者当求。健四肢，荣五脏，明眼目，悦颜容。安养神魂，滑利关格。,方药,"[""胎产哺乳""]",,脾胃虚弱证,,"[""妊娠-哺乳相关骨质疏松""]",,"[""活动受限"", ""乏力""]",,"[""中药内服""]",,"[{""name"": ""人乳汁"", ""type"": ""单味药"", ""note"": ""主用，补精血、治筋挛骨痿""}, {""name"": ""四物汤"", ""type"": ""方剂"", ""note"": ""搀用，共补精血""}, {""name"": ""四君子汤"", ""type"": ""方剂"", ""note"": ""入用，同益元阳""}]",1.0,筋挛骨痿，肠胃秘涩者当求,True,True,,"[{""classical_span"": ""筋挛骨痿"", ""why_supports"": ""直接出现古籍高度相关病名范畴“骨痿”，指向骨萎软""}, {""classical_span"": ""择妇体盛及初产者"", ""why_supports"": ""明确指向产后、哺乳相关人群""}]",1,"[""若未出现“骨痿”等明确病名，强行映射为骨质疏松则证据不足"", ""若忽略产后/哺乳语境，可能误归为一般骨病"", ""若将补益功效泛化而不基于原文用药描述，属于臆造""]",d5d00421fb9af943d0277dfc0391ba96,"['人乳汁', '四君子汤', '四物汤']",明,"['乏力', '活动受限']"
ok,369,2026-02-04 16:54:58,本草求真,1769.0,骨痿,上编 卷三·散剂 驱风,风为阳邪。寒为阴邪。风属阳。其性多动而变。寒属阴。其性多静而守。故论病而至于风。则症变迁而莫御。论药而至于风。则其药亦变迁而莫定矣。如肝属风。病发于风。则多由肝见症。乃有风不在肝。而偏在于肌肉之表。症见恶风自汗之当用桂枝以解其肌。风在太阳膀胱。症见游风攻头之当用以羌活。症见一身骨痛之当用以防风。症见风攻巅顶之当用以 本者。有如斯矣。且有风在少阴肾经。症见伏风攻头之当用以独活。症见口干而渴之当用以细辛。与风在骨髓。症见痰迷窍闭之当用以冰片。风在皮肤骨髓。症见惊痪疥癞之当用以白花蛇。风在关节。症见九窍皆闭之当用以麝香。症见风湿痹痛之当用以茵芋。风在经络。症见疮疡痈肿之当用以山甲。症见痰涎壅塞之当用以皂角。风在十二经络。症见顽痹冷痛之当用以威灵仙。风在肠胃。症见恶疮肿毒之当用以肥皂。风在阳明胃经。症见头面诸疾之当用以白附白芷者。又如此矣。更有风热在肺。症见鼻塞鼻渊之当用以辛夷。症见目翳眩晕之当用以甘菊。症见恶寒发热无汗而喘之当用以杏仁。症见痈肿疮毒之当用以牛蒡。症见喘嗽体肿之当用以白前者。又如此矣。至于风已在肝。而症又挟有湿。则如秦艽既除肠胃湿热。又散肝经风邪。浮萍既入肝经散风。复利脾经之湿。海桐皮以疗风湿诸痛。 草以治麻木痛冷。苍耳子以治皮肤疮癣。通身周痹。巴戟狗脊寄生以强筋骨之类。而葳蕤萆 茵芋白芷白附之偕。风湿而治。可类推矣。风已在肝。而症见有热成。则如全蝎之治胎风发搐。钩藤之治惊痫螈。蝉蜕之治皮肤瘾疹。薄荷之治咽喉口齿。石南叶之能逐热坚肾。决明子木贼蕤仁之治风热目翳之类。而辛夷冰片牛蒡之偕。风热以理。又可想矣。风病在肝而症见有痰气。则如南星之散经络风痰。天麻之治肝经气郁虚风。川芎之散肝经气郁之类。而麝香之偕。痰气并理。又可思矣。风病在肝而症见有风毒。则有如蛇蜕之能杀蛊辟恶。蜈蚣之能散瘀疗结之类。而山甲草乌牛蒡肥皂之偕。风毒以理。又其余矣。风病在肝而更见有寒湿之症。则有宜于蔓荆僵蚕五加皮乌尖附之类。但其功用治效。则有殊矣。风病在肝而症见有骨痿不坚之症。则有宜于虎骨虎胶之类。但其气味缓急。则有间矣。至于风病在肝而症见有肌肤燥热。则不得不用荆芥以达其肤而疏其血。风病在肝而症见有疮疥目赤。则不得不用蒺藜以散其风而逐其瘀。风病在肝而症见有湿热燥痒。则不得不用芜荑以泄其湿。要皆随症审酌以定其趋。但其理道无穷。变化靡尽。其中旨趣。在于平昔细为体会。有非仓卒急迫所能得其精微也。,症状,[],,肾虚血瘀证,原文仅述“风病在肝而症见有骨痿不坚”，未明确对应所给五种证型之一,[],,"[""骨痛""]",原文见“一身骨痛”“骨痿不坚”,"[""中药内服""]",,"[{""name"": ""虎骨"", ""type"": ""单味药"", ""note"": ""用于风病在肝而症见骨痿不坚""}, {""name"": ""虎胶"", ""type"": ""单味药"", ""note"": ""与虎骨同类，用于骨痿不坚""}]",1.0,风病在肝而症见有骨痿不坚之症,True,True,,"[{""classical_span"": ""骨痿不坚"", ""why_supports"": ""“骨痿”属古籍中直接指向骨弱、骨失充养的高相关病名""}]",1,"[""原文未提供明确人群或年龄信息，无法细分现代表型"", ""证型描述以病机论述为主，未严格落入固定证型枚举"", ""治疗转归未在文本中记载，结局证据不足""]",665c6dfb28a75a1770fa73086a44bed9,"['虎胶', '虎骨']",清,['骨痛']
ok,370,2026-02-04 16:54:58,本草求真,1769.0,骨痿；骨枯,上编 卷四·泻剂 平泻,麦冬（专入心肺）。有类天冬。然麦冬甘味甚多。寒性差少。天冬所主在肺。而麦冬所主。则更在肺而在心。是以书载功能消痰止嗽。（治嗽须分外感内伤。如外感则声盛而浊。先缓后急。日夜无度。痰涎稠粘而喘急。内伤则声怯而槁。先急后缓。或早甚。或暮甚。清痰小气而喘乏。外感则其发必暴。或为寒热。或为气逆。或为鼻塞声重头痛。轻者脉亦相缓。重者脉见弦洪。内伤其发有渐。或素有劳积虚损。日渐以甚。其症或为寒热潮热。或为形容瘦减。或两颧常赤。或气短喉干。其脉轻亦微数。重必细数弦紧。）解热除烦。去痿除呕。（痿按经言肺热叶焦。皮毛虚弱急薄以着。则生为足弱不能以行之症。心热火炎下厥。而生胫纵不能任地之症。肝热口苦血干。而成拘挛筋痿之症。脾热胃干而渴。肌肉不仁。发为肉痿之症。肾热腰脊不举。骨枯髓减。发为骨痿之症。独肺热而叶焦。高源化绝。而诸脏不得仰肺灌溉。故痿独推于肺。而治痿又责重于阳明。）而又载同人参则能复脉生津。（名生脉散。）非合心肺而皆治乎？盖肺朝于百脉。脉属心。心燥则肺失养而脉绝。心清则气即充而脉复。麦冬气禀清肃。能于心中除烦。（肺清则水得生而心不烦。）譬如人当盛暑。则燔灼不宁。若值秋风一至。则炎热顿解。而无燥郁不堪之候矣！（东垣曰。人参甘寒。热而益元气。麦冬苦寒。滋燥金而清水源。五味酸温。泻丙火而补庚金。益五脏之气也。）至于乳汁不开。用此则能通活。热血妄行。用此则能即止。他如膈上之稠痰。得此则消。心下之支满。得此则除。脾有积热则化。胃有火呕则止。色因血枯即润。嗽久不止即愈。诚保肺之津梁。清心之指南也。但气寒而虚人禁用。肥大者良。去心用。入滋补药酒浸。地黄车前为使。恶款冬。畏苦参青葙木耳。,方药,"[""胎产哺乳""]",,肝肾阴虚证,,"[""妊娠-哺乳相关骨质疏松""]",,"[""活动受限""]",,"[""中药内服""]",,"[{""name"": ""麦冬"", ""type"": ""单味药"", ""note"": ""原文述其清心肺、去痿，涉及骨痿、骨枯髓减""}, {""name"": ""生脉散"", ""type"": ""方剂"", ""note"": ""麦冬同人参、五味子合用，复脉生津""}]",1.0,肾热腰脊不举。骨枯髓减。发为骨痿之症。,True,True,,"[{""classical_span"": ""骨枯髓减，发为骨痿"", ""why_supports"": ""直接出现骨痿、骨枯髓减，为骨质疏松高度对应范畴""}, {""classical_span"": ""肾热腰脊不举"", ""why_supports"": ""描述腰脊功能障碍，符合骨病活动受限表现""}]",1,"[""若忽略原文明确的骨痿、骨枯表述而强行否定关联"", ""若将未出现的骨折等现代概念臆造进文本"", ""若证型或人群枚举选择超出文本依据""]",ef10790e27a2e3a403d65d41d58ede11,"['生脉散', '麦冬']",清,['活动受限']
ok,368,2026-02-04 16:54:58,本草求真,1769.0,骨痿,上编 卷一·补剂 温肾,紫河车（专入肝肾）。甘寒性温。虽曰本人血气所生。故能以人补人也。凡一切虚劳损极。（损于肺则见皮聚毛落。损于心则见血脉不荣于五脏六腑。损于脾则见肌肉消瘦不能饮食。损于肝则见筋缓不能收持。损于肾则见骨痿不起。损在肺则损自上及下。是肺先受其损。然后及心及脾及肝及肾而递见也。损在精则损由下及上。是肾先受其损。然后自肝自脾自心自肺而递及也。伤肺自上及下。过于胃则不可治。伤肾自下而上。过于脾则不可治。故以得饮食为贵。）,方药,[],,肾阳虚证,,[],,"[""活动受限""]",原文述“损于肾则见骨痿不起”，提示肢体不能起立、功能受限,"[""中药内服""]",,"[{""name"": ""紫河车"", ""type"": ""单味药"", ""note"": ""专入肝肾，用于一切虚劳损极，肾损致骨痿不起""}]",1.0,损于肾则见骨痿不起,True,True,,"[{""classical_span"": ""骨痿不起"", ""why_supports"": ""直接出现“骨痿”这一与骨质疏松高度对应的古籍病名""}, {""classical_span"": ""损于肾则见骨痿不起"", ""why_supports"": ""明确指出肾虚导致骨痿，符合骨量不足、骨弱的核心病机""}]",1,"[""原文未涉及骨痿，仅为一般虚劳描述"", ""未明确骨或筋骨萎软而强行对应骨质疏松"", ""枚举字段使用不规范或超出文本证据范围""]",2bcae337f6842194f2c15e49513a772d,['紫河车'],清,['活动受限']
ok,371,2026-02-04 16:55:05,本草求真,1769.0,骨痿,上编 卷四·泻剂 平泻,石斛（专入脾肾）。生于石上。体瘦不肥。色黄如金。旁枝如钗。甘淡微苦咸平。故能入脾而除虚热。入肾而涩元气。及能坚筋骨。强腰膝。凡骨痿痹弱。囊湿精少。小便余沥者最宜。以其本生于石。体坚质硬。故能补虚弱。强筋助骨也。但形瘦无汁。味淡难出。非经久熬。气味莫泄。故止可入平剂。（或熬膏用之为良。）以治虚热。补性虽有。亦惟在人谅病轻重施用可耳。取光润如金钗股。短中实者良。长而虚者名水斛。不堪入药。去头根。酒浸用。恶巴豆。畏僵蚕。,方药,[],,肝肾阴虚证,,[],,"[""活动受限""]",,"[""中药内服""]",,"[{""name"": ""石斛"", ""type"": ""单味药"", ""note"": ""入脾肾，除虚热，涩元气，坚筋骨，强腰膝，用于骨痿痹弱""}]",1.0,凡骨痿痹弱……及能坚筋骨。强腰膝。,True,True,,"[{""classical_span"": ""凡骨痿痹弱"", ""why_supports"": ""直接出现“骨痿”这一与骨质疏松高度对应的古籍病名""}, {""classical_span"": ""坚筋骨。强腰膝"", ""why_supports"": ""明确指向筋骨衰弱与腰膝功能减退""}]",1,"[""若将适应证外推为所有骨病，可能造成过度泛化"", ""未限定人群与年龄，难以对应具体现代表型"", ""仅为药物条目，缺乏完整病程与转归信息""]",4f3162720e35de0e13f4826d5da0b513,['石斛'],清,['活动受限']
ok,372,2026-02-04 16:55:06,本草述钩元,1833.0,骨痿,卷三十二 人部 人乳,味甘咸。气平凉无定性。（其人和平。饮食冲淡。其乳必平。其人暴躁。饮酒食辛。或有火病。其乳必热。）荣五脏。明眼目。安养神魂。滑利关格。治瘦悴。泽皮肤。并筋挛骨痿。肠胃秘涩。又能益心气。补脑髓。止消渴。治风火证。养老尤宜。 又治痰火上升虚损之证。及中风不语。左瘫右缓。手足疼痛。动履不便。饮食少进诸证。（摄生众妙） 地黄当归草木之流。得天地偏气。用治血病。力固有余。用补血衰。力犹未及。不如频服人乳。,方药,"[""老年后""]",,脾胃虚弱证,,"[""原发性-老年型""]",,"[""骨痛"", ""活动受限""]",,"[""中药内服""]",,"[{""name"": ""人乳"", ""type"": ""单味药"", ""note"": ""频服以治筋挛骨痿、瘦悴等虚损之证""}]",1.0,并筋挛骨痿,True,True,,"[{""classical_span"": ""并筋挛骨痿"", ""why_supports"": ""直接出现“骨痿”这一高度指向骨质疏松的古籍病名""}, {""classical_span"": ""养老尤宜"", ""why_supports"": ""提示适用于老年人群，与老年型骨质疏松相符""}]",1,"[""原文未出现骨痿等明确骨病术语却被强行映射"", ""证型或人群选择超出原文语义范围"", ""治疗药物并非原文明确提及""]",22f2f3a967a20bb205f5327630be9fd2,['人乳'],清,"['活动受限', '骨痛']"
ok,375,2026-02-04 16:55:12,本经逢原,1695.0,骨痿,卷二 石草部,发明 石斛足太阴、少阴脾肾之药。甘可悦脾，故浓肠胃而治伤中。咸能益肾，故益精气而补虚羸，为治胃中虚热之专药；又能坚筋骨，强腰膝，骨痿痹弱，囊湿精少，小便余沥者宜之。,方药,[],,肝肾阴虚证,,[],,"[""活动受限"", ""乏力""]",,"[""中药内服""]",,"[{""name"": ""石斛"", ""type"": ""单味药"", ""note"": ""益精气、补虚羸，坚筋骨，强腰膝""}]",1.0,又能坚筋骨，强腰膝，骨痿痹弱,True,True,,"[{""classical_span"": ""骨痿痹弱"", ""why_supports"": ""直接出现“骨痿”，为古籍中高度对应骨质疏松的病名范畴""}, {""classical_span"": ""坚筋骨，强腰膝"", ""why_supports"": ""明确指向骨与腰膝功能减弱的改善，符合骨量不足表现""}]",1,"[""原文未涉及明确人群特征，无法标注现代特定人群类型"", ""未记载骨折等结局指标，可能被误解为其他骨病"", ""若忽略“骨痿”原词，仅凭补益功效易产生过度映射""]",951d7e44c28bb84fec730bd746162b50,['石斛'],清,"['乏力', '活动受限']"
ok,378,2026-02-04 16:55:21,扁鹊心书,1146.0,骨痿,卷上 附：窦材灸法,一腰足不仁，行步少力，乃房劳损肾，以致骨痿，急灸关元五百壮。,病名,[],,肾虚血瘀证,原文仅述“房劳损肾，以致骨痿”，未细分阴阳虚或兼证,"[""其他""]",古籍“骨痿”与现代骨量减少/骨质疏松范畴对应，但未指明具体现代分型,"[""活动受限"", ""乏力"", ""步态不稳""]",,"[""艾灸""]",,"[{""name"": ""艾"", ""type"": ""外治"", ""note"": ""用于灸关元五百壮""}]",1.0,腰足不仁，行步少力，乃房劳损肾，以致骨痿,True,True,,"[{""classical_span"": ""以致骨痿"", ""why_supports"": ""“骨痿”为古籍中与骨质疏松高度对应的病名""}, {""classical_span"": ""行步少力"", ""why_supports"": ""提示筋骨无力、功能下降，符合骨量不足表现""}]",3,"[""若将“房劳损肾”直接等同具体现代分型，可能属过度推断"", ""若擅自补充未出现的疼痛或骨折表现，属于臆造信息"", ""若不区分骨痿与痹证等其他骨病，可能造成误映射""]",08f91d554606c7277a917b05c7e32944,['艾'],宋金元,"['乏力', '步态不稳', '活动受限']"
ok,390,2026-02-04 16:55:44,外科大成,1665.0,骨痿,卷四 不分部位小疵,<span style='font-weight:bold;'>骨痿疮,方药,[],,肾虚血瘀证,仅记载治“骨痿疮”，未明确辨证分型,[],,[],,"[""中药内服""]",,"[{""name"": ""补中益气汤"", ""type"": ""方剂"", ""note"": ""祖传方，用于治疗骨痿疮""}]",1.0,治骨痿疮,True,True,,"[{""classical_span"": ""骨痿疮"", ""why_supports"": ""“骨痿”属古籍中与骨弱、骨萎软高度相关的病名""}]",1,"[""未提供完整原文，仅有摘要信息，证据范围有限"", ""未见具体症状描述，难以细化现代表型"", ""未明确中医证型，可能影响映射精度""]",d07aff52e9a24db3e01948273fb3cc3c,['补中益气汤'],清,[]
ok,395,2026-02-04 16:56:00,冯氏锦囊秘录,1694.0,骨痿；骨枯,杂症大小合参卷七 方脉腰痛合参（附肾着）,《灵枢》曰：肾小则脏安难伤，肾大则善病腰痛。又有肾高、肾下、肾坚、肾脆、肾端正、肾偏倾之不同，观此则多得之先天也明矣。乃失调受邪而为病，《经》曰：太阳所至为腰痛。盖足太阳膀胱之脉所过，经虚则邪客之。东垣曰：大抵寒湿多而风热少，寒热腰痛皆本肾虚，然既挟邪气，则须除其邪。如无外邪，则惟为补肾而已，故有房室劳伤，肾虚腰痛者，是阳气虚弱，不能运动故也。《经》曰：腰者，肾之府，转摇不能，肾将惫矣，宜肾气丸，鹿茸、羊肾、茴香丸之类，以补阳之不足也。膏粱之人，久服汤药，醉以入房，损其真气，则肾气热而腰脊痛不能举，久则髓减骨枯，发为骨痿，宜六味地黄丸，风髓丹之类，以补阴之不足也。亦有郁怒伤肝，忧思伤脾，皆足以致腰痛，随所属以调之。然言太阳腰痛者，外感六气也，肾经腰痛者，内伤房欲也。夫腰为肾之外候，诸脉贯于肾而络于腰，肾气一虚，腰必痛矣。跌扑之伤，不涉于虚，其于风寒湿热，虽有外邪，亦必乘虚而犯，究之犯者为标，肾虚乃其本也。夫以欲竭其精，以耗散其真，肾脏虚伤，膀胱安能独足耶？但当分阴阳二证，身体疲倦，小便清利，脉细无力为阳虚；小便黄赤，虚火时炎，脉洪无力，为阴虚。丹溪曰：久腰痛必用官桂开之。肾着为病，是因经虚受湿得之。其体重腰冷，如坐水中，饮食如故，自利不渴，腰重如带五千钱，治宜流湿，兼用温缓之药，则阳气充足，自能运动而愈矣。,病名,"[""情志异常""]",,肝肾阴虚证,,[],,"[""腰背痛"", ""骨痛"", ""活动受限""]",,"[""中药内服""]",,"[{""name"": ""肾气丸"", ""type"": ""方剂"", ""note"": ""用于肾虚腰痛，补肾助阳""}, {""name"": ""鹿茸"", ""type"": ""单味药"", ""note"": ""补阳以治肾虚腰痛""}, {""name"": ""羊肾"", ""type"": ""单味药"", ""note"": ""补肾助阳""}, {""name"": ""茴香丸"", ""type"": ""方剂"", ""note"": ""温补肾阳以止腰痛""}, {""name"": ""六味地黄丸"", ""type"": ""方剂"", ""note"": ""补肾阴以治骨枯骨痿""}, {""name"": ""风髓丹"", ""type"": ""方剂"", ""note"": ""用于补髓治骨痿""}, {""name"": ""官桂"", ""type"": ""单味药"", ""note"": ""久腰痛必用以温通""}]",1.0,久则髓减骨枯，发为骨痿,True,True,,"[{""classical_span"": ""髓减骨枯，发为骨痿"", ""why_supports"": ""直接描述骨枯、骨痿，与骨量减少高度一致""}, {""classical_span"": ""腰者，肾之府"", ""why_supports"": ""以肾虚解释慢性腰痛与骨病关联""}]",1,"[""原文未涉及骨折，若强行标注脆性骨折则属臆造"", ""未明确现代分型，若强行对应绝经后型证据不足"", ""症状广泛，部分可见于其他腰痛疾病""]",d2baf186a92819b8a86626037f529761,"['六味地黄丸', '官桂', '羊肾', '肾气丸', '茴香丸', '风髓丹', '鹿茸']",清,"['活动受限', '腰背痛', '骨痛']"
ok,400,2026-02-04 16:56:11,冯氏锦囊秘录,1694.0,骨痿,杂症痘疹药性主治合参卷三十九 草部下,骨碎补，补骨节伤碎，疗风血积痛，破血有功，止血亦效。专入肾经，故治肾泄骨痿耳响牙疼诸骨肾症。昔魏刺吏子，久泄垂危，诸药不效，用此药末入猪肾中，煨熟食之；即愈。盖肾主二阴，而司禁固，久泄乃属肾虚、不可专责脾胃也。,方药,[],,肾虚血瘀证,原文言“久泄乃属肾虚”，未细分阴阳或兼瘀，故归为肾虚类,[],,"[""骨痛""]",,"[""中药内服""]",,"[{""name"": ""骨碎补"", ""type"": ""单味药"", ""note"": ""补骨节伤碎，治骨痿，专入肾经""}]",1.0,故治肾泄骨痿耳响牙疼诸骨肾症,True,True,愈,"[{""classical_span"": ""治肾泄骨痿"", ""why_supports"": ""“骨痿”为古籍中与骨质疏松高度对应的核心病名""}]",1,"[""未出现骨痿等明确骨病病名却强行标注为高相关"", ""将肾虚误判为具体枚举证型而无原文依据"", ""引入现代骨折或人群信息而原文未提及""]",46b04afc12492dc9ce63f04a3325a7b9,['骨碎补'],清,['骨痛']
ok,411,2026-02-04 16:56:45,医灯续焰,1644.0,骨痿,卷四 促结主病第三十二 附方,李知府妻杨氏，带下病七年，月崩不止，骨痿着床。日服五丸至十丸、十五丸。取下脓血五升，黄水一升，肉块如鸡子状愈。此药治一切万病如神，唯初有孕者不宜服。,病名,"[""胎产哺乳"", ""情志异常""]",,肾虚血瘀证,原文仅载“骨痿着床”，未见四诊与证型归属描述，无法确定具体证型,"[""妊娠-哺乳相关骨质疏松""]",,[],,"[""中药内服""]",,"[{""name"": ""万病紫菀丸"", ""type"": ""方剂"", ""note"": ""李知府妻梅氏“骨痿着床”，日服五至十丸，取下肉块而愈""}]",1.0,李知府妻梅氏。带下血崩七年。骨痿着床。日服五丸至十丸……愈。,True,True,愈,"[{""classical_span"": ""骨痿着床"", ""why_supports"": ""“骨痿”为古籍中与骨质衰弱高度对应的核心病名""}, {""classical_span"": ""日服五丸至十丸……愈"", ""why_supports"": ""明确记载针对骨痿的持续内服治疗及治愈转归""}]",4,"[""仅凭药物功效推断现代骨质疏松分型，可能造成过度映射"", ""未提供系统症状体征，难以与现代诊断标准一一对应"", ""证型信息缺失，若强行归类具体中医证型将构成臆断""]",1e742750eb9138671a973493b54e547d,['万病紫菀丸'],清,[]
ok,417,2026-02-04 16:57:00,古今医鉴,1576.0,骨痿,卷之二 药性\药性赋,苁蓉能峻补精血，过用反致便涩。杜仲主肾虚骨痿，入药酥炙去丝。锁阳味甘补阴，如虚而大便不燥结者不用。鹿茸甘温益气，治女子崩带而男子溺血遗精。枸杞益精气而明目祛风。山药能补肾而生消肿核。山茱萸涩精补肾，而核反滑精。巨胜子补髓填精，而延年驻色。益智仁盐煎捶碎，自然暖肾固精。菟丝子补髓填精，大治虚寒遗沥。远志去心草制，壮神益志，梦遗惊悸何愁。巴戟去心酒浸，疗肿除风，虚病鬼交须觅。茯神去木益心脾，开心助志而除健忘。酸枣取仁宁魂魄，多眠用生而不眠炒。五味消烦，止嗽渴，生脉补元。杏仁温润大肠，冷嗽尤妙。桑白皮甘寒，治咳嗽痰中见血，肺实方宜。金沸草甘寒，逐痰水唾如胶漆，秋行最好。阿胶面炒，益肺安胎止嗽，血崩下痢皆宜。紫菀酒洗，热寒气结胸中，咳血唾痰立效。百合敛肺，止嗽休无。百部劳嗽骨蒸莫少。款冬花甘辛润肺，消痰止嗽，肺痈、肺痿全凭。马兜铃苦寒清肺，下气定喘，血痔、痿疮须要。,方药,[],,肾阳虚证,,[],,[],,"[""中药内服""]",,"[{""name"": ""苁蓉"", ""type"": ""单味药"", ""note"": ""峻补精血""}, {""name"": ""杜仲"", ""type"": ""单味药"", ""note"": ""主肾虚骨痿""}, {""name"": ""锁阳"", ""type"": ""单味药"", ""note"": ""味甘补阴""}, {""name"": ""鹿茸"", ""type"": ""单味药"", ""note"": ""甘温益气""}, {""name"": ""枸杞"", ""type"": ""单味药"", ""note"": ""益精气""}, {""name"": ""山药"", ""type"": ""单味药"", ""note"": ""补肾""}, {""name"": ""山茱萸"", ""type"": ""单味药"", ""note"": ""涩精补肾""}, {""name"": ""巨胜子"", ""type"": ""单味药"", ""note"": ""补髓填精""}, {""name"": ""益智仁"", ""type"": ""单味药"", ""note"": ""暖肾固精""}, {""name"": ""菟丝子"", ""type"": ""单味药"", ""note"": ""补髓填精""}, {""name"": ""巴戟"", ""type"": ""单味药"", ""note"": ""疗虚病""}]",1.0,杜仲主肾虚骨痿,True,True,,"[{""classical_span"": ""骨痿"", ""why_supports"": ""为古籍中与骨质疏松高度对应的病名范畴""}, {""classical_span"": ""杜仲主肾虚骨痿"", ""why_supports"": ""明确以肾虚骨痿为主治""}]",1,"[""原文无明确现代诊断，映射需谨慎"", ""未描述骨折等现代关键结局指标"", ""药性条目偏广，非专论骨病""]",4dcd9646bca240af3d425dbcbf68a83c,"['山茱萸', '山药', '巨胜子', '巴戟', '杜仲', '枸杞', '益智仁', '苁蓉', '菟丝子', '锁阳', '鹿茸']",明,[]
ok,1400,2026-02-04 17:35:45,范中林六经辨证医案,1984.0,骨痹；骨折,厥阴证骨痹,【诊治】患者跛行，左下肢筋骨沿后侧呈放射性疼痛近六年，时有刺痛感。左足凉麻甚。舌质淡红稍暗，苔白根部微腻。询其数年来诊治情况，均按一般风湿论治，舒筋活血，散寒除湿等品所用颇多。范老反复思考：此例虽属风寒湿痹，但骨折后未痊愈又受风寒，其入侵部位已深入下肢筋骨，参之疼痛、麻木、肢凉等，病属厥阴骨痹。以当归四逆汤并五通散合为一方，养血通络，温经散寒，祛风除湿，活血化淤，并用酒醴以行药势。再以自制不二丹配合服之。,病名,[],,肾虚血瘀证,,[],,"[""骨痛"", ""活动受限"", ""步态不稳""]",,"[""中药内服""]",,"[{""name"": ""当归四逆汤"", ""type"": ""方剂"", ""note"": ""养血通络、温经散寒""}, {""name"": ""五通散"", ""type"": ""方剂"", ""note"": ""祛风除湿、活血通络""}, {""name"": ""不二丹"", ""type"": ""方剂"", ""note"": ""配合内服，自制方""}, {""name"": ""酒醴"", ""type"": ""其他"", ""note"": ""行药势""}]",0.2,患者跛行，左下肢筋骨疼痛近六年，骨折后未痊愈又受风寒，病属厥阴骨痹。,True,True,,"[{""classical_span"": ""骨折后未痊愈"", ""why_supports"": ""提示存在骨损伤背景，可能与骨强度不足相关""}, {""classical_span"": ""筋骨疼痛近六年"", ""why_supports"": ""慢性骨痛、功能障碍为骨病常见表现""}]",1,"[""文本主要为骨折后痹证，非明确骨痿或骨弱描述"", ""缺乏老年、绝经或反复脆性骨折等典型骨质疏松证据"", ""现代骨质疏松分型无法从原文直接确认""]",0208176291f4a565c5096137c693430c,"['不二丹', '五通散', '当归四逆汤', '酒醴']",近现代,"['步态不稳', '活动受限', '骨痛']"
ok,1401,2026-02-04 17:35:47,范中林六经辨证医案,1984.0,骨痹；骨折,厥阴证骨痹,【按语】本例属厥阴证骨痹。因患者原身体强壮，主要为暴力骨折后，寒湿乘隙深入筋骨，拖延日久，汤剂难达病所。故以酒醴之剂，以助药力，但仍嫌不足，另以不二丹通利关节，散淤除痹以助之。,病名,[],,肾阳虚证,,[],,[],,"[""中药内服""]",,"[{""name"": ""酒醴之剂"", ""type"": ""方剂"", ""note"": ""以助药力，令汤剂达于筋骨病所""}, {""name"": ""不二丹"", ""type"": ""方剂"", ""note"": ""通利关节，散淤除痹以助疗效""}]",0.2,,True,False,,"[{""classical_span"": ""暴力骨折后，寒湿乘隙深入筋骨"", ""why_supports"": ""明确为外伤性骨折与寒湿痹阻，非骨弱或脆性骨折范畴""}]",3,"[""病例以暴力骨折为主因，非自发或脆性骨折"", ""未见骨痿、骨弱、年老易折等骨质疏松核心描述"", ""证据主要指向痹证与外伤后病理而非骨量减少""]",2b526eaedaacedd5d8c71ec89bfd09c5,"['不二丹', '酒醴之剂']",近现代,[]
ok,432,2026-02-04 16:57:38,古今医统大全,1556.0,骨痿；骨枯,卷之五十八 腰痛门,腰者肾之外候，一身所恃以转移阖辟者也。盖诸脉皆贯于肾而络于腰脊，肾气一虚，腰必痛矣。除坠伤之外不涉于虚，其于风寒湿热，虽有外邪，多有乘虚相犯，而驱邪之中又当有以究其本也。举世之人，每每醉以入房，欲竭其精，耗散其真，务快其心，恬不知养，其不虚者几希。予见房室劳伤肾气，腰脊兼痛，久则髓减骨枯，发为骨痿者有矣，岂直腰痛已哉！养生君子不可以不慎于斯也。甫年少时，常有腰痛及闪挫之病，每服补肾汤丸，仅得不甚而易愈，尚不知房室之害也。予禀性淡于欲事，自壬子以来，多游江湖间，欲渐稀而腰痛亦稀。至辛酉之后集此书，兼视病家，外不少遑而欲益寡，腰觉强健而绝无痛作之因。可见寡欲之功而优于补剂多矣，并书于此，为君子告焉。,病名,[],,肾阳虚证,,[],,"[""腰背痛"", ""骨痛""]",,"[""中药内服""]",,"[{""name"": ""补肾汤丸"", ""type"": ""方剂"", ""note"": ""用于房室劳伤所致腰痛、肾虚之证""}]",1.0,久则髓减骨枯，发为骨痿者有矣,True,True,,"[{""classical_span"": ""髓减骨枯，发为骨痿"", ""why_supports"": ""直接出现骨痿、骨枯，为古籍中与骨量衰减高度一致的表述""}, {""classical_span"": ""房室劳伤肾气，腰脊兼痛"", ""why_supports"": ""肾虚致腰脊痛，符合骨质疏松相关慢性腰背痛特征""}]",1,"[""原文未必等同现代骨密度测量，存在概念差异"", ""证型存在肝肾阴虚与肾阳虚并见的可能，单选存在简化"", ""缺乏明确骨折记载，主要依据骨痿语义映射""]",9d358f42cbd51b99aaf3f682f8876f31,['补肾汤丸'],明,"['腰背痛', '骨痛']"
ok,435,2026-02-04 16:57:39,古今医统大全,1556.0,骨痿,卷之八十七 \ 老老余编（下）,菖蒲酒通血脉调荣卫，主风痹治骨痿，常服耳目聪明，行及奔马，延年益寿。久服得与神通。,方药,[],,删除,,[],,[],,"[""中药内服""]",,"[{""name"": ""菖蒲酒"", ""type"": ""方剂"", ""note"": ""以酒服，通血脉、调荣卫，用于治疗骨痿""}]",1.0,菖蒲酒通血脉调荣卫，主风痹治骨痿,True,True,,"[{""classical_span"": ""主风痹治骨痿"", ""why_supports"": ""明确出现“骨痿”这一高度相关的古籍病名，直指骨萎软、骨弱范畴""}]",1,"[""原文未提供人群或证型信息，若强行补充则属臆造"", ""未描述具体症状体征，无法据此扩展现代临床表现"", ""未给出现代分型线索，强行对应具体骨质疏松类型将超出证据""]",12f2167606ca22ba86d1b68e02c3308b,['菖蒲酒'],明,[]
ok,3591,2026-02-04 19:03:28,范中林六经辨证医案,1984.0,骨痹,厥阴证寒痹（坐骨神经痛）,【按语】以上厥阴骨痹、寒痹二例，虽病情、病位不尽相同，但主证皆因血虚寒郁所致，故皆以当归四逆汤主之。,病名,"[""情志异常""]",,肾阳虚证,,[],,[],,"[""中药内服""]",,"[{""name"": ""当归四逆汤"", ""type"": ""方剂"", ""note"": ""主治血虚寒郁所致厥阴骨痹、寒痹""}]",0.2,以上厥阴骨痹、寒痹二例，主证皆因血虚寒郁所致,True,True,,"[{""classical_span"": ""厥阴骨痹"", ""why_supports"": ""属骨病范畴，但多为痹证，未见骨弱或易折描述""}, {""classical_span"": ""血虚寒郁"", ""why_supports"": ""提示慢性虚寒背景，可与骨量不足产生弱关联""}]",1,"[""仅出现骨痹痹证名称，缺乏骨弱或脆性骨折证据"", ""未提供年龄、性别等关键信息，无法判定现代表型"", ""症状体征描述不足，映射证据偏弱""]",3f2fe93cabe6eb1adca28846e968aa15,['当归四逆汤'],近现代,[]
ok,1402,2026-02-04 17:35:55,方剂心得十讲-焦树德,2005.0,骨折,第二讲 治气、理血、补养的方剂 复元活血汤,我在临床上对瘀血所致诸病者，常用本方随证加减治疗，每收良效。例如有一中年妇女因山顶坍塌而被砸伤，四根肋骨骨折，胸椎两节压缩性骨折，并发血气胸，经抢救后，遗留有胃脘发胀，腹痛，腰痛，呕吐一日七八次，晚间也吐，吐前打哈欠、流眼泪、打冷战，小腹胀痛难忍，大便秘结5～7天1次，干燥如球，排便非常困难，右半身麻木，以上肢为主，睡眠不佳等，一年半有余不得治愈。查其舌上有瘀斑，唇色较暗，舌苔黄厚，脉象弦滑较细。辨证属于瘀血所致的腹痛、呕吐、便秘。治以活瘀、降逆、润肠、通腑。处方用复元活血汤加味：柴胡15克，当归12克，红花9克，桃仁9克，炙山甲6克，赤芍12克，瓜蒌45克，生大黄9克，刘寄奴12克，生赭石30克（先煎），珍珠母30克（先煎），生甘草6克，芒硝6克（分二次冲服）。共进12剂，诸症减轻，已不呕吐，大便一日一行。以后宗此方随证加减，经治疗4个月而痊愈。多次随访，一直正常工作。,方药,"[""围绝经期""]",中年妇女；原文记载为“中年妇女”遭受意外砸伤,血瘀气滞证,,[],,[],,"[""中药内服""]",,"[{""name"": ""复元活血汤"", ""type"": ""方剂"", ""note"": ""随证加减，用于瘀血所致腹痛、呕吐、便秘及骨折后诸症""}]",0.2,,True,False,痊愈,"[{""classical_span"": ""四根肋骨骨折，胸椎两节压缩性骨折"", ""why_supports"": ""虽出现骨折，但明确为外伤所致，非骨弱或脆性骨折""}, {""classical_span"": ""因山顶坍塌而被砸伤"", ""why_supports"": ""病因为急性意外创伤，不符合骨质疏松自然病程""}]",1,"[""骨折明确由外伤导致，非脆性或自发性骨折"", ""无骨痿、骨弱、年老骨衰等古籍指向性描述"", ""证据不足仍强行映射为骨质疏松将造成误判""]",4db50f8963d254df3fa9aa371307d319,['复元活血汤'],近现代,[]
ok,1823,2026-02-04 17:51:39,冯氏锦囊秘录杂症大小合参,1694.0,骨折,卷十九（外科） 胎毒诸疮,治跌扑骨折骨碎，筋断疼痛，此药续断神验。用路上或墙脚下过往人便溺处，经久碎瓦片，取来洗净，火煅醋淬五七次，瓦黄色为度，以刀刮细末，每服三钱，好酒调服，不可以微贱而忽之。,方药,[],,血瘀气滞证,原文仅述外伤跌扑所致骨折骨碎，未涉及内在虚损证型,[],,[],,"[""中药内服""]",,"[{""name"": ""煅醋淬瓦片末"", ""type"": ""其他"", ""note"": ""治跌扑骨折骨碎，酒调内服""}]",0.2,,True,False,,"[{""classical_span"": ""治跌扑骨折骨碎"", ""why_supports"": ""明确为急性外伤所致骨折，非骨弱或脆性骨折范畴""}]",1,"[""原文为急性外伤骨折，非慢性骨弱性疾病"", ""未见年老、骨痿、骨弱或反复骨折等描述"", ""强行对应骨质疏松可能混淆外伤与代谢性骨病""]",c2f1a1213e3b1eab53d4fe66c032db25,['煅醋淬瓦片末'],清,[]
ok,2707,2026-02-04 18:25:47,冯氏锦囊秘录杂症大小合参,1694.0,骨痿,卷七 方脉腰痛合参（附肾着）,肾损骨痿，不能起床。,方药,[],,脾胃虚弱证,,[],,"[""乏力""]",,"[""中药内服""]",,"[{""name"": ""金刚丸"", ""type"": ""方剂"", ""note"": ""治心肺胃损、肌肉消削及肾损骨痿""}]",1.0,治心肺胃损，肌肉消削，及肾损骨痿,True,True,,"[{""classical_span"": ""肾损骨痿"", ""why_supports"": ""“骨痿”为古籍中与骨质萎弱高度相关的病名""}]",1,"[""仅见病名与治法，缺乏病程与人群信息"", ""未提及骨折或形体改变，无法细分现代表型"", ""证型判定依赖附加列而非原文详细论述""]",c065de568a723b935671a7de874454f4,['金刚丸'],清,['乏力']
ok,2956,2026-02-04 18:36:38,冯氏锦囊秘录杂症大小合参,1694.0,骨痿,卷十一 方脉痨瘵合参,六味加黄柏、知母各二两，名知柏八味丸。治阴虚火动，骨痿髓枯，主水，所谓壮水之主，以制阳光也。尺脉旺者宜之。本方加五味三两，名都气丸。治劳嗽。本方加五味二两，麦冬三两，名八仙长寿丸。再加紫河车一具，并治虚损劳热。本方加杜仲、牛膝各二两，治肾虚腰膝酸痛。本方去泽泻加益智仁三两，治小便频数。,方药,[],,肝肾阴虚证,,[],,"[""腰背痛"", ""骨痛""]",,"[""中药内服""]",,"[{""name"": ""知柏八味丸"", ""type"": ""方剂"", ""note"": ""治阴虚火动，骨痿髓枯""}, {""name"": ""都气丸"", ""type"": ""方剂"", ""note"": ""本方加五味子，治劳嗽""}, {""name"": ""八仙长寿丸"", ""type"": ""方剂"", ""note"": ""加麦冬、紫河车，并治虚损劳热""}]",1.0,治阴虚火动，骨痿髓枯,True,True,,"[{""classical_span"": ""骨痿髓枯"", ""why_supports"": ""直接出现古籍中与骨质疏松高度对应的病名描述""}, {""classical_span"": ""肾虚腰膝酸痛"", ""why_supports"": ""提示慢性骨病相关的腰膝疼痛表现""}]",1,"[""未在原文明确人群与年龄却强行对应特定现代表型"", ""忽略原文语境而臆造不存在的症状或疗效"", ""枚举项选择不合规或证据不足仍强行映射""]",6285df478cfc7cdc1d41effbafe685c1,"['八仙长寿丸', '知柏八味丸', '都气丸']",清,"['腰背痛', '骨痛']"
ok,4284,2026-02-04 19:29:39,冯氏锦囊秘录杂症大小合参,1694.0,骨痹,卷二十 锦囊治疗方论,人身之腹中和暖，万物食入则化，清升浊降，气血冲和，百达调畅，可得长生者，皆仗此丹田一点元阳运化，而为之也。若无一点元阳，则腹中冷矣，人不能以有生矣。故夫感寒中寒直达于里者，以见里无火也。火即元阳也。书中并云：即须温补，不可少缓，以示元阳既亏，外寒复凑，几希之火，不急为温补以保之，则为阴寒所灭甚速耳。奈何世人竟以风寒二字，连串称呼，认作外感有余之症，始而辛温发散，继而疏利开豁，终以寒凉清理，不论阳风阴寒，不究邪正虚实，不详火之真假。如是治法习成故套，不惟古人备药以卫生，今人用药以伤生，良可叹也。余治成章号唐友，忽然左足左手骨节疼痛，渐至势如刀割，旦夕呼号，继而移至右手右足皆遍矣。医用祛风活络之剂，而惧不效，见其口燥咽干，误作流火，投入凉药，幸而吐出，神气疲困，六脉洪弦，延余视之，余曰：要知筋骨中滋养充足，则血自荣于脉中，气自卫于脉外，继有强邪，何能深入？今脂膏不足，筋骨失其养矣。血气久虚，荣卫失其职矣。试不思目得血而能视，掌得血而能握，足得血而能步，人身上下大小，何物不仗此血？而各效乃职。今无此血，则百职各废，任其虚火冲烁，愈疼而火愈升，愈升而疼愈甚，叫号伤气，忍痛伤血，气血日伤，必至麻木瘫痪而后已。惟宜大用熟地、当归、白芍养血之药为君，以金银花、秦艽风中之润药为臣，少借风势以达药力于筋骨，以牛膝、续断、杜仲之类为佐，使以调筋骨忍痛受伤之所，更用桂枝松节为引，以鼓舞药性横行于两臂，后疼势稍减，精神日疲，更加参术以固中培元。如是调理半月之后，诸症渐轻，饮食渐进，更令早晨以生脉饮送八味丸之加牛膝、杜仲、鹿茸、五味子者四五钱、日中仍服前剂，调理两月而始能步履，后以大补气血强筋壮骨之药，以收全功，未几唐友令室，因日夜忧劳，亦患是症，六脉沉微，右手足疼痛未几，不流于左之肢节，而竟攻于里之胸脘，痞闷恶心，疼痛欲绝，余知其为内伤日久，寒邪不为外达，而直中阴分矣。宜急温以保之，即用人参、白术各五钱、肉桂附子各二钱，煎汁一钟，徐徐温服，夜半再服其渣，次早诊视，六脉少起，胸中之疼痛痞闷已减大半，身有微热，而左略有疼之之意。余曰：此阳气还表，寒邪外散之机也。照方再服，内症渐平，惟有手足肢节疼楚，然亦不甚，余仍以参术补中之药为君，以归芍养血之药为臣，以杜仲、断续、牛膝、秦艽、桂枝，外达舒筋活络为佐使。如是调理，不月而愈，故于古方中求之。痛风止有五痹、皮痹、脉痹、肌痹、骨痹、筋痹，未闻有脏腑之痹也。殊不知，《经》曰：寒气胜者为痛痹。又曰：其留连筋骨间者疼久，其留皮肤间者易已，其入脏者死，可不慎与！,方药,[],,肾阳虚证,,[],,"[""骨痛"", ""活动受限""]",,"[""中药内服""]",,"[{""name"": ""熟地"", ""type"": ""单味药"", ""note"": ""养血滋养筋骨，为君药""}, {""name"": ""当归"", ""type"": ""单味药"", ""note"": ""养血活血""}, {""name"": ""白芍"", ""type"": ""单味药"", ""note"": ""养血柔筋""}, {""name"": ""金银花"", ""type"": ""单味药"", ""note"": ""风中之润药，为臣""}, {""name"": ""秦艽"", ""type"": ""单味药"", ""note"": ""祛风通络""}, {""name"": ""牛膝"", ""type"": ""单味药"", ""note"": ""引药下行，强筋骨""}, {""name"": ""续断"", ""type"": ""单味药"", ""note"": ""补肝肾、续筋骨""}, {""name"": ""杜仲"", ""type"": ""单味药"", ""note"": ""补肝肾、强筋骨""}, {""name"": ""桂枝"", ""type"": ""单味药"", ""note"": ""温经通络，引药达肢节""}, {""name"": ""松节"", ""type"": ""单味药"", ""note"": ""通利关节""}, {""name"": ""生脉饮"", ""type"": ""方剂"", ""note"": ""晨服以益气养阴""}, {""name"": ""八味丸"", ""type"": ""方剂"", ""note"": ""加牛膝、杜仲、鹿茸、五味子以补肾强骨""}]",0.4,脂膏不足，筋骨失其养矣。血气久虚，荣卫失其职矣,True,True,好转,"[{""classical_span"": ""筋骨失其养矣"", ""why_supports"": ""提示慢性筋骨失养、虚损性骨病特征""}, {""classical_span"": ""骨节疼痛，渐至势如刀割"", ""why_supports"": ""表现为持续性骨痛与功能障碍""}]",1,"[""未见明确脆性骨折或骨折反复记载"", ""病因可能为痹证或内伤寒邪而非骨量减少"", ""缺乏年龄、绝经等现代骨质疏松关键信息""]",7289caf51ad035580e8da308e1240a51,"['八味丸', '当归', '杜仲', '松节', '桂枝', '熟地', '牛膝', '生脉饮', '白芍', '秦艽', '续断', '金银花']",清,"['活动受限', '骨痛']"
ok,403,2026-02-04 16:56:18,格致余论,1347.0,骨痿,养老论,人生至六十、七十以后，精血俱耗，平居无事，已有热证。何者？头昏，目眵，肌痒，溺数，鼻涕，牙落，涎多，寐少，足弱，耳聩，健忘，眩运，肠燥，面垢，发脱，眼花，久坐兀睡，未风先寒，食则易饥，笑则有泪，但是老境，无不有此。或曰：《局方》乌附丹剂，多与老人为宜，岂非以其年老气弱不虚，理宜温补，今子皆以为热，乌附丹剂将不可施之老人耶？余晓之曰：奚止乌附丹剂不可妄用，至于好酒腻肉，湿面油汁，烧炙煨炒，辛辣甜滑，皆在所忌。或曰：子何愚之甚耶？甘旨养老，经训具在。为子为妇，甘旨不及，孝道便亏。而吾子之言若是，其将有说以通之乎？愿闻其略。予愀然应之曰：正所谓道并行而不悖者，请详言之。古者井田之法行，乡闾之教兴，人知礼让，比屋可封。肉食不及幼壮，五十才方食肉。强壮恣饕，比及五十，疾已蜂起。气耗血竭，筋柔骨痿，肠胃壅阏，涎沫充溢，而况人身之阴难成易亏。六、七十后阴不足以配阳，孤阳几欲飞越，因天生胃气尚尔留连，又藉水谷之阴，故羁縻而定耳！所陈前证，皆是血少。《内经》曰：肾恶燥。乌附丹剂，非燥而何？夫血少之人，若防风、半夏、苍术、香附，但是燥剂且不敢多，况乌附丹剂乎？或者又曰：一部《局方》，悉是温热养阳，吾子之言无乃谬妄乎？予曰：《局方》用燥剂，为劫湿病也。湿得燥则豁然而收。《局方》用暖剂，为劫虚病也。补肾不如补脾，脾得温则易化而食味进，下虽暂虚，亦可少回。《内经》治法，亦许用劫，正是此意。盖为质厚而病浅者设。此亦儒者用权之意。若以为经常之法，岂不大误！彼老年之人，质虽厚，此时亦近乎薄，病虽浅，其本亦易以拨，而可以劫药取速效乎？若夫形肥者血少，形瘦者气实，间或可用劫药者，设或失手，何以取救？吾宁稍迟，计出万全，岂不美乎？乌附丹剂其不可轻饵也明矣。至于饮食，尤当谨节。夫老人内虚脾弱，阴亏性急。内虚胃热则易饥而思食，脾弱难化则食已而再饱，阴虚难降则气郁而成痰，至于视听言动，皆成废懒。百不如意，怒火易炽。虽有孝子顺孙，亦是动辄扼腕。况未必孝顺乎！所以物性之热者，炭火制作者，气之香辣者，味之甘腻者，其不可食也明矣。虽然肠胃坚厚，福气深壮者，世俗观之，何妨奉养，纵口固快一时，积久必为灾害。由是观之，多不如少，少不如绝，爽口作疾，厚味措毒，前哲格言，犹在人耳，可不慎欤！或曰：如子之言，殆将绝而不与于汝安乎？予曰：君子爱人以德，小人爱人以姑息。况施于所尊者哉！惟饮与食将以养生，不以致疾。若以所养转为所害，恐非君子之所谓孝与敬也。然则如之何则可？曰：好生恶死，好安恶病，人之常情。为子为孙，必先开之以义理，晓之以物性，旁譬曲喻，陈说利害，意诚辞确，一切以敬慎行之，又次以身先之，必将有所感悟而无捍格之逆矣。吾子所谓绝而不与，施于有病之时，尤是孝道。若无病之时，量酌可否，以时而进。某物不食，某物代之，又何伤于孝道乎？若夫平居闭话，素无开导诱掖之言，及至饥肠已鸣，馋涎已动，饮食在前，馨香扑鼻，其可禁乎？经曰：以饮食忠养之。“忠”之一字，恐与此意合，请勿易看过，予事老母，固有愧于古者，然母年逾七旬，素多痰饮，至此不作。节养有道，自谓有术。只因大便燥结时，以新牛乳、猪脂和糜粥中进之，虽以暂时滑利，终是腻物积多。次年夏时，郁为粘痰，发为胁疮。连日作楚，寐兴陨获。为之子者，置身无地，因此苦思而得节养之说。时进参、术等补胃、补血之药，随天令加减，遂得大腑不燥，面色莹洁，虽觉瘦弱，终是无病。老境得安，职此之由也。因成一方，用参、术为君，牛膝、芍药为臣，陈皮、茯苓为佐。春加川芎；夏加五味、黄芩、麦门冬；冬加当归身，倍生姜。一日或一帖或二帖，听其小水才觉短少，便进此药。小水之长如旧，即是却病揵法。后到东阳，因闻老何安人性聪敏，七十以后稍觉不快，便却粥数日，单进人参汤数帖而止。后九十余无疾而卒。以其偶同，故笔之以求是正。,病名,"[""老年后"",""情志异常""]",,脾肾阳虚,,"[""原发性-老年型""]",,"[""乏力"", ""活动受限"", ""步态不稳""]",原文“足弱、筋柔骨痿、久坐兀睡”等提示年老体衰、行动不利,"[""中药内服""]",,"[{""name"": ""人参"", ""type"": ""单味药"", ""note"": ""补胃补血，用为君药""}, {""name"": ""白术"", ""type"": ""单味药"", ""note"": ""补脾益气，与参同用""}, {""name"": ""牛膝"", ""type"": ""单味药"", ""note"": ""为臣药，佐以强筋骨""}, {""name"": ""芍药"", ""type"": ""单味药"", ""note"": ""为臣药，养血和营""}, {""name"": ""陈皮"", ""type"": ""单味药"", ""note"": ""为佐药，理气健脾""}, {""name"": ""茯苓"", ""type"": ""单味药"", ""note"": ""为佐药，健脾渗湿""}]",1.0,气耗血竭，筋柔骨痿,True,True,好转,"[{""classical_span"": ""筋柔骨痿"", ""why_supports"": ""直接出现骨痿病名，指向骨衰弱""}, {""classical_span"": ""人生至六十、七十以后"", ""why_supports"": ""明确老年阶段，与老年型骨质疏松相符""}]",1,"[""未出现明确骨痿病名却强行映射"", ""将非骨病症状误判为骨质疏松表现"", ""证型选择与原文阴虚血少论述不符""]",8cc7ed49045a3571530daff2316057a6,"['人参', '牛膝', '白术', '芍药', '茯苓', '陈皮']",明,"['乏力', '步态不稳', '活动受限']"
ok,188,2026-02-04 16:47:55,冯氏锦囊秘录杂症痘疹药性主治合参,1694.0,骨断,卷五 石部,禀土金之气以生，故味辛，平，无毒。产于有铜山中，采得方圆不定，其色青黄如铜，不从矿炼，故号自然铜，入药火煅醋淬七次，研细，水飞过，用乃入血行血，续筋接骨之神药也。凡折伤则血瘀而作痛，辛能散瘀滞之血，破积聚之气，则痛止而伤自和也，故主消瘀血排脓。续筋骨，并治产后血邪，止惊悸而安心，以酒磨服者，可谓悉其用矣。昔有人以自然铜饲折翅胡雁，后遂飞去。今人打扑损伤，研细水飞过，同当归、没药各半钱，以酒调服，仍以手摩疼处，即时见效。又有同乳香、没药、䗪虫五铢，古钱、麻皮灰、血竭、胎骨作丸，煎当归、地黄、续断、牛膝、牡丹皮、红花，浓汤送下，治跌扑损伤，或金刃伤骨断筋者最效。但中病即已，不可过服，以其有火金之毒，有病病当之，病减恐真气走散耳。,方药,"[""胎产哺乳""]",,血瘀气滞证,,[],,[],,"[""中药内服""]",,"[{""name"": ""自然铜"", ""type"": ""单味药"", ""note"": ""火煅醋淬七次，研细水飞，续筋接骨""}, {""name"": ""当归"", ""type"": ""单味药"", ""note"": ""与自然铜、没药同用，活血止痛""}, {""name"": ""没药"", ""type"": ""单味药"", ""note"": ""与自然铜同用，散瘀止痛""}, {""name"": ""乳香"", ""type"": ""单味药"", ""note"": ""合自然铜治跌扑损伤""}, {""name"": ""血竭"", ""type"": ""单味药"", ""note"": ""用于跌扑损伤、骨断筋伤""}]",0.2,,True,False,,"[{""classical_span"": ""续筋接骨之神药"", ""why_supports"": ""指向骨折修复，但为外伤性""}, {""classical_span"": ""凡折伤则血瘀而作痛"", ""why_supports"": ""强调跌扑折伤，非骨弱自折""}]",1,"[""主要针对急性跌扑损伤而非慢性骨弱"", ""未见骨痿、骨疏等古籍高相关病名"", ""骨折为外伤所致，缺乏脆性骨折证据""]",c85405d6b4b730e06b2e38c379fb695c,"['乳香', '当归', '没药', '自然铜', '血竭']",清,[]
ok,468,2026-02-04 16:59:03,解围元薮,1550.0,骨痿,卷一 三十六疯六经分属,此症初如痛风之状，或作寒热，或麻痹不仁，精神疲惫，渐渐肢节倦败，怠惰困乏，骨节痛缓，手足无力，身如柔绵，或肿或瘪，拘缩挛急，或节间鸣响，或怕风寒，遂成瘫痪。水疰云：手脚游肿作痛，四肢不收，古称骨痿，即因痹也。由风冷贼邪中伤髓液，脾土不固，五脏无本，以致血气亏乏。以神仙换骨丹，搜风顺气丸，二八济阳丹，等选治。,病名,[],,肾阳虚证,,[],,"[""骨痛"", ""活动受限"", ""乏力""]",,"[""中药内服""]",,"[{""name"": ""神仙换骨丹"", ""type"": ""方剂"", ""note"": ""用于骨痿、肢节倦败""}, {""name"": ""搜风顺气丸"", ""type"": ""方剂"", ""note"": ""搜风顺气以治痹""}, {""name"": ""二八济阳丹"", ""type"": ""方剂"", ""note"": ""温补济阳""}]",1.0,古称骨痿，即因痹也。由风冷贼邪中伤髓液，脾土不固，以致血气亏乏。,True,True,,"[{""classical_span"": ""古称骨痿"", ""why_supports"": ""直接出现高度相关病名""}, {""classical_span"": ""肢节倦败，骨节痛缓"", ""why_supports"": ""符合骨弱、骨痛表现""}]",4,"[""文本未提及年龄却强行判定老年型"", ""未出现脆性骨折而过度推断"", ""证型与原文不符仍硬套枚举""]",13bb99785e93586373b63f2cd6f142bf,"['二八济阳丹', '搜风顺气丸', '神仙换骨丹']",明,"['乏力', '活动受限', '骨痛']"
ok,1847,2026-02-04 17:52:31,冯氏锦囊秘录杂症痘疹药性主治合参,1694.0,骨折,卷三 草部下,得季秋之气，兼金水之性，故味苦、辛，平、微寒，无毒。辛为金味，收为金气，苦能泄热，辛能散结，故治败疽死肌，散结逐腐，生新之要药。既能敛毒，排脓生肌长肉，又治打跌骨折，酒调白芨末二钱服之，其功不减于自然铜、古铢钱也。,方药,[],,删除,,[],,"[""骨折""]",,"[""中药内服""]",,"[{""name"": ""白芨"", ""type"": ""单味药"", ""note"": ""酒调白芨末二钱服，用于打跌骨折、排脓生肌""}]",0.2,,True,False,,"[{""classical_span"": ""又治打跌骨折"", ""why_supports"": ""仅涉及外伤性骨折，为急性损伤用药，非骨弱或骨量减少""}]",1,"[""文本仅论外伤打跌骨折，缺乏年老骨弱或反复易折证据"", ""未出现骨痿、骨枯等与骨质疏松高度对应的古籍病名"", ""将外伤骨折直接等同骨质疏松可能造成过度映射""]",dc9e1bc33a617ef808671c4b9f2e022e,['白芨'],清,['骨折']
ok,3023,2026-02-04 18:39:38,冯氏锦囊秘录杂症痘疹药性主治合参,1694.0,骨痿,卷三 草部下,骨碎补，补骨节伤碎，疗风血积痛，破血有功，止血亦效。专入肾经，故治肾泄骨痿耳响牙疼诸骨肾症。昔魏刺吏子，久泄垂危，诸药不效，用此药末入猪肾中，煨熟食之，即愈。盖肾主二阴，而司禁固，久泄乃属肾虚，不可专责脾胃也。,方药,[],,肾虚血瘀证,原文言“专入肾经”“久泄乃属肾虚”，仅可判为肾虚，未分阴阳或兼证,[],,"[""骨痛""]",,"[""中药内服""]",,"[{""name"": ""骨碎补"", ""type"": ""单味药"", ""note"": ""补骨节伤碎，治骨痿，专入肾经""}]",1.0,补骨节伤碎……专入肾经，故治肾泄骨痿,True,True,愈,"[{""classical_span"": ""治肾泄骨痿"", ""why_supports"": ""明确出现“骨痿”，属古籍中与骨质疏松高度对应的病名范畴""}, {""classical_span"": ""补骨节伤碎"", ""why_supports"": ""直接指向骨质脆弱、损伤修复，与骨量不足相关""}]",4,"[""若将肾虚直接细分为肾阳虚或肾阴虚，属超出原文证据的推断"", ""若强行对应具体现代分型（如绝经后型），原文未提供年龄或性别信息"", ""若加入未出现的症状如骨折或驼背，属于臆造信息""]",d829c26bdc76a8dcbabd0326d142de0d,['骨碎补'],清,['骨痛']
ok,405,2026-02-04 16:56:19,古今名医汇粹,1692.0,骨痿,卷三 病能集一（杂证九门） 痿病门,丹溪申明泻南补北之说固当，若胃虚减食者，当以芳香辛温之剂治之。若拘于泻南之说，则胃愈伤矣。诚能本此施治，其于痿思过半矣。治法：心热脉痿，铁粉、银箔、黄连、苦参、龙胆草、石蜜、牛黄、龙齿、秦艽、白藓皮、牡丹皮、地骨皮、雷丸、犀角之属；肝气热筋痿，生地、天冬、百合、紫葳、白蒺藜、杜仲、萆 、菟丝子、川牛膝、黄芩、黄连之属；脾气热肉痿，二木、二陈、霞天膏之属；肾气热骨痿，金刚丸、牛膝丸、加味四斤丸、煨肾丸；肺热痿，黄 、天冬、麦冬、石斛、百合、山药、犀角、通草、桔梗、枯芩、山栀、杏仁、秦艽之属；挟湿热，健步丸加黄柏、苍术、黄芩，或清燥汤；湿痰，二陈、二术、竹沥、姜汁；血虚，四物汤、二妙散、补阴丸；气虚，四君子汤合二妙散；气血俱虚，十全大补汤；食积，木香槟榔丸；死血，桃仁、红花、蓬术、川山甲，四物汤；肾肝下虚，补益肾肝丸。,病名,"[""老年后""]",,肝肾阴虚证,,"[""原发性-老年型""]",,"[""骨痛"", ""活动受限""]",,"[""中药内服""]",,"[{""name"": ""金刚丸"", ""type"": ""方剂"", ""note"": ""用于肾气热骨痿""}, {""name"": ""牛膝丸"", ""type"": ""方剂"", ""note"": ""用于骨痿""}, {""name"": ""加味四斤丸"", ""type"": ""方剂"", ""note"": ""用于骨痿""}, {""name"": ""煨肾丸"", ""type"": ""方剂"", ""note"": ""用于骨痿""}, {""name"": ""补益肾肝丸"", ""type"": ""方剂"", ""note"": ""用于肾肝下虚骨痿""}]",1.0,肾气热骨痿,True,True,,"[{""classical_span"": ""骨痿"", ""why_supports"": ""明确出现高度相关的古籍病名，直接指向骨萎弱""}, {""classical_span"": ""肾气热骨痿"", ""why_supports"": ""将骨痿与肾相关病机对应，符合骨量不足理论""}]",1,"[""原文未提及骨折，部分现代症状映射可能偏概括"", ""未给出具体人群年龄，老年型判断为推断"", ""治疗效果未描述，转归信息缺失""]",ddea39abeb7a56baebf68f95c5e70d9a,"['加味四斤丸', '煨肾丸', '牛膝丸', '补益肾肝丸', '金刚丸']",清,"['活动受限', '骨痛']"
ok,3209,2026-02-04 18:47:51,䱐溪秘传简验方,1918.0,骨痿,卷上 腰门,●腰膝骨痿，不能起床。用川萆薢、杜仲（盐水炒）各四两。研末，以猪腰子四个，酒煮捣烂，加煮腰子，余酒和为丸。盐水送下。,方药,[],,删除,,[],,"[""腰背痛"", ""活动受限""]",,"[""中药内服""]",,"[{""name"": ""川萆薢"", ""type"": ""单味药"", ""note"": ""研末入丸，用于治疗腰膝骨痿""}, {""name"": ""杜仲（盐水炒）"", ""type"": ""单味药"", ""note"": ""研末入丸，用于治疗腰膝骨痿""}, {""name"": ""猪腰子"", ""type"": ""其他"", ""note"": ""酒煮捣烂，和药为丸""}]",1.0,腰膝骨痿，不能起床,True,True,,"[{""classical_span"": ""腰膝骨痿"", ""why_supports"": ""明确出现“骨痿”，为古籍中与骨质疏松高度相关的病名""}, {""classical_span"": ""不能起床"", ""why_supports"": ""提示严重骨骼功能障碍，与骨质疏松晚期表现相符""}]",1,"[""原文未明确记载患者人群特征，无法细分现代表型"", ""未出现明确证型术语，强行判定中医证型可能构成臆造"", ""未提供疗效结局描述，无法判断治疗转归""]",f00b8227883b7661671f386cdff3474b,"['川萆薢', '杜仲', '猪腰子']",近现代,"['活动受限', '腰背痛']"
ok,482,2026-02-04 16:59:33,景岳全书,1624.0,骨痿；骨枯,卷之二十五心集&#183;杂证谟 腰痛,徐东皋曰：腰者肾之外候，一身所恃以转移阖辟者也。盖诸脉皆贯于肾而络于腰脊，肾气一虚，腰必痛矣。除坠伤之外，不涉于虚。其于风寒湿热，虽有外邪，多有乘虚相犯，而驱邪之中，又当有以究其本也。举世之人，每每醉以入房，欲竭其精，耗散其真，务快其心，恬不知养，其不虚者几希。予见房室劳伤肾气，腰脊兼痛，久则髓减骨枯，发为骨痿者有矣，岂直腰痛已哉，养生君子不可以不慎于斯也。甫年少时，常有腰痛及闪挫之病，每服补肾汤丸，仅得不甚而易愈，尚不知房室之害也。予禀性淡于欲事，自壬子以来，多游江湖间，欲渐稀而腰痛亦稀。至辛酉之后，集此书兼视病家，无暇而欲益寡，腰觉强健，而绝无痛作之因。可见寡欲之功，优于补剂多矣，并书于此，为君子告焉。,病名,[],,肾阳虚证,,[],,"[""腰背痛"", ""骨痛""]",,"[""中药内服""]",,"[{""name"": ""补肾汤丸"", ""type"": ""方剂"", ""note"": ""用于房室劳伤肾气所致腰痛、腰脊痛""}]",1.0,房室劳伤肾气，腰脊兼痛，久则髓减骨枯，发为骨痿者有矣,True,True,好转,"[{""classical_span"": ""久则髓减骨枯，发为骨痿"", ""why_supports"": ""直接出现骨痿、骨枯，为骨量衰减与骨弱的高度指向""}, {""classical_span"": ""腰脊兼痛"", ""why_supports"": ""符合骨质疏松常见的腰背痛表现""}]",1,"[""文本未出现现代诊断名，存在古今概念差异风险"", ""证型可能兼及阴虚，单一证型选择存在简化"", ""缺乏骨折等现代关键结局指标""]",15f3ecda5af404289178bbb248508f6c,['补肾汤丸'],明,"['腰背痛', '骨痛']"
ok,2511,2026-02-04 18:18:16,伏邪新书,1895.0,骨枯；骨空,伏邪新书 伏热,阳明、足少阴、手太阴，状似虚痨，干咳，或吐白沫（甚则粉红白沫），夜热骨蒸，饮食不纳，肌肉消索，大肉削脱，大骨枯槁，皮黑毛槁，色如面垢，猪肤汤、猪肾汤合调胃、增液法加龟板主之（富者加珍珠、燕窝，贫者以生鸡子代之）。阳明与肺肾热久，阴伤津液枯槁，则干咳无痰，反咳吐白沫者，此沫非湿气饮水也，乃肺肾胃津液被热邪逼迫而上也，甚则红白相间，热伤血络，肺络伤破也。粉红色者，肺本色也，其病必危。夜热骨蒸，阴虚内热本象也，病甚则热邪内陷，反自不觉蒸热矣。胃阴伤者，先食不香，难纳米饭，若用药再燥劫其阴，遂致亦不能容饮水矣。肉消骨立，皮黑枯槁如面垢，肺主皮毛，毛槁皮垢，干而棘手，邪伤肺汁之症也。胃主肌肉，大肉即合谷两臂两腿之鼠肉也，病者无鼠肉，胃汁已将竭也。大骨枯槁，谓骨瘦如柴，骨韧锋露，骨孔空陷也。肾主骨主髓，肾热已久，骨髓枯槁，骨衣之油皆耗，故大小骨空深陷，毕现于外也，用猪肤汤去白（粉蜜），单用猪肤，即猪之厚皮也，取其咸寒微甘而多脂膏，能除大热，能填补胃汁、肺汁、骨髓，功力最大。猪肾汤取猪为水畜，位镇亥方，上应室宿，得乾六之精，能生坎水，有一六共宗之妙，为水畜中之水脏，以补人之肾水，大有殊功。《本草》不载其能，前人谓无补益之性，但可用以引经，而予则以卦理断之，每独用以为大将，而成功收效，神妙无比。调胃、增液承气合龟板，治病之本也，加珍珠者，取珠为蚌胎，蚌受月华而孕胎成珠。月者先天金水之母，太阴之精，取先天金水之气，以补人先天金水之气，有再造肺肾之功。极富者用数钱，文武火日夜煎服，但煎至水泛白即服。珠有光，放水再煎，煎至无光，再换再增，但宜吊空煎，不可沉底。力薄者用二三分，乳极细以药汤送下。燕窝取其滋润肺液耳。生鸡子亦有重造肺肾、填补胃汁之功，温水浸热生吞之，象形补形，能补人稀汁，尤能补肺脏中之蛋白汁，不特贫者可用，富人亦可兼用之，收功更易矣。,病名,[],,肝肾阴虚证,,[],,"[""其他""]",肉消骨立、大骨枯槁、骨孔空陷等形体与骨结构明显改变,"[""中药内服""]",,"[{""name"": ""猪肤汤"", ""type"": ""方剂"", ""note"": ""去白粉蜜，单用猪肤以填补胃汁、肺汁、骨髓""}, {""name"": ""猪肾汤"", ""type"": ""方剂"", ""note"": ""补肾水，填补骨髓""}, {""name"": ""龟板"", ""type"": ""单味药"", ""note"": ""入调胃、增液法以滋阴填髓""}, {""name"": ""珍珠"", ""type"": ""单味药"", ""note"": ""富者加用以补先天金水""}, {""name"": ""燕窝"", ""type"": ""单味药"", ""note"": ""滋润肺液""}, {""name"": ""生鸡子"", ""type"": ""单味药"", ""note"": ""象形补形，填补胃汁、肺肾""}]",1.0,大骨枯槁，谓骨瘦如柴，骨韧锋露，骨孔空陷也,True,True,,"[{""classical_span"": ""大骨枯槁…骨孔空陷"", ""why_supports"": ""直接描述骨枯、骨空等骨量严重不足表现""}, {""classical_span"": ""肉消骨立"", ""why_supports"": ""慢性消耗致形体与骨骼萎缩""}]",1,"[""文本可能主要论述虚痨热病而非独立骨病"", ""未出现明确脆性骨折或疼痛描述"", ""证型多重并见，单一映射可能过度简化""]",c0420f0841f6fd988d3525bc6a243349,"['燕窝', '猪肤汤', '猪肾汤', '珍珠', '生鸡子', '龟板']",清,['其他']
ok,1476,2026-02-04 17:38:45,覆载万安方,1331.0,骨折,卷二十四 金疮门 伤折坠堕高处车马,治打扑损伤，筋断骨折疼痛。,外治法,[],,删除,,[],,"[""骨痛"", ""活动受限""]",,"[""中药外用""]",,"[{""name"": ""黑神散"", ""type"": ""方剂"", ""note"": ""治打扑损伤、筋断骨折，外用末剂""}, {""name"": ""黄牛胫骨（带髓）"", ""type"": ""外治"", ""note"": ""烧炭火后以米醋淬制，为外用材料""}, {""name"": ""米醋"", ""type"": ""其他"", ""note"": ""用于淬制牛骨外用""}]",0.2,治打扑损伤。筋断骨折。,True,False,,"[{""classical_span"": ""治打扑损伤。筋断骨折"", ""why_supports"": ""明确为外伤性骨折治疗，非骨弱或年老易折""}]",1,"[""条文以急性外伤骨折为主，缺乏骨弱或慢性演变证据"", ""未出现骨痿、骨枯等与骨质疏松高度一致的古籍病名"", ""证型与人群信息缺失，无法进行稳定映射""]",c2eb62e0278cfcfae50f315aa3738d81,"['米醋', '黄牛胫骨', '黑神散']",明,"['活动受限', '骨痛']"
ok,3058,2026-02-04 18:40:59,感证集腋,1878.0,骨痿；骨枯,卷之一 暑,东垣曰：“刺志论”云：气虚身热，得之伤暑，热伤气故也。“痿论”云：有所远行劳倦，逢大热而渴，渴则阳气内伐，热舍于肾。肾者，水脏也。今水不能胜火，则骨枯而髓虚，足不任身，发为骨痿。《下经》曰：骨痿者，生于大热也。此湿热成痿，令人骨乏无力，故治痿独取阳明。时当长夏，湿热大胜，蒸蒸而炽。人感之，多四肢困倦，精神短少，懒于动足，胸满气促，肢节沉疼，或气高而喘，身热面烦，心下膨痞，小便黄而数，大便澹而频，或痢出黄如糜，或如汨色，或渴或不渴，不思饮食，自汗体重，或汗少者，血先病而气不病也，其脉中得洪缓。若湿气相搏，必加之以时病，虽互换少差，其天暑湿令则一也。宜以清燥之剂清暑益气汤。,病名,[],,肝肾阴虚证,,[],,"[""乏力"", ""活动受限""]",,"[""中药内服""]",,"[{""name"": ""清暑益气汤"", ""type"": ""方剂"", ""note"": ""用于湿热成痿、清暑益气""}]",1.0,今水不能胜火，则骨枯而髓虚，足不任身，发为骨痿,True,True,,"[{""classical_span"": ""骨枯而髓虚，足不任身"", ""why_supports"": ""直接描述骨枯髓虚、肢体不能负重，符合骨质疏松骨弱表现""}, {""classical_span"": ""骨痿者，生于大热也"", ""why_supports"": ""明确病名骨痿，为骨质疏松高度相关古籍范畴""}]",1,"[""若忽略原文明确病名而强行归为其他骨病，可能造成映射错误"", ""若将湿热急性证候误判为原发性老年骨质疏松，证据不足"", ""若添加原文未提及的骨折或人群信息，属于臆造""]",bd5c5ec93b0b7e10256d874f3ae6be0b,['清暑益气汤'],清,"['乏力', '活动受限']"
ok,501,2026-02-04 17:00:16,类证治裁,1839.0,骨痿,卷之五 痿症论治,痿者，肢弱而无力，筋弛而不收，为热伤血脉之症。经曰：五脏因肺热叶焦，发为痿 。夫五脏皆有痿，如肺热为皮毛痿，宜犀角桔梗汤。心热为脉痿，宜铁粉丸。肝热为筋痿，宜紫葳汤。脾热为肉痿，宜二陈汤加参、 。肾热为骨痿，宜金钢丸。而经论痿 必原肺热者，以肺为脏之长，体燥居上，主气而畏火。若金受火烁，则气伤而不能营摄一身，乃发为痿 矣。其治痿独取阳明，何也？经曰：阳明者脏腑之海，主润宗筋，宗筋主束筋骨而利机关也。阳明虚则宗筋纵，带脉不引，故足痿不用。此治痿必使胃纳水谷，化精微，五脏得所禀，以行血气，濡筋骨，利关节也。河间论痿，主血衰不能营养百骸。子和谓痿，必火乘金，病多作于五六七月。午为少阴君火之位，未者湿土，庚金伏火之地，申者少阳相火之分。故病痿者，脉浮大。戴人主肾水衰，则骨髓枯竭，直言痿病无寒。丹溪云：泻南方则肺金清，而东方有制，土不受戕，补北方则心火降，而西方有养，金不苦燥。凡痿症不可作风治，而用风药。东垣治痿，以黄柏为君，黄 为佐。士材论胃虚食减成痿，宜藿香养胃汤。治脾下陷足痿，用补中益气汤。,病名,[],,肝肾阴虚证,,[],,"[""活动受限"", ""乏力""]",,"[""中药内服""]",,"[{""name"": ""金钢丸"", ""type"": ""方剂"", ""note"": ""用于“肾热为骨痿”""}]",1.0,肾热为骨痿……肾水衰，则骨髓枯竭,True,True,,"[{""classical_span"": ""肾热为骨痿"", ""why_supports"": ""直接出现骨痿病名，指向骨失养萎软""}, {""classical_span"": ""肾水衰，则骨髓枯竭"", ""why_supports"": ""描述骨髓枯竭，与骨量减少高度相符""}]",1,"[""未限定具体人群却强行映射现代表型"", ""多证并见但仅取其一可能遗漏复杂性"", ""未见骨折描述，可能被质疑为非骨质疏松""]",f4ace0642761d149b3203048e1a3f03a,['金钢丸'],清,"['乏力', '活动受限']"
ok,402,2026-02-04 16:56:17,高注金匮要略,1727.0,骨痿,中风历节病脉证治第五,五行各具阴阳。如甲乙壬癸等类。而其性情好恶。常相反而不相同者。以阳生则阴死。阴生则阳死。故也。比如甲木生于亥。乙即死于亥。乙木生于午。甲即死于午。壬水生于申。癸即死于申。癸水生于卯。壬即死于卯之类。夫肝为木脏。木中甲阳而乙阴。甲主阳神。外流其余气以应筋。故性喜调畅。而内经以辛补之。以酸泻之者是也。乙主阴象。内固其形脏以应肝。故性喜敛束。而金匮以酸补之者是也。然甲生则乙死。过辛而伤其形脏之肝。乙生则甲死。过酸而伤其余气之筋矣。盖酸则敛肝之阴血者。并敛其养筋之阳气。筋失阳健之用。故缓。名之曰泄者。肝血不与筋俱。而其气亦渐散泄也。肾为水脏。水中壬阳而癸阴。壬主阳神。外流其余气以应骨。故性喜镇静。而内经以甘补之。以咸泻之者是也。癸主阴象。内固其形脏以应肾。故性喜降润。而金匮以咸补之者是也。然壬生则癸死。过甘而伤其形脏之肾。癸生则壬死。过咸而伤其余气之骨矣。盖咸则抑肾之阴精者。并抑其强骨之阳气。骨失阳健之用。故痿。名之曰枯者。肾精不与骨俱。而其气亦渐枯槁也。骨之阳病而枯。筋之阳病而泄。两相搏结。则是肝肾断其所养。而筋骨之气渐泄。名曰断泄。不亦宜乎。以上言肝肾筋骨之自为病也。经络之营气。虽化于胃中之水谷。然实与肝肾之精血相贯通者也。肝肾病断泄。则营气以不通而渐微。其胃中所化之悍气。又乘营阴而出为外卫者。营气既微。则卫不能独行而自盛。故营卫俱微矣。此言肝肾病于内。因而营卫亦病于外也。御。如执御之义。上焦胸中之阳。中焦胃分之阳。下焦命门之阳。皆以精血为车。而御之以周行者也。肝肾之精血。内敛下伏。则三焦之气。无所乘驾。而渐冷之意。亦在言外矣。此言肝肾病于下。因而胸中胃分。亦病于上矣。四属。即指上下内外也。承上文而言酸收咸降。使精血内敛下伏。以致肝肾之阳。内病下病。于是营卫外微。三焦上弱。而上下内外之四属。俱捍格而有断绝之势矣。经络之营卫俱微。故身体羸瘦。肝肾之精血。为酸咸之味所敛伏。故独足肿大。黄汗出也。阴气自伏。则阳气自微。故胫冷。即上文筋缓骨痿之理也。假令发热。则是阳气不独行。而郁于筋骨之缝。其为历节无疑。此言历节之外症。以证其四属断绝之意。主乌头汤者。以通阳透节之乌头为主。而用蜜熬以为煎者。取其留连胃中。以为内通外达之地。然后以甘缓之甘草。破芍药之酸敛。而特令其引乌头之阳气。内入筋骨。以实表之黄 。监麻黄之发越。而特令其引乌头之阳气。外行营卫。将肝肾之伏阳一起。则蒸其精血。而与三焦营卫。复得交通矣。至其纯用辛甘之味。不特辛以破酸。甘以救咸。且病机发于补阴而贼阳。故方意专于升火以运水也。,病名,[],,肾阳虚证,,[],,"[""活动受限"", ""乏力""]",,"[""中药内服""]",,"[{""name"": ""乌头汤"", ""type"": ""方剂"", ""note"": ""以乌头通阳透节，配甘草、芍药、麻黄等，引阳入筋骨""}]",0.7,骨失阳健之用，故痿，名之曰枯者。肾精不与骨俱，而其气亦渐枯槁也。,True,True,,"[{""classical_span"": ""骨失阳健之用，故痿"", ""why_supports"": ""直接描述骨痿、骨枯，符合骨质疏松骨弱萎软特征""}, {""classical_span"": ""肾精不与骨俱"", ""why_supports"": ""肾精不足致骨失所养，对应骨量减少机制""}]",1,"[""原文虽涉骨痿，但兼论历节，可能指向其他关节病"", ""未明确记载年龄或脆性骨折等现代诊断要点"", ""证型与现代分型映射存在理论转换不确定性""]",adb01c0719409199e44f15f7531fa69c,['乌头汤'],清,"['乏力', '活动受限']"
ok,502,2026-02-04 17:00:21,类证治裁,1839.0,骨痿,卷之五 痿症论治,石顽主阳明湿热，各具确见。今参而酌之，通治湿热成痿，脉洪滑者，主清燥。二妙丸、加味二妙丸，随症加减。湿热伤肺成痿者，主清土。如沙参、麦冬、玉竹、杏仁、石斛、百合、花粉、通草、山栀。湿热壅胃成痿者，主通腑。大豆黄卷、茵陈、滑石、石膏、萆 、茯苓、枳实、槟榔。湿热着筋骨成痿者，主理隧。金毛狗脊、地骨皮、知母、防己、牛膝、龟甲、五加皮，或三妙丸。阳明脉虚，宗筋不约者，主润肺。人参、茯苓、杞子、当归、桑葚、肉苁蓉、桑寄生、芝麻、山药。肝胃阴虚，风动肢痿者，主通摄。熟地、牛膝、远志、杞子、石斛、钩藤。肝肾阴虚，足热枯痿者，填精髓。牛骨髓、猪骨髓、鹿筋胶、羊肉胶、熟地、杞子、牛膝、青盐，或滋阴大补丸。肾督阳虚，脊软腿酸者，壮筋骨。鹿角胶丸、四斤丸。太阳督脉虚，形俯痿废者，理腰脊。香茸丸。衰年足软肌麻，跷维不用者，以温行流畅奇络。橘络、木瓜、杞子、杜仲、狗脊、肉苁蓉、牛膝、当归须、鹿胶。病后阴伤骨痿，六味丸去丹、泽，加虎胫骨、龟甲、牛膝、当归。久病筋骨痿，不起于床，金刚丸、牛膝丸、煨肾丸、五兽三匮丹。阴虚挟湿热，脉滞而数，为痿厥，虎潜丸加减，不应，少加川附子。长夏暑湿成痿，清暑益气汤加减。肾伤暑 痿厥，清燥汤加减。膏粱湿热伤精，胫膝痿弱，神龟滋阴丸、大补地黄丸。血衰筋缓不收，补血荣筋丸。气虚举动无力，四君子汤加肉桂、黄 。半身偏痿，须分左右，审气血阴阳，十全大补汤加减。屈伸不利，行步艰难，安肾丸。肢软脉滑，腰膝麻木或肿，属湿痰。二术二陈汤加姜汁、竹沥。食滞脾气不得运于四肢成痿，脉必气口弦滑而恶食。木香槟榔丸加山楂、神曲、木瓜、防己。瘀血留于腰胯成痿，脉必沉涩而兼痛。四物汤加桃仁、莪术、穿山甲。心热亢，兼实积者，为脉痿。,病名,"[""老年后""]",,肾虚血瘀证,,"[""原发性-老年型""]",,"[""活动受限"", ""乏力"", ""步态不稳""]",,"[""中药内服""]",,"[{""name"": ""二妙丸"", ""type"": ""方剂"", ""note"": ""湿热成痿，随症加减""}, {""name"": ""加味二妙丸"", ""type"": ""方剂"", ""note"": ""湿热成痿加减""}, {""name"": ""鹿角胶丸"", ""type"": ""方剂"", ""note"": ""肾督阳虚，壮筋骨""}, {""name"": ""四斤丸"", ""type"": ""方剂"", ""note"": ""肾督阳虚，脊软腿酸""}, {""name"": ""六味丸去丹泽加味"", ""type"": ""方剂"", ""note"": ""病后阴伤骨痿""}, {""name"": ""虎潜丸"", ""type"": ""方剂"", ""note"": ""阴虚挟湿热，痿厥""}]",1.0,病后阴伤骨痿,True,True,,"[{""classical_span"": ""病名: 骨痿"", ""why_supports"": ""直接出现高度相关古籍病名""}, {""classical_span"": ""脊软腿酸"", ""why_supports"": ""符合老年骨弱、活动受限表现""}]",1,"[""原文未明确骨折，可能与其他痿证混杂"", ""证型多样，单一证型映射可能过度简化"", ""缺乏现代影像或骨量描述，属古今语义映射""]",79a68333002301fb78cc4927460a3e19,"['二妙丸', '六味丸去丹泽加味', '加味二妙丸', '四斤丸', '虎潜丸', '鹿角胶丸']",清,"['乏力', '步态不稳', '活动受限']"
ok,138,2026-02-04 16:46:01,古方汇精,1801.0,骨断,卷二 外科门,栀子（炒黑）面（各三钱）生军（不可见火）没药（各二钱）刘寄奴薄荷骨川乌草乌各药槌烂。加醋一小杯。和匀。炒热。敷患处。外骨断处。用夹板夹紧。对时一换。若伤骨醋。,外治法,[],,血瘀气滞证,原文未论证型，仅述外伤骨断之外治法,[],,"[""骨折""]",原文记载“外骨断处”，为骨折表现，但系外伤所致,"[""中药外用""]",,"[{""name"": ""栀子（炒黑）"", ""type"": ""单味药"", ""note"": ""外用敷患处""}, {""name"": ""生军（生大黄）"", ""type"": ""单味药"", ""note"": ""外用，不可见火""}, {""name"": ""没药"", ""type"": ""单味药"", ""note"": ""外用敷贴""}, {""name"": ""刘寄奴"", ""type"": ""单味药"", ""note"": ""外用""}, {""name"": ""薄荷"", ""type"": ""单味药"", ""note"": ""外用""}, {""name"": ""川乌"", ""type"": ""单味药"", ""note"": ""外用""}, {""name"": ""草乌"", ""type"": ""单味药"", ""note"": ""外用""}, {""name"": ""醋"", ""type"": ""外治"", ""note"": ""调和药物并助固定""}]",0.2,,True,False,,"[{""classical_span"": ""外骨断处。用夹板夹紧"", ""why_supports"": ""明确为外伤性骨折的处理描述""}]",1,"[""该条为急性外伤骨折外治法，非骨量减少或骨弱所致"", ""未出现骨痿、骨弱、年老易折等指向骨质疏松的病机描述"", ""将外伤骨折直接等同为骨质疏松存在过度映射风险""]",7af63f4a8e917ef25079db245aca37b0,"['刘寄奴', '川乌', '栀子', '没药', '生军', '草乌', '薄荷', '醋']",清,['骨折']
ok,3597,2026-02-04 19:03:39,古今名医汇粹,1692.0,骨痹,卷四 病能集二（杂证十一门） 诸痹门,骨痹即寒痹，痛痹也，痛苦切心，四肢挛急，关节浮肿，五积散主之。,病名,[],,肾阳虚证,,[],,"[""骨痛"", ""活动受限""]",,"[""中药内服""]",,"[{""name"": ""五积散"", ""type"": ""方剂"", ""note"": ""用于治疗骨痹寒痛、关节肿胀""}]",0.2,骨痹即寒痹，痛痹也，痛苦切心，四肢挛急，关节浮肿,True,True,,"[{""classical_span"": ""骨痹即寒痹，痛痹也"", ""why_supports"": ""提示以骨痛、痹阻为主的慢性骨病范畴，但未见骨弱或易折""}]",1,"[""文本仅描述痹证疼痛，缺乏骨弱或骨折等关键特征"", ""未提供人群年龄或衰老背景，难以指向原发性骨质疏松"", ""症状可能完全由风寒湿痹导致，与骨量减少不一定相关""]",29309a3e8d522249ed2712b9c32f21fd,['五积散'],清,"['活动受限', '骨痛']"
ok,27,2026-02-04 16:41:43,古今名医验方秘方,1990.0,骨折；骨断,跌打损伤（骨折、软组织挫伤）,钱峻：接骨仙方，治骨断粉碎者。,方药,[],,血瘀气滞证,原文未辨证，仅述外伤骨断用药,[],,"[""其他""]",外伤性骨断、骨折（非脆性骨折）,"[""中药外用"", ""中药内服""]",,"[{""name"": ""五加皮"", ""type"": ""单味药"", ""note"": ""与雄鸡捣敷患处，另以酒煎内服""}, {""name"": ""雄鸡"", ""type"": ""外治"", ""note"": ""去毛连骨，与五加皮捣烂外敷""}]",0.2,骨断粉碎者……敷患处用布包好,True,False,显效,"[{""classical_span"": ""骨断粉碎者"", ""why_supports"": ""明确为外伤性骨折治疗，而非骨弱或久病所致""}]",1,"[""文本为急性外伤骨折处理，非慢性骨病"", ""未出现骨痿、骨弱、易折等指向骨质疏松的描述"", ""无年龄或体质背景支持脆性骨折判断""]",496d6e6920c343fa1b51156a37a60764,"['五加皮', '雄鸡']",近现代,['其他']
ok,164,2026-02-04 16:47:02,古今图书集成医部全录,1726.0,骨断,正文 古今图书集成医部全录卷三百七十七,凡骨断皮破者，不用酒煎药。或损在内破皮肉者，可加童便在破血药内和服。若骨断皮不破，可全用酒煎损药服之。若只损伤，骨未折肉未破者，用消肿膏或定痛膏。,治法,[],,血瘀气滞证,原文仅述外伤骨断之处理，未辨证型,[],,[],,"[""中药内服"", ""中药外用""]",,"[{""name"": ""良姜"", ""type"": ""单味药"", ""note"": ""用于贴药内，骨断皮不破时加用""}, {""name"": ""肉桂"", ""type"": ""单味药"", ""note"": ""用于贴药内，骨断皮不破时加用""}, {""name"": ""葱汁"", ""type"": ""外治"", ""note"": ""调贴外用""}, {""name"": ""童便"", ""type"": ""其他"", ""note"": ""内损时与姜葱、生油和通药服""}, {""name"": ""生油"", ""type"": ""其他"", ""note"": ""内损时配伍服用""}, {""name"": ""姜葱"", ""type"": ""单味药"", ""note"": ""内损时配伍服用""}]",0.2,,True,False,,"[{""classical_span"": ""凡骨断皮破者"", ""why_supports"": ""描述为外伤性骨折处理，非骨弱自折""}]",1,"[""文本为急性外伤骨折治疗，非慢性骨弱病证"", ""未见骨痿、骨枯或年老易折等指向性描述"", ""强行对应骨质疏松可能混淆外伤与代谢性骨病""]",90e80edeee64c1e638cbd3ee7985ef7a,"['姜葱', '生油', '童便', '肉桂', '良姜', '葱汁']",清,[]
ok,179,2026-02-04 16:47:40,古今图书集成医部全录,1726.0,骨断,正文 古今图书集成医部全录卷三百七十七,凡平处骨断骨碎皮不破者，只用接骨膏、定痛膏敷贴夹缚。若手足曲直等处及转动处，只宜绢包缚，令时数转动，不可夹缚。如指骨碎断，止用苎麻夹缚。腿上用苎麻绳夹缚。冬月热缚，夏月冷缚，余月温缚。,外治法,[],,删除,,[],,[],,"[""中药外用""]",,"[{""name"": ""接骨膏"", ""type"": ""外治"", ""note"": ""用于骨断骨碎皮不破者敷贴夹缚""}, {""name"": ""定痛膏"", ""type"": ""外治"", ""note"": ""与接骨膏同用以止痛""}, {""name"": ""苎麻"", ""type"": ""外治"", ""note"": ""用于指骨、腿部骨碎断之夹缚材料""}]",0.2,凡平处骨断骨碎皮不破者，只用接骨膏、定痛膏敷贴夹缚。,True,False,,"[{""classical_span"": ""骨断骨碎皮不破"", ""why_supports"": ""描述为外伤性骨折处理，未体现骨弱或脆性骨折背景""}]",1,"[""文本仅涉及急性外伤性骨折，缺乏骨量不足或骨弱证据"", ""未出现骨痿、骨枯等与骨质疏松高度相关的古籍病名"", ""不能据此推断人群或慢性骨代谢异常""]",1e295502b9d6e560a064bb8c0ed9893e,"['定痛膏', '接骨膏', '苎麻']",清,[]
ok,180,2026-02-04 16:47:40,古今图书集成医部全录,1726.0,骨断,正文 古今图书集成医部全录卷三百七十八,右为末，先将折伤处揣定，令入元位，以姜汁调药如糊，摊纸上，贴骨断处，用杉木片夹定，以绳缚之，莫令转动，三五日后开看，以温葱汤洗，后再贴药，复夹七日。如痛再加没药。,外治法,[],,血瘀气滞证,文本仅述外伤骨断处理，未见证型辨析依据,[],,[],,"[""中药外用"", ""其他""]",夹板固定（杉木片夹定，以绳缚之）,"[{""name"": ""姜汁"", ""type"": ""外治"", ""note"": ""调药如糊外敷于骨断处""}, {""name"": ""没药"", ""type"": ""单味药"", ""note"": ""疼痛加用""}, {""name"": ""温葱汤"", ""type"": ""外治"", ""note"": ""开看后清洗用""}, {""name"": ""杉木片"", ""type"": ""外治"", ""note"": ""夹板固定骨断处""}]",0.2,,True,False,,"[{""classical_span"": ""贴骨断处，用杉木片夹定"", ""why_supports"": ""明确为外伤性骨折处理，非骨量减少或脆性骨折描述""}]",1,"[""仅描述急性外伤骨折外治，缺乏骨弱或年老易折证据"", ""未出现骨痿、骨疏等与骨质疏松高度相关病名"", ""无证型、人群或慢性演变信息，强行映射将失真""]",6d86a4907db5b12a586d2dfa141432d6,"['姜汁', '杉木片', '没药', '温葱汤']",清,[]
ok,206,2026-02-04 16:48:41,古今图书集成医部全录,1726.0,骨折；骨断,正文 古今图书集成医部全录卷三百七十七,凡骨碎断或未碎断，但皮破损肉者，先用补肌散填满疮口，次用散血膏敷贴。如骨折，要接骨膏敷贴夹缚。或皮破骨断者，用补肉膏敷贴。,外治法,[],,肾阳虚证,,[],,[],,"[""中药外用""]",,"[{""name"": ""接骨膏"", ""type"": ""外治"", ""note"": ""骨折时敷贴并夹缚固定""}, {""name"": ""定痛膏"", ""type"": ""外治"", ""note"": ""止痛消肿，用于损伤未折或碎骨""}, {""name"": ""补肌散"", ""type"": ""外治"", ""note"": ""填疮口、促生肌""}, {""name"": ""补肉膏"", ""type"": ""外治"", ""note"": ""骨断皮破后敷贴""}, {""name"": ""散血膏"", ""type"": ""外治"", ""note"": ""皮破血出时敷贴""}, {""name"": ""封口药"", ""type"": ""外治"", ""note"": ""破断皮肉时填涂缝合""}, {""name"": ""枫香"", ""type"": ""单味药"", ""note"": ""筋断时取汁外敷""}, {""name"": ""金沸草"", ""type"": ""单味药"", ""note"": ""与枫香同用外敷""}, {""name"": ""童便"", ""type"": ""其他"", ""note"": ""破血药内和服的辅料""}]",0.2,凡骨碎断，或未碎断但皮破损肉者，先用补肌散填满疮口,True,False,,"[{""classical_span"": ""凡骨碎断"", ""why_supports"": ""明确描述骨折处理，属外伤范畴""}, {""classical_span"": ""接骨膏敷贴、夹缚"", ""why_supports"": ""治疗核心为固定接骨，非骨弱本病""}]",1,"[""文本为急性外伤骨折处理，非慢性骨量减少疾病"", ""未见年老骨弱、反复脆性骨折等骨质疏松关键信号"", ""证型与骨质疏松的因果关联证据不足""]",3b8a92fcc5386bcf76d8c25fcb582e95,"['定痛膏', '封口药', '接骨膏', '散血膏', '枫香', '童便', '补肉膏', '补肌散', '金沸草']",清,[]
ok,1785,2026-02-04 17:50:14,古今图书集成医部全录,1726.0,骨折,正文 古今图书集成医部全录卷一百五十四,小膀有二骨，一大一小，折一根易治，二根俱断难治。折之偶披者易治，平断者难药，一日换二次，冬天两日换一次。医者必自看为妥，若非此症与大腿同治，倘犯此症，骨必在皮肉之上，以骨镶对，不可用汤熏洗，恐伤毒入内故也。速以金枪药敷之。如骨折皮不破，揿骨平复，外竟贴接骨膏，然后照前绑扎，用松木板六块长七寸，上骨折上长，下骨折下长各寸许，取其根力。但此症最痛，必先服止痛接骨丹数剂，次服壮筋续骨丹及药酒调理,治法,[],,删除,,[],,[],,"[""中药内服"", ""中药外用"", ""其他""]",夹板固定、绑扎整复等外科处理,"[{""name"": ""金枪药"", ""type"": ""外治"", ""note"": ""骨折皮破时速敷""}, {""name"": ""接骨膏"", ""type"": ""外治"", ""note"": ""骨折皮不破时外贴固定""}, {""name"": ""止痛接骨丹"", ""type"": ""方剂"", ""note"": ""先服以止痛接骨""}, {""name"": ""壮筋续骨丹"", ""type"": ""方剂"", ""note"": ""继服以续骨壮筋""}, {""name"": ""药酒"", ""type"": ""其他"", ""note"": ""配合调理""}]",0.2,小膀有二骨，一大一小，折一根易治，二根俱断难治,True,False,,"[{""classical_span"": ""折一根易治，二根俱断难治"", ""why_supports"": ""描述明确为急性骨折处理，未见骨弱或久病骨损证据""}]",1,"[""文本为外伤骨折，非骨量减少性疾病"", ""未出现骨痿、骨弱、年老易折等指向性描述"", ""证型与人群信息缺失，难以建立慢性骨病映射""]",51f12b36fb3387fd69985cb1a1e92ad5,"['壮筋续骨丹', '接骨膏', '止痛接骨丹', '药酒', '金枪药']",清,[]
ok,1788,2026-02-04 17:50:25,古今图书集成医部全录,1726.0,骨折,正文 古今图书集成医部全录卷三百七十八,接骨散  治骨折碎，或骨出臼，先整端正，却服此药。如飞禽六畜所伤，亦能治之。,方药,[],,删除,,[],,[],,"[""中药内服""]",,"[{""name"": ""接骨散"", ""type"": ""方剂"", ""note"": ""用于治疗骨折碎、骨出臼等外伤性损伤""}]",0.2,,True,False,,"[{""classical_span"": ""治骨折碎，或骨出臼"", ""why_supports"": ""描述为急性外伤性骨折治疗，非骨弱或脆性骨折""}]",2,"[""条文仅涉及外伤性骨折，缺乏骨弱或久病证据"", ""未出现骨痿、骨疏等与骨质疏松高度相关病名"", ""证型、人群与慢性骨量减少无直接指向""]",d46822713795f70fb7f66ba1ad8c3046,['接骨散'],清,[]
ok,1793,2026-02-04 17:50:33,古今图书集成医部全录,1726.0,骨折,正文 古今图书集成医部全录卷三百八十,颠扑筋断骨折：用糯米一升，皂角切碎半升，铜钱百个，同炒至半焦黑，去铜钱为末，用好酒调膏，厚纸摊贴患处，神效。,外治法,[],,删除,,[],,[],,"[""中药外用""]",,"[{""name"": ""粟米"", ""type"": ""外治"", ""note"": ""与诸物同炒为末，外敷""}, {""name"": ""木鳖肉"", ""type"": ""外治"", ""note"": ""外敷用料之一""}, {""name"": ""半夏"", ""type"": ""外治"", ""note"": ""外敷用料之一""}, {""name"": ""妇人发"", ""type"": ""外治"", ""note"": ""烧存性为末，外敷""}, {""name"": ""葱白须"", ""type"": ""外治"", ""note"": ""同炒后外敷""}, {""name"": ""热酢"", ""type"": ""外治"", ""note"": ""调敷介质""}]",0.2,,True,False,显效,"[{""classical_span"": ""颠扑筋断骨折"", ""why_supports"": ""明确为跌仆外伤所致骨折，属急性损伤而非骨弱脆性骨折""}]",1,"[""文本仅描述外伤性骨折，缺乏骨弱或年老易折证据"", ""未出现骨痿、骨枯等与骨质疏松高度相关病名"", ""强行映射为骨质疏松可能混淆急性外伤与慢性骨病""]",6f84e371c7df5b54566460dfb882acec,"['半夏', '妇人发', '木鳖肉', '热酢', '粟米', '葱白须']",清,[]
ok,767,2026-02-04 17:10:50,医学纲目,1565.0,骨痿,卷之九·阴阳脏腑部 调摄宜禁,养老论 人生至六十七十以后，精血俱耗，平居无事，已有热症，何者？头昏目眵，肌痒溺数，鼻涕牙落，涎多寐少，足弱耳聩，健忘眩运，肠燥面垢，发脱眼花，坐久兀睡，未风先寒，食则易饥，笑则有泪，但是老境，无不有此。或曰《局方》乌附丹剂，多与老人为宜，岂非以老年气弱下虚，理宜温补。今吾子皆以为热，乌附丹不可施之老人，何耶？予晓之曰：奚止乌附丹剂不可妄用，至于好酒腻肉，湿面肉汁，烧炙煨炒之类，辛辣甜滑，皆在所忌者。或又曰：甘旨养老，经训具在，为子与妇，甘旨不及，孝道便亏，而吾子之言若是，其将有说以通之乎？愿闻其略。予愀然应之曰：正所谓道并行而不相悖者。请详言之。古者井田之法行，乡闾之教具，人知礼让，比屋可封，肉食不及幼壮，五十方才食肉，当时之人，血气冲和，筋骨坚凝，肠胃清浓，甘旨养老，何由致病。今则不然，幼小食肉，强壮恣饕，比及五十，疾已蜂起，气耗血竭，筋柔骨痿，肠胃壅阏，涎沫充溢。而况人身之阴，难成易亏，六七十后，阴不足以配阳，孤阳几欲飞越，因天生胃气，尚尔留连，又藉水谷之阴羁縻而不走耳。所陈前证，皆是血少。《内经》曰：肾恶燥。乌附丹剂非燥而何？夫血少之人，若防风、半夏、苍术，但是燥剂，且不敢多，况乌附丹剂乎！或者又曰：一部《局方》，悉是温热养阳，吾子之言，无乃缪妄乎？予曰：《局方》用燥剂，为劫湿病也，湿得燥则豁然而收。《局方》用暖剂，为劫虚病也，补脾不补肾，脾得暖则易化而食进，下虽暂虚，亦可少回。《内经》治法，亦许用劫，正是此意。盖为质浓而病浅者说，此亦儒者用权之意。若以为经常之法，岂不大误。彼老年之人，质虽浓，此时亦近乎薄，病虽浅，其本亦易以拨，而可用劫药以取速效乎？若夫形肥者血多，形瘦者血实，间或有可用劫药者，设或失手，何以收救。吾宁稍迟，计出万全，岂不美乎！乌附丹剂，其不可轻饵也明矣。至于饮食尤当谨节。夫老人内虚脾弱，阴亏性急，内虚胃热，则易饥而思食。脾弱难化，则食已而再饱。阴亏难降，则气郁而成痰。至于视听言动，皆成废懒，百不如意，怒火易炽。虽有孝子顺孙，亦是动辄扼腕，况未必孝顺乎。所以物性之热者，炭火制作者，气之香辣者，味之甘腻者，皆不可食也明矣。虽然，肠胃坚浓，福气深壮者，世俗观之，何妨奉养。纵口固快一时，积久必为灾害。由是观之，多不如少，少不如绝，爽口作疾，浓味腊毒，古人格言，犹在人耳，可不慎欤。或曰：如子之言，殆将绝而不与，于汝安乎？予曰：君子爱人以德，小人爱人以姑息，况施于所尊者哉。惟饮与食，将以养生，不以致疾。若以所养转为所害，恐非君子之所谓孝与敬也。然则如之何则可？曰：好生恶死，好安恶病，人之常情。为子与孙，必先开之以义理，晓之以物性，旁譬曲喻，陈说利害，意诚辞确，一切以敬顺行之，又须以身先之，必将有所感悟，而自无捍格之逆矣。若子所谓绝而不与，施于有病之时，尤是孝道。若无病之时，量酌可否，以时而进，某物不食，以某物代之，何伤于孝敬乎。若夫平居闲话，素无开导诱掖之言，及至饥肠已呜，馋涎已动，饮食在前，馨香扑鼻，其可禁乎。经曰：以饮食忠养之。忠之一字，恐与此意合，请勿轻易看过。予事老母，固有愧于古者，然母年逾七旬，素多痰饮，至此不作。节养有道，自谓有术，只因大便燥结，时以新牛乳猪脂和糜粥中进之，虽得临时滑利，终是腻物积多，次年夏时，郁为粘痰，发为胁疮，连月苦楚，为人子者，置身无地，因此苦思而得节养之说，时以小菜和肉煮进之，且不敢多，又间与参、术补胃生血之药加减，遂得大腑不燥，面色莹洁，虽瘦弱终是无病，老境得健，职此之由也。因成一方，用参、术为君，牛膝、芍药为臣，陈皮、茯苓为佐，春加川芎，夏加五味、黄芩、麦冬，冬加当归身，倍生姜。一日或一帖，或二帖，候其小水才觉短少，便进此药，小水之长如旧，即是却病捷法，直到八十有七，一旦无病而死，颜貌如生。后到东阳，因闻老何安人，性聪敏，七十以后，稍觉不快，便却粥数日，单服人参汤数帖而止，后九十余无疾而卒，以其偶同，故笔之，以求是正。,病名,"[""老年后"",""情志异常""]",,脾肾阳虚,,"[""原发性-老年型""]",,"[""乏力""]",,"[""中药内服""]",,"[{""name"": ""乌附丹剂"", ""type"": ""方剂"", ""note"": ""文中论述其性燥热，不宜轻用于老年阴血不足者""}, {""name"": ""人参汤"", ""type"": ""方剂"", ""note"": ""老年体虚不适时单服数帖以调养""}, {""name"": ""参术牛膝芍药等方"", ""type"": ""其他"", ""note"": ""作者自拟调养方，以参、术为君，牛膝、芍药等加减""}]",1.0,比及五十，疾已蜂起，气耗血竭，筋柔骨痿,True,True,好转,"[{""classical_span"": ""筋柔骨痿"", ""why_supports"": ""直接出现“骨痿”病名，指向骨质衰弱、萎软""}, {""classical_span"": ""六七十后，阴不足以配阳"", ""why_supports"": ""强调老年阴亏，为骨质疏松常见内在基础""}]",1,"[""文本虽有骨痿，但未记载骨折等现代特异指标"", ""证型存在多重虚证，单一证型选择可能有争议"", ""部分用药为调养经验，非专治骨病""]",cf5d523a57499a6de495bc6a1b755d61,"['乌附丹剂', '人参汤', '参术牛膝芍药等方']",明,['乏力']
ok,572,2026-02-04 17:03:00,普济方,1406.0,骨痿,卷三十二 肾脏门 肾脏虚损骨痿羸瘦（附论）,所以骨痿肌肤损削而形羸瘦也。经曰。骨者髓之腑。不能久立。行则振掉。骨将惫矣。此之谓也  x方 x x紫石丸 治肾脏虚损羸瘦。饮食不进。肌肤骨痿无力。腰脚疼痛。宜服。补益气 xx力。令人健紫石英（一两细研水飞过） 肉苁蓉（二两酒浸一宿去皮炙令干） 白石英（一两细研 水飞 过） 磁石（二两醋淬七遍细研水飞过） 鹿茸（去毛酥炙干） 菟丝子（二两浸三日晒干 为末）,病名,[],,肾阳虚证,,[],,"[""腰背痛"", ""骨痛"", ""乏力"", ""活动受限"", ""步态不稳""]",,"[""中药内服""]",,"[{""name"": ""紫石丸"", ""type"": ""方剂"", ""note"": ""治肾脏虚损羸瘦、肌肤骨痿无力、腰脚疼痛""}, {""name"": ""紫石英"", ""type"": ""单味药"", ""note"": ""方中用药，细研水飞""}, {""name"": ""肉苁蓉"", ""type"": ""单味药"", ""note"": ""酒浸炙用，补益""}, {""name"": ""白石英"", ""type"": ""单味药"", ""note"": ""细研水飞""}, {""name"": ""磁石"", ""type"": ""单味药"", ""note"": ""醋淬七遍，细研水飞""}, {""name"": ""鹿茸"", ""type"": ""单味药"", ""note"": ""去毛酥炙""}, {""name"": ""菟丝子"", ""type"": ""单味药"", ""note"": ""浸晒为末""}]",1.0,所以骨痿肌肤损削而形羸瘦也。骨者髓之腑。不能久立。行则振掉。,True,True,,"[{""classical_span"": ""骨痿肌肤损削而形羸瘦"", ""why_supports"": ""直接出现骨痿病名，指向骨弱萎软""}, {""classical_span"": ""不能久立。行则振掉"", ""why_supports"": ""体现骨力不足、功能障碍""}]",1,"[""若将证型强行并列多证，违反单选规则"", ""若推断具体现代分型（如老年型）但原文无年龄依据"", ""若遗漏原文明确出现的骨痿而判为低相关""]",02c3c8890ebd238fdda9334a7309e0c9,"['白石英', '磁石', '紫石丸', '紫石英', '肉苁蓉', '菟丝子', '鹿茸']",明,"['乏力', '步态不稳', '活动受限', '腰背痛', '骨痛']"
ok,574,2026-02-04 17:03:04,普济方,1406.0,骨痿,卷三十二 肾脏门 肾脏虚损骨痿羸瘦（附论）,x牛膝丸 x（出圣惠方） x治肾脏虚损。骨痿无力。坐而难起。目视茫茫。恍惚不 xx定。短气。肌髓牛膝（一两半） 柏子仁（三分） 桂心（三分） 白茯苓（三分） 黄 （一两） 白 石英（一 两细研） 鹿茸（一两涂酥炙黄） 五味子（三分） 人参（三分） 附子（一两炮） 覆 盆子（一 两） 山茱萸（三分） 菟丝子（三两酒浸） 芎 （三分） 杜仲（三分去粗皮炒） 熟 地黄（三 分） 防风（三分去芦） 石斛（一两去根） 肉苁蓉（一两酒浸去皮微炒） 磁石（一两 烧醋淬七 次研水飞） 补骨脂（一两微炒） 上为末。炼蜜和捣三五百杵。丸如梧桐子大。每服空心及 晚食前。以x鹿茸丸 x（出圣济总录） x治肾脏虚损。骨痿羸瘦。心烦腹急。腰重耳鸣。行步无 xx力。 x鹿茸（酒浸一宿酥炙） 石斛（去根） 附子（炮去皮脐） 桂心（一两） 牛膝（酒 浸一两）,方药,[],,肾阳虚证,,"[""其他""]",古籍病名“骨痿”对应现代骨量不足、骨无力范畴，未限定年龄与性别,"[""活动受限"", ""乏力"", ""步态不稳""]",,"[""中药内服""]",,"[{""name"": ""牛膝丸"", ""type"": ""方剂"", ""note"": ""治肾脏虚损、骨痿无力、坐而难起""}, {""name"": ""鹿茸丸"", ""type"": ""方剂"", ""note"": ""治肾脏虚损、骨痿羸瘦、行步无力""}]",1.0,治肾脏虚损。骨痿无力。坐而难起……行步无力。,True,True,,"[{""classical_span"": ""骨痿无力"", ""why_supports"": ""明确出现古籍高度相关病名“骨痿”""}, {""classical_span"": ""坐而难起"", ""why_supports"": ""提示下肢与骨骼功能减退""}, {""classical_span"": ""行步无力"", ""why_supports"": ""符合骨弱致活动能力下降""}]",3,"[""仅凭方药条文，缺乏人群与年龄信息"", ""未记载骨折等现代关键结局指标"", ""证型可能兼夹他证，单一归类存在简化风险""]",2f73a3f7163502600696a678fffb2bdf,"['牛膝丸', '鹿茸丸']",明,"['乏力', '步态不稳', '活动受限']"
ok,575,2026-02-04 17:03:07,圣济总录,1117.0,骨痿,卷第五十二&#183;肾脏门 肾脏虚损骨痿羸瘦,治肾气虚损，骨痿体瘦无力，两耳KT KT 鸣，甚即成聋，短气不足。石斛饮方,方药,[],,肾阳虚证,,[],,"[""乏力""]",,"[""中药内服""]",,"[{""name"": ""石斛饮"", ""type"": ""方剂"", ""note"": ""治肾气虚损，骨痿体瘦无力""}, {""name"": ""石斛"", ""type"": ""单味药"", ""note"": ""方中主药之一""}, {""name"": ""肉苁蓉"", ""type"": ""单味药"", ""note"": ""补肾助阳""}, {""name"": ""熟地黄"", ""type"": ""单味药"", ""note"": ""滋补肾精""}, {""name"": ""当归"", ""type"": ""单味药"", ""note"": ""养血""}, {""name"": ""人参"", ""type"": ""单味药"", ""note"": ""益气""}]",1.0,治肾气虚损。骨痿体瘦无力。,True,True,,"[{""classical_span"": ""骨痿体瘦无力"", ""why_supports"": ""“骨痿”为古籍中与骨质疏松高度对应的病名""}]",1,"[""若未明确出现“骨痿”等病名则不宜高分映射"", ""证型可能并非单一肾阳虚而存在复合证"", ""未提供人群与年龄信息，无法细分现代表型""]",e309834e676831a81a8e0b7ab6314d8e,"['人参', '当归', '熟地黄', '石斛', '石斛饮', '肉苁蓉']",宋金元,['乏力']
ok,576,2026-02-04 17:03:07,普济方,1406.0,骨痿,卷三十二 肾脏门 肾脏虚损骨痿羸瘦（附论）,x干地黄丸 x（出圣惠方） x治肾脏虚损。肌体羸瘦。骨痿无力。腰脚痛。小便滑 xx数。 x熟干地黄（二两） 山茱萸（去核二两） 白茯苓（二两） 山芋（二两） 石斛（去 根） 桂 （一两） 附子（炮去皮脐） 牛膝（酒浸） 巴戟天（去心） 五味子（一两） 泽泻（二 两） 黄 （一两） 天门冬（去心） 鹿角胶（一两） 柏子仁（一两） 菟丝子（酒浸一两） 肉 苁蓉（酒浸 炒二两）,方药,[],,肾阳虚证,,[],,"[""腰背痛"", ""乏力"", ""活动受限""]",,"[""中药内服""]",,"[{""name"": ""干地黄丸"", ""type"": ""方剂"", ""note"": ""出《圣惠方》，治肾脏虚损、骨痿无力、腰脚痛""}]",1.0,治肾脏虚损。肌体羸瘦。骨痿无力。腰脚痛。,True,True,,"[{""classical_span"": ""骨痿无力"", ""why_supports"": ""直接出现“骨痿”病名，为古籍中与骨质疏松高度对应的核心概念""}, {""classical_span"": ""腰脚痛"", ""why_supports"": ""符合骨量减少相关的慢性腰背及下肢疼痛表现""}]",1,"[""未明确区分是否存在脆性骨折，可能与其他慢性骨病混淆"", ""未给出明确人群或年龄背景，现代分型映射受限"", ""仅基于方药条文，缺乏长期转归或结局描述""]",d33ed55d8f49e6ff844d5bfd833c2a91,['干地黄丸'],明,"['乏力', '活动受限', '腰背痛']"
ok,577,2026-02-04 17:03:09,普济方,1406.0,骨痿,卷三十二 肾脏门 肾脏虚损骨痿羸瘦（附论）,x牛膝丸 x（出济生拔粹） x治肾脏骨痿不能起。筋缓不能自收。特宜暖中。 x牛膝（酒浸二两） 萆 （一两） 杜仲（炒一两） 苁蓉（酒浸二两） 防风（一两）,方药,[],,脾胃虚弱证,,[],,"[""活动受限"", ""乏力""]",,"[""中药内服""]",,"[{""name"": ""牛膝丸"", ""type"": ""方剂"", ""note"": ""治肾脏骨痿不能起、筋缓不能自收""}, {""name"": ""牛膝"", ""type"": ""单味药"", ""note"": ""酒浸，用于方中""}, {""name"": ""萆薢"", ""type"": ""单味药"", ""note"": ""方中组成""}, {""name"": ""杜仲"", ""type"": ""单味药"", ""note"": ""炒用，方中组成""}, {""name"": ""苁蓉"", ""type"": ""单味药"", ""note"": ""酒浸，方中组成""}, {""name"": ""防风"", ""type"": ""单味药"", ""note"": ""方中组成""}]",1.0,治肾脏骨痿不能起。筋缓不能自收。,True,True,,"[{""classical_span"": ""肾脏骨痿不能起"", ""why_supports"": ""明确出现“骨痿”，属古籍中与骨质疏松高度对应的病名范畴""}]",1,"[""若将证型或人群强行推断为老年或绝经期，属于臆造信息"", ""若添加原文未提及的疼痛、骨折等症状，证据不足"", ""若将现代骨质疏松具体分型强行对应，超出文本所能支持范围""]",b63384607096787e9a71873814343c93,"['杜仲', '牛膝', '牛膝丸', '苁蓉', '萆薢', '防风']",明,"['乏力', '活动受限']"
ok,578,2026-02-04 17:03:16,圣济总录,1117.0,骨痿,卷第五十二&#183;肾脏门 肾脏虚损骨痿羸瘦,治肾气虚损，骨痿肉瘦，耳鸣心烦，小腹里急，气引膀胱连腰膝痛。补骨脂丸方,方药,[],,脾胃虚弱证,,[],,"[""活动受限"", ""乏力""]",“骨痿肉瘦”提示肢体痿软、功能减退,"[""中药内服""]",,"[{""name"": ""补骨脂丸"", ""type"": ""方剂"", ""note"": ""治肾脏虚损、骨痿肉瘦（出《圣济总录》）""}, {""name"": ""补骨脂"", ""type"": ""单味药"", ""note"": ""方中主药""}, {""name"": ""五味子"", ""type"": ""单味药"", ""note"": ""方中配伍""}, {""name"": ""石斛"", ""type"": ""单味药"", ""note"": ""方中配伍""}, {""name"": ""白茯苓"", ""type"": ""单味药"", ""note"": ""方中配伍""}, {""name"": ""熟地黄"", ""type"": ""单味药"", ""note"": ""方中配伍""}, {""name"": ""杜仲"", ""type"": ""单味药"", ""note"": ""方中配伍""}]",1.0,治肾脏虚损。骨痿肉瘦。,True,True,,"[{""classical_span"": ""骨痿肉瘦"", ""why_supports"": ""出现“骨痿”这一高度指向骨质疏松的古籍病名""}]",3,"[""未在原文明确出现现代分型却强行指定现代表型"", ""症状由方义推断过度，超出原文直接表述"", ""将非骨病症状误纳入骨质疏松映射""]",15da62c0195433ac22f37b1dcb2be1d7,"['五味子', '杜仲', '熟地黄', '白茯苓', '石斛', '补骨脂', '补骨脂丸']",宋金元,"['乏力', '活动受限']"
ok,580,2026-02-04 17:03:20,圣济总录,1117.0,骨痿,卷第五十二&#183;肾脏门 肾脏虚损骨痿羸瘦,治肾脏伤惫，腰膝无力，形瘦骨痿，头目昏沉，时忽旋晕，项背疼痛，不得俯仰。鹿茸丸方,方药,[],,肾阳虚证,,[],,"[""腰背痛"", ""乏力"", ""活动受限""]",,"[""中药内服""]",,"[{""name"": ""鹿茸丸"", ""type"": ""方剂"", ""note"": ""治肾脏伤惫、腰膝无力、形瘦骨痿""}, {""name"": ""鹿茸"", ""type"": ""单味药"", ""note"": ""方中主药，酥炙""}, {""name"": ""天雄"", ""type"": ""单味药"", ""note"": ""炮去皮脐""}, {""name"": ""白附子"", ""type"": ""单味药"", ""note"": """"}, {""name"": ""鹿髓"", ""type"": ""单味药"", ""note"": ""去膜别研如膏""}, {""name"": ""腽肭脐"", ""type"": ""单味药"", ""note"": ""酥炙""}]",1.0,治肾脏伤惫。腰膝无力。形瘦骨痿。,True,True,,"[{""classical_span"": ""形瘦骨痿"", ""why_supports"": ""直接出现骨痿，为古籍中与骨质疏松高度对应的病名""}, {""classical_span"": ""腰膝无力"", ""why_supports"": ""符合骨质疏松常见的腰膝酸软、功能减退表现""}]",3,"[""原文未提供明确人群信息，难以对应具体现代分型"", ""未见骨折记载，部分骨质疏松特征缺失"", ""证型可能兼及脾胃虚弱，但需单选存在简化风险""]",bae0e846e41de76bbe9e2b805abd23fc,"['天雄', '白附子', '腽肭脐', '鹿茸', '鹿茸丸', '鹿髓']",宋金元,"['乏力', '活动受限', '腰背痛']"
ok,582,2026-02-04 17:03:23,奇效良方,1449.0,骨痿,卷之四十五 痿门（附论） 痿通治方,治膀胱肾冷，坐起欲倒，目 ，气不足，骨痿。,病名,[],,肾阳虚证,,[],,"[""乏力"", ""活动受限""]",“坐起欲倒”“气不足骨痿”提示乏力与活动受限,"[""中药内服""]",,"[{""name"": ""龙骨丸"", ""type"": ""方剂"", ""note"": ""出《千金方》，治膀胱肾冷、气不足骨痿""}]",1.0,气不足骨痿,True,True,,"[{""classical_span"": ""骨痿"", ""why_supports"": ""骨痿为古籍中与骨质衰弱高度相关的病名""}, {""classical_span"": ""气不足骨痿"", ""why_supports"": ""明确描述骨痿成因与体虚相关，契合骨质疏松慢性骨弱特征""}]",3,"[""原文未涉及明确年龄或性别信息，难以细分现代分型"", ""症状描述较简略，缺乏骨折等关键现代表现"", ""部分字句残缺，影响症状完整理解""]",3e46cba7c563ca453bdc8fabbb29a46a,['龙骨丸'],明,"['乏力', '活动受限']"
ok,591,2026-02-04 17:03:39,普济方,1406.0,骨痿,卷二百三十五 劳瘵门 劳瘵（附论）,x方 x x木香蛤蚧丸 x（出直指方） x治劳瘵久嗽。声干。骨痿瘦瘁。 x蛤蚧（一对尾全者洗净酥炙） 生鳖甲（去裙醋炙干） 白茯苓 川芎 当归 北五味 子 牛膝（各七钱半） 绵黄 柴胡 知母 贝母 鸡心槟榔 明阿胶（炒酥） 巴戟（酒浸 去心 晒） 桃仁（酒浸去皮焙各半两） 木香（三钱） 肉豆蔻（三个生） 秦艽（洗） 羌活 生 发 （纸燃火烧存性） 故纸（炒各三钱） 上细为末。炼蜜丸。弹子大。每服一丸。煎枣汤空心服 下。,方药,[],,脾胃虚弱证,,[],,[],,"[""中药内服""]",,"[{""name"": ""木香蛤蚧丸"", ""type"": ""方剂"", ""note"": ""治劳瘵久嗽，骨痿瘦瘁""}]",1.0,治劳瘵久嗽。声干。骨痿瘦瘁。,True,True,,"[{""classical_span"": ""骨痿瘦瘁"", ""why_supports"": ""明确出现“骨痿”病名，直接指向骨萎弱、骨量不足范畴""}]",3,"[""原文未涉及骨折或身高变矮等现代特征，可能被质疑为映射过宽"", ""证型依据来自参考列而非正文，可能存在解释偏差"", ""属慢性虚损病证，亦可能对应其他消耗性骨病而非骨质疏松""]",db6e4d140bdd7588a876d6628ca837dc,['木香蛤蚧丸'],明,[]
ok,589,2026-02-04 17:03:39,黄帝素问宣明论方,1172.0,骨痿,卷九 劳门,x紫菀散 x 治劳，体热心寒，脉滑短，咳嗽，妇人多有此疾。口干眼涩，骨痿短气。,病名,"[""情志异常""]",,肾阳虚证,,[],,"[""活动受限""]",,"[""中药内服""]",,"[{""name"": ""小百劳散"", ""type"": ""方剂"", ""note"": ""治劳喘嗽不已，自汗者""}, {""name"": ""紫菀散"", ""type"": ""方剂"", ""note"": ""治劳体热心寒、短气嗽，并及骨痿短气""}]",1.0,骨痿短气，皆因肠胃燥滞，营卫不能开发,True,True,,"[{""classical_span"": ""骨痿短气"", ""why_supports"": ""明确出现“骨痿”这一与骨质疏松高度对应的古籍病名""}]",1,"[""未区分骨痿与其他虚劳咳嗽病机，可能混合多病证"", ""未提供明确年龄或骨折信息，现代表型难以细分"", ""症状多为虚劳表现，非专指骨质疏松亦可能""]",51086305a2c6d89d41bf68c7ecde3159,"['小百劳散', '紫菀散']",宋金元,['活动受限']
ok,2445,2026-02-04 18:15:40,古今图书集成医部全录,1726.0,骨空,正文 古今图书集成医部全录卷三百一,痿废之证，乃阳明火证。肾水不足以滋之，则骨空不能立。方用元参、熟地、山茱萸各三两，麦冬二两，水煎服。此方妙在熟地、山茱全去滋水，而元参去浮游之火，麦冬生肺金之阴，阴长阳消，阳明自然息焰。火焰既息，金水又生，脏腑有津，骨髓自满，而两足有不能步履者乎？,病名,[],,肝肾阴虚证,,[],,"[""活动受限"", ""步态不稳""]",,"[""中药内服""]",,"[{""name"": ""元参"", ""type"": ""单味药"", ""note"": ""去浮游之火""}, {""name"": ""熟地"", ""type"": ""单味药"", ""note"": ""滋肾水、充骨髓""}, {""name"": ""山茱萸"", ""type"": ""单味药"", ""note"": ""滋肾水""}, {""name"": ""麦冬"", ""type"": ""单味药"", ""note"": ""生肺金之阴""}]",1.0,肾水不足以滋之，则骨空不能立……骨髓自满，而两足有不能步履者乎？,True,True,,"[{""classical_span"": ""骨空不能立"", ""why_supports"": ""直接出现“骨空”，指骨质空虚、不能支撑身体""}, {""classical_span"": ""骨髓自满"", ""why_supports"": ""以充骨髓为治则，对应骨量不足的病理认识""}]",1,"[""未明确记载患者年龄与性别，无法细分现代骨质疏松表型"", ""证型判定基于“肾水不足”语义，仍可能存在其他解释空间"", ""缺乏影像或骨折等直接证据，属于古代语境下的类比映射""]",bdf83f94c8896117f182bd932dccd7d7,"['元参', '山茱萸', '熟地', '麦冬']",清,"['步态不稳', '活动受限']"
ok,2775,2026-02-04 18:28:33,古今图书集成医部全录,1726.0,骨痿,正文 古今图书集成医部全录卷一百九十六,痢后下虚，不善调养，或远行，或房劳，或外感，致两足痿软，或痛或痹，遂成痢风，宜用独活寄生汤，吞虎骨四斤丸，仍以骨碎补三分之一，同研取汁，酒解服之。外用杜仲、牛膝、杉木节、萆薢、白芷、南星煎汤，频频熏洗。此亦从肾虚骨痿而治也。,病名,[],,肾虚血瘀证,文中明确称“肾虚骨痿”“足少阴药也”，以肾虚致骨痿为核心,[],,"[""骨痛"", ""活动受限"", ""乏力""]",原文有“两足痿软或痛或痹”“骨中毒气疼痛”等描述,"[""中药内服"", ""中药外用""]",,"[{""name"": ""骨碎补"", ""type"": ""单味药"", ""note"": ""治骨痿、坚骨固牙、益精髓""}, {""name"": ""独活寄生汤"", ""type"": ""方剂"", ""note"": ""治痢后下虚致两足痿软""}, {""name"": ""虎骨丸"", ""type"": ""其他"", ""note"": ""与独活寄生汤同用治骨痿""}, {""name"": ""杜牛膝等熏洗方"", ""type"": ""外治"", ""note"": ""外用熏洗两足痿软""}]",1.0,遂成痢风…两足痿软或痛或痹…此亦从肾虚骨痿而治也,True,True,,"[{""classical_span"": ""肾虚骨痿"", ""why_supports"": ""明确出现高度相关古籍病名，直指骨痿范畴""}, {""classical_span"": ""两足痿软或痛或痹"", ""why_supports"": ""符合骨质疏松相关筋骨痿软、骨痛表现""}]",1,"[""未见现代年龄/性别信息却强行对应具体人群"", ""将牙病等非骨痿主诉误当骨质疏松证据"", ""无骨折或骨弱证据却过度推断表型""]",a234df74a89fac80d2060627dcab3233,"['杜牛膝等熏洗方', '独活寄生汤', '虎骨丸', '骨碎补']",清,"['乏力', '活动受限', '骨痛']"
ok,640,2026-02-04 17:05:41,圣济总录,1117.0,骨痿,卷第五十二&#183;肾脏门 肾脏虚损骨痿羸瘦,治肾脏虚损，骨痿羸瘦。行坐无力。短气不足，腰背相引疼痛。石钟乳丸方,病名,[],,肾阳虚证,,[],,"[""活动受限"", ""乏力""]",,"[""中药内服""]",,"[{""name"": ""鹿茸丸"", ""type"": ""方剂"", ""note"": ""用于治疗肾气虚损所致骨痿羸瘦""}]",1.0,治肾气虚损，骨痿羸瘦，行坐无力,True,True,,"[{""classical_span"": ""骨痿羸瘦"", ""why_supports"": ""直接出现“骨痿”病名，属骨枯骨弱范畴，与骨质疏松高度一致""}, {""classical_span"": ""行坐无力"", ""why_supports"": ""反映筋骨无力、功能受限，符合慢性骨量不足表现""}]",4,"[""若未见“骨痿”等明确病名则相关性可能被高估"", ""未提供人群与年龄信息，无法映射具体现代表型"", ""症状未涉及骨折等结局性证据，可能为其他虚损骨病""]",2d80c6a6a486b6c1e01cccbbf26c9d65,['鹿茸丸'],宋金元,"['乏力', '活动受限']"
ok,642,2026-02-04 17:05:50,圣济总录,1117.0,骨痿,卷第五十二&#183;肾脏门 肾脏虚损骨痿羸瘦,治肾气虚损羸瘦。饮食不为肌肤，骨痿无力，腰脚酸痛。肉苁蓉丸方,方药,[],,肾阳虚证,,[],,"[""腰背痛"", ""乏力""]",,"[""中药内服""]",,"[{""name"": ""肉苁蓉丸"", ""type"": ""方剂"", ""note"": ""用于治疗肾气虚损、骨痿无力、腰脚酸痛""}]",1.0,治肾气虚损羸瘦。饮食不为肌肤，骨痿无力，腰脚酸痛。,True,True,,"[{""classical_span"": ""骨痿无力"", ""why_supports"": ""直接出现高度相关病名“骨痿”，与骨量减少、骨弱高度一致""}, {""classical_span"": ""腰脚酸痛"", ""why_supports"": ""符合骨质疏松常见的慢性腰背痛表现""}]",1,"[""原文未提供明确人群或年龄信息，相关人群映射可能不足"", ""未记载客观骨折或身高改变等现代诊断要点"", ""证型可能并存脾胃虚弱，但本条仅能单选主证""]",3f9188fdba79757414c5147fb3b3288b,['肉苁蓉丸'],宋金元,"['乏力', '腰背痛']"
ok,643,2026-02-04 17:05:50,圣济总录,1117.0,骨痿,卷第五十二&#183;肾脏门 肾脏虚损骨痿羸瘦,治肾脏久虚，体瘦骨痿。腰脚酸疼，脐腹冷痛，饮食无味，行坐少力，夜多梦泄，耳内蝉鸣。巴戟天丸方,病名,[],,肾阳虚证,,[],,"[""腰背痛"", ""活动受限"", ""乏力""]",,"[""中药内服""]",,"[{""name"": ""巴戟天丸"", ""type"": ""方剂"", ""note"": ""用于治疗肾脏久虚、体瘦骨痿等""}]",1.0,治肾脏久虚，体瘦骨痿。腰脚酸疼，行坐少力。,True,True,,"[{""classical_span"": ""体瘦骨痿"", ""why_supports"": ""“骨痿”为古籍中高度指向骨质衰弱的核心病名""}, {""classical_span"": ""腰脚酸疼，行坐少力"", ""why_supports"": ""符合骨质疏松常见的慢性疼痛与功能受限表现""}]",4,"[""未提供明确患者年龄或性别，无法细分现代骨质疏松具体亚型"", ""部分症状亦可见于其他慢性虚损或痹证，存在鉴别空间"", ""缺乏影像或骨折描述，仅基于古籍语义映射""]",1cd736100553b52225cdd82596979ee0,['巴戟天丸'],宋金元,"['乏力', '活动受限', '腰背痛']"
ok,646,2026-02-04 17:05:58,圣济总录,1117.0,骨痿,卷第五十二&#183;肾脏门 肾脏虚损骨痿羸瘦,上七味，捣罗为末，酒煮面糊，丸如梧桐之大，空心温酒或盐汤下二十丸，加至三十丸治肾脏虚损，肌体羸瘦，骨痿无力，腰脚酸疼，小便浓浊。熟干地黄丸方,方药,[],,肾阳虚证,,[],,"[""腰背痛"", ""乏力""]",,"[""中药内服""]",,"[{""name"": ""熟干地黄丸"", ""type"": ""方剂"", ""note"": ""用于治疗肾脏虚损、骨痿无力、腰脚酸疼""}]",1.0,治肾脏虚损，肌体羸瘦，骨痿无力，腰脚酸疼,True,True,,"[{""classical_span"": ""骨痿无力"", ""why_supports"": ""直接出现“骨痿”病名，属古籍中与骨量衰减高度相关范畴""}, {""classical_span"": ""肾脏虚损，肌体羸瘦"", ""why_supports"": ""描述慢性虚损与形体消瘦，符合骨质疏松相关背景""}]",1,"[""原文未提供明确年龄或性别信息，难以对应具体现代表型"", ""若忽略原文“骨痿”而仅凭腰痛推断，可能造成过度映射"", ""证型可能兼涉脾胃虚弱，但文本不足以支持多证型并列""]",74af3a8e1f9e92fa5a06a7fc5b7cf4d7,['熟干地黄丸'],宋金元,"['乏力', '腰背痛']"
ok,658,2026-02-04 17:06:28,寿世保元,1615.0,骨痿；骨枯,卷四 补益,骨枯髓减者。枯涸之极也。肾主骨。故曰骨痿。是方也。地黄、茱萸。味浓而能生阴。知柏苦寒能泻火。泽泻、丹皮。能去坎中之热。山药、茯苓。能制肾间之邪。王冰曰。壮水之主。以制阳光。此方主之。,病名,[],,肝肾阴虚证,,[],,[],,"[""中药内服""]",,"[{""name"": ""地黄"", ""type"": ""单味药"", ""note"": ""味浓生阴，用于骨枯髓减""}, {""name"": ""山茱萸"", ""type"": ""单味药"", ""note"": ""味浓生阴，补肾""}, {""name"": ""知母"", ""type"": ""单味药"", ""note"": ""苦寒泻火""}, {""name"": ""黄柏"", ""type"": ""单味药"", ""note"": ""苦寒泻火""}, {""name"": ""泽泻"", ""type"": ""单味药"", ""note"": ""去坎中之热""}, {""name"": ""牡丹皮"", ""type"": ""单味药"", ""note"": ""去坎中之热""}, {""name"": ""山药"", ""type"": ""单味药"", ""note"": ""制肾间之邪""}, {""name"": ""茯苓"", ""type"": ""单味药"", ""note"": ""制肾间之邪""}]",1.0,骨枯髓减者。枯涸之极也。肾主骨。故曰骨痿。,True,True,,"[{""classical_span"": ""骨枯髓减者"", ""why_supports"": ""直接描述骨与骨髓枯减，符合骨量不足""}, {""classical_span"": ""肾主骨。故曰骨痿"", ""why_supports"": ""明确骨痿病名，与骨质疏松高度对应""}]",1,"[""未提供明确现代诊断指标，可能仅为中医病名描述"", ""缺乏人群与临床结局信息，限制现代表型映射"", ""症状体征未详，可能与其他骨病混淆""]",ade2dc9192d58849257317e892136858,"['地黄', '山茱萸', '山药', '泽泻', '牡丹皮', '知母', '茯苓', '黄柏']",明,[]
ok,2820,2026-02-04 18:30:32,古今图书集成医部全录,1726.0,骨痿,正文 古今图书集成医部全录卷九十九,胃中元气盛，则能食而不伤，过时而不饥。脾胃俱旺，则能食而肥。脾胃俱虚，则不能食而瘦，或少食而肥，虽肥而四肢不举，盖脾实而邪气盛也。又有善食而瘦者，胃伏火邪于气分则能食，脾虚则肌肉削，即食??亦也。叔和云：多食亦肌虚。此之谓也。夫饮食不节则胃病，胃病则气短，精神少，而生大热，有时而显火上行，独燎其面。《黄帝针经》云：面热者足阳明病。胃既病则脾无所禀受，脾为死阴不主时也，故亦从而病焉。形体劳役则脾病，脾病则怠惰嗜卧，四肢不收，大便泄泻。脾既病，则其胃不能独行津液，故亦从而上焉。大抵脾胃虚弱，阳气不能生长，是春夏之令不行，五脏之气不生。脾病则下流乘肾，土克水，则骨毛无力，是为骨痿，令人骨髓空虚，足不能履地，是阴气重迭，此阴盛阳虚之证。大法云：汗之则愈，下之则死。若用辛甘之药滋胃，当升当浮，使生长之气旺。言其汗者，非正发汗也，为助阳也。夫胃病其脉缓，脾病其脉迟，且其人当脐有动气，按之牢若痛。若火乘土位，其脉洪缓，更有身热心中不便之证，此阳气衰弱不能生发，不当于五脏中用药法治之，当从脏气法时论中升降浮沉补泻法用药耳。如脉缓病怠惰，嗜卧，四肢不收，或大便泄泻，此湿胜，从平胃散。若脉弦气弱，自汗，四肢发热，或大便泄泻，或皮毛枯槁，发脱落，从黄芪建中汤。脉虚而血弱，于四物汤中摘一味或二味，以本显证中加之。或真气虚弱，及气短脉弱，从四君子汤。或渴，或小便闭塞，赤黄多少，从五苓散去桂，摘一二味加正药中。以上五药[药  据文意作「方」。]，当于本证中随所兼见证加减。假令表虚自汗，春夏加黄芪，秋冬加桂。如腹中急缩，或脉弦，加防风；急甚加甘草，腹中窄狭或气短者亦加之；腹满气不转者勿加；虽气不转而脾胃中气不和者，勿去；但加厚朴以破滞气，然亦不可多用，于甘草五分中加一分可也。腹中夯闷，此非腹胀，乃散而不收，可加芍药收之。如肺气短促，或不足者，加人参、白芍药。中焦用白芍药，则脾中升阳，使肝胆之邪不敢犯也。腹中窄狭及缩急者去之，及诸酸濇药亦不可用。腹中痛者，加甘草、白芍药。稼穑作甘，甘者己也；曲直作酸，酸者甲也。甲己化土，此仲景妙法也。腹中痛兼发热，加黄芩；恶寒或腹中觉寒，加桂。怠惰嗜卧有湿，胃虚不能食，或沉困，或泄泻，加苍朮；自汗加白朮。小便不利加茯苓，渴亦加之。气弱者加白茯苓、人参。气盛者加赤茯苓、缩砂仁。气复不能转运有热者，微加黄连；心烦乱亦如之。小便少者加猪苓，泽泻；汗多，津液竭于上勿加之，是津液还入胃中欲自行也。不渴而小便闭塞不通，加炒黄蘗、知母。小便濇者加炒滑石，小便淋濇者加泽泻。且五苓散治渴而小便不利无恶寒者，不得用桂。不渴而小便自利，妄见妄闻，乃瘀血证，用炒黄蘗、知母，以除肾中燥热。窍不利而淋加泽泻、炒滑石。只治窍不利者，六一散中加木通亦可。心脏热者用钱氏方中导赤散。中满或但腹胀者加厚朴，气不顺加橘皮，气滞加青皮一、橘皮三。气短小便利者，四君子汤中去茯苓，加黄芪以补之。如腹中气不转者，更加甘草一半。腹中刺痛或周身刺痛者，或里急者，腹中不宽快是也；或虚坐而大便不得者，皆血虚也，血虚则里急；或血气虚弱，而目睛痛者；皆加当归身。头痛者加川芎，苦头痛加细辛，此少阴之头痛也。发脱落及脐下痛，加熟地黄。予平昔调理脾胃虚弱，于此五药中加减。如五脏证中互显一二证，各对证加药，无不验。然终不能使人完复，后或有因而再至者，亦由督任冲三脉为邪，皆胃气虚弱之所致也。法虽依证加减，执方疗病，不依《素问》法度耳。是以检讨《素问》、《难经》及《黄帝针经》中说脾胃不足之源，乃阳气不足阴气有余，当从六气不足，升降浮沉法，随证用药治之。盖脾胃不足，不同余脏，无定体故也。其治肝心肺肾有余不足，或补或泻，惟益脾胃之药为切。经言至而不至是为不及，所胜妄行，所生受病，所不胜乘之也。至而不至者，谓从后来者为虚邪，心与小肠来乘脾胃也。脾胃脉中见浮大而弦，其病或烦躁闷乱，或四肢发热，或口苦、舌干、咽干，饮食不节，劳役所伤以致脾胃虚弱，乃血所生病，主口中津液不行，故口干咽干也。病人自以为渴，医者治以五苓散，谓止渴燥，而反加渴燥，乃重竭津液以至危亡。经云虚则补其母，当于心与小肠中以补脾胃之根蒂者。甘温之药为之主，以苦寒之药为之使，以酸味为之臣佐。以其心苦缓，急食酸以收之。心火旺则肺金受邪，金虚则以酸补之，次以甘温及甘寒之剂，于脾胃中泻心火之亢盛，是治其本也。所胜妄行者，言心火旺能令母实，母者肝木也，肝木旺，则挟火势无所畏惧而妄行也，故脾胃先受之。或身体沉重，走疰疼痛，盖湿热相搏，而风热郁而不得伸，附着于有形也。或多怒者，风热下陷于地中也。或目病而生内障者，脾裹血，胃主血，心主脉，脉者血之腑也；或云心主血，又云肝主血，肝之窍开于目也。或妄见妄闻，起妄心，夜梦亡人，四肢满闭，转筋，皆肝木大盛而为邪也。或生痿，或生痹，或生厥，或中风，或生恶疮，或作肾痿，或为上热下寒，为邪不一，皆风热不得升长，而木火遏于有形中也。所生受病者，言肺受土火木之邪，而清肃之气伤。或胷满少气短气者，肺主诸气，五脏之气皆不足而阳道不行也。或咳嗽寒热者，湿热乘其内也。所不胜乘之者，水乘木之妄行，而反来侮土。故肾入心为汗，入肝为泣，入脾为涎，入肺为痰、为嗽、为涕、为嚏、为水出鼻也。一说下元土盛克水，致督、任、冲三脉盛，火旺煎熬，令水沸腾而乘脾肺，故痰涎唾出于口也。下行为阴汗，为外肾冷，为足不任身，为脚下隐痛，或水附木势，而上为眼濇、为眵、为冷泪，此皆由肺金之虚而寡于畏也。夫脾胃不足皆为血病，是阳气不足阴气有余，故九窍不通。诸阳气根于阴血中，阴血受火邪则阴盛，阴盛则上乘阳分而阳道不行，无生发升腾之气也。夫阳气走空窍者也，阴气附形质者也，如阴气附于土，阳气升于天，则各安其分也。今所立方中有辛甘温药者，非独用也，复有甘苦大寒之剂，亦非独用也，以火酒二制为之使，引苦甘寒药至顶，而复入于肾肝之下，此所谓升降浮沉之道，自耦而奇，奇而至耦者也。 【 阳分奇，阴分耦。】 泻阴火。以诸风药，升发阳气，以滋肝胆之用，是令阳气生上出于阴分，末用辛甘温药接其升药，使大发散于阳分，而令走九窍也。经云：食入于胃，散精于肝，淫气于筋。食入于胃，浊气归心，淫精于脉，脉气流经，经气归于肺，肺朝百脉，输精于皮毛，毛脉合精，行气于腑，且饮食入胃，先行阳道而阳气升浮也。浮者阳气散满皮毛，升者充塞头顶，则九窍通利者，若饮食不节，损其胃气，不能克化散于肝，归于心，溢于肺，食入则昏冒欲睡，得卧则食在一边，气暂得舒，是知生发之气不行者此也。经云：饮入于胃，游溢精气，上输于脾。脾气散精，上归于肺。病人饮入胃，遽觉至脐下，便欲小便，由精气不输于脾，不归于肺，则心火上攻，使口燥咽干，是阴气大盛，其理甚易知也。况脾胃病，则当脐有动气，按之牢若痛，有是者，乃脾胃虚，无是则非也。亦可作明辩矣。,病名,"[""情志异常""]",,脾胃虚弱证,,[],,"[""活动受限"", ""步态不稳"", ""乏力""]",,"[""中药内服""]",,"[{""name"": ""平胃散"", ""type"": ""方剂"", ""note"": ""湿胜、脉缓怠惰嗜卧时使用""}, {""name"": ""黄芪建中汤"", ""type"": ""方剂"", ""note"": ""脉弦气弱、自汗、四肢发热等""}, {""name"": ""四物汤"", ""type"": ""方剂"", ""note"": ""脉虚血弱，随证加减""}, {""name"": ""四君子汤"", ""type"": ""方剂"", ""note"": ""真气虚弱、气短脉弱""}, {""name"": ""五苓散"", ""type"": ""方剂"", ""note"": ""渴或小便不利等兼证""}]",1.0,土克水，则骨毛无力，是为骨痿，令人骨髓空虚，足不能履地,True,True,,"[{""classical_span"": ""是为骨痿，令人骨髓空虚"", ""why_supports"": ""直接出现骨痿及骨髓空虚，符合骨量不足概念""}, {""classical_span"": ""足不能履地"", ""why_supports"": ""提示下肢无力、行走障碍，类似骨质疏松功能受限""}]",4,"[""若忽略原文明确病名而强行改判为其他骨病"", ""若将未提及的现代骨折情形臆造入内"", ""若证型多选而违反单选约束""]",890401553f215e5aea757690ebbb2fca,"['五苓散', '四君子汤', '四物汤', '平胃散', '黄芪建中汤']",清,"['乏力', '步态不稳', '活动受限']"
ok,792,2026-02-04 17:11:46,医学心悟,1732.0,骨痿；骨枯,卷三 腰痛,腰痛，有风、有寒、有湿、有热、有瘀血、有气滞、有痰饮，皆标也，肾虚其本也。腰痛拘急，牵引腿足，脉浮弦者，风也；腰冷如冰，喜得热手熨，脉沉迟，或紧者，寒也，并用独活汤主之。腰痛如坐水中，身体沉重，腰间如带重物，脉濡细者，湿也，苍白二陈汤加独活主之。若腰重疼痛，腰间发热，痿软无力，脉弦数者，湿热也，恐成痿症，前方加黄柏主之。若因闪挫跌扑，瘀积于内，转侧如刀锥之刺，大便黑色，脉涩，或芤者，瘀血也，泽兰汤主之。走注刺痛，忽聚忽散，脉弦急者，气滞也，橘核丸主之。腰间肿，按之濡软不痛脉滑者，痰也，二陈汤加白术、萆 、白芥子、竹沥、姜汁主之。腰痛似脱，重按稍止脉细弱无力者，虚也，六君子汤加杜仲、续断主之。若兼阴冷，更佐以八味丸。大抵腰痛悉属肾虚，既挟邪气，必须祛邪，如无外邪，则惟补肾而已。然肾虚之中，又须分辨寒热二证，如脉虚软无力，溺清便溏，腰间冷痛，此为阳虚，须补命门之火，则用八味丸。若脉细数无力，便结溺赤，虚火时炎，此肾气热，髓减骨枯，恐成骨痿，斯为阴虚，须补先天之水，则用六味丸，合补阴丸之类，不可误用热药以灼其阴，治者审之。,症状,"[""老年后""]",,肾虚血瘀证,,"[""原发性-老年型""]",,"[""腰背痛"", ""骨痛"", ""乏力"", ""活动受限""]",,"[""中药内服""]",,"[{""name"": ""六味丸"", ""type"": ""方剂"", ""note"": ""用于肾气热、阴虚、髓减骨枯之证""}, {""name"": ""补阴丸"", ""type"": ""方剂"", ""note"": ""与六味丸同用以补先天之水""}, {""name"": ""八味丸"", ""type"": ""方剂"", ""note"": ""用于肾阳虚、腰间冷痛者""}, {""name"": ""六君子汤"", ""type"": ""方剂"", ""note"": ""治腰痛似脱、虚弱无力""}, {""name"": ""独活汤"", ""type"": ""方剂"", ""note"": ""治风寒腰痛""}]",1.0,肾气热，髓减骨枯，恐成骨痿,True,True,,"[{""classical_span"": ""髓减骨枯，恐成骨痿"", ""why_supports"": ""直接出现骨枯、骨痿，为骨质衰退的高度指向描述""}, {""classical_span"": ""大抵腰痛悉属肾虚"", ""why_supports"": ""肾虚为骨失濡养的核心病机，与骨质疏松相符""}]",1,"[""文本未明确提及现代骨折概念，可能被认为证据不足"", ""部分腰痛类型与外邪、外伤相关，非均指向骨质疏松"", ""古今病名映射存在理论解释差异风险""]",86d570934f75d161fff8053057666d78,"['八味丸', '六君子汤', '六味丸', '独活汤', '补阴丸']",清,"['乏力', '活动受限', '腰背痛', '骨痛']"
ok,680,2026-02-04 17:07:13,万病回春,1588.0,骨痿,卷之五 咽喉,滋肾汤 夫心为声音之主，肺为声音之门，肾为声音之根。风寒暑湿、气血痰热邪气有干于心肺，病在上脘，随症解之，邪气散则天籁鸣矣。唯夫肾虚，不能纳诸气以归元，故气奔而上升。咳嗽痰壅，或喘或胀，髓虚多唾，足冷骨痿，胸腹百骸俱为之牵制。其嗽愈重，其气愈乏，其保身君子必当于受病之处图之可也。按钱氏方，小儿吐泻，利其小便过多，以致脾虚不食。钱用益黄散作效。数日以后，忽尔不语，钱知其脾气已复，肾气尚虚。投以地黄丸益肾，相继数剂，见于能言。子益信声音之根出于肾也，不诬矣。,症状,[],小儿；原文明确提及“小儿吐泻”“钱氏方小儿…”，为儿科人群,脾肾阳虚,,[],,"[""乏力""]",,"[""中药内服""]",,"[{""name"": ""滋肾汤"", ""type"": ""方剂"", ""note"": ""用于肾虚不能纳气、髓虚多唾、足冷骨痿等表现""}, {""name"": ""益黄散"", ""type"": ""方剂"", ""note"": ""钱氏用于小儿吐泻后脾虚不食""}, {""name"": ""地黄丸"", ""type"": ""方剂"", ""note"": ""用于益肾，肾气尚虚而不能言""}]",0.2,髓虚多唾，足冷骨痿,True,True,,"[{""classical_span"": ""足冷骨痿"", ""why_supports"": ""直接出现“骨痿”，为古籍中与骨弱、骨萎相关的关键病理表述""}]",1,"[""病例为小儿人群，与典型老年/绝经后骨质疏松不完全匹配"", ""主要论述声音与脏腑关系，骨相关内容较为从属"", ""未见骨折、身高变矮等现代骨质疏松核心结局指标""]",5c637defba8928fd7fde82b8732c7341,"['地黄丸', '滋肾汤', '益黄散']",明,['乏力']
ok,881,2026-02-04 17:15:14,古今图书集成医部全录008（175-210）,1934.0,骨痿；骨枯,古今图书集成医部全录卷一百八十六,六元正纪大论云：太阳所至为腰痛。又云：巨阳，即太阳也，虚则头项腰背痛。足太阳膀胱之脉所过，还出别下项，循肩膊内，挟脊抵腰中，故为病项如拔，挟脊痛，腰似折，髀不可以曲，是经气虚则邪客之，痛病生矣。夫邪者是风热湿燥寒，皆能为病，大抵寒湿多而风热少。然有房室劳伤，肾虚腰痛，是阳气虚弱不能运动故也。经云：腰者肾之腑，转摇不能，肾将败矣。宜肾气丸、茴香丸之类，以补阳之不足也。膏粱之人，久服汤药，醉以入房，损其真气则肾气热，肾气热则腰脊痛而不能举，久则髓减骨枯，发为骨痿，宜六味地黄丸、滋肾丸、封髓丹之类，以补阴之不足也。《灵枢》云：腰痛，上寒取足太阴、阳明，上热取足厥阴，不可俛仰取足少阳。盖足之三阳从头走足，足之三阴从足走腹，其经所过之处，皆能为痛。治之者当审其何经所过分野，循其空穴而刺之，审何寒热而药之。假令足太阳饮人腰痛，引项脊尻背如重状，刺其郄中太阳二经出血，余皆仿此。彼执一方治诸腰痛者，固不通矣。,症状,"[""老年后"",""情志异常""]",,肝肾阴虚证,,"[""原发性-老年型""]",,"[""腰背痛"", ""骨痛"", ""乏力"", ""活动受限""]",,"[""中药内服""]",,"[{""name"": ""虎骨散"", ""type"": ""方剂"", ""note"": ""治腰胯连脚膝疼痛""}, {""name"": ""补骨脂丸"", ""type"": ""方剂"", ""note"": ""治腰膝酸软""}, {""name"": ""百倍丸"", ""type"": ""方剂"", ""note"": ""治腰痛""}, {""name"": ""养肾散"", ""type"": ""方剂"", ""note"": ""补肾治腰痛""}, {""name"": ""肾气丸"", ""type"": ""方剂"", ""note"": ""肾阳虚腰痛""}, {""name"": ""六味丸"", ""type"": ""方剂"", ""note"": ""补肝肾阴虚""}, {""name"": ""滋肾丸"", ""type"": ""方剂"", ""note"": ""治肾阴虚腰脊痛""}, {""name"": ""封髓丹"", ""type"": ""方剂"", ""note"": ""补阴虚""}, {""name"": ""补阴丸"", ""type"": ""方剂"", ""note"": ""补阴不足""}, {""name"": ""煨肾丸"", ""type"": ""方剂"", ""note"": ""治肝肾脾损腰痛""}]",1.0,久则髓减骨枯，发为骨痿,True,True,,"[{""classical_span"": ""久则髓减骨枯，发为骨痿"", ""why_supports"": ""直接出现骨痿、骨枯，指向骨量衰减""}, {""classical_span"": ""腰脊痛而不能举"", ""why_supports"": ""符合骨质疏松常见腰背痛表现""}]",4,"[""若忽略骨痿骨枯原文而强行映射则属证据不足"", ""若加入未见于文本的人群或证型属臆造"", ""若将急性外伤性腰痛混同本条属误判""]",e0186edc38f574ace9d8dacc9da9d446,"['六味丸', '养肾散', '封髓丹', '滋肾丸', '煨肾丸', '百倍丸', '肾气丸', '虎骨散', '补阴丸', '补骨脂丸']",近现代,"['乏力', '活动受限', '腰背痛', '骨痛']"
ok,2835,2026-02-04 18:31:14,古今图书集成医部全录,1726.0,骨痿；骨枯,正文 古今图书集成医部全录卷一百八十六,六元正纪大论云：太阳所至为腰痛。又云：巨阳，即太阳也，虚则头项腰背痛。足太阳膀胱之脉所过，还出别下项，循肩膊内，挟脊抵腰中，故为病项如拔，挟脊痛，腰似折，髀不可以曲，是经气虚则邪客之，痛病生矣。夫邪者是风热湿燥寒，皆能为病，大抵寒湿多而风热少。然有房室劳伤，肾虚腰痛，是阳气虚弱不能运动故也。经云：腰者肾之腑，转摇不能，肾将败矣。宜肾气丸、茴香丸之类，以补阳之不足也。膏粱之人，久服汤药，醉以入房，损其真气则肾气热，肾气热则腰脊痛而不能举，久则髓减骨枯，发为骨痿，宜六味地黄丸、滋肾丸、封髓丹之类，以补阴之不足也。《灵枢》云：腰痛，上寒取足太阴、阳明，上热取足厥阴，不可俛仰取足少阳。盖足之三阳从头走足，足之三阴从足走腹，其经所过之处，皆能为痛。治之者当审其何经所过分野，循其空穴而刺之，审何寒热而药之。假令足太阳饮人腰痛，引项脊尻背如重状，刺其郄中太阳二经出血，余皆仿此。彼执一方治诸腰痛者，固不通矣。,症状,[],,肝肾阴虚证,,[],,"[""腰背痛"", ""活动受限""]",,"[""中药内服"", ""针刺""]",,"[{""name"": ""肾气丸"", ""type"": ""方剂"", ""note"": ""用于肾虚腰痛，补阳不足""}, {""name"": ""茴香丸"", ""type"": ""方剂"", ""note"": ""用于补阳缓解腰痛""}, {""name"": ""六味地黄丸"", ""type"": ""方剂"", ""note"": ""用于补阴，针对骨痿骨枯""}, {""name"": ""滋肾丸"", ""type"": ""方剂"", ""note"": ""用于滋补肾阴""}, {""name"": ""封髓丹"", ""type"": ""方剂"", ""note"": ""用于补阴填髓""}]",1.0,久则髓减骨枯，发为骨痿,True,True,,"[{""classical_span"": ""髓减骨枯，发为骨痿"", ""why_supports"": ""直接出现骨痿、骨枯，为骨质疏松高度对应病名""}, {""classical_span"": ""腰者肾之腑"", ""why_supports"": ""肾虚致腰背功能受限，符合慢性骨病表现""}]",1,"[""原文未明确现代诊断名称，可能存在古今病名对应偏差"", ""未提供明确人群年龄，难以精确对应现代分型"", ""以症状与病名推断，缺乏量化骨折证据""]",d03cc74f39c84e14e71d8eac41b975e8,"['六味地黄丸', '封髓丹', '滋肾丸', '肾气丸', '茴香丸']",清,"['活动受限', '腰背痛']"
ok,2842,2026-02-04 18:31:30,古今图书集成医部全录,1726.0,骨痿,正文 古今图书集成医部全录卷二百十三,金刚丸 【 《保命集》】   治心肺胃损，肌肉消削，及肾损骨痿。,方药,[],,脾胃虚弱证,,[],,"[""其他""]",骨痿（筋骨痿软、骨弱萎废之类表现），原文直述“骨痿”,"[""中药内服""]",,"[{""name"": ""金刚丸"", ""type"": ""方剂"", ""note"": ""用于治疗心肺胃损及肾损所致骨痿""}]",1.0,治心肺胃损，肌肉消削，及肾损骨痿,True,True,,"[{""classical_span"": ""肾损骨痿"", ""why_supports"": ""“骨痿”为古籍中高度指向骨弱、骨量衰减的核心病名""}, {""classical_span"": ""肌肉消削"", ""why_supports"": ""提示慢性消耗、筋骨萎弱背景，与骨质疏松语境相符""}]",1,"[""若未见“骨痿”等明确病名而仅泛称虚损，相关性将不足"", ""若将现代分型（如绝经后型）强行对应，属于证据外推"", ""若添加原文未载之症状或人群信息，构成臆造""]",86e1c32c8257e85b9d921485d3d59b06,['金刚丸'],清,['其他']
ok,2843,2026-02-04 18:31:30,古今图书集成医部全录,1726.0,骨痿,正文 古今图书集成医部全录卷二百十五,牛膝丸 【 《保命集》】   治肝肾损骨痿，不能起于床，筋弱不能收持，宜益精缓中。,方药,[],,肝肾阴虚证,原文仅述“肝肾损骨痿”，未明确阴虚或阳虚属性,[],,"[""活动受限"", ""乏力""]",“不能起于床，筋弱不能收持”体现功能受限与乏力,"[""中药内服""]",,"[{""name"": ""牛膝丸"", ""type"": ""方剂"", ""note"": ""用于治疗肝肾损所致骨痿""}]",1.0,治肝肾损骨痿，不能起于床，筋弱不能收持,True,True,,"[{""classical_span"": ""肝肾损骨痿"", ""why_supports"": ""“骨痿”为古籍中与骨质疏松高度对应的核心病名""}, {""classical_span"": ""不能起于床"", ""why_supports"": ""提示骨与筋功能衰弱，符合慢性骨病表现""}]",1,"[""若将“肝肾损”直接等同于具体阴阳证型，可能构成过度推断"", ""若强行判定具体现代骨质疏松分型，缺乏年龄与病因证据"", ""若引申未出现的骨折或疼痛症状，属于臆造信息""]",9d0e987ce8deff9129ff0beaa9f7bb0f,['牛膝丸'],清,"['乏力', '活动受限']"
ok,2856,2026-02-04 18:32:04,古今图书集成医部全录,1726.0,骨痿,正文 古今图书集成医部全录卷三百六,金刚丸  治肾损骨痿，不能起于床，宜益精。,方药,[],,肾虚血瘀证,原文称“肾损骨痿”，仅指肾损所致骨痿，未细分阴阳寒热,[],,"[""活动受限""]",,"[""中药内服""]",,"[{""name"": ""金刚丸"", ""type"": ""方剂"", ""note"": ""用于治疗肾损所致骨痿""}]",1.0,治肾损骨痿，不能起于床,True,True,,"[{""classical_span"": ""治肾损骨痿"", ""why_supports"": ""“骨痿”为古籍中与骨质疏松高度对应的病名""}]",1,"[""未提供患者年龄与性别，无法细分现代表型"", ""未描述骨折或骨量变化，可能为其他严重骨病"", ""证型仅笼统称肾损，缺乏阴阳虚实信息""]",4ce4736124f8e6cbccef775896b30f72,['金刚丸'],清,['活动受限']
ok,2857,2026-02-04 18:32:07,古今图书集成医部全录,1726.0,骨痿,正文 古今图书集成医部全录卷二百十六,牛膝丸  治肾肝损，骨痿不能起于床，筋缓不能收持，宜益精缓中。,方药,[],,肝肾阴虚证,原文称“治肾肝损”，属肝肾亏损之证，未明确阴阳属性,[],,"[""活动受限""]",,"[""中药内服""]",,"[{""name"": ""牛膝丸"", ""type"": ""方剂"", ""note"": ""用于治疗肾肝损所致骨痿、筋缓不能收持""}]",1.0,治肾肝损，骨痿不能起于床，筋缓不能收持,True,True,,"[{""classical_span"": ""骨痿不能起于床"", ""why_supports"": ""明确出现“骨痿”这一高度相关的古籍病名，指向骨弱、骨失用""}, {""classical_span"": ""筋缓不能收持"", ""why_supports"": ""提示筋骨痿软、功能障碍，符合骨质疏松相关表现""}]",1,"[""未提供人群或年龄信息，无法细分现代表型"", ""证型未明阴阳属性，强行套用固定证型可能失真"", ""缺乏骨折等现代诊断要素，映射需保持谨慎""]",241ac208057039886a322606de7d363e,['牛膝丸'],清,['活动受限']
ok,2858,2026-02-04 18:32:10,古今图书集成医部全录,1726.0,骨痿,正文 古今图书集成医部全录卷二百十六,加味虎潜丸  虎之精力潜于胫骨，人肾主骨而司精，精弱则骨痿，用此强骨补精，故名虎潜。,方药,[],,肾虚血瘀证,原文称“精弱则骨痿”，指肾精不足所致骨痿，未明确对应所给固定证型,[],,[],,"[""中药内服""]",,"[{""name"": ""加味虎潜丸"", ""type"": ""方剂"", ""note"": ""用于强骨补精，治疗骨痿""}]",1.0,精弱则骨痿，用此强骨补精，故名虎潜。,True,True,,"[{""classical_span"": ""精弱则骨痿"", ""why_supports"": ""“骨痿”为古籍中与骨质疏松高度对应的病名""}]",1,"[""文本未提供明确人群却强行标注特定人群"", ""将骨痿直接等同具体现代分型而缺乏原文依据"", ""未见症状描述却臆造症状体征""]",2aab479f5b09cf2dc28b1aa69a29c475,['加味虎潜丸'],清,[]
ok,712,2026-02-04 17:08:28,疡医大全,1740.0,骨痿,卷二十五 腿膝部,申斗垣曰：骨痿疮，乃足少阳胆经多气少血，其疮生于两胯，骨上渐大，筋骨俱痛，荫开流水，水尽则死。如胯间相对生疮者，十无一生，用大马屁勃垫睡，莫令磨着，内服补中益气汤。（《启玄》）,病名,[],,删除非辨证文献,原文称“足少阳胆经多气少血”，不在给定证型枚举内,[],,"[""骨痛""]",,"[""中药内服"", ""中药外用""]",,"[{""name"": ""补中益气汤"", ""type"": ""方剂"", ""note"": ""内服，用于治疗骨痿疮""}, {""name"": ""大马屁勃"", ""type"": ""外治"", ""note"": ""垫睡以防磨着疮处""}]",1.0,骨痿疮，乃足少阳胆经多气少血，筋骨俱痛,True,True,,"[{""classical_span"": ""骨痿疮"", ""why_supports"": ""属于古籍中高度指向骨质衰弱/骨痿范畴""}, {""classical_span"": ""筋骨俱痛"", ""why_supports"": ""体现骨痛，为骨质疏松常见表现之一""}]",1,"[""未出现现代诊断标准，需避免过度映射"", ""病变兼有疮疡与感染因素，非单纯骨病"", ""缺乏骨折或骨量减少的直接描述""]",23b9e4359ec8f4b277ade28e344e3ae3,"['大马屁勃', '补中益气汤']",清,['骨痛']
ok,710,2026-02-04 17:08:29,疡医大全,1740.0,骨痿,卷九 痈疽溃疡门主方,本方加黄柏、知母各二两，名知柏八味丸，治阴虚火动，骨痿髓枯。王冰所谓壮水之主以制阳光也，尺脉旺者宜之。本方加五味子三两名都气丸，治劳嗽。本方加五味子二两，麦门冬三两名八仙长寿丸，再加紫河车一具，并治虚损劳热。本方加杜仲、牛膝各二两，治肾虚腰膝酸痛。本方去泽泻加益智仁三两，治小便频数。,方药,[],,肝肾阴虚证,,[],,"[""腰背痛""]",原文载“肾虚腰膝酸痛”“骨痿髓枯”，与腰背/腰膝疼痛相符,"[""中药内服""]",,"[{""name"": ""知柏八味丸"", ""type"": ""方剂"", ""note"": ""加黄柏、知母，治阴虚火动、骨痿髓枯""}, {""name"": ""都气丸"", ""type"": ""方剂"", ""note"": ""在本方基础上加五味子，治劳嗽""}, {""name"": ""八仙长寿丸"", ""type"": ""方剂"", ""note"": ""加五味子、麦门冬，并紫河车，治虚损劳热""}, {""name"": ""杜仲"", ""type"": ""单味药"", ""note"": ""与牛膝同加，治肾虚腰膝酸痛""}, {""name"": ""牛膝"", ""type"": ""单味药"", ""note"": ""与杜仲同加，治肾虚腰膝酸痛""}]",1.0,治阴虚火动，骨痿髓枯,True,True,,"[{""classical_span"": ""骨痿髓枯"", ""why_supports"": ""明确出现骨痿、髓枯，为古籍中高度对应骨质疏松的范畴""}, {""classical_span"": ""肾虚腰膝酸痛"", ""why_supports"": ""慢性腰膝酸痛为骨量不足常见表现""}]",3,"[""原文未提供明确现代诊断，存在跨时代概念映射风险"", ""缺乏骨折等直接证据，需谨慎解读为骨质疏松"", ""章节属痈疽门，部分内容可能为并治而非专病""]",8056caf0eb0f7394b8efc862eb1f3d28,"['八仙长寿丸', '杜仲', '牛膝', '知柏八味丸', '都气丸']",清,['腰背痛']
ok,2872,2026-02-04 18:32:45,古今图书集成医部全录,1726.0,骨痿,正文 古今图书集成医部全录卷三百一,风痹痿厥四论，《内经》言之详矣。今余又为之说，不亦赘乎？曰：非赘也。为近世不读《内经》者，指其差元也。夫风痹痿厥四证，本自不同，而近世不能辨，一概作风冷治之，下虚补之，此所以旷日弥年而不愈者也。夫四末之疾，动而或劲者为风，不仁或痛者为痹，弱而不用者为痿，逆而寒热者为厥，此其状未尝同也。故其本源，又复大异。风者必风热相兼；痹者必风湿寒相合；痿者必火乘金；厥者，或寒或热皆从下起。今之治者，不察其源，见其手足亸曳，便谓之风。然《左传》谓风淫末疾。岂不知风暑燥湿火寒六气，皆能为四末之疾也哉？敢详条于左，有意于救物者，试择焉可也。痿之为状，两足痿弱不能行用，由肾水不能胜心火，心火上烁肺金，肺金受火制，六叶皆焦，皮毛虚弱急而薄者，则生痿躄。躄者，足不能伸而行步难。盖肾乃肺金之子也。今肾水衰少，随火上炎，肾主髓，火炽则髓竭，由使内太过而致。然至真要大论云：诸痿喘呕皆属于上者，上焦也。三焦者，手少阳相火也。痿喘呕三病皆在膈上，属肺金之部分也。故肌痹传为脉痿，湿痹不仁传为肉痿，髓竭足躄传为骨痿，房室太过传为筋痿，传为白淫。大抵痿之为病，皆因客热而成，好淫贪色，强力过极，渐成痿疾。故痿躄属肺，脉痿属心，筋痿属肝，肉痿属脾，骨痿属肾。总因肺受火热叶焦之故，相传于四脏，痿病成矣。直断曰，痿病无寒。故痿之作也，五月六月七月，皆其时也。午者少阴君火之位，未者湿土庚金伏火之地，申者少阳相火之分，故痿发此三月之内以为热也。故病痿之人，其脉浮而大。今之用药者，凡见脚膝痿弱，难于行步，或一足不伸，便作寒湿脚气治之，骤用乌、附、乳、没、自然铜、威灵仙之类，燔针艾火，汤煮袋蒸，痿弱转加，如此而死，岂亦天乎？夫治痿与治痹，其治颇异。风寒湿痹，犹可蒸汤灸燔，时或一效，惟痿用之转甚者，何也？盖痿以肺热为本叶焦而成，以此传于五脏，岂有寒者欤？若痿作寒治，是不刃而杀之也。夫痿病不死，死者用药之误也。陈下一武弁宋子玉因驻军息城，五六月间，暴得痿病，腰胯两足皆不任用，躄而不行，求治于予。察其两手，脉俱滑数而有力，予凭《内经》火淫于内治以咸寒，以盐水越其膈间寒热宿痰。新者为热，旧者为寒，或宿食宿饮在上脘者，皆可用之。宿痰既尽，因而下之，节次数十行，觉神志日清，饮食日美，两足渐举，脚膝渐伸，心降肾升，便继以黄连解毒汤加当归等药，及泻心汤、凉膈散、柴胡饮子大作剂煎，时时呷之。经曰：治心肺之病最近，用药剂不厌频而少；治肾肝之病最远，用药剂不厌顿而多。此法人皆怪之，然余治痿，寻常用之如拾遗物。余若以此诳人，其如获罪于天何？此宋子玉之证，所以不得不书也，且示信于来世。故《内经》谓治痿之法独取阳明经，阳明经者胃脉也，五脏六腑之海也，主润养宗筋，宗筋主束骨，束骨在脐下阴mao际上是也。又主大利机关，机关者身中大关节也，以司曲伸，是以阳明虚则宗脉纵，宗脉纵则大脉不伸，两足痿弱。然取阳明者则胃脉也。胃为水谷之海，人之四季，以胃气为本，本固则精化，精化则髓充，髓充则足能履也。阴阳应象论曰：形不足者温之以气，精不足者补之以味。味者五味也，五味调和，则可补精益气也。五味，五谷、五菜、五果、五肉。，五味贵和，不可偏胜。又曰：恬淡虚无，真气从之，精神内守，病安从来？若用金石草木补之者，必久而增气。物化之常，气增而久，夭之由也。所以久服黄连、苦参者而反化为热，久服热药之人，可不为寒心哉！,病名,[],,肾阳虚证,,[],,"[""活动受限"", ""乏力""]",,"[""中药内服""]",,"[{""name"": ""黄连解毒汤"", ""type"": ""方剂"", ""note"": ""用于治痿病，文中病例后期所用方""}, {""name"": ""泻心汤"", ""type"": ""方剂"", ""note"": ""文中治痿所用清泄心火之方""}, {""name"": ""凉膈散"", ""type"": ""方剂"", ""note"": ""用于清上焦热，文中提及""}, {""name"": ""柴胡饮子"", ""type"": ""方剂"", ""note"": ""文中提及大作剂煎服""}]",1.0,髓竭足躄传为骨痿,True,True,好转,"[{""classical_span"": ""髓竭足躄传为骨痿"", ""why_supports"": ""直接出现“骨痿”，并以髓竭、足不能行为核心病机，强指向骨质衰弱""}, {""classical_span"": ""肾主髓，火炽则髓竭"", ""why_supports"": ""以肾与髓为中心解释骨痿，符合骨量减少的古代理解""}]",1,"[""若将所有痿证均等同骨质疏松，可能扩大解释范围"", ""未出现明确骨折描述，部分现代特征需谨慎对应"", ""古代病机为火热致痿，与现代部分病因并非完全一致""]",b95522e51c25893b5b4be50581d5060c,"['凉膈散', '柴胡饮子', '泻心汤', '黄连解毒汤']",清,"['乏力', '活动受限']"
ok,2873,2026-02-04 18:32:50,古今图书集成医部全录,1726.0,骨痿,正文 古今图书集成医部全录卷三百一,骨痿,病名,[],,肝肾阴虚证,,[],,"[""乏力"", ""活动受限""]",,"[""中药内服"", ""针刺""]",,"[{""name"": ""清暑益气汤"", ""type"": ""方剂"", ""note"": ""用于治疗湿热成痿、骨乏无力""}]",1.0,水不能胜火，则骨枯而髓虚，足不任身，发为骨痿,True,True,,"[{""classical_span"": ""骨枯而髓虚，发为骨痿"", ""why_supports"": ""直接描述骨枯、髓虚、骨痿，与骨量减少高度一致""}]",1,"[""原文若非慢性骨病而为急性热病并发，可能高估相关性"", ""未见明确骨折记载，部分现代表型需谨慎映射"", ""证型判断基于语义推断，非原文明言""]",2ab075e9d19e0fdb4ea7fb943e2b5248,['清暑益气汤'],清,"['乏力', '活动受限']"
ok,2880,2026-02-04 18:33:09,古今图书集成医部全录,1726.0,骨痿,正文 古今图书集成医部全录卷三百二,牛膝丸  治肾肝损骨痿，不能起于床，筋弱不能收持，宜益精缓其中。,方药,[],,肝肾阴虚证,原文仅言“肾肝损骨痿”，未明阴阳虚实，故不入固定证型,[],,"[""活动受限"", ""乏力""]",,"[""中药内服""]",,"[{""name"": ""牛膝丸"", ""type"": ""方剂"", ""note"": ""治肾肝损骨痿，益精缓中""}]",1.0,治肾肝损骨痿，不能起于床，筋弱不能收持,True,True,,"[{""classical_span"": ""骨痿"", ""why_supports"": ""骨痿为古籍中与骨质疏松高度对应的核心病名""}, {""classical_span"": ""不能起于床，筋弱不能收持"", ""why_supports"": ""提示筋骨痿软、功能受限，符合骨量不足表现""}]",1,"[""仅凭方名与简述，缺乏更多症候细节"", ""未出现现代意义的骨折或骨量描述"", ""证型归属不明确，存在多种解释可能""]",c3c6facc4b9b3aa5a2876e0d303209a0,['牛膝丸'],清,"['乏力', '活动受限']"
ok,2881,2026-02-04 18:33:10,古今图书集成医部全录,1726.0,骨痿,正文 古今图书集成医部全录卷三百二,补肝丸  治肾虚骨痿，阴冷如冰，并阴汗两脚痿弱无力。,方药,[],,肾阳虚证,,[],,"[""乏力"", ""活动受限""]",原文载“两脚痿弱无力、阴冷如冰、阴汗”，对应乏力及活动能力下降,"[""中药内服""]",,"[{""name"": ""补肝丸"", ""type"": ""方剂"", ""note"": ""用于治疗肾虚骨痿、两脚痿弱无力""}]",1.0,治肾虚骨痿,True,True,,"[{""classical_span"": ""治肾虚骨痿"", ""why_supports"": ""“骨痿”为古籍中与骨质疏松高度对应的核心病名""}]",1,"[""原文未提供明确人群与年龄信息，若强行判定现代表型可能属臆测"", ""症状描述偏功能性痿弱，缺乏骨折等现代特异指标"", ""缺少完整条文上下文，证据来源相对单一""]",a59f525c7366803a5f1fb02e89f87f0c,['补肝丸'],清,"['乏力', '活动受限']"
ok,2894,2026-02-04 18:33:51,古今图书集成医部全录,1726.0,骨痿,正文 古今图书集成医部全录卷三百十六,肾积发于小腹，奔上至心，上下无时，如奔豚走，饥见饱减，小腹急，腰痛口干，目昏骨冷，久则骨痿，名曰奔豚，宜大七气汤倍桂加茴香、炒楝子肉各半钱。,病名,[],,肾阳虚证,,[],,"[""腰背痛"", ""骨痛""]",原文见“腰痛…目昏骨冷”，提示腰部疼痛及骨感异常,"[""中药内服""]",,"[{""name"": ""大七气汤"", ""type"": ""方剂"", ""note"": ""原文主方，用于奔豚，久则骨痿""}, {""name"": ""桂"", ""type"": ""单味药"", ""note"": ""倍用，加减用药""}, {""name"": ""茴香"", ""type"": ""单味药"", ""note"": ""加减用药，各半钱""}, {""name"": ""炒楝子肉"", ""type"": ""单味药"", ""note"": ""加减用药，各半钱""}]",1.0,目昏骨冷，久则骨痿,True,True,,"[{""classical_span"": ""久则骨痿"", ""why_supports"": ""明确出现“骨痿”，为古籍中与骨质疏松高度对应的核心病名""}, {""classical_span"": ""腰痛…骨冷"", ""why_supports"": ""提示慢性腰部疼痛与骨性虚弱表现，符合骨量不足特征""}]",1,"[""未明确出现骨折或身高变矮等现代诊断要点，可能被质疑映射过强"", ""病名主为“奔豚”，骨痿为久病转归，主次关系可能存在争议"", ""缺乏明确人群与年龄信息，难以对应具体现代分型""]",e575c9ac9cc3bde67fbe4ff5e2ff4655,"['大七气汤', '桂', '炒楝子肉', '茴香']",清,"['腰背痛', '骨痛']"
ok,2897,2026-02-04 18:33:53,古今图书集成医部全录,1726.0,骨痿,正文 古今图书集成医部全录卷三百十七,木香槟榔散  治积气不散，结伏奔豚，发即上冲心胷，令人喘逆，骨痿少力。,方药,[],,肾虚血瘀证,原文仅述“积气不散…骨痿少力”，未明确归属固定证型,[],,"[""乏力""]",,"[""中药内服""]",,"[{""name"": ""木香槟榔散"", ""type"": ""方剂"", ""note"": ""用于治疗“骨痿少力”等表现""}]",1.0,治积气不散，结伏奔豚……骨痿少力,True,True,,"[{""classical_span"": ""骨痿少力"", ""why_supports"": ""明确出现“骨痿”，为古籍中与骨质疏松高度相关的病名范畴""}]",1,"[""原文未明确人群与证型，强行补充会构成臆造"", ""未提及骨折等现代表型，过度映射可能失真"", ""方剂主治为积气，骨病相关性需谨慎限定""]",7229bfbfe91f0a6f3f6ca6d6f745dfea,['木香槟榔散'],清,['乏力']
ok,2900,2026-02-04 18:34:06,古今图书集成医部全录,1726.0,骨痿,正文 古今图书集成医部全录卷三百三十三,人生有性分之乐，有势分之乐，有形体康健之乐。性分之乐，四时皆春，万物同体，虽环堵萧然而乐在也，虽五官弗备而乐在也，虽艰苦患难而乐亦在也。溪山风月，有我便是主人；木石禽鱼，相亲悉为好友。何取溺情枕席，肆志淫佚也哉！即造物小儿，无所施其播弄矣。至于势分之乐，与康健难老之乐，惟福厚者始兼有之。盖得贵之与得寿，其源若有分合两途：少年纯朴不凋，此寿基也，而嫌其精采不露。髫龀机神流动，此贵征也，而嫌其浑敦太凿。此其间半予天，半予人，而后天奉若之功，不知费几许小心，然后可凝休而永命。故在得志以后，既知此身为上天托畀之身，自应葆精啬神以答天眷。若乃女爱毕席，男欢毕输，竭身中之自有，而借资于药饵，责效于眉睫，致宵小无知之辈，得阴操其祸人之术，以冀捷获，虽前代之复辙皆然，而今时为益烈矣。盖今者，雍熙之象，变为繁促，世运已从火化，复以躁急之药济之，几何不丧亡接踵乎？此道惟岐黄言之甚悉，但士宦家不肯细心究讨耳。其云：凡阴阳之道，阳密乃固。两者不和，如春无秋，如冬无夏。是故因而同之，是谓圣度。此段经文，被从前批注埋没，不知乃是明言圣人于男女之际，其交会之法度，不过使阳气秘密，乃得坚固不泄耳。然而阴阳贵相和，有春无秋是无阴也，有冬无夏是无阳也。所以圣人但调其偏，以归和同，允为交会之法度而已。夫圣人太和元气，生机自握。我观夫调琴弄瑟，考钟伐鼓，虽闺壸之性情克谐，而况于己身之血气；礼陶乐淑，仁渐义摩，虽民物之殷阜坐致，而况于一人之嗣息。所以凡为广嗣之计者，其用药之准，但取纯王以召和，无取杂霸以兆戾也。而经又云阴平阳秘四字，尤足互畅其义。盖阴得其平，而无过不及，然后阳得其秘而不走泄也。此可见阳之秘密，乃圣神交会所首重。然后阳之秘密，即不得不予其权于阴，正以阳根于阴，培阴所以培阳之基也。今人以峻烈之药劫尽其阴，以为培阳，益以房帏重耗，渐至髓消肉减，神昏气夺，毛瘁色夭，尚不知为药所悞，可胜悼哉！向见一浙医宋姓者，在京师制成大颗弹丸，遍送仕宦，托名脐带胎发，其实用炼过硫黄在内，服之令人阳道骤坚可喜，未几燥病百出，吾乡诸大老受其祸者，历历可指。近游鹿城，闻张鸿一孝廉以进红铅伤脑，而日夜精流不止。盖脑为髓海，脑热而通身之髓尽奔，究竟热未除而髓先竭，骨痿艰行矣。至娄过天如先生旧宅，见鼻中浊涕，凡落板壁者，深黄之色，透入木中，刬刷不除，询之亦繇服种子热药所致，后以伤风小恙，竟至不起。噫嘻！脑热已极，蒸涕为黄，出鼻之热，尚能透木，曾不省悟，至热极生风，尚治外而不治内也，复何言哉！吾乡刘石闾先生，服热药而病消渴，医者邓橘存坚令服六味地黄汤千剂，果效。盖得于壮水之主以制阳光之旨也。高邮袁体仁种子经验方，皆用阴阳两平之药，盖得于阴平阳秘之旨也。此老于医而审于药者，因并表之。又方士取黑铅之水，名为神水金丹以惑人。凡痰火之病，初得其下行之力，亦觉稍爽，而不知铅性至燥，转致劫阴，为害反大。又有用蒸脐之药，名彭祖按命之法者。夫脐为人之命根，以麝香、硫黄、附子等大热散气之药，加艾火而蒸灼，幸而不中，真气尚无大害。若蒸动真气，散越不收，扰乱不宁，有速毙耳。闻娄中老医穆云谷尝诲人曰：蒸脐一法，有损无益，断不可行。旨哉言矣！亦并表之。,病名,[],,肝肾阴虚证,原文未对骨痿明确归属具体证型，仅描述因热药劫阴致髓竭骨痿,[],,"[""活动受限""]",,"[""中药内服""]",,"[{""name"": ""六味地黄汤"", ""type"": ""方剂"", ""note"": ""用于服热药致消渴者，强调壮水制阳之义""}]",1.0,脑热而通身之髓尽奔，究竟热未除而髓先竭，骨痿艰行矣,True,True,,"[{""classical_span"": ""骨痿艰行"", ""why_supports"": ""直接出现骨痿病名并描述行走困难，符合骨质疏松核心表型""}]",1,"[""若将一般虚损或消渴表现误判为骨质疏松，可能构成过度映射"", ""未明确患者年龄与性别，限制了具体现代表型细分"", ""文本为议论与医案夹叙，非系统论治骨病专章""]",582d63d82df76e8b24b036f0ca1c079e,['六味地黄汤'],清,['活动受限']
ok,2902,2026-02-04 18:34:09,古今图书集成医部全录,1726.0,骨痿,正文 古今图书集成医部全录卷四百六,水为阴，火为阳，一水不胜二火，此阳常有余，阴常不足，肾之本虚也明矣。故钱氏只用补肾地黄丸一方。不敢泻者，因无实证也。或谓痘疹，肾不可实，当泻之。此言甚谬。盖肾主液，痘中之血化为水，水化为脓，皆肾之津液所化也。若无肾水，则疮枯黑而死矣。岂可泻之？痘疹曰归肾者，盖疮疹之毒，内发于骨髓，外发于皮毛者为顺；变黑复陷入于骨髓之中，故为害。此非顺之为害也，乃火旺水衰之病。钱氏以百祥丸、牛李膏治黑陷者，以泻肾中之邪，非肾中之真阴也。详见《痘疹心要》。肾热大便不通者，宜以猪胆汁导之。猪者，水畜也。小便不利者，宜五苓散，泻其膀胱腑也。东垣滋阴丸以泻肾火。如肾病久，身下窜，目中如见鬼状，或骨痿弱，卧不能起，或二便遗失，皆肾绝之候，不治。,症状,[],,肝肾阴虚证,,[],,"[""活动受限""]",原文言“骨痿弱，卧不能起”，体现筋骨痿软、起居受限,"[""中药内服""]",,"[{""name"": ""补肾地黄丸"", ""type"": ""方剂"", ""note"": ""钱氏用于补肾真阴，针对肾本虚""}, {""name"": ""百祥丸"", ""type"": ""方剂"", ""note"": ""用于治黑陷，泻肾中之邪""}, {""name"": ""牛李膏"", ""type"": ""方剂"", ""note"": ""与百祥丸同用，治黑陷""}, {""name"": ""五苓散"", ""type"": ""方剂"", ""note"": ""小便不利者，泻膀胱腑""}, {""name"": ""滋阴丸"", ""type"": ""方剂"", ""note"": ""泻肾火""}, {""name"": ""猪胆汁"", ""type"": ""单味药"", ""note"": ""肾热大便不通者导之""}]",1.0,或骨痿弱，卧不能起,True,True,不治,"[{""classical_span"": ""骨痿弱，卧不能起"", ""why_supports"": ""直接出现“骨痿”，为古籍中高度对应骨质疏松的病名范畴""}]",1,"[""若未出现“骨痿”等明确骨病病名，则相关性不足"", ""若将痘疹急性病机误判为慢性骨病则属过度映射"", ""若擅自推断具体现代分型（如绝经后）而无文本依据""]",ea7127efeaf4f4d3eecbe477c6ebd9d3,"['五苓散', '滋阴丸', '牛李膏', '猪胆汁', '百祥丸', '补肾地黄丸']",清,['活动受限']
ok,2927,2026-02-04 18:35:15,古今图书集成医部全录,1726.0,骨痿,正文 古今图书集成医部全录卷一百八十七,萆薢丸  治肾损骨痿，不能起于床，腰背腿皆痛。,方药,[],,肾虚血瘀证,原文称“肾损骨痿”，仅提示肾损致骨痿，未明确对应既定证型,[],,"[""腰背痛"", ""活动受限""]",,"[""中药内服""]",,"[{""name"": ""萆薢丸"", ""type"": ""方剂"", ""note"": ""主方，治肾损骨痿、腰背腿痛、不能起床""}, {""name"": ""萆薢"", ""type"": ""单味药"", ""note"": ""方中组成药""}, {""name"": ""杜仲"", ""type"": ""单味药"", ""note"": ""炒去丝，方中组成药""}, {""name"": ""苁蓉"", ""type"": ""单味药"", ""note"": ""方中组成药""}, {""name"": ""菟丝子"", ""type"": ""单味药"", ""note"": ""酒浸，方中组成药""}]",1.0,治肾损骨痿，不能起于床，腰背腿皆痛,True,True,,"[{""classical_span"": ""肾损骨痿"", ""why_supports"": ""直接出现“骨痿”，为与骨质疏松高度相关的古籍病名""}, {""classical_span"": ""不能起于床，腰背腿皆痛"", ""why_supports"": ""反映骨病导致的严重疼痛与功能障碍""}]",1,"[""若将证型强行对应为既定肾虚证属，可能构成臆断"", ""未提供年龄与性别信息，无法可靠映射具体现代表型"", ""仅据单条方药记录，缺乏随访或转归描述""]",2d9979c4c8dc04f9bf09a6669463f95c,"['杜仲', '苁蓉', '菟丝子', '萆薢', '萆薢丸']",清,"['活动受限', '腰背痛']"
ok,3007,2026-02-04 18:38:54,古今图书集成医部全录,1726.0,骨痿,正文 古今图书集成医部全录卷三百一,肾气热则骨痿，金刚丸、牛膝丸、加味四斤丸、煨肾丸。,病名,[],,肝肾阴虚证,,[],,"[""骨痛"", ""活动受限""]",,"[""中药内服""]",,"[{""name"": ""金刚丸"", ""type"": ""方剂"", ""note"": ""用于肾气热所致骨痿""}, {""name"": ""牛膝丸"", ""type"": ""方剂"", ""note"": ""用于肾气热所致骨痿""}, {""name"": ""加味四斤丸"", ""type"": ""方剂"", ""note"": ""用于肾气热所致骨痿""}, {""name"": ""煨肾丸"", ""type"": ""方剂"", ""note"": ""用于肾气热所致骨痿""}]",1.0,肾气热则骨痿,True,True,,"[{""classical_span"": ""骨痿"", ""why_supports"": ""明确出现高度相关古籍病名，直指骨萎软无力""}, {""classical_span"": ""肾气热则骨痿"", ""why_supports"": ""将骨痿病机归于肾，符合骨质疏松中医肾主骨理论""}]",1,"[""未明确记载现代意义上的骨密度或脆性骨折"", ""证型复杂多分，单一证型归纳可能过度简化"", ""缺乏明确人群与预后信息，限制现代精确映射""]",703df84db77c1df4ac737052f9b7f88e,"['加味四斤丸', '煨肾丸', '牛膝丸', '金刚丸']",清,"['活动受限', '骨痛']"
ok,780,2026-02-04 17:11:21,医学纲目,1565.0,骨痿；骨枯,卷之二十八·肾膀胱部 腰痛,〔垣〕六元正纪论云：太阳所至为腰痛。又云：巨阳，即太阳也，虚则头项腰背痛。足太阳膀胱之脉所过，还出别下项，循肩膊内，挟脊抵腰中，故为病项如拔，挟脊痛，腰似折，髀不可以曲，是经气虚则邪客之，痛病生矣。夫邪者，是风热湿燥寒皆能为病，大抵寒湿多而风热少。然有房室劳伤肾虚腰痛者，是阳气虚弱不能运动故也。经云：腰者肾之府，转摇不能，肾将败矣。宜肾气丸、茴香丸之类，以补阳之不足也。膏粱之人，久服汤药，醉以入房，损其真气，则肾气热，肾气热则腰脊痛而不能举，久则髓减骨枯，发为骨痿，宜六味地黄丸、滋肾丸、封髓丹之类，以补阴之不足也。《灵枢》云：腰痛上寒，取足太阴阳明，上热，取足厥阴，不可俯仰，取足少阳。盖足之三阳，从头走足，足之三阴，从足走腹，经所过处，皆能为痛，治之者当审其何经所过分野，循其空穴而刺之，审何寒热而药之。假令足太阳令人腰痛，引项脊尻背如重状，刺其 中、太阳二经出血，余皆仿此。彼执一方治诸腰痛者，固不通矣。,病名,"[""老年后""]",,删除多复合证,文中同时论及“肾阳虚腰痛”与“肝肾阴虚致骨痿骨枯”，为两证并见,"[""原发性-老年型""]",,"[""腰背痛"", ""骨痛"", ""活动受限""]",,"[""中药内服"", ""针刺""]",,"[{""name"": ""肾气丸"", ""type"": ""方剂"", ""note"": ""用于房室劳伤肾虚腰痛，补阳不足""}, {""name"": ""茴香丸"", ""type"": ""方剂"", ""note"": ""与肾气丸同类，治肾阳虚腰痛""}, {""name"": ""六味地黄丸"", ""type"": ""方剂"", ""note"": ""治肾阴不足，久则骨痿""}, {""name"": ""滋肾丸"", ""type"": ""方剂"", ""note"": ""补肾阴以治骨痿骨枯""}, {""name"": ""封髓丹"", ""type"": ""方剂"", ""note"": ""补阴潜阳，用于骨痿""}]",1.0,久则髓减骨枯，发为骨痿,True,True,,"[{""classical_span"": ""久则髓减骨枯，发为骨痿"", ""why_supports"": ""直接出现骨痿、骨枯，为古籍中与骨质疏松高度对应的病名与病理描述""}, {""classical_span"": ""腰者肾之府，转摇不能"", ""why_supports"": ""强调肾虚致腰部功能受限，与骨量减少相关腰背痛相符""}]",4,"[""若忽略原文明确的“骨痿、骨枯”而仅作一般腰痛解读，则证据利用不足"", ""若强行判定为单一证型而不说明并见情况，可能造成证型失真"", ""若推断具体人群或骨折情况，原文并未直接记载""]",f961316357934ea09683b2f7b57004fb,"['六味地黄丸', '封髓丹', '滋肾丸', '肾气丸', '茴香丸']",明,"['活动受限', '腰背痛', '骨痛']"
ok,787,2026-02-04 17:11:31,医学入门,1575.0,骨痿,外集·卷四 杂病提纲 内伤,外因感寒，久则损阳，自上而下，一损于肺，则皮聚毛落；二损于心，则血脉虚少，不荣脏腑，妇人月水不通；三损于胃，则饮食不为肌肤，治宜辛甘，若淡过于胃，则不可治矣。感热久则损阴，自下而上，一损于肾，则骨痿，不能起于床者，死；二损于肝，则筋缓不能自收持；三损于脾，则饮食不能消克，治宜酸苦，若咸过于脾，则不可治矣。又不内外因，惊而夺精，汗出于心，则损脉；疾走恐惧，汗出于肝，则损筋；摇体劳苦，汗出于脾，则损肉；饮食饱甚，汗出于胃，则损肠；持重远行，汗出于肾，则损骨，治宜酸苦，若辛散于心，则不可治矣。抑论心肺损而色惫汗多者，为阳虚；肝肾损而形痿汗多者，为阴虚。经云：损其肺者，益其气；损其心者，补其荣血；损其脾者，调其饮食，适其寒温；损其肝者，缓其中；损其肾者，益其精。是以古方，肺损证见，四君子汤；心损证见，四物汤；心肺俱损者，八物汤；心肺及脾胃俱损者，十全大补汤；肝肾俱损者，牛膝丸。杂证新虚梦遗者，桂枝汤加龙骨、牡蛎；四肢烦热酸疼，心悸腹痛者，小建中汤；汗多力少，筋骨拘急者，黄 建中汤；汗多脉暴结者，炙甘草汤；暴损气虚，有汗潮热者，补中益气汤，气虚无汗潮热者，人参清肌散；暴损血虚，有汗潮热者，人参养荣汤；血虚无汗潮热者，茯苓补心汤；暴脱血者，益胃升阳汤；潮汗痰嗽者，黄 益损汤加半夏；大病后，食减盗汗者，参苓白术散加黄 、当归。,病名,"[""情志异常"", ""围绝经期""]",,肝肾阴虚证,,"[""原发性-绝经后型""]",,"[""活动受限"", ""乏力""]",,"[""中药内服""]",,"[{""name"": ""牛膝丸"", ""type"": ""方剂"", ""note"": ""用于肝肾俱损所致筋骨痿弱""}]",1.0,感热久则损阴，自下而上，一损于肾，则骨痿，不能起于床者,True,True,,"[{""classical_span"": ""一损于肾，则骨痿"", ""why_supports"": ""明确出现“骨痿”，为古籍中高度对应骨质疏松的病名""}, {""classical_span"": ""不能起于床"", ""why_supports"": ""提示筋骨萎软、功能丧失，符合骨量不足表现""}]",4,"[""若忽略“骨痿”而仅以虚损泛论，可能高估相关性"", ""未区分其他导致卧床的重症虚损，可能混入非骨病因素"", ""若将所有补益方剂均视为骨质疏松治疗，存在过度映射风险""]",141a9c4394dbda2e2def896ccc3e37aa,['牛膝丸'],明,"['乏力', '活动受限']"
ok,786,2026-02-04 17:11:34,医学入门,1575.0,骨痿,内集·卷二 本草分类 治热门,龟，收藏义也；甲，函也。气平，无毒。主内伤阴虚骨蒸寒热，及劳倦骨痿，伤寒劳复肌体寒热欲死。力猛能去瘀血，破 瘕， 疟，五痔，血分湿痹，四肢重弱不能久立。妇人漏下、赤白，阴疮难产及产前后痢。又治惊恚气，心腹痛，腰背疼，兼治小儿囟不合。头疮不燥，烧灰敷之。久服益气资智且能食。丹溪云：龟乃阴中至阴之物，禀北方之气而生，故能补阴血不足。阴足而血气调和则瘀血自去， 瘕崩痔疟痢痹疾自消，筋骨自健，故曰大有补阴之功。以其灵于物，故用以补心甚验，令人有灵。入汤作丸，取江湖中水龟，生脱水中湿者良。其次卜师钻过者名败龟版，大者亦佳，酥炙，或猪脂酒皆可。恶沙参、蜚蠊，畏狗胆。肉酿酒服，主大风挛急，或瘫痪不收。作羹食，主久咳嗽，大补而有神灵。不可轻杀，十二月食龟肉杀人。血治脱肛。骨带入山，令人不迷路。尿主久嗽断疟。,方药,[],,肝肾阴虚证,,[],,"[""腰背痛"", ""骨痛"", ""活动受限""]",,"[""中药内服"", ""中药外用""]",,"[{""name"": ""龟（龟版）"", ""type"": ""单味药"", ""note"": ""主治劳倦骨痿、筋骨不健；可入汤作丸""}, {""name"": ""龟烧灰"", ""type"": ""外治"", ""note"": ""烧灰敷用于头疮不燥""}]",1.0,主内伤阴虚骨蒸寒热，及劳倦骨痿……筋骨自健,True,True,,"[{""classical_span"": ""劳倦骨痿"", ""why_supports"": ""出现“骨痿”这一与骨质疏松高度对应的古籍病名""}, {""classical_span"": ""筋骨自健"", ""why_supports"": ""直接指向筋骨强弱改善，符合骨量/骨强度不足的映射""}, {""classical_span"": ""腰背疼"", ""why_supports"": ""与骨质疏松常见腰背痛症状相符""}]",3,"[""若将未提及的人群（如老年或绝经后）强行映射，属于证据不足"", ""若推断出现脆性骨折而原文未载，属于臆造信息"", ""若将龟的全部功效等同现代骨质疏松治疗，可能过度外推""]",fd3f89bfff80ace2b490ac2230e5b292,"['龟', '龟烧灰']",明,"['活动受限', '腰背痛', '骨痛']"
ok,3288,2026-02-04 18:50:56,古今图书集成医部全录,1726.0,骨虚,正文 古今图书集成医部全录卷一百四,五味能交心肾，须茯神、远志、川归、山药、苁蓉、枸杞。龙骨赡养精神，与益智、茴香、故纸、鹿茸、牛膝、黄芪。地黄补肾益阴，加当归而补髓 【 二宜丸】 。附子驱寒去湿，倍人参而壮阳 【 参附汤】 。虎骨治骨虚酸痛。,方药,[],,肾阳虚证,,[],,"[""骨痛""]",,"[""中药内服""]",,"[{""name"": ""茯神"", ""type"": ""单味药"", ""note"": ""用于交心肾""}, {""name"": ""远志"", ""type"": ""单味药"", ""note"": ""用于交心肾""}, {""name"": ""当归"", ""type"": ""单味药"", ""note"": ""补髓""}, {""name"": ""山药"", ""type"": ""单味药"", ""note"": ""补益""}, {""name"": ""肉苁蓉"", ""type"": ""单味药"", ""note"": ""补肾""}, {""name"": ""枸杞"", ""type"": ""单味药"", ""note"": ""补肾""}, {""name"": ""龙骨"", ""type"": ""单味药"", ""note"": ""赡养精神""}, {""name"": ""益智"", ""type"": ""单味药"", ""note"": ""温补""}, {""name"": ""茴香"", ""type"": ""单味药"", ""note"": ""温阳""}, {""name"": ""补骨脂（故纸）"", ""type"": ""单味药"", ""note"": ""补肾""}, {""name"": ""鹿茸"", ""type"": ""单味药"", ""note"": ""补肾壮阳""}, {""name"": ""牛膝"", ""type"": ""单味药"", ""note"": ""强筋骨""}, {""name"": ""黄芪"", ""type"": ""单味药"", ""note"": ""补气""}, {""name"": ""地黄"", ""type"": ""单味药"", ""note"": ""补肾益阴""}, {""name"": ""二宜丸"", ""type"": ""方剂"", ""note"": ""补肾益阴、补髓""}, {""name"": ""附子"", ""type"": ""单味药"", ""note"": ""驱寒去湿""}, {""name"": ""人参"", ""type"": ""单味药"", ""note"": ""壮阳""}, {""name"": ""参附汤"", ""type"": ""方剂"", ""note"": ""壮阳驱寒""}, {""name"": ""虎骨"", ""type"": ""单味药"", ""note"": ""治骨虚酸痛""}]",0.4,虎骨治骨虚酸痛,True,True,,"[{""classical_span"": ""骨虚"", ""why_supports"": ""提示骨质虚弱的核心概念""}, {""classical_span"": ""骨虚酸痛"", ""why_supports"": ""与慢性骨痛、骨弱相符""}]",1,"[""原文未明确骨折或年老特征，相关性有限"", ""未出现明确古籍病名如骨痿、骨枯"", ""症状描述偏泛，可能指向其他骨病""]",6ed483a48cf2ad2c3d20f42045eb8380,"['二宜丸', '人参', '参附汤', '地黄', '山药', '当归', '枸杞', '牛膝', '益智', '肉苁蓉', '茯神', '茴香', '虎骨', '补骨脂', '远志', '附子', '鹿茸', '黄芪', '龙骨']",清,['骨痛']
ok,3291,2026-02-04 18:51:03,古今图书集成医部全录,1726.0,,正文 古今图书集成医部全录卷一百九十,软痹者，乃膏粱火乘肝肾，以致血气濇则痹厥不仁，虚则软缓无力，或麻木不举，三妙丸、搜风顺气丸。然肾主骨，虚则骨软。阳虚，附虎四斤丸，阴虚，虎潜丸、肾气丸。脚软筋痛者，大补阴丸去地黄加白芍、知母、甘草、倍牛膝。肝主筋，虚则脚膝顽麻，养真丹。肝肾脾俱虚者，五兽三匮丹。,病名,[],,删除多复合证,原文同时提及肾虚、阳虚、阴虚、肝虚、脾虚等，多证并见，无法单一定型,[],,"[""骨痛"", ""活动受限"", ""乏力""]",“骨软”“脚软筋痛”“软缓无力”“麻木不举”等表现,"[""中药内服""]",,"[{""name"": ""三妙丸"", ""type"": ""方剂"", ""note"": ""治软痹""}, {""name"": ""搜风顺气丸"", ""type"": ""方剂"", ""note"": ""治软痹""}, {""name"": ""附虎四斤丸"", ""type"": ""方剂"", ""note"": ""阳虚用""}, {""name"": ""虎潜丸"", ""type"": ""方剂"", ""note"": ""阴虚用""}, {""name"": ""肾气丸"", ""type"": ""方剂"", ""note"": ""阴虚用""}, {""name"": ""大补阴丸去地黄加白芍知母甘草倍牛膝"", ""type"": ""方剂"", ""note"": ""治脚软筋痛""}, {""name"": ""养真丹"", ""type"": ""方剂"", ""note"": ""治肝虚脚膝顽麻""}, {""name"": ""五兽三匮丹"", ""type"": ""方剂"", ""note"": ""治肝肾脾俱虚""}]",0.4,然肾主骨，虚则骨软。脚软筋痛者,True,True,,"[{""classical_span"": ""肾主骨，虚则骨软"", ""why_supports"": ""明确指出肾虚致骨软，与骨量不足相符""}, {""classical_span"": ""脚软筋痛"", ""why_supports"": ""反映下肢无力、骨痛样表现""}]",1,"[""原文未见明确骨折或年老易折描述"", ""多证并见，难以对应单一现代证型"", ""未提供人群与结局信息，映射有限""]",d961fa3e610fcb657c11e5e5a03c681e,"['三妙丸', '五兽三匮丹', '养真丹', '大补阴丸去地黄加白芍知母甘草倍牛膝', '搜风顺气丸', '肾气丸', '虎潜丸', '附虎四斤丸']",清,"['乏力', '活动受限', '骨痛']"
ok,3295,2026-02-04 18:51:04,古今图书集成医部全录,1726.0,骨虚,正文 古今图书集成医部全录卷二百十八,有无故口眼喎斜，投以中风药剂不效，盖缘骨虚中受风所致，当于此求之，不可例作寻常中风治之。川乌一味，决不可少，宜炮熟用。,病名,[],,其它-风寒湿痹证,骨虚中受风，属骨虚为本、风邪为标（据原文“盖缘骨虚中受风所致”）,[],,"[""活动受限""]",口眼喎斜属功能障碍表现，枚举中以活动受限近似对应,"[""中药内服""]",,"[{""name"": ""川乌"", ""type"": ""单味药"", ""note"": ""原文称“川乌一味，决不可少，宜炮熟用”""}]",0.2,盖缘骨虚中受风所致,True,True,,"[{""classical_span"": ""骨虚中受风"", ""why_supports"": ""出现“骨虚”提示骨质虚弱范畴，与骨质疏松存在弱相关映射""}]",1,"[""仅提骨虚而无骨折、骨痛等关键特征，相关性偏弱"", ""症状以口眼喎斜为主，可能属中风范畴而非骨病"", ""未见人群、年龄或长期演变描述，难以对应现代表型""]",a2cd7c1217900ed18fe2f9cabf596981,['川乌'],清,['活动受限']
ok,801,2026-02-04 17:12:03,医学衷中参西录,1918.0,骨痿,医方·（十三）治肢体痿废方 1．振颓汤,热者，加生石膏数钱，或至两许。寒者去知母，加乌附子数钱。筋骨受风者，加明天麻数钱。脉弦硬而大者，加龙骨、牡蛎各数钱，或更加山萸肉亦佳。骨痿废者，加鹿角胶、虎骨胶各二钱（另炖同服）。然二胶伪者甚多，若恐其伪，可用续断、菟丝子各三钱代之。手足皆痿者，加桂枝尖二钱。,方药,[],,肾阳虚证,,[],,[],,"[""中药内服""]",,"[{""name"": ""振颓汤"", ""type"": ""方剂"", ""note"": ""用于治肢体痿废，随证加减""}, {""name"": ""鹿角胶"", ""type"": ""单味药"", ""note"": ""骨痿废者加用""}, {""name"": ""虎骨胶"", ""type"": ""单味药"", ""note"": ""骨痿废者加用，另炖同服""}, {""name"": ""续断"", ""type"": ""单味药"", ""note"": ""二胶恐伪时之代用""}, {""name"": ""菟丝子"", ""type"": ""单味药"", ""note"": ""二胶恐伪时之代用""}]",1.0,骨痿废者，加鹿角胶、虎骨胶各二钱,True,True,,"[{""classical_span"": ""骨痿废者"", ""why_supports"": ""明确出现高度相关病名“骨痿”，与骨质疏松范畴高度一致""}]",1,"[""原文未提供具体人群信息却强行推断"", ""未区分骨痿与其他痿证而过度泛化"", ""缺乏现代临床结局仍强行映射""]",f79ab8b85217d2bd3bf38277a0c8e105,"['振颓汤', '续断', '菟丝子', '虎骨胶', '鹿角胶']",近现代,[]
ok,802,2026-02-04 17:12:15,医学衷中参西录,1918.0,骨痿,医方·（十三）治肢体痿废方 1．振颓汤,方中用黄 以补大气，白术以健脾胃，当归、乳香、没药以流通血脉，灵仙以祛风消痰，恐其性偏走泄，而以人参之气血兼补者佐之，干姜以开气血之痹，知母以解干姜、人参之热，则药性和平，可久服而无弊。其阳明有实热者，加石膏以清阳明之热，仿《金匮》风引汤之义也。营卫经络有凝寒者，加附子以解营卫经络之寒，仿《金匮》近效术附汤之义也。至其脉弦硬而大，乃内风煽动，真气不固之象，故加龙骨、牡蛎以熄内风敛真气。骨痿者加鹿胶、虎胶取其以骨补骨也。筋骨受风者，加明天麻取其能搜筋骨之风，又能补益筋骨也。若其痿专在于腿，可但用牛膝以引之下行。若其人手足并痿者，又宜加桂枝兼引之上行。,方药,[],,肾阳虚证,,[],,"[""活动受限""]",骨痿、肢体痿废属筋骨痿软，表现为肢体功能减退,"[""中药内服""]",,"[{""name"": ""振颓汤"", ""type"": ""方剂"", ""note"": ""主方，用于治肢体痿废""}, {""name"": ""黄芪"", ""type"": ""单味药"", ""note"": ""补大气""}, {""name"": ""白术"", ""type"": ""单味药"", ""note"": ""健脾胃""}, {""name"": ""当归"", ""type"": ""单味药"", ""note"": ""流通血脉""}, {""name"": ""乳香"", ""type"": ""单味药"", ""note"": ""活血通络""}, {""name"": ""没药"", ""type"": ""单味药"", ""note"": ""活血通络""}, {""name"": ""威灵仙"", ""type"": ""单味药"", ""note"": ""祛风消痰""}, {""name"": ""人参"", ""type"": ""单味药"", ""note"": ""补气血，佐制走泄""}, {""name"": ""干姜"", ""type"": ""单味药"", ""note"": ""开气血之痹""}, {""name"": ""知母"", ""type"": ""单味药"", ""note"": ""制干姜、人参之热""}, {""name"": ""龙骨"", ""type"": ""单味药"", ""note"": ""熄内风、敛真气""}, {""name"": ""牡蛎"", ""type"": ""单味药"", ""note"": ""熄内风、敛真气""}, {""name"": ""鹿胶"", ""type"": ""单味药"", ""note"": ""骨痿加用，以骨补骨""}, {""name"": ""虎胶"", ""type"": ""单味药"", ""note"": ""骨痿加用，以骨补骨""}]",1.0,骨痿者加鹿胶、虎胶取其以骨补骨也,True,True,,"[{""classical_span"": ""骨痿者加鹿胶、虎胶"", ""why_supports"": ""直接出现“骨痿”病名，且强调以骨补骨，指向骨弱萎软""}, {""classical_span"": ""治肢体痿废"", ""why_supports"": ""肢体痿废属筋骨功能减退，与骨质疏松相关表现相符""}]",4,"[""若将肢体痿废泛化为神经肌肉病而非骨病，可能高估相关性"", ""未提供人群与年龄信息，无法对应具体现代分型"", ""缺乏骨折等现代关键结局证据，可能被质疑映射充分性""]",b6bdc2c504e2ca8d2e0ba847333e4b0f,"['乳香', '人参', '威灵仙', '干姜', '当归', '振颓汤', '没药', '牡蛎', '白术', '知母', '虎胶', '鹿胶', '黄芪', '龙骨']",近现代,['活动受限']
ok,806,2026-02-04 17:12:19,医宗金鉴,1742.0,骨痿,订正仲景全书金匮要略注,赵良曰：此证风湿皆从表受之，其病在外，故脉浮汗出。凡身重有肌肉痿而重者，有骨痿而重者，此之身重，乃风湿在皮毛之表，故不作疼。虚其卫气，而湿为身重，故以黄耆实卫，甘草佐之，防己去湿，白术佐之。然则风湿二邪，独无散风之药何耶？盖汗多，知其风已不留，以表虚而风出入乎其间，因之恶风尔。惟实其卫，正气壮则风自退，此不治而治者也。,病名,[],,脾胃虚弱证,,[],,[],,"[""中药内服""]",,"[{""name"": ""黄耆"", ""type"": ""单味药"", ""note"": ""实卫气以治身重""}, {""name"": ""甘草"", ""type"": ""单味药"", ""note"": ""佐黄耆实卫""}, {""name"": ""防己"", ""type"": ""单味药"", ""note"": ""去湿以治身重""}, {""name"": ""白术"", ""type"": ""单味药"", ""note"": ""佐防己去湿""}]",1.0,凡身重有肌肉痿而重者，有骨痿而重者,True,True,,"[{""classical_span"": ""有骨痿而重者"", ""why_supports"": ""直接出现“骨痿”这一高度指向骨质衰弱的病名""}]",1,"[""原文未提供人群与年龄信息，无法映射具体现代表型"", ""未描述骨折或疼痛等现代诊断要点，可能被质疑表型不足"", ""证型与治疗基于古文语义，不能等同现代临床结论""]",d0c1fc16fda2482539220f105a48c50c,"['甘草', '白术', '防己', '黄耆']",清,[]
ok,808,2026-02-04 17:12:25,医宗金鉴,1742.0,骨痿,删补名医方论,【按】五行皆一，惟火有二，君火，相火也。君火为心经之火，君主一身之火也。相火为肾中之火，宣布一身之火也。使君火无相火，则不能宣布诸火，以奉生身之本。相火无君火，则不能君主诸火，以制其妄行之灾。故李杲立内伤劳倦，火乘土位之论，以心火有余，用升阳气，泻阴火朱砂安神等药，而未及心火之不足者，以前人已有归脾，养心等方也。震亨立阳常有余，阴常不足之论，以肾火有余，用补阴，补天等药，而未及肾火之不足者，以前人已有肾气，桂附地黄汤丸也。根据本方加附子，肉桂，名桂附地黄丸，治两尺脉弱，相火不足，虚羸少气，王冰所谓益火之原，以消阴翳者是也。加黄柏，知母，名知柏地黄丸，治两尺脉旺，阴虚火动，午热骨痿，王冰所谓壮水之主，以制阳光者是也。经云：阴平阳秘，精神乃治。若阴阳偏胜，则疾病丛生。夫肾取象乎坎，阳藏于阴之藏也。不独阴盛阳衰，阳畏其阴而不敢附，即阴衰阳盛，阴难藏阳亦无可根据，虽同为火不归原，而其为病则异也。故于肾药中加桂，附，壮阳胜阴，使阳无所畏，而自归原矣。加知柏补阴秘阳，使阳有所贮，而自归藏矣。世人但知以桂，附引火归原，不知以知，柏平阴秘阳，举世皆蒙其误，故震亨特立补阴之论，以辟以火济火之非，而未达其旨者，从而诽之，良可叹也。,病名,[],,删除多复合证,原文同时论及相火不足（肾阳虚）与阴虚火动（肝肾阴虚）两类证候，非单一证型。,[],,[],,"[""中药内服""]",,"[{""name"": ""桂附地黄丸"", ""type"": ""方剂"", ""note"": ""治两尺脉弱、相火不足、虚羸少气""}, {""name"": ""知柏地黄丸"", ""type"": ""方剂"", ""note"": ""治两尺脉旺、阴虚火动、午热骨痿""}]",1.0,两尺脉旺，阴虚火动，午热骨痿,True,True,,"[{""classical_span"": ""午热骨痿"", ""why_supports"": ""明确出现“骨痿”，为骨质疏松高度相关的古籍病名""}]",1,"[""若强行指定单一证型，可能忽略原文并列论述两证的事实"", ""若推断具体现代骨质疏松分型，超出原文证据范围"", ""若补充未载明的人群或症状，属于臆造信息""]",2f09d3362281c692cc561487d98a6170,"['桂附地黄丸', '知柏地黄丸']",清,[]
ok,809,2026-02-04 17:12:28,医宗金鉴,1742.0,骨痿,删补名医方论,兹又有气化血行之妙，其为筋骨壮盛，有力如虎也必矣。『道经』云：虎向水中生，以斯为潜之义焉夫!是以名之曰：虎潜丸。叶仲坚曰：痿原虽分五脏，然其本在肾，其标在肺，『内经』云：五脏因肺热叶焦，发为痿躄。又曰：阳气内伐，水不胜火，则骨痿髓虚，故足不任身。骨痿者生于大热也，若视为虚寒而投以桂，附，多致不救。是方以虎名者，虎于兽中禀金气之至刚，风生一啸，特为肺金取象焉。,病名,[],,肾阳虚证,,"[""其他""]",古籍病名“骨痿”，描述骨痿髓虚、足不任身，指向骨量不足与骨力减退，但未限定现代具体人群分型,"[""活动受限"", ""乏力""]",,"[""中药内服""]",,"[{""name"": ""虎潜丸"", ""type"": ""方剂"", ""note"": ""用于治疗骨痿、筋骨痿软，取肺金肾水以壮筋骨""}]",1.0,阳气内伐，水不胜火，则骨痿髓虚，故足不任身,True,True,,"[{""classical_span"": ""骨痿髓虚，故足不任身"", ""why_supports"": ""明确出现“骨痿”并描述骨与骨髓虚弱，直接对应骨质疏松核心病理""}, {""classical_span"": ""其为筋骨壮盛，有力如虎"", ""why_supports"": ""以筋骨强弱为核心评价，反映骨力不足与治疗目标""}]",4,"[""若忽略“骨痿”这一明确病名，可能低估其与骨质疏松的高度相关性"", ""若强行指定现代具体人群分型，超出原文所能支持的证据范围"", ""若将其解释为单纯肌肉无力而非骨病，可能造成病机误判""]",013344deefc6f0c5d8792eefd1966d02,['虎潜丸'],清,"['乏力', '活动受限']"
ok,829,2026-02-04 17:13:13,玉机微义,1396.0,骨痿,卷十九 虚损治法 补虚损壮筋骨之剂,金匮崔氏八味丸治肾虚气乏下元冷惫腹脐疼痛夜多旋溺脚膝缓弱肢体倦怠面皮痿黄或黧 黑及虚劳不足渴欲饮水腰重疼痛小腹急痛小便不利并宜服之 前肾气丸加桂心(一两) 附子(炮一两) 上为细末炼蜜丸如桐子大每五七十丸温酒送下盐汤亦得空心食前妇人淡醋汤下 局方西川石刻安肾丸治真气虚惫脚膝弱缓夜梦遗积小便滑数而清 青盐(四两) 鹿茸(炙) 柏子仁(净) 石斛 附子 川乌(炮) 巴戟(去心) 肉桂 菟 丝子 苁蓉 韭子 葫芦巴 杜仲 破故纸(炒) 石枣 远志 赤石脂 茯苓 茯神 茴香(炒 各一两) 苍术 川楝 川椒 山药(各四两) 上为末山药酒糊丸如梧子大每七八十丸空心盐汤下 无比山药丸治诸虚百损五劳七伤肌体消瘦肤燥脉弱 赤石脂 茯神(各一两) 山药(三两) 苁蓉(四两酒浸) 巴戟 牛膝(酒浸) 泽泻 山 茱萸肉(各一两) 五味子(二两) 杜仲 菟丝子 熟地黄(各三两) 上石臼内杵为末炼蜜丸梧子大每四五十丸空心温酒下 杨氏还少丹大补真气虚损肌体瘦弱 肉苁蓉 远志 茴香 巴戟 山药 枸杞子 熟地黄 石菖蒲 山茱萸 牛膝 杜仲 楮实子 五味子 白茯苓 上石臼内捣为末炼蜜丸如梧子大每五十丸空心温酒送下 机要牛膝丸治肾肝损骨痿不能起于床宜益精筋缓不能自收持宜缓中此丸主之 牛膝(酒浸) 萆 杜仲(炒) 苁蓉(酒浸) 菟丝子 防风 葫芦巴(炒) 桂(减半) 补骨脂 沙苑蒺藜 上等分为细末酒煮猪腰子为丸每五七十丸空心温酒下 按此用防风以升发肝气非补肝也 地黄丸治阳盛阴虚肝肾不足房室虚损形瘦无力面多青黄而无常色宜此养荣血肾气 苍术(泔浸) 熟地黄(各一斤) 干姜(春七钱夏半两秋七钱冬一两) 上石臼杵为末蒸枣肉为丸桐子大每五七十丸至百丸诸饮下若加五味子为肾气丸述类像形 神品药也 按以上诸方少阴例药也盖谓肾为真水有补无泻故古人立肾气丸法后世俗因之以补阳然阳 虚者亦有之但不可例为常补尔 谨按虚损之证其源虽多莫不因胃气元气不足致气虚血虚阴阳俱虚或房劳精竭荣卫弱而腑 脏 气痿不能输养为疲极甚者变为劳瘵之疾但世俗处治昧此病机源委例用香燥或金石之剂往往误 人惟有宋钱仲阳建五脏虚方迥出前人之论我丹溪先生发挥局方之失示用补端绪言东垣所谓饮 食劳倦内伤元气则胃脘之阳不能升举并心肺之气陷入于中焦而用补中益气治之此实前人之所 无也然天不足于西北地不满于东南天阳而地阴西北之人阳气易降东南之人阴气易升苟不知此 而徒取其法则于气之降者固可以获效而于气之升者亦从而用之吾恐反增其病矣意此不可恃为 通行之法云人之虚者多是阴不足邵子谓天地自相根据附天根据形地附气其形也有涯其气也无涯人 之形质有涯者也天癸绝后则形衰矣苟不益阴以内守则阳亦无得以发扬为健运之能是天失所根据 也而为飘散飞荡如丧家之狗耳阳既飘散则地愈失所附也形气不相根据附则死矣人其补养残衰伤 朽之质又何云哉斯论虚衰与东垣制法虽证不同实本乎内经阴精所奉其人寿阳精所降其人夭之 旨盖谓人之寿夭比之经论南北二方亦自微甚不等升阳之例当为活法滋阴之剂义亦是焉必求的 在之虚合病机而行其法如此与世俗不明造化之理概用温补者天地悬隔故于诸书补剂而不详录 学人审是则思过半矣,方药,[],,肾阳虚证,,[],,"[""腰背痛"", ""活动受限"", ""乏力""]",,"[""中药内服""]",,"[{""name"": ""机要牛膝丸"", ""type"": ""方剂"", ""note"": ""原文明确记载“治肾肝损骨痿不能起于床”""}, {""name"": ""金匮崔氏八味丸"", ""type"": ""方剂"", ""note"": ""治肾虚气乏、脚膝缓弱、腰重疼痛""}, {""name"": ""无比山药丸"", ""type"": ""方剂"", ""note"": ""治诸虚百损、肌体消瘦、脉弱""}]",1.0,机要牛膝丸治肾肝损骨痿不能起于床,True,True,,"[{""classical_span"": ""骨痿不能起于床"", ""why_supports"": ""直接出现骨痿病名，指向骨弱、功能丧失""}, {""classical_span"": ""脚膝缓弱"", ""why_supports"": ""符合骨质疏松相关的下肢无力与活动受限""}]",1,"[""文本未明确现代骨折或影像学证据"", ""部分症状可能与其他虚损证混杂"", ""未提供明确人群年龄与性别信息""]",7ef57bace06d13cf4d21ccdca4210c69,"['无比山药丸', '机要牛膝丸', '金匮崔氏八味丸']",明,"['乏力', '活动受限', '腰背痛']"
ok,835,2026-02-04 17:13:23,杂病广要,1670.0,骨痿,内因类 虚劳,治肾脏虚冷，骨痿少力，腰膝沉重，行步艰难，气虚，不思饮食，补骨脂丸方。,病名,[],,肾阳虚证,,[],,"[""活动受限"", ""乏力"", ""步态不稳""]",,"[""中药内服""]",,"[{""name"": ""补骨脂丸方"", ""type"": ""方剂"", ""note"": ""用于治疗肾脏虚冷、骨痿少力""}]",1.0,治肾脏虚冷，骨痿少力，腰膝沉重，行步艰难,True,True,,"[{""classical_span"": ""骨痿少力"", ""why_supports"": ""骨痿为古籍中与骨质疏松高度对应的病名范畴""}]",1,"[""仅依据骨痿病名，未涉及现代骨密度或骨折描述"", ""未明确患者年龄与性别，难以对应具体现代表型"", ""症状描述偏功能受限，缺乏骨折等强证据""]",382fb8e6e027003f8c7444f9b56a1e54,['补骨脂丸方'],清,"['乏力', '步态不稳', '活动受限']"
ok,834,2026-02-04 17:13:25,杂病广要,1670.0,骨痿,内因类 虚劳,气血调养例 治法大要，潮热者，不可过用寒凉；秘结者，不可骤兴疏泄；嗽喘者，不可妄施发散；咯血者，不可错认以为热。但以滋养荣血为上，调平藏气次之，某病某药，又于养血调气之中而增益也。其或骨间有热，以至四肢缓弱不举，此则骨痿，欲斯疾之有瘳也，艰哉。虽然，当归、地黄、黄 、芍药，固养血之上药也，亦当以益胃消痰辈佐之。盖人以谷气为本，所谓精气血气，由谷气而生，古人以五味五谷五药养其病者，不无先后于其间也。当归、地黄恋膈引痰，黄 、芍药多则伤胃，是可胶柱调瑟而测量轻重之不审乎。（《直指》）,病名,[],,肝肾阴虚证,,[],,"[""活动受限"", ""乏力""]",,"[""中药内服""]",,"[{""name"": ""当归"", ""type"": ""单味药"", ""note"": ""滋养荣血，为养血上药""}, {""name"": ""地黄"", ""type"": ""单味药"", ""note"": ""滋养荣血，用于骨痿血虚""}, {""name"": ""黄芪"", ""type"": ""单味药"", ""note"": ""文中作“黄”，与芍药并提，补益气血""}, {""name"": ""芍药"", ""type"": ""单味药"", ""note"": ""养血柔肝，但多则伤胃，需权衡""}]",1.0,其或骨间有热，以至四肢缓弱不举，此则骨痿,True,True,,"[{""classical_span"": ""此则骨痿"", ""why_supports"": ""直接出现高度相关的古籍病名，指向骨弱萎软""}, {""classical_span"": ""四肢缓弱不举"", ""why_supports"": ""符合骨质疏松相关的功能障碍表现""}]",1,"[""文本未明确现代诊断，存在与其他痿证混淆可能"", ""未见骨折等脆性骨折证据，现代表型需谨慎"", ""证型需单选，古文表述可能兼夹多证""]",ea6e2007a7cb2ed77214d4312372292b,"['地黄', '当归', '芍药', '黄芪']",清,"['乏力', '活动受限']"
ok,842,2026-02-04 17:13:43,杂病广要,1670.0,骨痿,身体类 痿,治例 治宜黄芩、黄连、当归、生地、独活、牛膝、秦艽、续断之类，切不可偏于风药而作风治（按：此一语本出丹溪），亦不可偏于补药而作虚论。此症宜利小便而除其湿热，宜用清凉而通利其气血，其症自可者也。若肾气空虚，腰脊不举，髓竭力乏，行立不能，而为骨痿之症者，前方宜加五味、构杞、山萸、熟地、虎骨、败龟之类，（《绳墨》）,病名,[],,肾虚血瘀证,原文称“肾气空虚，腰脊不举，髓竭力乏”，未明确阴阳虚分型,[],,"[""活动受限"", ""乏力"", ""步态不稳""]",,"[""中药内服""]",,"[{""name"": ""黄芩"", ""type"": ""单味药"", ""note"": ""治宜用药之一""}, {""name"": ""黄连"", ""type"": ""单味药"", ""note"": ""治宜用药之一""}, {""name"": ""当归"", ""type"": ""单味药"", ""note"": ""治宜用药之一""}, {""name"": ""生地"", ""type"": ""单味药"", ""note"": ""治宜用药之一""}, {""name"": ""独活"", ""type"": ""单味药"", ""note"": ""治宜用药之一""}, {""name"": ""牛膝"", ""type"": ""单味药"", ""note"": ""治宜用药之一""}, {""name"": ""秦艽"", ""type"": ""单味药"", ""note"": ""治宜用药之一""}, {""name"": ""续断"", ""type"": ""单味药"", ""note"": ""治宜用药之一""}, {""name"": ""五味子"", ""type"": ""单味药"", ""note"": ""骨痿肾虚加用""}, {""name"": ""枸杞子"", ""type"": ""单味药"", ""note"": ""骨痿肾虚加用""}, {""name"": ""山茱萸"", ""type"": ""单味药"", ""note"": ""骨痿肾虚加用""}, {""name"": ""熟地黄"", ""type"": ""单味药"", ""note"": ""骨痿肾虚加用""}, {""name"": ""虎骨"", ""type"": ""单味药"", ""note"": ""骨痿肾虚加用""}, {""name"": ""败龟"", ""type"": ""单味药"", ""note"": ""骨痿肾虚加用""}]",1.0,若肾气空虚，腰脊不举，髓竭力乏，行立不能，而为骨痿之症者,True,True,,"[{""classical_span"": ""骨痿之症"", ""why_supports"": ""明确出现高度相关古籍病名""}, {""classical_span"": ""腰脊不举，行立不能"", ""why_supports"": ""提示骨弱致功能障碍，符合骨质疏松表现""}]",4,"[""未在原文中出现的现代分型被强行套用"", ""证型阴阳属性不明却擅自判定"", ""症状或人群推断超出文本证据""]",c04e0408c498351428f866c1ea88eda1,"['五味子', '山茱萸', '当归', '枸杞子', '熟地黄', '牛膝', '独活', '生地', '秦艽', '续断', '虎骨', '败龟', '黄芩', '黄连']",清,"['乏力', '步态不稳', '活动受限']"
ok,844,2026-02-04 17:13:50,玉机微义,1396.0,骨痿；骨枯,卷三十一 腰痛门 论腰痛为虚宜补,东垣曰太阳气虚则邪客之痛病生矣夫邪者是风热寒湿燥皆能为病大抵寒湿多而风热少然 有房 室劳伤肾虚腰痛者是阳气虚弱不能运动故也阳之不足宜补阳如膏粱之人久服阳药醉以入房损 其真阴肾气热则腰脊痛而不能举久则髓减骨枯骨枯发为骨痿阴之不足宜补阴,病名,[],,肝肾阴虚证,,[],,"[""腰背痛"", ""活动受限""]",,"[""中药内服""]",,"[{""name"": ""肾气丸"", ""type"": ""方剂"", ""note"": ""用于肾虚腰痛，补肾助阳""}, {""name"": ""鹿茸"", ""type"": ""单味药"", ""note"": ""补肾阳以治肾虚腰痛""}, {""name"": ""茴香"", ""type"": ""单味药"", ""note"": ""温肾助阳，缓解腰痛""}, {""name"": ""六味地黄丸"", ""type"": ""方剂"", ""note"": ""用于肾阴不足、骨枯骨痿""}, {""name"": ""温肾丸"", ""type"": ""方剂"", ""note"": ""补肾以治骨痿""}, {""name"": ""封髓丹"", ""type"": ""方剂"", ""note"": ""补阴固髓以治骨枯""}]",1.0,久则髓减骨枯，骨枯发为骨痿,True,True,,"[{""classical_span"": ""骨枯发为骨痿"", ""why_supports"": ""直接出现骨痿、骨枯，为古籍中与骨质疏松高度对应的病名""}, {""classical_span"": ""腰脊痛而不能举"", ""why_supports"": ""符合骨质疏松常见的腰背痛及功能受限表现""}]",4,"[""文本未提供明确人群年龄与性别，无法细分现代分型"", ""部分症状为中医整体描述，难与现代指标一一对应"", ""治疗效果未记载，缺乏转归信息""]",7e84333f2c8db01fcbadc485a48ab756,"['六味地黄丸', '封髓丹', '温肾丸', '肾气丸', '茴香', '鹿茸']",明,"['活动受限', '腰背痛']"
ok,869,2026-02-04 17:14:49,证治准绳·类方,1602.0,骨痿,第二册 积聚,奔豚丸（东垣） 治肾之积，发于小腹，上至心下，若豚状，或上或下无时，久不已，令人喘逆，骨痿少气。及治男子内结七疝，女子瘕聚带下，其脉沉而滑。,方药,[],,肾虚血瘀证,原文仅述“治肾之积…骨痿少气”，未明确归属具体证型,[],,[],,"[""中药内服""]",,"[{""name"": ""奔豚丸"", ""type"": ""方剂"", ""note"": ""用于治疗肾之积所致奔豚，并及骨痿少气""}]",1.0,治肾之积……令人喘逆，骨痿少气,True,True,,"[{""classical_span"": ""骨痿少气"", ""why_supports"": ""“骨痿”为古籍中与骨弱、骨萎相关的核心病名，高度指向骨质疏松范畴""}, {""classical_span"": ""奔豚丸（东垣）治肾之积"", ""why_supports"": ""方剂主治中明确并及“骨痿”，显示治疗目标涉及骨病表现""}]",4,"[""仅据出现“骨痿”即映射，未能提供现代影像或骨折证据"", ""原文证型未明，若强行归入具体证型可能构成过度解读"", ""症状描述有限，未涉及疼痛或骨折等现代典型表现""]",3301eb2eec1d630a7ec0113fb28e1f55,['奔豚丸'],明,[]
ok,896,2026-02-04 17:15:48,周慎斋遗书,1602.0,骨痿,卷七 阴虚,若人入房、劳心太过，患经月不寐，梦寐不宁，须澄虑内观，药用补水宁神。或补阴而反梦而火愈炽，此神思火动而真水不足故也，当救真水，其火自降。经云：寒之不寒，是无水也，治以元参甘草汤，清其神火，俟火热稍缓，仍以壮水益元汤主之。若耳闭咳唾呻吟，肌骸骨痿腰折，并以补元益阴汤佐桂以从。若因风湿痰火与气逆血滞之类，而后骨痿腰折，不在,病名,[],,肝肾阴虚证,,[],,"[""骨折""]",,"[""中药内服""]",,"[{""name"": ""元参甘草汤"", ""type"": ""方剂"", ""note"": ""清神火、救真水""}, {""name"": ""壮水益元汤"", ""type"": ""方剂"", ""note"": ""火热稍缓后主用以益真水""}, {""name"": ""补元益阴汤"", ""type"": ""方剂"", ""note"": ""治骨痿腰折并佐桂""}, {""name"": ""桂"", ""type"": ""单味药"", ""note"": ""佐补元益阴汤从阳""}]",1.0,耳闭咳唾呻吟，肌骸骨痿腰折,True,True,,"[{""classical_span"": ""骨痿"", ""why_supports"": ""明确古籍骨病范畴，直指骨萎弱""}, {""classical_span"": ""腰折"", ""why_supports"": ""提示骨弱易折，与脆性骨折相符""}]",1,"[""未出现明确年龄或性别信息，无法细分现代表型"", ""症状未提供疼痛或身高变化等更多体征"", ""治疗转归未在原文交代""]",6637f028abbf3ab68516b4f08ffd28b1,"['元参甘草汤', '壮水益元汤', '桂', '补元益阴汤']",明,['骨折']
ok,895,2026-02-04 17:15:49,周慎斋遗书,1602.0,骨痿,卷七 阴虚,语云：阴常不足，阳常有余。故人生受病，若先起于七情，内伤元气，而后及于血气，此从内而及外，阴病十居八九，阳病十居一二。若因外感先伤气血，而后及于内者，则阳证多而阴证少矣。经云：男子十六而精通。此常度也。有未至其期，而以人为强通其精者，则四体之内，阴气有不满之处，异日多有难状之证。有身体常常恶寒者，盖肾藏精而属水，水涸不能制火，则火燔灼其阴，以致阴虚火动而恶寒，非真恶寒也。盖火极似水，故身中悃懒，觉乎洒淅有似恶寒之状，但日夜无度，静而或作，动而益觉其虚，若神思少息，略得一静，火即潜伏，遇暖而寒即解矣。若动作时发热，静时即止，止时手足心如火烙，或面赤、耳鸣、咽痛，斑疹随出随没，或胸前、两足内忽然作热，有如电状，来无常度，去亦无定，口鼻出入气息时有焦腐之气，寤寐不安而呻吟，唇红舌焦而燥黑，足心似炙，气从脐下入腹，或唇舌、小腹、两胁如火烙，或腰痛如折，骨痿不能起床，遍体疼痛，舌本强而不能言，此少阴之脉系舌本故也。或耳鸣如波涛、蝉鸣、鹊噪、琴瑟之声，或耳闭不能听，至夜多梦，睡时惊骇不宁，魂飞魄荡，喜暗恶明而怕见人，或妄见鼠窜蛇行、孩童前后相戏，自觉手足脱落，或头玲珠堕下，或见有人同伴同眠，或鬓发显然如有人揪扯，各样异患不一，总皆肾虚阴不足，火动变见之故也。此不可妄为痰火，遽用燥烈苦寒之药，亦不可执丹溪之法，一例以四物汤加知、柏之类治之。夫知、柏、芩、连，泄有余之火，用之得当，则能祛邪，而元气自复，故有裨益；若真元不足，而亦以此用之，反泻天真，以致大便泄泻，饮食少进，胃气虚而肌肉削，往往致死，不可胜计。又不可执阳旺能生阴之说，治以补中。初用一、二帖，略以为中病，久泥于此，岂不谬哉！若房劳伤肾，只宜补水益元汤加减，而诸证悉愈。或有津液之阴不足而火动，发热恶寒；又有精髓之阴不足而火动，则口干舌燥；又有营血之阴不足而火动，遣精梦泄。《内经》言天气不足，地气乘之；地气不足，天气乘之。昼剧则阳不足，夜剧则阴不足。又有营血衰少，感冒风寒，邪入阴分，午夜发热，宜四物加降火清热之味则愈。或大怒伤肝而内动风热，致气血错乱，留滞阴分发热者，宜疏肝补阴清热则愈。有因饮食惊恐与食相挟，致伤阴气，留滞于阴分而为患者，此阴分受伤，至夜发热，而似乎阴虚火动，其证不同，必须穷本求源，庶几医无谬妄，而病无横夭。经云：阳火易救，阴火难扶，若真阴虚弱，药非百剂，功非岁月，何能全愈？其他外来有余之邪及过餐炙 膏粱浓味，以致病热为患者，非惟黄芩、黄连、知母、石膏之类可用，即硝、黄亦罔顾矣。虽然亦可用之于壮盛，若元气衰弱，当先补元气，而后祛邪，如邪盛，又当攻补兼施，量其虚实而施,证型,"[""情志异常""]",,肝肾阴虚证,,[],,"[""腰背痛"", ""骨痛"", ""活动受限"", ""乏力""]",,"[""中药内服""]",,"[{""name"": ""补水益元汤"", ""type"": ""方剂"", ""note"": ""房劳伤肾所致诸证，原文称“加减而诸证悉愈”""}, {""name"": ""四物汤"", ""type"": ""方剂"", ""note"": ""营血衰少、夜发热者，原文提及可加降火清热之味""}, {""name"": ""知母、黄柏"", ""type"": ""单味药"", ""note"": ""作为清泄有余之火，原文强调须辨真元虚实慎用""}]",1.0,或腰痛如折，骨痿不能起床,True,True,愈,"[{""classical_span"": ""骨痿不能起床"", ""why_supports"": ""明确出现“骨痿”病名，直接指向骨萎软无力""}, {""classical_span"": ""腰痛如折"", ""why_supports"": ""符合骨质疏松常见的慢性腰背疼痛表现""}]",1,"[""仅凭阴虚火动症状，未必均属骨病范畴"", ""未出现脆性骨折等现代诊断关键证据"", ""方药多为辨证论治讨论，非专为骨病设立""]",56e9a1b06d922e6fa2b9f89fe4bf7de6,"['四物汤', '知母、黄柏', '补水益元汤']",明,"['乏力', '活动受限', '腰背痛', '骨痛']"
ok,897,2026-02-04 17:15:52,周慎斋遗书,1602.0,骨痿,卷九 腰痛,肾经骨痿，不能起床，腰背腿皆痛。萆 、杜仲、菟丝子、肉苁蓉，共末，酒煮腰子捣丸。空心温酒下五十丸。,病名,[],,删除,,[],,"[""腰背痛"", ""活动受限""]",,"[""中药内服""]",,"[{""name"": ""萆薢"", ""type"": ""单味药"", ""note"": ""用于肾经骨痿、腰背腿痛""}, {""name"": ""杜仲"", ""type"": ""单味药"", ""note"": ""用于腰痛、骨痿""}, {""name"": ""菟丝子"", ""type"": ""单味药"", ""note"": ""用于肾经骨痿""}, {""name"": ""肉苁蓉"", ""type"": ""单味药"", ""note"": ""用于肾经骨痿""}]",1.0,肾经骨痿，不能起床，腰背腿皆痛。,True,True,,"[{""classical_span"": ""肾经骨痿"", ""why_supports"": ""直接出现“骨痿”这一高度对应骨质疏松的古籍病名""}, {""classical_span"": ""不能起床，腰背腿皆痛"", ""why_supports"": ""提示骨病导致的疼痛与功能受限，符合骨质疏松表现""}]",4,"[""未明确记载患者年龄或性别，无法对应具体现代表型"", ""证型未在原文中直接点明，若强行归类将构成臆测"", ""未提及骨折或身高改变，相关性判断主要依赖病名""]",0834e0b46eceb9ed028714157df63e11,"['杜仲', '肉苁蓉', '菟丝子', '萆薢']",明,"['活动受限', '腰背痛']"
ok,4236,2026-02-04 19:27:55,古今图书集成医部全录,1726.0,骨痹,正文 古今图书集成医部全录卷二百二十六,经言春为筋痹、夏为脉痹、仲夏为肌肉痹、秋为皮痹、冬为骨痹，言皮脉肌筋骨各以时而受风寒湿之邪也。大概风湿多侵乎上，肩背麻木，手腕硬痛；寒湿多侵乎下，脚腿木重；若上下俱得，身如板夹，脚如石坠。须分风寒湿多少治之。风多痛走不定；寒多掣痛，周身拘急，手足冷痹，与痛风同；湿多浮肿，重着一处不移。风多，乌药顺气散、三痹汤、越婢汤、单豨莶丸；寒多，五积散加天麻、附子，或蠲痹汤；寒湿，五积交加散；湿多，川芎茯苓汤、当归拈痛汤、防己黄芪汤、羌活胜湿汤、续断丸。冷痹身寒不热，腰脚沉冷，即寒痹之甚者，三痹汤合三五七散，或舒经汤、附子理中汤。热痹或湿生热，或风寒郁热，身上如鼠走，唇口反纵，肌肉变色，宣明升麻汤。风寒湿热痹，二妙苍蘗散等分，加虎胫骨，防风减半，水煎服。,病名,[],,肾阳虚证,,[],,"[""骨痛"", ""活动受限""]",,"[""中药内服""]",,"[{""name"": ""三痹汤"", ""type"": ""方剂"", ""note"": ""用于风寒湿痹""}, {""name"": ""五积散"", ""type"": ""方剂"", ""note"": ""治寒湿痹""}, {""name"": ""附子理中汤"", ""type"": ""方剂"", ""note"": ""治寒痹甚者""}, {""name"": ""宣明升麻汤"", ""type"": ""方剂"", ""note"": ""治热痹""}]",0.2,冬为骨痹,True,True,,"[{""classical_span"": ""冬为骨痹"", ""why_supports"": ""出现骨痹名目，与骨病相关但偏痹证""}, {""classical_span"": ""腰脚沉冷"", ""why_supports"": ""涉及骨部不适，非明确骨弱""}]",1,"[""文本主要为痹证论述，非骨质疏松专病"", ""缺乏骨弱、易折等核心特征"", ""证型与现代骨质疏松映射证据有限""]",64705f956affbb2a49c2ceb4dc2f9f1d,"['三痹汤', '五积散', '宣明升麻汤', '附子理中汤']",清,"['活动受限', '骨痛']"
ok,4239,2026-02-04 19:27:59,古今图书集成医部全录,1726.0,骨痹,正文 古今图书集成医部全录卷二百二十七,附子汤 【 《宣明方》，下同】   治肾脏风寒湿骨痹，腰脊疼不得俛仰，两脚冷受热不遂，头昏耳聋音浑。,方药,[],,肾阳虚证,,[],,"[""腰背痛"", ""活动受限"", ""骨痛""]",,"[""中药内服""]",,"[{""name"": ""附子汤"", ""type"": ""方剂"", ""note"": ""治肾脏风寒湿骨痹、腰脊疼痛""}]",0.2,治肾脏风寒湿骨痹，腰脊疼不得俛仰,True,True,,"[{""classical_span"": ""肾脏风寒湿骨痹"", ""why_supports"": ""涉及骨痹与肾虚背景下的骨痛，可能与慢性骨病相关""}, {""classical_span"": ""腰脊疼不得俛仰"", ""why_supports"": ""符合慢性腰背痛与活动受限表现""}]",3,"[""原文未出现骨痿、骨弱或易折等直接指向骨质疏松的病名"", ""症状可由风寒湿痹导致，非特异性骨量减少证据"", ""未提供人群年龄或骨折信息，映射存在不确定性""]",b30b8339fafa8ca4e5bd61681d19e57e,['附子汤'],清,"['活动受限', '腰背痛', '骨痛']"
ok,4238,2026-02-04 19:28:00,古今图书集成医部全录,1726.0,骨痹,正文 古今图书集成医部全录卷二百二十七,《金匮》论肾着之病，其人身体重，腰中冷，如坐水中，形如水状，反不渴，小便自利，饮食如故，病属下焦，身劳汗出，衣里冷湿，久久得之，腰以下冷痛，腹重如带五千钱，甘姜苓朮汤主之。经但言骨痹不已，复感于邪，内舍于肾。仲景知湿邪不能伤肾脏之真，不过舍于所合，故以身重腰冷等证为言，曰饮食如故，曰病属下焦，意可知矣。然湿土之邪，贼伤寒水，恐害两肾所主生气之原，关系尤大，故特举肾着一证立方，以开其痹着。,病名,[],,肾阳虚证,,[],,"[""腰背痛"", ""活动受限""]",,"[""中药内服""]",,"[{""name"": ""甘姜苓朮汤"", ""type"": ""方剂"", ""note"": ""原文称“甘姜苓朮汤主之”，用于肾着、骨痹相关腰冷痛""}]",0.2,经但言骨痹不已，复感于邪，内舍于肾,True,True,,"[{""classical_span"": ""骨痹不已"", ""why_supports"": ""骨痹为慢性筋骨病变范畴，与慢性骨痛、功能受限有弱相关""}, {""classical_span"": ""腰以下冷痛"", ""why_supports"": ""描述以腰部为主的慢性疼痛，部分契合骨质疏松常见部位""}]",1,"[""未出现骨折、骨弱、骨枯等直接指向骨质疏松的关键描述"", ""证候主要解释为湿邪痹着，并非骨量减少机制"", ""缺乏年龄、性别或易折等现代骨质疏松核心信息""]",749754b0232fb283b20de2ff4d57ef03,['甘姜苓朮汤'],清,"['活动受限', '腰背痛']"
ok,4235,2026-02-04 19:28:02,古今图书集成医部全录,1726.0,骨痹,正文 古今图书集成医部全录卷二百二十六,夫痹之为状，麻木不仁，以风寒湿三气合而成之。故《内经》曰风气胜者为行痹。风则阳受之，故其痹行，旦剧而夜静。世俗莫知，反呼为走注疼痛虎咬之疾。寒气胜者为痛痹，寒则阴受之，故其痹痛，旦静而夜剧。世俗不知，反呼为鬼忤。湿气胜者为着痹，湿胜则筋脉皮肉受之，故其痹着而不去，肌肉削而着骨。世俗不知，反呼为偏枯。此疾之作，多在四时阴雨之时，及三月九月，太阳寒水用事之月，故草枯水寒为甚。或濒水之地，劳力之人，辛苦失度，触冒风雨，寝处津湿，痹从外入。况五方七地，寒暑殊气，刚柔异禀，饮食起居，莫不相戾。故所受之邪各有浅深，或痛或不痛，或仁或不仁，或筋屈而不能伸，或引而不缩，寒则虫行，热则缩缓，不相乱也。皮痹不已而成肉痹，肉痹不已而成脉痹，脉痹不已而成筋痹，筋痹不已而成骨痹。久而不已，内舍其合。若脏俯俱病，虽有智者，不能善图也。凡病痹之人，其脉沉濇。今人论方者见诸痹证，遽作脚气治之。岂知《内经》中本无脚气之说。或曰：诸方亦有脚气统论，又有脚气方药，若止取《素问》，则诸方皆非耶？曰：痹病以湿热为源，风寒为兼，三气合而为痹。奈何治此者不问经络、不分脏俯、不辨表里，便作寒湿脚气，乌头、附子、乳香、没药，种种燥热攻之，中脘、脐下、三里灸之，蒸熨汤炕以治之，以至便漩濇滞，前后俱闭，虚燥转甚，肌肤日削，食饮不入，邪气外侵，虽遇扁华，亦难措手。何哉？胷膈间有寒痰故也。痹病本不死，死者皆医之误。虽有用蒸之法，必先涌去其寒痰，然后诸法皆效。经曰：五脏有俞，六俯有合。循脉之本分，各有所发之源，以砭石补之，则痹病瘳。仆常用伤寒汗、下、吐三法治风痹，愈者多矣。,病名,[],,其它-风寒湿痹证,原文为痹证分型（风寒湿）及传变为骨痹，未明确归属肾虚等固定证型,[],,[],,"[""针刺"", ""艾灸"", ""其他""]",提及砭石补之、灸之及蒸熨汤炕（多为辨误治之述）,"[{""name"": ""乌头"", ""type"": ""单味药"", ""note"": ""文中作为误将痹证作脚气治而使用之药""}, {""name"": ""附子"", ""type"": ""单味药"", ""note"": ""文中作为误治所用燥热药""}, {""name"": ""乳香"", ""type"": ""单味药"", ""note"": ""文中列举的误治用药之一""}, {""name"": ""没药"", ""type"": ""单味药"", ""note"": ""文中列举的误治用药之一""}]",0.2,筋痹不已而成骨痹；湿胜则…肌肉削而着骨,True,True,愈,"[{""classical_span"": ""筋痹不已而成骨痹"", ""why_supports"": ""出现“骨痹”概念，提示累及骨骼层面""}, {""classical_span"": ""肌肉削而着骨"", ""why_supports"": ""描述形体消瘦、骨显露的慢性改变""}]",1,"[""原文以痹证为主，缺乏骨弱或脆性骨折等关键证据"", ""未出现骨折、身高变矮等现代骨质疏松核心表现"", ""治疗与证型多为辨误治讨论，非骨病针对性论述""]",546ab2cccc413798a779af7ea67e99fd,"['乌头', '乳香', '没药', '附子']",清,[]
ok,940,2026-02-04 17:17:36,古今图书集成医部全录008（175-210）,1934.0,骨痿,古今图书集成医部全录卷一百八十七,萆薢丸　治肾损骨痿，不能起于床，腰背腿皆痛。,方药,[],,肾虚血瘀证,原文仅言“肾损骨痿”，未明确归属固定证型枚举,[],,"[""腰背痛"", ""活动受限""]",,"[""中药内服""]",,"[{""name"": ""萆薢丸"", ""type"": ""方剂"", ""note"": ""治肾损骨痿""}]",1.0,治肾损骨痿，不能起于床，腰背腿皆痛。,True,True,,"[{""classical_span"": ""肾损骨痿"", ""why_supports"": ""“骨痿”为古籍中与骨质疏松高度相关的核心病名""}, {""classical_span"": ""不能起于床，腰背腿皆痛"", ""why_supports"": ""体现骨骼无力与腰背疼痛等功能障碍表现""}]",1,"[""原文未提供人群与现代分型信息，映射存在信息缺失风险"", ""仅据单条方药条文，缺乏长期转归或骨折描述"", ""中医证型未明，若强行细分可能构成过度解读""]",a23887ae8ec467ac34414ea70c74cd76,['萆薢丸'],近现代,"['活动受限', '腰背痛']"
ok,942,2026-02-04 17:17:37,古今图书集成医部全录008（175-210）,1934.0,骨痿,古今图书集成医部全录卷一百九十六,痢后下虚，不善调养，或远行，或房劳，或外感，致两足痿软，或痛或痹，遂成痢风，宜用独活寄生汤，吞虎骨四斤丸，仍以骨碎补三分之一，同研取汁，酒解服之。外用杜仲、牛膝、杉木节、萆薢、白芷、南星煎汤，频频熏洗。此亦从肾虚骨痿而治也。,病名,[],,肾虚血瘀证,原文称“此亦从肾虚骨痿而治也”，仅明确肾虚骨痿，未细分阴阳,[],,"[""骨痛"", ""活动受限""]",,"[""中药内服"", ""中药外用""]",,"[{""name"": ""独活寄生汤"", ""type"": ""方剂"", ""note"": ""主治痢风、骨痿所致下肢痿软""}, {""name"": ""虎骨四斤丸"", ""type"": ""方剂"", ""note"": ""吞服以治骨痿""}, {""name"": ""骨碎补"", ""type"": ""单味药"", ""note"": ""同研取汁，酒解服""}, {""name"": ""杜仲"", ""type"": ""外治"", ""note"": ""煎汤熏洗""}, {""name"": ""牛膝"", ""type"": ""外治"", ""note"": ""煎汤熏洗""}, {""name"": ""杉木节"", ""type"": ""外治"", ""note"": ""煎汤熏洗""}, {""name"": ""萆薢"", ""type"": ""外治"", ""note"": ""煎汤熏洗""}, {""name"": ""白芷"", ""type"": ""外治"", ""note"": ""煎汤熏洗""}, {""name"": ""南星"", ""type"": ""外治"", ""note"": ""煎汤熏洗""}]",1.0,两足痿软，或痛或痹……此亦从肾虚骨痿而治也,True,True,,"[{""classical_span"": ""骨痿"", ""why_supports"": ""为古籍中高度对应骨质疏松的典型病名""}, {""classical_span"": ""两足痿软，或痛或痹"", ""why_supports"": ""提示下肢骨弱、疼痛及功能障碍""}]",1,"[""证型细分阴阳不足而强行判定"", ""未见明确骨折仍过度外推骨质疏松"", ""脱离原文添加现代检查或指标""]",db1d315e44c4189ad09e3c9f386c7785,"['南星', '杉木节', '杜仲', '牛膝', '独活寄生汤', '白芷', '萆薢', '虎骨四斤丸', '骨碎补']",近现代,"['活动受限', '骨痛']"
ok,959,2026-02-04 17:18:17,罗氏会约医镜,1687.0,骨痿,卷十三　杂证,治肾损骨痿，宜此益精。,方药,[],,脾胃虚弱证,,"[""其他""]",原文以“骨痿”为核心病机，未指明年龄/性别/继发因素，仅可泛指骨量不足样改变,[],,"[""中药内服""]",,"[{""name"": ""金刚丸"", ""type"": ""方剂"", ""note"": ""用于治疗心肺胃损、肌肉消削及肾损骨痿""}]",1.0,治心肺胃损，肌肉消削，及肾损骨痿,True,True,,"[{""classical_span"": ""肾损骨痿"", ""why_supports"": ""“骨痿”为古籍中高度对应骨质疏松的经典病名范畴""}]",1,"[""原文未提供人群信息却强行指定特定年龄或性别"", ""将“骨痿”过度细分为具体现代表型而缺乏直接证据"", ""臆测未在原文出现的症状或疗效结局""]",9e0ec8844b9d131670ce112ce007ac95,['金刚丸'],清,[]
ok,1119,2026-02-04 17:24:23,杂病源流犀烛,1773.0,骨痿；骨空,卷十八 内伤外感门,色欲伤源流    色欲伤，精气神病也。说以三者相因，不能离贰，尝考养生家言，精能生气，气能生神，荣卫一身，莫大於此。养生之士，先宝其精，精满则气壮，气壮则神旺，神旺则身健，身健而少病，内则五脏敷华，外则肌肤润泽，容颜光彩，耳目聪明，老当益壮矣。此养生者以精气神为主，而尤以精为宝也。又按医家言，气者神之祖，精乃气之子，气者精神之根蒂也。又言，凡阴阳之要，阳密乃固。故曰阳强不能密，阴气乃绝。阴平阳秘，精神乃治。阴阳离决，精气乃绝。此医者亦以精气神为主，而尤以精为宝也。然则欲神之旺，必先使气之充，欲气之充，必先使精之固。男女居室，虽生人之大欲所存，为圣王所不能禁，然使行之有节，保之有方，阴阳交接之间，亦何至受伤，何至受伤而成病。其所以受伤者，乃淫欲无充之故也。《灵枢经》曰：五谷之津液，和合而为膏，内渗入於骨空，补益髓脑，而下流於阴股。阴阳不和，则使液溢而下流於阴下，过度则虚，虚则腰背痛而胫酸。《真诠》云：五脏各有藏精，并无停泊於其所。说人未交感，精涵於血中，未有形状。交感之後，欲火动极，而周身流行之血至命门，而变为精以泄焉。故以人所泄之精，贮於器，拌少盐酒，露一宿，则复为血矣。据此，则知血者，五谷之津液所充。而精者，又人身之血所由以化。精顾不甚重欤，而犹谓可或伤欤。且夫欲之不可纵也，良非无故。《养生书》曰：凡觉阳事辄盛，若一度制得，则一度火灭，一度增油。若不能制，纵欲施泻，即是膏火将灭，更去其油，不可不谨自防也。观於添油灭火之论，人  精伤无度，而其为病，且有不可胜言者。讵第如《灵枢经》云胫酸腰痛而已乎。若梦遗，若滑泄，若尿精，若白淫，若漏精，种种名状，不可指屈，而其後必至  然羸瘦，渐成痨瘵。若水流下，不可收挽。若火燎原，不可救灭。此无他。精伤则气馁，气馁则神散，合精气神而皆为病，故即精气神而不能葆也。即精气神而不能葆，故极精气神所生之病，益复戕其精气神而无不委顿，以至於死也。嗟乎，色欲之为害，一至於此。而其详有可得而言者，其或心火旺，肾水衰，心有所欲，速於感动，疾於施泄欤（宜大凤髓丹、金锁思仙丹）。其或君火偶动，相火随之，而妄思淫泄欤（宜黄连清）。其或阴虚火动，夜必成梦，梦则多泄，泄则愈虚，虚则愈梦欤（宜保精汤、鹿角散）。其或少壮气盛，情欲动中，所愿不遂，意淫於外，致成梦泄欤（宜猪苓丸）。其或经络热而焚燎，心经热而恍惚，闭目即若有见，无夜不梦，无梦不泄欤（宜清心丸）。其或始由房劳太甚，精伤窍滑，无论梦与不梦，合目即遗欤（宜樗根皮丸）。其或肝肾两伤，精气衰弱，脉象空虚，悲愁欲哭，面色夭白，为脱精脱神欤（宜巴戟丸、固精丸）。其或阳虚精脱，未交先泄，或乍交即泄，滑浏不禁欤（宜芡实丸、锁阳丹）。其或无故精流不止，日夜皆然，其属危急欤（宜秘元丹、约精丸）。其或房劳邪术，损伤肾气，茎中时痛时痒，白物随溲而下，或阴茎挺纵不收，名为白淫欤（宜先服泻心汤以降心火，次服白龙丸以补肾元）。其或湿热伤脾，脾多痰积，下渗而遗泄欤（宜樗根白皮丸）。其或肾阳虚微，精关滑泄，自汗盗汗，夜多梦与鬼交欤（宜猪肾丸）。其或元气虚寒，精滑不禁，大腑溏泄，手足厥冷欤（宜阳起石丸）。其或茎强不痿，精流不住，常如针刺，捏之则痛，病名强中，为肾滞隔疾欤（宜韭子煎）。其或大吐大泄後，四肢厥冷，不省人事，或交接後，小腹肾痛，外肾搐缩，冷汗出，均为脱阳危症，须臾则不救欤（宜先以葱白炒热熨脐，後服葱白酒）。其或肾脏精气亏，相火易动难制，致梦遗精浊，烦劳即发，频年不愈欤（宜凎沧    Y）。其或肾中有火，精得热而妄行，频频精泄，不寐心嘈，久必成肾消之症欤（宜清肾汤）。其或阴气走泄，湿热乘虚下陷，坠自腰中，至囊环跳膝说诸处，可见久遗八脉皆伤欤（宜先服猪苓汤以清湿热，後服湖莲丸以固真元）。其或神伤於上，精败於下，心肾不交，久伤精气不复欤（宜先服叁术膏，接服寇氏桑螵  散以宁神固精，收摄散亡，乃涩以治脱之法）。其或暑湿热郁，脾胃受伤，色黄，神倦气馁，致成遗泄症欤（宜归脾汤去黄儀、桂圆，加龙骨、益智仁）。其或阴精走泄，阳不内依，欲寐即醒，心动震悸，气因精夺欤（宜青花龙骨汤）。其或读书夜坐，阳气上升，充塞上窍，痰多鼻塞，能食，上盛下衰，寐则阳直降而精下注，有梦而泄欤（宜补心丹）。其或真阴损伤，而五志中阳火，上燔为喉咙痛，下坠为遗，精髓日耗，骨痿无力，日延活槁欤（宜早服补心丹，晚服桑螵  散）。其或知识太早，精血未满而泄，必关键不摄，始而精腐变浊，久则元精滑溢，口咸气胀欤（宜六子丸）。其或屡因嗔愁，肝阳升则上涌，气冲心热，呛咳失血，坠则遗精，暮热晨汗，脉象虚数，为阴阳枢纽失固欤（宜摄真汤）。其或肾气失纳，阳浮不肯兲   致诸气皆升，络血随气上溢，肉俽心悸，头面热，四末汗，两足跗肿冷，走动吸短欲喘，多梦而遗，由精伤以及神离气怯欤（宜葆真止泄丸）。凡若此者，固皆色欲过度，少阴受伤，甚而连及各脏腑所生病也。虽然，色欲之伤虽先及肾，而其原实由於心与肝，何言之？丹溪曰：主闭藏者，肾也。司疏泄者，肝也。二脏皆有相火，而其系上属於心。心，君火也，为物所感，则易动，心动则相火亦动矣。丹溪此言，直窥乎好淫者之隐而言之也。说人当交接之先，未尝不由心动者，心一动，相火遂翕然而起，相火起，精气之涵畜於中者，亦一时暗动，迨至交接，则倾倒而出之。而精藏少减，於此知节，或隔部久再行，精藏之少减者，亦已充满，虽交无伤。若不知节，日日行，甚或日几度行之，则精之涵畜於内者，有去无来，而精藏空虚矣。如是而肾有不伤者乎。肾既伤，则水之涸者火益盛，肾家龙火会合，肝家雷火燔灼，真阴煎熬血液，由是而潮热而骨蒸，而活槁，而羸瘦，而尴怯，变生种种，年寿日促矣。且不特此也。初因君火不宁，久则相火擅权，精元一於走而不固，精藏中容或有留剩，及日夜所息，谷食所滋者，虽不交会，亦暗流而疏泄。或因梦寐而遗，或因小便而出，或因闻见而流，即精之受伤，益致精病，所谓伤者是也。说至此，精遂涸而不能复，气遂馁而不能充，神遂涣而不能聚矣。吁，其可慨哉。是故知命惜身着，必当知精为一身之宝，而节欲以储之。经颂曰：道以精为宝，宝时宜秘密，施人即生人，留己则生己，结婴尚未可，何况空废弃，弃损不觉多，衰老而命坠。此言精之不可妄去也。欲不妄去其精，舍节欲何由哉。且夫欲之当节，自少至老，莫水皆然，而尤要者，则惟幼少与衰晚二候。孔子曰：少之时，血气未定，戒之在色。说以人当十五六时，情窦乍开，欲火萌动，若有所遇，而此心之勃不能已者，乘其血气之初旺，往往有溺而不返之忧，由是而纵情逞意，日丧其宝，将初旺之血气，不但无极旺之时，且於是而日耗，而百疾生矣。故《养生书》曰：男子二八未泄之时，其一身之精，通有一升六合，此其时成数也，称得一升，积而满者至三升，损而丧之者不及一升。精与气相养，气聚则精盈，精盈则气盛，精盈气盛则神足。人年十六後精泄，凡交一次，则丧半合，有丧而无益，则精竭身虑。故欲不节则精耗，精耗则气衰神悴而病至，病至则身危。噫，精之为物，其人身之至宝乎。观於此言，益可知二八精通之後，即宜谨守其身矣。况於未至二八，精气尚涩，而可逞心淫荡乎。夫壮盛之年，其当谨慎色欲，不必言矣。《内经》曰：人生八八数，精髓竭，当节其欲。说以人至五十始衰，六十则更衰，定当闭精勿泄，以养天和，由是生气强固而能长久，此至人之道也。倘宜节而不知节，当绝而不能绝，肾精不固，以至神气减少者，五脏皆有精，势必连及他脏。而肝精不守，目眩无光矣。肺精不足，肌肉瘦削矣。心精不充，昏冒恍惚矣。脾精不坚，齿发脱落矣。岂非以肾脏主水，受诸脏之精而藏之，为都会关司之所。故肾精耗，则诸脏之精亦耗。肾精竭，则诸脏之精亦竭欤。故《养生书》曰：人年四十以下，多有放恣，四十以上，即顿觉气力衰退，衰退既至，众病蜂起，久而不治，遂至不救。若年过六十，有数旬不得交合，而意中平平者，自可闭固也。观於此言，益可知年近衰晚，即当秘密其精而勿失矣，况推之七十八十，而可弗慎惜其身命乎。虽然，精之具足於身着，固贵节欲以保之矣。而所以保之之要，又当审乎炼精之诀，补精之味。《真诠》曰：炼精者，全在肾家下手，内肾一窍名玄关，外肾一窍名牡户，真精未泄，乾体未破，则外肾阳气至子时而兴。人身之气，与天地之气两相吻合，精泄体破，则吾身阳生之候渐晚。有丑而生者，次则寅而生者，又次则卯而生者，有终不生者，始与天地不相应矣。炼之之诀，须半夜子时，即披衣起坐，两手搓极热，以一手将外肾兜住，以一手掩脐，而凝神於内肾，久久习之，而精旺矣。又曰：《内经》言精生於谷，又言精不足者补之以味，然  郁之味，不能生精，惟恬澹之味，乃能补精。洪范论味，而曰稼穑作甘，世间之味，惟五谷得味之正，但能淡食谷味，最能养精。凡煮粥饭，而中有厚汁滚作一团者，此米之精液所聚也，食之最能生精，试之有效。《真诠》之言炼精补精，是殆於节欲保精而外，又得所以养精生精之妙矣。人果遵而行之，亦何患精之不充乎。精之既充，更何患气之不壮，神之不固乎。（此篇当与遗泄淋浊虚痨等篇叁看）。    脉  法     《脉诀》曰：遗精白浊，当验於尺，结芤动紧，二症之的。《脉经》曰：涩脉为精血不足之候，丈夫脉涩，号曰伤精。《医鉴》曰：微涩伤精。    色欲伤原由症治       《灵枢》曰：恐具  而不解，则伤精，精伤则骨废痿厥，精时自下。又曰：精脱者耳聋。《内经》释曰：肾藏天一，以悭为事。志意内治，则精全而涩。若思想外淫，房室太甚，则固有淫佚不守，辄随溲尿而下。仲景曰：失精家，小腹弦急，阴头寒，目眩发落，脉极虚芤迟，为亡血失精，男子失精，女子梦交，桂枝龙骨牡蛎汤主之。《黄庭经》曰：急守精室勿妄泄，闭而宝之可长活。《集要》曰：西番人多寿考，每夜卧，常以手掩外肾令温暖，此亦一术也。《直指》曰：邪容於阴，神不守舍，故心有所感，梦而後泄也。《本事》曰：梦遗不可作虚冷，亦有经络热而得之。尝治一人，至夜脊心热，梦遗，用珍珠粉丸、猪苓丸，遗止，而终服紫雪，脊热始除，清心丸亦佳。又曰：肾藏精，说肾能摄精气以育人伦者也。或育或散，皆主於肾，今肾气衰，则一身之精气，无所管摄，故妄行而出不时，猪苓丸一方，正为此设。《入门》曰：梦遗全属心。说交感之精，虽常有一点白膜裹藏於肾，而元素以为此精之本者，实在乎心，日有所思，夜梦而失之矣，宜黄连清心饮。又曰：梦与鬼交而泄精，亦曰梦遗，专主於热，用知、柏、牡蛎、蛤粉。若损伤气血，不能固守而梦遗者，当补以八物汤吞樗根皮丸。又曰：其不御女漏者，或闻淫事，或见美色，或思想不遂，或入房太甚，宗筋弛纵，发为筋痿而精自出者，谓之白淫，宜乎渗漏而不止也，宜加减珍珠粉丸。又曰：欲心一动，精随念去，茎中痒痛，常如欲小便然，或从小便而出，或不从便出而自流者，谓之遗精，比之梦遗尤甚，八物汤中吞珍珠粉丸。又曰：少时欲过，阳脱而遗泄者，宜金锁正元丹。戴氏曰：梦遗精滑，皆相火所动，久则有虚面无寒也。又曰：不因梦而自泄者，谓之精滑，皆相火之所动也，宜巴戟丸、补真玉露丸、固精丸、锁阳丹。《正理》曰：日啖饮食之精熟者益气，此生於谷，故气从米。人身之中，全具天地阴阳造化之气，人年三十而气壮，节欲少劳，则气长而缓。多欲劳倦，则气少而短。气少则身弱，身弱则病生，病生则命危。《纲目》曰：梦遗属郁滞者居大半，庸工不知其郁，但用涩剂固脱，殊不知愈涩愈郁，其病反甚。尝有一男子梦遗，医与涩药反甚，先与神芎丸大下之，却服猪苓丸遂痊，可见梦遗属郁滞者为多也。又曰：一人虚而泄精脉弦大，服诸药不效，後用五倍子一两、白茯苓二两为丸，服之而愈。五倍涩泄之央，敏於龙骨、蛤粉等类也。《医鉴》曰：童男阳盛，情动於中，志有所慕而不得遂，成夜梦而遗精，慎不可补，清心乃安，朝服清心莲子饮，喜服定志丸，无不愈者。治色欲伤方四十一    大凤髓丹    心火     炒黄柏二两砂仁盐水炒一两  甘草五钱  熟半夏  猪苓茯苓  红莲须  益智仁各二钱五分  上为极细末，用盐水和丸，梧子大，空心，糯米饮吞下五十丸，或七十丸效。一名封髓丹。    金锁思仙丸    又     莲须  莲子芡仁  等分，金樱子膏丸，空心，盐汤下三十丸，月後见效，即不走泄。如久服，精神固，能成地仙。    黄连清心饮    君相火     黄连  生地  当归  甘草  酸枣仁  茯神  远志  人叁  莲肉  等分，每粗末五钱，水煎。    保精汤    阴虚     川芎  当归  白芍  地黄姜汁炒  麦冬  酒黄柏  蜜知母姜黄连  童便炒山栀  姜炭  熟牡蛎  萸肉各五分鹿角散    又     鹿角屑  鹿茸各一两  茯苓七钱半  人叁  茯苓  川芎  当归桑螵    补骨脂    骨  韭子酒浸一宿焙各五钱  柏子仁  甘草各二钱半  每服五钱，加姜五片，枣二枚，粳米百粒，水煎，空心服。    猪苓丸    少壮     半夏一两，猪苓末二两，先将一半炒半夏令色黄，不令焦，出火毒，只取半夏为末糊丸，候乾，再用前猪苓一半同炒微裂，入砂锅内养之，空心，温酒或盐汤下三五十丸。说半夏有利性，而猪苓导水，即肾闭导气使通之意。一名半苓丸。半夏用生而大者，矾水浸三宿，晒乾，破如豆大。    清心丸    经络热     黄柏一两为末冰片一钱    蜜丸，每十五丸，空心，麦冬汤下。    樗根皮丸    窍滑     樗根白皮炒为末，酒糊丸，然此性凉而燥，不可单服，以八物汤送下为佳。    八物汤    又     人叁  白术  茯苓甘草  川芎  当归  白芍  熟地各一钱二分一名八珍汤。    巴戟丸    肝肾       巴戟  肉苁蓉五味子  菟丝子  人叁  白术  熟地  补骨脂  茴香  覆盆子  龙骨  牡蛎  益智仁等分，蜜丸，每三十丸，米饮下，日二服。虚甚八物汤下。    固精丸    又     黄柏  知母各一两牡蛎  芡实  连须  茯苓  远志各三钱  龙骨二钱  山萸五钱  山药糊丸，朱砂为衣，空心盐汤下五十丸。        芡实丸    阳虚     芡实五百个  七夕莲花须  萸肉各一两  沙蒺藜五两  覆盆子二两  龙骨五钱  蜜丸，空心，莲肉汤下六七十丸。    锁阳丹    又     桑螵  三两  龙骨茯苓各一两  糊丸，茯苓盐汤下七十丸。    秘元丹    精流     龙骨酒煮焙  灵砂水飞各一两  砂仁  诃子小者煨取肉各五分  糯米糊丸，温水下十五丸，加至三十丸。    约精丸    又     韭子霜後采者一斤酒浸一宿焙  龙骨二两  酒调糯米粉丸，空心，盐汤下三十丸。    泻心汤    房劳     黄芩二两  黄连生地  知母各一两  甘草五钱  每粗末五钱，水煎服。一名黄连泻心汤。    白龙丸    又     鹿角  牡蛎各二两生龙骨一两  酒糊丸，空心，温酒或盐汤下三五十丸，大能固精。    樗根白皮丸    湿热     炒韭子一两炒白芍五钱  盐黄柏  盐知母    蛎各三钱  白术  枳实  茯苓  升麻  柴胡各二钱神曲糊丸，空心，盐汤下五十丸。    猪肾丸    阳虚     猪肾一枚，去膜，入附子末一钱，湿纸包煨熟，空心食之，饮酒一杯，不过三五服效。    阳起石丸    虚寒     阳起石  @钟乳粉各等分  酒煮附子末  面糊丸，空心，米饮下五十丸，以愈为度。    韭子煎    茎强     家韭子  破故纸各一两  每末三钱，水煎服，日三即住。    葱白酒    脱阳     葱白三七茎，打烂用酒煮灌之，阳气即回。    凎沧    Y    烦劳     熟地八两川斛膏  线胶各四两  湖莲  芡实各三两麦冬茯神  五味  沙苑子各二两  远志一两  金樱膏丸。    清肾汤    肾火     焦黄柏  生地天门冬  茯苓    蛎  炒山药    湖莲丸    固真     熟地  五味  芡实  茯苓  湖莲  山药    叁术膏    心肾     人叁  白术  熬膏，米饮送下。    桑螵  散    又     人叁  茯神  远志  菖蒲  桑螵    龙骨  龟板  当归    归脾汤    暑湿热     人叁  白术茯神  枣仁  龙眼肉  黄儀  当归  远志木香  炙草  生姜  大枣    青花龙骨汤    气夺     龟板去墙削光一两  桑螵  壳  青花龙骨飞各三钱  抱木茯神三钱二分  人叁  当归各一钱。    补心丹    读书     人叁  丹叁  元叁  天冬  麦冬  生地  茯神  远志  枣仁当归  朱砂  菖蒲  桔梗  柏子仁  五味子    六子丸    识早     生菟丝子粉  蛇床子  覆盆子  沙苑子  家韭子  五味子鳇鱼胶丸。    摄真汤    嗔怒     鱼鳔  生龙骨桑螵    芡实  茯苓  五味子  秋石冲服。    葆真止泄丸    阳浮     水煮熟地人叁秋石拌  龙骨  杞子  五味子  山药茯神  牛膝炭    桂枝龙骨牡蛎汤    失精     桂枝龙骨  牡蛎  白芍  生姜各三两  甘草二两大枣十二枚  水七升，煮三升，分三服。  珍珠粉丸    梦遗     黄柏新瓦上炒赤  真蛤粉各一斤  真珠三两  水丸，空心，温酒下百丸。法曰：阳盛乘阴，故精泄，黄柏降心火，蛤粉涩而补肾阴。易老方无真珠。    紫雪    又     黄金  寒水石  石膏  滑石  磁石  升麻  元叁  甘草  沉香木香  丁香  朴硝  硝石  朱砂  麝香  犀角  羚羊角  加减珍珠粉丸    又     黄柏半生半炒  蛤粉各三两  滑石二两  樗根皮一两乾姜炒褐色  青黛各五钱    神曲糊丸，空心酒下七十丸。    此方黄柏降心火除湿热。蛤粉咸补肾。滑石利窍。樗皮大燥湿热。青黛解郁降火。乾姜敛肺气，下降生阴血，盐制，炒微黑用之。    金锁正元丹    少时     补真玉露丸    阳虚     茯苓  龙骨韭子酒炒  菟丝子酒浸煮  等分，蜜丸，空心，酒或盐汤下五十丸，後以美膳压之，宜火日修合。    神芎丸    下药     定志丸    虚泄     人叁  茯苓  茯神各三两  菖蒲  远志各二两  朱砂一两半为衣，蜜丸，米汤下五七十丸。1,病名,"[""情志异常"", ""老年后""]",,肝肾阴虚证,,"[""原发性-老年型""]",,"[""腰背痛"", ""骨痛"", ""乏力"", ""活动受限""]",,"[""中药内服""]",,"[{""name"": ""补心丹"", ""type"": ""方剂"", ""note"": ""用于真阴损伤、精髓日耗、骨痿无力""}, {""name"": ""桑螵散"", ""type"": ""方剂"", ""note"": ""与补心丹同用以宁神固精、治疗骨痿无力""}]",0.7,真阴损伤，而五志中阳火，上燔为喉咙痛，下坠为遗，精髓日耗，骨痿无力,True,True,,"[{""classical_span"": ""精髓日耗，骨痿无力"", ""why_supports"": ""直接出现骨痿，指向骨质虚损与现代骨质疏松高度相符""}, {""classical_span"": ""内渗入於骨空，补益髓脑"", ""why_supports"": ""骨空与髓脑不足体现骨量与骨强度减弱""}]",4,"[""文本重在色欲伤精，骨病并非全篇主旨，可能被视为旁及"", ""未记载明确骨折或身高变矮等现代诊断要点"", ""用药多为固精宁神，非专门治骨方，映射存在解释空间""]",0546c709610f4cbfb3a48d1e95aee068,"['桑螵散', '补心丹']",清,"['乏力', '活动受限', '腰背痛', '骨痛']"
ok,1120,2026-02-04 17:24:48,杂病源流犀烛,1773.0,骨痿；骨虚,卷二十五 身形门,筋骨皮肉毛发病源流筋也者，所以束节络骨，绊肉  皮，为一身之关纽，利全体之运动者也。其主则属於肝，故曰：筋者，肝之合。按人身之筋，到处皆有，纵横无算，而又有为诸筋之主者曰宗筋。《内经》注谓：阴毛横骨上下之坚筋，上络胸腹，下贯髋尻，又经於背腹，上头项者是也。筋之总聚处，则在於膝。《灵枢》云：诸筋者，皆属於节。节即膝也，所以屈伸行动，皆筋为之。然则筋之有关於人身，岂浅鲜哉，试详言筋病。曰筋急，曰筋缓，曰筋挛，曰筋痿，曰筋惕，曰筋伤，曰筋结，曰转筋，曰筋绝，其名目如此。《灵枢》皆以寒热分急缓之由，谓寒则反折而急，热则弛纵而缓。《得效》又以筋急为寒，急者坚强；筋缩为热，缩者短促；弛缓为湿，缓者宽长。又言但热不会受寒，亦使人筋缓，是其意实以缩即为拘挛之义。而但热之缓不过舒长，受湿之缓乃竟舒长无力，分析尤为细密。若仲景言血虚则筋急，此又筋急之原，由血脉不荣於筋之故也。丹溪以四物汤治筋急，《本事方》以养血地黄汤治筋急，说 本乎此。然观於筋急之原血虚，即可知筋缓之原血热，无足疑者（筋急宜酒煮木瓜粥，筋缓宜五加皮散）。若夫热胜风搏，并於经络，风火相乘，是以瞀  ，此即筋挛之由也，故筋挛亦曰筋  。  者    ，即俗云搐是也，其症亦往往作痛（宜祛风涤热汤）。经曰：肝气热则胆泄口苦，筋膜乾，筋膜乾则筋急而挛，发为筋痿，思想无穷，所愿不得，意淫於外，入房太甚，宗筋弛纵，发为筋痿。则是筋痿实生於肝热也。胆附肝，惟肝热，故胆泄。筋膜乾而成痿者，血液槁也（宜紫葳汤）。伤寒发汗过多，则伤其血，血虚无以荣筋，因拘急而惕惕然跳，且四体百骸，亦俽俽然动，是筋惕肉俽，由於筋肉失养。陶节庵谓宜用四物汤去地黄，加人叁、茯苓、半夏、甘草作剂，佐以五灵脂，入生姜、乌梅煎服，自有神效。以药专主生血，生血乃所以收汗（宜真武汤，此仲景法）。久行伤筋者，筋主运动，久行则太劳而致伤也（宜养肝丸）。肝之经脉不调，气血失节，往往有筋结之患，不论骸体间，累累然若胡桃块状是也（宜以木杓打之三下，自散）。丹溪以转筋属血热，恐但血热犹不至患转筋，必先血热於内，而又感风寒之战，其症并有始转於足大指，转上至大腿，且近腰者（宜四物汤加酒芩、红花、南星、苍术）。霍乱後转筋，缘胃大肠皆以荣宗筋，暴吐暴泻，则胃大肠之津液骤亡，宗筋失养，故轻则两脚转筋，重则至於遍体且入腹，手足逆冷，危在顷刻也（宜木瓜汤、理中汤加石膏）。《灵枢》曰：筋绝九日死。何以知之？手足爪甲青，呼骂不休。手足爪甲色青者，肝色也，则知筋绝肝亦绝矣。审是而筋之为病，其可忽哉。舒筋法 《得效》曰：此法治破伤後，筋挛缩不能伸，他病筋缩亦可。大竹管长尺馀，两头钻一窍，系以绳，挂於腰间，每坐举足搓衮之，勿计工程，久当有效。一人坠马折胫，脚筋挛缩，不能行步，遇道人传以此法，数日便愈如常。骨也者，所以为一身之撑架，犹屋之有梁柱然也。屋非梁柱不能竖，人非有骨不能立也。经言肾主骨，又言骨者髓之府，是惟肾气足，故髓充满，髓充满，故骨坚强也。骨有本，颧骨也。凡人一身骨格，有大有小，骨大者颧必大，骨小者颧必小，验之人人。而《灵枢》之言益足信也。凡人一身之骨，最大者脊骨也。经言膂骨以下至尾侱，二十一颧，长三尺，脊节谓之颧，脊穷谓之侱，是不但为骨之最大，且居中丽正，一身之骨胥於是附，犹屋之正梁，且为一身之骨之主也。而其为病，约有四端：一曰寒，《内经》言：人有身寒，汤火不能热，厚衣不能温。然不冻栗者，以是人素肾气胜，以水为事。太阳气衰，肾脂活 不长，一水不能胜两火。肾者水也，而生於骨，肾不生，则髓不能满，故寒甚至骨也。所以不能冻栗者，肝一阳也，心二阳也，肾孤脏也，一水不能胜二火，故不能冻栗。病名骨  ，是人当挛节也。据经之言，骨寒之病甚深，非但浮浅恶寒之谓也（宜温肾散加附子、肉桂、虎骨）。一曰热，其热从骨间蒸发，按之虽不甚烙手，然觉有郁蒸不可耐状，有非饮汤引水所能解，其板齿必乾燥，以齿者骨之馀，板齿尤诸齿之门户，骨热故板齿乾燥，即经言髓涸齿乾，乃为骨热病者是也（宜滋阴降火汤加鳖甲、地骨皮）。其或因骨热至四肢，缓弱不举，    成骨痿之症矣。一曰痿，《内经》言：肾气热则腰脊不举，骨活 而髓减，发为骨痿。有所远行劳倦，逢大热而渴，渴则阳气内伐，内伐则热舍於肾。肾者水脏也，今水不胜火，则骨活 而髓虚，故足不任身，发为骨痿也。据经之言，骨痿之病，由於骨热，非但寻常疲弱之谓也（宜虎兞鸜）。一曰痛，人身之痛，或由风淫湿滞，或由血刺痰攻，浅不过肌肉皮毛，深亦止经格脏腑。若入里彻骨，作酸作疼，虽因寒因热有不同，要其损伤劳极，为至甚而无加矣（宜虎骨散、二妙散）。他如久立伤骨，骨伤之病，或亦有痛者，或渐至成痿者，当受伤之初，不可不急救也（宜补骨脂、牛骨髓、鹿茸、骨碎补）。迨至骨绝，齿必黄落，虽有药饵，不可救矣，经故断之为十日死。骨病症治 《难经》曰：少阴者，冬脉也，伏行而濡骨髓者也。《直指》曰：骨为髓之藏，髓者，饮食五味之实秀也，髓虚则骨虚，势所必至也。又曰：骨热病，当与骨蒸门叁看。《资生》曰：扁鹊云：病在腠理，汤熨之所及也；在血脉，针石之所及也；在肠胃，酒醴之所及也；其在骨髓，虽司命无奈之何矣。夫病在骨髓，扁鹊以为难，则骨髓有病，病亦  矣。皮也者，所以包涵肌肉，防卫筋骨者也。皮之外，又有薄皮曰肤，俗谓之活 皮。经言皮肤亦曰腠理，津液渗泄之所曰腠，文理缝会之中曰理，腠理亦曰玄府。玄府者，汗孔也。汗液色玄，从空而出，以汗聚於里，故渭之玄府。府，聚也。皮之所主为肺，故凡风寒之邪袭人，肺先受之，以其先入皮毛也。邪着皮毛，腠理开泄，然後入於络脉，侵及於经，发而为病，其理然也。皮之为病，若傞雾芣另详本条），若瘾疹（另详本条），若痤痱（另详本条），若麻木（另详本条），若靥痣（另详本条），皆皮之病。前既详言，  可勿赘。其所常有者，无过痛痒两端，故经曰：痒痛生於皮毛。又曰：诸痒为虚，血不荣肌。又曰：诸痛皆属於火也。血虚之痒，如虫行皮中（宜大料四物汤，兼用澡洗药）。反虚之痒，淫淫不已（宜四物汤加黄芩煎水，调浮萍末服之）。风邪之痒，痒甚难忍（宜菊花散去石膏加薄荷）。酒後之痒，痒如风疮，常搔至血出（宜蝉脱散）。心实之痛，深至肉间（宜导赤散加减）。火灼之痛，如欲炙手（宜加减凉膈散）。风热之痛，痒痛相间（宜上清散）。肺经火郁之痛，不可抚按（宜泻肺汤）。痒痛之因，内外各异如此。然为痒为痛，又有因於火之微甚者。河间云：人近火，微热则痒，热甚则痛，附近则灼而为疮，皆火之用。或云痛为实，痒为虚，非谓虚为寒，正谓热之微甚。此河间之论，又於痒痛所因之外，就火之一端以析痒痛者也。若乃丹毒者，亦皮之病。人身忽然变赤如丹涂，名赤瘤。或因疮而得琚 赤者，名疮瘤。皆游走无定，状如云气，总缘恶毒热血，蕴结命门，遇君相二火合起，致发此症，其轻者亦缘风热所致（总治宜四顺清凉饮，外涂拨毒散）。又有皮肤忽起赤晕，或发热作痒，或搔破出水，名赤游风，亦谓之丹毒。然其症状，毕竟与丹毒稍异，宜临症分辨。而游风之因，起於脾肺气虚，腠理不蜜，风热相搏（宜荆防败毒散）。或专由风热（宜小柴胡汤加防风、连翘）。或专由血热所致（宜四物汤加柴胡、山栀、丹皮）。治之但宜凉血消风，清肝养血，则火自息，痒自止，切不可单用祛风之药，反燥肝血，使元气虚而别生他症。若素有病，面上忽见红点，多死。  试举毒游风之属条列言之：有赤瘤丹毒者（宜无名异末，葱汁调涂立消）。有赤黑丹疥，或痒或燥，不急治，遍身即死者（宜白瓷研末，猪脂调涂）。有五色丹毒，俗名游肿，犯之多死者（宜榆白皮末，鸡子清调涂）。有火丹赤肿遍身着（宜磨大黄汁频涂）。有火焰丹毒从头起者（宜生葱汁涂）。有火丹发足胫以上者（宜镜面草打汁服并敷）。有火霞丹毒，从两脚起如火烧者（宜五加皮根叶烧灰，  K槽中水和涂）。有不拘何处，火丹发，而疼肿难忍者（宜鳝头血涂）。有烟火丹发从背起，或两胁及两足，其赤如火者（宜景天草、珍珠各一两，和捣如泥，涂之）。有萤火丹从头起，亦名热毒丹疮者（宜慎火草捣和苦酒涂）。有幼小火丹者（宜黄芩末水调涂）。有一切热毒丹肿腮痛者（宜赤小豆末鸡子白和涂）。有丹从脐起者（宜槟榔末醋调涂）。有身面卒得赤斑，或瘭子肿起，不治即死者（宜羊角烧灰，鸡子白和涂）。有身面丹肿如蛇缠状者（宜马兰草和醋捣涂）。有赤游丹发肿痛者（宜瓜蒌末醋调敷）。虽然丹毒之发又有辨焉，其痛者为丹毒，其痒者为风丹。有一切风丹发痒不止者（宜炙穿山甲末一两，生甘草末三钱，米饮调涂）。有冷风丹者（宜白姜蚕散）。有遍身风痒如瘾疹者（宜凌霄花末，酒下一钱立效）。有皮肤风热，遍身生如粟米者（宜牛蒡子、浮萍等分，薄荷汁调，酒下二钱，日二次）。有遍身本发瘾疹，後变成疮，又痒又痛者（宜姜蚕焙末，二钱立愈）。有血风丹肿起疙瘩者（宜浮萍汁和豆淋酒下）。有因酒而得风丹，遍身痒者（宜浮萍散）。且夫丹毒之发，更有辨焉，其色赤者为丹，其色白者为瘼。如前言冷风丹，其色亦白，即瘼之类也。治瘼之法，前人以酒调土朱服之，得愈。说 瘼为脾病，土能入脾，朱能除白也（白瘼宜消风散）。至若小儿血热肌虚，风邪相凑，易发丹毒，得之百日内者，尤为危急（宜消风散、黑神散二方兼服，外以金花散涂）。总之丹毒游风之发，不问大人小儿，或发手足，或发腹上，总以自腹生出四肢者，为顺而易治，自四肢生入腹者，为逆而难治，不可不治也。夫丹毒之发甚暴，治丹毒之方甚多。古人有十二种单方，治一切丹毒，但得於十二味中（水苔、生地、生松毛、蒴藿叶、慎火草、浮萍、硝石、豆叶，以上皆捣烂敷；豆豉、大黄、黄芩、山栀，以上皆为末水和敷，用一二味即能取效，良为简便，又不可不知也。然而皮之为病，且不特此也。如人身体皮肉变色赤者为紫癜风，白者为白癜风。紫由风与血搏，血不调和所生（宜紫癜风方）。白由风与气搏，气不调和所生（宜追风丸、三黄散，总治紫白癜，宜加减何首乌散）。又如面及颈项身体皮肉色变与肉色不同，不痛不痒，由肺风流注皮肤之间，久之不去，遂致浸淫遍体，为白驳（宜白驳方）。又如颈项胸前腋下，自生斑点相连，色微白而圆，或紫，不痛不痒，由风邪积热，居於肺腑，久之不散，流溢皮肤，为倁疡风（宜乌蛇散）。又如心常惊恐，言语无定，眼前见物如垂丝，皮肉中或如桃李瘾疹，色赤黑，手足顽麻，刺之不痛，身体生疮，痛痒如虫行，由恶风相触，及犯忌害，初即觉皮毛变黑，为乌癞，又名黑癞（宜大黑神膏）。又如语声嘶  ，目视不明，四肢顽痛，身体发热，手足缓纵，背膂拘急，皮肉之内，似生瘾疹，其色正白，亦由风邪毒气，积久为白癞（宜白花蛇散、苦叁酒）。又如肺气不荣，津液活 涸，皮聚毛落，爪活 甲错，肌肤乾涩而不滑润，为索泽（宜八珍汤）。凡若此者，皆皮之病。凡属司命，所当一一详审者也。脉  法 仲景曰：脉浮而大，浮为风虚，大为气强，风气相搏，以成瘾疹。身体为痒，痒者名泄风，久久为痂癞。《正传》曰：脉浮而缓属湿，为麻  ；脉紧而浮，属寒，为痛  ；脉涩而芤，属死血，为木不知痛痒。滑伯仁曰：脉者，血之波澜，发斑者，血散於皮肤，故脉伏也。皮病症治 河间曰：痒得爬而解者，爬为火化，微则亦能痒，甚则痒去者，谓令皮肤辛辣而属金化，辛能散火，故金化见，则火化解矣。《入门》曰：丹毒入里，腹胀则死，毒气所走之处，急以细针刺出恶血即消。又曰：沟渠中小虾捣敷妙，或伏龙肝鸡子白调涂，或鲤鱼血、鳝鱼血、芭蕉根汁、蓝叶汁、水中苔，涂之皆可。肉也者，所以主一身之肥瘦，而验气血之盛衰者也。《内经》曰：肥而泽者，气血有馀；肥而不泽者，气有馀，血不足；瘦而无泽者，气血俱不足。此经但言其概也。其实人之肥者，血则实，而气必虚，故行动多喘促，气虚也，能耐寒而不能耐热，热伤气，损其不足之气，则阳愈弱而偏於阴，故不能耐热也。人之瘦者，气则实，而血必虚，故皮肤多燥涩，血虚也，能耐热而不能耐寒，寒伤血，损其不足之血，则阴愈亏而偏於阳，故不能耐寒也。此肥瘦之所以分也。肉之为病，最重者曰食俴，饮食多而易饥，不生肌肉，如死人也，由胃中结热，消谷之故（宜叁苓元）。其次曰肉苛，苛者，  咫]，由荣气虚，卫气实之故（宜前胡散）。其次曰肉痿，胃乾而渴，肌肉不仁，无力以运，由脾经伤热之故（宜清燥汤）。其次曰肉脱，形肉瘦削而脱尽，不能行动。说 脱者，空也，谓肉消而皮与骨着，中空无有也，此亦死症，由真元内竭，谷气外衰之故（宜谷灵丸）。至如疮疡虽愈，有肉凸出，小如豆，大如李，长至数寸，名曰赘肉，亦曰儭⑷猓ㄒ宋诿啡獾纷鞅???馍希?聪?ィ?Ｓ秩缡肿愫錾?缍梗 甚至三个五个，相连而生，由风邪搏於肌肉所致，名曰疣目（宜乌鸡胆汁，日三涂之，或杏仁烧研涂之）。又如肌肉间忽生红粒，抚之则痛如锥刺，血虚袭风所致，名曰肉刺，可不必治。以上皆肉病所及也，若夫耳聋舌短，背肿尿血，大便赤泄，则为肉绝之候矣，经故断之为六日死也。肉病症治 《内经》曰：侼为肉标，侼，膝後肉如块者。《资生》曰：蠃瘦固瘵疾，若素来清  者，非有疾也。惟病後瘦甚，久不复常，谓之形脱，与夫平昔充肥，忽尔蠃瘦，饮食减少，此为五劳六极之疾，宜服滋补药。毛发也者，所以为一身之仪表，而可验盛衰於冲任二脉者也。夫毛发为血之馀似已，然冲为血海，任为阴脉之海，二脉皆起胞中，上循腹里，其浮而外者循腹右上行，会於咽候，列而络唇口。血气盛，则充肤热肉。血独盛，则渗皮肤，生毫毛。然则毛发之生，皆由二脉之盛也明矣。《内经》独以属肾者，肾主精，精即血也。毛者，统词，一身之毛及眉须髭髯，前後二阴之毛皆是。发者，专指但即生於头者言也。须发之有无荣悴，前人论之甚详，故不赘。其有左右发际疮起如粟米，头白肉赤，痛如锥刺者，为发际疡，皆因风热上攻之故，虽脓出无伤也（宜防风通圣散）。然妇人多患之，男子则少。鬓疽者，亦名鬓发，生鬃发中，初如虫咬瘾疹，肿痛难见，或由肝胆二经怒火，或由三焦相火，或由风热血虚，皆能生此症。但由三焦相火者，尤忌出脓，以是经血少气多也。甚则发热作渴（宜柴胡清肝汤），肿高痛极（宜仙方活命饮），迨大势已定，馀毒未除，以叁儀归术为主，佐以川芎、白芷、金银花，速成其脓。脓成，仍以叁、儀等托而溃之。至生肌收敛，则全用补益（脾虚加四君子汤，血虚宜四物汤加叁、儀，气虚宜补中益气汤）。小儿癞头白秃疮，亦生发中（宜松脂膏）。其一种状如葡萄，久而不脓者，名鬈毛疮（宜苦楝根灰，猪油调搽）。然若中陷，四边高，色如黄蜡者，乃是广疮，不可作鬈毛疮治也。毛发原由症治 《医说》曰：发属心，故上生，禀火气也。眉属肝，故横生，禀木气也。须属肾，故下生，禀水气也，《入门》曰：胆荣於须，肾华於发，精气上升，则须润而黑。六八以後，精华不能上升，秋冬令行，金削水活 ，以致须发焦槁，如灰白色。养生者，宜预服补精血药以防之，如张天师草还丹、四物坎离丸、五老还童丹之类，染掠亦非上策。治筋病方十酒煮木瓜粥筋急 大木瓜，酒 水煮烂，研作膏，势裹痛处，冷即易，一宿三五度，便差。五加皮散筋缓 五加皮  油松节   木瓜   每末二三钱，酒下。祛风涤热汤筋   薄荷  甘菊牛蒡子   防风  荆芥穗  连翘  竹叶紫葳汤  筋痿   紫葳  天冬  百合  杜仲  黄芩  黄连        牛膝  防风蒺藜  菟丝子  四物汤筋惕 川芎  当归  白芍  生地养血地黄汤筋急 熟地  生地白荷  当归  阿胶  麦冬  白术真武汤筋惕 附子  生姜  白芍  白术  茯苓养肝丸  筋伤   川芎  当归  白芍  熟地  防风  羌活  蜜丸。木瓜汤转筋 木瓜四钱  吴萸二钱   茴香一钱  秋草四分  紫苏十叶  姜三片盐一撮  乌梅一个理中汤又 人叁  白术  甘草乾姜治骨病方五温肾散骨寒 熟地钱半  牛膝肉苁蓉  巴戟  麦冬  五味子  炙草各八分茯神  炒杜仲  乾姜各五分  水煎服，或为末，酒下二钱亦可。滋阴降火汤骨热 白芍钱三分当归钱二分  熟地  白术  天冬  麦冬各一钱生地八分  陈皮七分  蜜知母  蜜黄柏炙草各五分  姜三  枣二虎兞鸜骨痿 龟板  黄柏各四两  知母  熟地各二两  牛膝三两半  陈皮七钱  白芍一两半  乾姜五钱  锁阳  虎骨当归各一两  酒糊丸。加附子尤妙。虎骨散骨痛 虎骨二两  白花蛇肉  天麻  白姜蚕  牛膝  防风  酒当归乳香  肉桂各一两  全蝎  炙草各五钱  麝香一钱  每末二钱，酒下。一方有自然铜、白附子、槟榔、羌活、白芷、川芎各一两，地龙、没药、雄黄各五钱，治白虎历节风走痛，如神。二妙散又 制苍术  酒黄柏等分  姜汤下一钱。治皮病方二十六四物汤 皮痒 川芎  当归  白芍  地黄菊花散 又 甘菊  防风  枳壳羌活  旋覆花  石膏  甘草  蔓荆子蝉脱散  又   蝉脱  薄荷等分每末二钱，酒水调下。上清散 皮痛   元叁  薄荷  荆芥  甘草  归尾  桔梗  陈皮  黄芩  川芎枳壳  或加制大黄亦可。导赤散 又 加减凉膈散又 连翘二钱  甘草钱半  山栀  黄芩  薄荷  桔梗  竹叶各五分泻肺汤  又 地骨皮  桑皮各二钱  知母  贝母  山栀  桔梗  麦冬  生地甘草各一钱四顺清凉饮丹毒 蒸大黄  当归   赤芍  炙草各钱二分  薄荷十叶拨毒散又 寒水石二两三钱石膏一两   黄柏  甘草各二钱  水调涂之，芭蕉汁尤妙。荆防败毒散又 荆芥  防风羌活  独活  柴胡  前胡  人叁  赤芍  桔梗  枳壳  川芎  甘草小柴胡汤又 柴胡  黄芩  人叁  半夏  甘草白姜蚕散又 姜蚕  蝉退  防风  甘草  苍耳子  白芷  川芎  茯苓  荆芥  厚朴  陈皮  人叁  等分，每末二钱，豆淋酒下。浮萍散又 浮萍五钱  防风黄儀  羌活各三钱  当归二钱  乾葛一钱麻黄五分生草四分  量疾重轻，分二三服，水煎。消风散  白瘼 黑神散  小儿 金花散  又   郁金  黄芩  山栀甘草  大黄  黄连  糯米  等分，为末，蜜水调敷。紫癜风方紫癜 官粉五钱  硫黄二钱  为末，鸡子白调搽。追风丸  白癜 首乌  苦叁  苍术  荆芥穗各四两  共为末，用皂角二斤去皮弦子，水煎膏，和丸，空心，酒茶任下三五十丸。三黄散  又 雄黄  硫黄各五钱黄丹  天南星  活 矾  密陀僧各三钱  先以姜汁擦患处，再以姜片蘸药擦，後渐黑，次日再擦，黑散则无矣。加减何首乌散 紫白癜 首乌石菖蒲  蔓荆子  苦叁  荆芥穗  威灵仙甘菊  杞子等分  每末三钱，蜜、茶调下。此方兼治倁疡风，白驳，一切疥癣。白驳方白驳 硫黄  草决明生半夏  槲皮各一两  蛇脱一条二味烧研共为末，清漆和调，薄涂患处，先用巴豆一粒，中截擦白处，再用药。乌蛇散 倁疡风 乌蛇三两  犀角一两  防风  羌活  黄芩  苦叁各二两人叁丹叁  元叁  沙叁  肉桂  秦艽  川芎  山栀  升麻  通草  枳壳  白蒺藜  白鲜皮各一两  每末二钱，酒下。大黑神膏  乌癞   川乌  川芎升麻   防己  黄柏  藜芦  黄连  明矾  雄黄雌黄  胡粉各五钱  巴豆  杏仁各十四粒  松脂乱发各如鸡子大一块  上锉如豆，用猪油二升同煎，以发烊为度，棉滤去渣，入雌雄黄、矾、胡粉搅匀，收瓷器中，每用涂疮，一日三四次，每用药以热盐汤洗过，然後涂之，毋及口眼。白花蛇散白癞  白花蛇酒浸晚蚕蛾去头足翅  威灵仙  天麻  槐子  羌活  防风  枳壳  白鲜皮  蔓荆子各一两炙草五钱   每末二钱，酒下，日二次，不拘时。苦叁酒又 苦叁五斤  蜂房五两  僊皮一具  水三斗，煮一斗，去渣，浸细面五斤，炊饭三斗，如常作酒，温饮一二杯。八珍汤  索泽症   人叁  白茯苓白术  炙甘草  川芎  当归  白芍  地黄治肉病方四叁苓元食俴 人叁  远志  赤苓  菖蒲  牛膝酒浸  地骨皮各一两  蜜丸，不拘时，米饮下。前胡散肉苛 前胡  白芷  细辛  官桂  白术  川芎各三两  吴萸  附子当归各二两  川椒三钱  上锉，以酒茶三升拌匀，窨一宿，以猪油五斤，入药微煎，候白芷黄色，去渣煎成膏，摩病处，以热为度。清燥汤肉痿 黄儀  白术各钱半  苍术一钱  陈皮  泽泻各七分  赤苓人叁  升麻各五分  生地  当归  猪苓  麦冬  神僸  甘草各三分  黄连  黄柏  柴胡各二分五味子九粒谷灵丸肉脱 黄儀  人叁  牛膝  当归各一两  附子炮一个  熟地  茯苓各五钱杜仲  苍术  白术  肉桂  杞子各三钱  酒糊丸，叁汤下百丸。治毛发病方十防风通圣散发际疡 滑石钱七分  甘草钱二分  石膏  黄芩  桔梗各七分防风当归身  川芎  赤芍  大黄  麻黄薄荷  连翘  芒硝各四分半  白术  荆芥山栀各三分五厘  姜三片柴胡清肝汤鬓疽 柴胡   山栀各钱半  川芎  黄芩  人叁各一钱  桔梗连翘各八分  甘草五分  食後温服。仙方活命饮又 穿山甲  白芷防风  赤芍  甘草  归尾  花粉  贝母  角刺各一钱陈皮  金银花各三钱  没药  乳香各一钱二味另研  水、酒各半煎，送乳没二末。四君子汤  又   人叁  茯苓  白术  炙草四物汤又 川芎  当归  白芍地黄补中益气汤又 人叁  黄儀当归  白术  升麻  柴胡  陈皮  甘草松脂膏白秃 松脂  黄连各七钱半  黄芩  苦叁各一两  蛇床子二钱半大黄  活 矾各五钱  水银两半  胡粉五钱合水银入少水同研令无星为度  共研匀，腊猪油调涂疮上。张天师草还丹预防 地骨皮生地  石菖蒲  酒煮菟丝子   牛膝  远志等分，蜜丸，空心盐汤下三五十丸。 修合忌铁器。四物坎离丸又 熟地三两   生地两半同酒浸打膏  当归二两  白芍两半同酒炒知母一两  黄柏二两同盐酒浸炒  侧柏叶  槐子各一两同炒  连翘六钱  蜜丸，盛磁盒内，放地上七日，晒乾收之，酒下五六十丸。五老还童丹又 茯神  赤石脂川椒炒出汗各一两  朱砂水飞  乳香灯心同研各一两俱另为末，用鸡子二个，去清黄，只将朱砂、乳香各装一壳内，纸糊七重，清绢袋盛之，令人怀肚上，常令温暖，朱砂怀三十五日，乳香怀四十九日取出，再研前三药亦为末，和匀，蒸枣肉和丸，空心，酒下三十丸，叁汤下尤妙，一月外加至四十丸。又名遐龄万寿丹。附录毛发杂方眉毛不生方   芥菜子  半夏等分  为末，姜汁调搽，数次即生。治人无发方  甜瓜叶捣汁涂之，即生。病後发落方    鲜猴姜、野蔷薇嫩枝，煎汁刷之。令发长黑方    桑叶  生麻油  煎过去渣，沐发令长数尺。须发黄赤方    生地一斤，生姜半斤，各洗捣汁留渣用。不蛀皂荚十条，去皮弦蘸二汁炙，汁尽为度，同渣入罐，泥固  性，研末，铁器盛之。每末三钱，汤调，停二日，临卧刷染须发即黑。秘传乌发方    五倍子半斤，研末，铜锅炒之，勿令成块，如有烟起，即提下搅之，从容上火慢炒，色黑为度，以湿青布包扎，足踏成饼，收贮听用。每用时，先以皂角水洗净须发，用五倍子末二两、酒炒红铜末钱六分、生矾六分、诃子肉四分、没石子四分、硼砂一分，共研极细，乌梅，酸榴皮煎汤调匀，碗盛，重汤煮四五十沸，待如饴状，以眉掠刷於须发上一时，洗去再上，包住，次日洗去，以桃核油润之，半月一染甚妙。巫灵散   胆矾  五倍子  百药煎  青胡桃皮  酸石榴皮  诃子皮  木瓜皮  猪牙 皂角何首乌  细辛等分  为末，蜜和如钱大，常放木炭内培养，勿令离炭，用时以热酒化开涂之。金主绿云油    蔓荆子  没石子  踯躅花  诃子皮  覆盆子  白芷  沉香  防风附子零陵香  生地  芒硝  公丁香   旱莲草各一钱半,病名,"[""老年后""]",,肝肾阴虚证,,"[""原发性-老年型""]",,"[""腰背痛"", ""骨痛"", ""活动受限""]",,"[""中药内服""]",,"[{""name"": ""温肾散"", ""type"": ""方剂"", ""note"": ""用于骨寒之病""}, {""name"": ""滋阴降火汤"", ""type"": ""方剂"", ""note"": ""用于骨热、骨痿""}, {""name"": ""虎兞鸜"", ""type"": ""方剂"", ""note"": ""主治骨痿""}, {""name"": ""虎骨散"", ""type"": ""方剂"", ""note"": ""治疗骨痛""}, {""name"": ""二妙散"", ""type"": ""方剂"", ""note"": ""治疗入骨之痛""}, {""name"": ""补骨脂"", ""type"": ""单味药"", ""note"": ""用于久立伤骨、骨伤""}]",0.9,肾气足，故髓充满，髓充满，故骨坚强也……发为骨痿……髓虚则骨虚,True,True,,"[{""classical_span"": ""发为骨痿"", ""why_supports"": ""直接对应骨萎软、骨力不足""}, {""classical_span"": ""髓虚则骨虚"", ""why_supports"": ""与骨量不足本质相符""}, {""classical_span"": ""腰脊不举"", ""why_supports"": ""对应骨质疏松相关功能障碍""}]",1,"[""若忽略原文仅泛称补肾而未指骨痿则证据不足"", ""若将急性外伤骨痛误判为骨质疏松则不当"", ""若强行映射未出现的骨折描述则属臆造""]",59936348c19a4edc1e46bf260fb630c5,"['二妙散', '温肾散', '滋阴降火汤', '虎兞鸜', '虎骨散', '补骨脂']",清,"['活动受限', '腰背痛', '骨痛']"
ok,1263,2026-02-04 17:30:28,普济方（四库本181-240卷）,1406.0,骨痿,普济方卷二百十七,夫人禀中和之气以生若能保守真元则何由而病不善卫者由思虑役其智嗜欲乱其真而荣卫一虚积微成损积损成衰及其病也既不能御气以全身又不能为之补饵不亦殆哉葢人之一身肾之液谓之精意有所存谓之志故经曰肾藏精与志也生性之本元气之根精神之所舎名曰精神故灵枢经曰积精全神者是也人之精而后有神也今人之虚损皆出于心肾其盗汗其白浊之类奚可容乎且心之液自梦中出觉来则汗如雨未防便干此则为盗汗肾之液泄自小便中出停久浊如泔或上有脂油或为梦遗则气体弱神情倦怠眼目昏花精神脱已焉得而有神哉且心者神藏之肾者精藏之今心既受病则神不守舎日则有怔忡健忘恍惚失志之证夜则有登高涉险火发追捕之梦肾既受于病则髓海枯竭遂有脚气膝软精神倦怠体弱梦泄便浊消渇瘦瘁诸虚百损莫不自心肾而言然病既至此尚有不能守节或孳孳于财利或恋恋于色欲伤动坎离渐至沉羸去生逺矣养生之士闻此自当恻然有感于私谨起居节饮食静室有处勿贪富贵勿怨贫贱勿嗜酒色专心服药治法当以宁心凝神为先次则涩精补肾则疾无不愈矣又有心经有热心火烁肾水而为赤浊白浊梦泄此又可温补惟当精心学者更宜审焉○难经云论损从皮毛至筋骨者此乃辨气脉浅深次第也原其所由属不内外或大病未复便合阴阳或疲极筋力饥饱失节尽神度量呌呼走气所以诸症蠭起百疴交作吐血衂血便血泄血遗血白浊冷滑洞防白汗黄汗呕吐咯啘涎沫痰饮遂使荣卫奔走虚羸损伤皆自此始葢由背于人身常理而致然也况妇人产蓐过于大病虚损尤多不可不知列而论之症非一当考脉寻理推其元气胃气资始资成扶助阴阳辨别根本盖不可随证冷热交行施治也○夫人禀阴阳五行运气荣卫而保全其身凡一身中或有毫厘疾患无因脏腑虚冷则荣卫不调荣卫不调则疾生矣又况虚冷之疾极又其生其虚阳或手足腰肾眼目口齿三焦六腑值病之亟则各能死人且如左右手三阴三阳十二经脉皆用有胃气或加之有疾而无胃气者不问病之轻重断然不救何谓顿用有胃气然胃受谷气生则能生气血气血壮则荣卫不衰荣卫不衰则病自去矣如五脏六腑表里之间皆出自糓气而相传授生血气而灌防五脏或气不足则五臓六腑防无所自况加之如忧愁思虑喜怒不常起居劳役饮食不节房事过多冲雪冐霜伏暑触热损失耗散则病生焉且如季春季夏季秋季冬一十八日之间脾土于此时王极肾水受克故当补肾所以心肺肝脾肾各有衰王各有相生相克如心克肺肺克肝肝克脾脾克肾肾克心遇王则以克之愈甚凢受克处故冝补然春补脾夏补肺秋补肝冬补心古之贒人平居无病易常用药法度调防脾胃使进饮食而全糓气凢百皆得其宜如今之庸医用意皆错如举一二而为证然且如肾经衰败则以天雄附子之类而言补肾且肾属北方土癸水喜温恶燥返用天雄附子至燥之药岂能补乎肾邪况肾经虚则乃五脏六腑衰极而渐至于肾则诸病生焉凢下部肾经虚者不必补之至妙之法有二一则补脾防胃使进饮食而全糓气令生气血所谓者何每日夜子时于北方正当此之时肾水王极则摄血化精精气全则丹田自实肾经不虚病自去矣男子则摄血化精女子盈为月事若糓气不全则气血不生气血不生则当夜半子时肾水虽王则血不能偿其肾所摄无精所化而丹由不固肾自虚矣以此观之凢肾经并五臓虚败医者罔识源流枉用其法初不能损于病要当先补肾胃后调气血耳○虚损之疾寒热因虚而感也寒感则损阳阳虚则阴盛故损则自上而下治之宜以辛甘淡过于胃则不可治也感热则损阴阴虚则阳盛故损则自下而上治之宜以苦甘酸咸过于脾则不可治也自上而损者一损损于脾故皮聚而毛落二损损于脾故血脉虚热不能荣于五脏六腑妇人则月水不通而三损损于胃故饮食不为肌肤也自下而损者一损损于肾故骨痿不能起于床二损损于肝故筋骨缓不能自收持三损损于脾故饮食不能消克也故心肺损则血肝肾损则形痿脾胃损则谷不化也○损其肺者益其气损其心者调其荣卫损其脾者调其饮食适其寒温损其肺者缓其中损其肾者益其精此补益之大法也夫人之气血与天地同流不能无盈虚矣不能无损益矣治疗之宜损者益之不足者补之随其缓急而已是故有平补有峻补或益其气或益其精或益其血脉或壮其筋骨至以益髭发驻颜色其治不一要之随宜适可无不及之患斯为善矣○损其肾者益其精四十难曰损其肾者益其精辨云肾有两枚右为命门相火左为肾水同质而异性也夫损者当审损何脏而治之阴阳应象论曰形不足者温之以气精不足者补之以味乂云气化精生味和形长无阳则阴无以化当以味补肾真阴之虚阴本既固阳气自生化成精髓若相火阳精不足宜用辛温之剂世之用辛热之药治寒甚之病非补肾经之药又知肾之恶燥也○凢人年四十以上日乆多言以致虚损面色黧黑饮食无味心胸痞满四肢倦怠肌体余热大小便不利治之奈何内经云不可热补之夫男子肾卢水不足也凢补虚之剂多用乌附天雄之类岂知肾恶燥也女子阴虚血不足也几补虚多以阳剂是以知阳盛而阴亏也不可用性热之药也补之虚心可服加减八物汤丸当归饮子减桂五苓散烦渇加益原名曰淡渗散更服通解丸显仁丸亦可服之大有神効凢病人虚劳多日无力别无热症者宜服之可用无比山药九则愈矣○劳倦之疾百脉空虚非滋润粘腻之物而以养之不能实也又用鹿角胶阿胶牛乳饴糖酥酪煎蜜人参杏仁当归熟地黄之类正此意也或者妄施伏火金石附子燥热等辈以致血气干涸心肾不交故火炎于上为痰嗽为咯血为口干为五心烦热水走于下为脚弱为遗精为赤白浊为小便滑数误矣哉虚劳之脉大抵多或浮大或数皆虚劳之也大者易治血气未定可敛而正也者难治血气已耗未易调补之若帯防则贼邪侵脾此尤难治加数则殆矣,病名,"[""胎产哺乳"", ""老年后""]",,肝肾阴虚证,,"[""原发性-老年型""]",,"[""活动受限"", ""乏力""]",,"[""中药内服""]",,"[{""name"": ""鹿角胶"", ""type"": ""单味药"", ""note"": ""用于滋养精血、强筋骨""}, {""name"": ""阿胶"", ""type"": ""单味药"", ""note"": ""补血滋阴，用于虚劳""}, {""name"": ""熟地黄"", ""type"": ""单味药"", ""note"": ""补肾填精，虚损用""}, {""name"": ""无比山药九"", ""type"": ""方剂"", ""note"": ""虚劳久病服之可愈""}]",1.0,自下而损者一损损于肾故骨痿不能起于床,True,True,,"[{""classical_span"": ""骨痿不能起于床"", ""why_supports"": ""明确出现骨痿病名及功能障碍，直接指向骨质衰弱""}, {""classical_span"": ""肾既受于病则髓海枯竭"", ""why_supports"": ""以肾精亏虚解释骨病机理""}]",1,"[""原文未涉及骨折等现代诊断指标，映射需谨慎"", ""证型多样，仅能择其主者，存在简化风险"", ""药物多为虚劳通用补益，非专指骨质疏松""]",7035c9d42f8d075795f2b6210be538fb,"['无比山药九', '熟地黄', '阿胶', '鹿角胶']",明,"['乏力', '活动受限']"
ok,994,2026-02-04 17:19:31,赤水元珠（四库本）,1584.0,骨痿,赤水元珠卷十一,虎潜丸　补肾丸皆治骨痿之剂也○肉痿当以清燥汤治之,方药,[],,删除,,[],,[],,"[""中药内服""]",,"[{""name"": ""减味清燥汤"", ""type"": ""方剂"", ""note"": ""由原方减去柴胡、黄连、猪苓、泽泻，用于“治骨痿”""}]",1.0,名减味清燥汤，治骨痿。,True,True,,"[{""classical_span"": ""治骨痿"", ""why_supports"": ""“骨痿”为古籍中高度指向骨弱、骨萎软的病名，与骨质疏松高度相关""}]",3,"[""原文未提供具体症状表现，无法进一步细化现代骨质疏松表型"", ""未明确患者人群或年龄阶段，限制了现代表型映射精度"", ""未载明中医证型，仅有治法与病名，证候信息不足""]",e28249ab9cd58981c47e1efdf4130efa,['减味清燥汤'],明,[]
ok,5022,2026-02-04 19:59:10,古今图书集成医部全录,1726.0,骨枯,正文 古今图书集成医部全录卷一百三十九,肾主骨之精，为瞳子散大者，因肾水虚骨枯，而心包络之火得以乘之也。,病名,[],,肝肾阴虚证,,[],,[],,"[""中药内服""]",,"[{""name"": ""滋阴地黄丸"", ""type"": ""方剂"", ""note"": ""用于滋阴益血、治疗肾水虚所致骨枯""}]",1.0,因肾水虚骨枯，而心包络之火得以乘之也,True,True,,"[{""classical_span"": ""肾水虚骨枯"", ""why_supports"": ""直接出现“骨枯”病名，属骨质衰败范畴，与骨质疏松高度相符""}]",4,"[""未出现现代影像或骨折描述，可能仅为传统病名概念"", ""缺乏明确人群与年龄信息，难以对应具体现代表型"", ""仅凭单一条文，证据来源相对有限""]",664658b6d49873500309c1ec6313446c,['滋阴地黄丸'],清,[]
ok,5024,2026-02-04 19:59:22,古今图书集成医部全录,1726.0,骨枯,正文 古今图书集成医部全录卷一百五十五,肾虚齿长而痛者，滋阴大补丸加鹿茸方治之。盖肾主骨，肾虚则髓弱，髓弱则骨枯，骨枯则不能固齿，故令齿长而动。譬之败几焉，几败木枯则紧窦之寸木摇摇而出，以水泽之则败几润而寸木固，故治此者宜滋阴补肾，肾不虚则龈骨润，龈骨润则齿固矣。是方也，熟地、牛膝、杜仲、山萸、五味、枸杞，皆味厚之品也，可以滋阴益肾。巴戟、苁蓉、茴香、远志、石菖蒲、山药、茯苓，皆甘温之品也，可以温肾生精，乃鹿茸者，取其为血气之属，得阴气之最完，故用之以为补肾填精益髓之品耳。红枣肉者，味甘益脾，故用之以剂丸也。,方药,[],,肝肾阴虚证,,[],,[],,"[""中药内服""]",,"[{""name"": ""滋阴大补丸加鹿茸方"", ""type"": ""方剂"", ""note"": ""用于肾虚齿长而痛，滋阴补肾、填精益髓""}, {""name"": ""鹿茸"", ""type"": ""单味药"", ""note"": ""补肾填精益髓""}, {""name"": ""熟地"", ""type"": ""单味药"", ""note"": ""滋阴益肾""}, {""name"": ""牛膝"", ""type"": ""单味药"", ""note"": ""益肾强骨""}, {""name"": ""杜仲"", ""type"": ""单味药"", ""note"": ""补肾强筋骨""}, {""name"": ""山萸"", ""type"": ""单味药"", ""note"": ""补益肝肾""}, {""name"": ""五味子"", ""type"": ""单味药"", ""note"": ""滋阴益肾""}, {""name"": ""枸杞子"", ""type"": ""单味药"", ""note"": ""滋补肝肾""}, {""name"": ""巴戟天"", ""type"": ""单味药"", ""note"": ""温肾助阳""}, {""name"": ""肉苁蓉"", ""type"": ""单味药"", ""note"": ""补肾益精""}, {""name"": ""茴香"", ""type"": ""单味药"", ""note"": ""温肾""}, {""name"": ""远志"", ""type"": ""单味药"", ""note"": ""交通心肾""}, {""name"": ""石菖蒲"", ""type"": ""单味药"", ""note"": ""化湿开窍""}, {""name"": ""山药"", ""type"": ""单味药"", ""note"": ""补脾益肾""}, {""name"": ""茯苓"", ""type"": ""单味药"", ""note"": ""健脾渗湿""}, {""name"": ""红枣肉"", ""type"": ""单味药"", ""note"": ""益脾和中""}]",1.0,盖肾主骨，肾虚则髓弱，髓弱则骨枯,True,True,,"[{""classical_span"": ""髓弱则骨枯"", ""why_supports"": ""直接出现“骨枯”，为古籍中高度指向骨量衰退的表述""}, {""classical_span"": ""肾主骨"", ""why_supports"": ""以肾虚解释骨枯，符合骨质疏松的中医病机映射""}]",1,"[""若将牙痛等同为现代骨折表现，属于过度映射"", ""若擅自推断具体年龄或绝经状态，超出原文证据"", ""若引入原文未述的现代检查或诊断指标，属于臆造""]",6f39f68e2a75a28219b7862943cecf39,"['五味子', '山药', '山萸', '巴戟天', '杜仲', '枸杞子', '滋阴大补丸加鹿茸方', '熟地', '牛膝', '石菖蒲', '红枣肉', '肉苁蓉', '茯苓', '茴香', '远志', '鹿茸']",清,[]
ok,5047,2026-02-04 20:00:28,古今图书集成医部全录,1726.0,骨枯,正文 古今图书集成医部全录卷四百四十三,无辜疳者，脑后项边有核如弹丸，按之转动，软而不疼，其间有虫如米粉，不速破之，则虫随热气流散，淫食脏腑，以致肢体痈疮，便利脓血，壮热羸瘦，头露骨高是也。针刺破，用膏药贴。或濣濯儿衣，露于檐下为鸩鸟落羽所污，儿着此衣，虫入皮毛，亦致无辜之疾。儿衣已晒，须微火烘之。其若手足极细，项小骨高，尻削体痿，腹大脐突，号哭胷陷，或生谷症，是为丁奚；虚热往来，头骨分开，翻食吐虫，烦渴呕哕，是为哺露。皆因脾胃久虚，不能消化水谷，以致精神减损，无以荣其血气，故肌肉销烁，肾气不足，复为风冷所伤，使形骨枯露；亦有胎中受毒，脏腑血少致之。此皆无辜疳伤种类之疾，病而至此，不几殆哉！宜肥儿丸、大芦荟丸、五疳丸、胡黄连丸、至圣丸、茯苓丸、天麻丸、地黄丸、十全丹、香蔻丸、褐丸子、消食丸、鳖甲丸、下虫丸、集圣丸、黄鸡煎丸等药，及早治之，方为全美。,病名,[],婴幼儿/儿童：原文述“儿”“无辜疳”“丁奚”“哺露”等小儿疳疾情境,脾胃虚弱证,,[],仅为形骨枯露的弱类比；原文为小儿疳疾，非典型骨质疏松,"[""乏力"", ""其他""]",形骨枯露、头露骨高、项小骨高、尻削体痿（原文形体消瘦骨露）,"[""中药内服"", ""中药外用"", ""针刺""]",,"[{""name"": ""肥儿丸"", ""type"": ""方剂"", ""note"": ""治小儿疳疾""}, {""name"": ""大芦荟丸"", ""type"": ""方剂"", ""note"": ""下虫治疳""}, {""name"": ""五疳丸"", ""type"": ""方剂"", ""note"": ""疳疾通用""}, {""name"": ""胡黄连丸"", ""type"": ""方剂"", ""note"": ""清疳热""}, {""name"": ""地黄丸"", ""type"": ""方剂"", ""note"": ""原文列用""}, {""name"": ""鳖甲丸"", ""type"": ""方剂"", ""note"": ""原文列用""}, {""name"": ""下虫丸"", ""type"": ""方剂"", ""note"": ""驱虫""}, {""name"": ""膏药"", ""type"": ""外治"", ""note"": ""针刺破后贴""}]",0.2,使形骨枯露；头露骨高,True,False,,"[{""classical_span"": ""形骨枯露"", ""why_supports"": ""提示形体消瘦骨露，但非骨脆或骨折""}, {""classical_span"": ""皆因脾胃久虚"", ""why_supports"": ""病机以疳疾虚损为主，非骨量减少""}]",1,"[""疾病本质为小儿疳疾，非骨代谢病"", ""缺乏骨痛、骨折等骨质疏松核心证据"", ""形骨枯露可由消瘦导致，非骨脆弱""]",e4d7a803dc4c95ec8f56c6a973021e15,"['下虫丸', '五疳丸', '地黄丸', '大芦荟丸', '肥儿丸', '胡黄连丸', '膏药', '鳖甲丸']",清,"['乏力', '其他']"
ok,1062,2026-02-04 17:22:09,历代本草药性汇解,2003.0,骨痿,补益类 天冬(《本经》),《本草经疏》：天门冬正禀大寒初之气以生，得地之阴精独厚。味虽微苦甘而带辛，其气大寒，其性无毒。要以甘多者为胜，味厚于气，阴也，降也，除肺肾虚热之要药也。其主诸暴风湿偏痹，杀三虫，去伏尸，保定肺气，去寒热者，盖以热则生风，暴则属火，其言湿者乃湿热之谓。苦以泄湿，寒以除热，热去则风止，湿泄则痹瘳，偏痹者湿热所致也。强骨髓者，肾为作强之官而主骨，湿热不去，下流客肾，能使人骨痿。肾欲坚，急食苦以坚之，天门冬、黄柏之属是已。且肾者水脏也，平则温而坚，虚则热而软，味苦气寒，正入肾而除热坚软，故强骨也。三虫伏尸，必生于脾肾俱虚、内热气弱之人，若能杀虫，辛能散结，故杀三虫而降伏尸也。肺为华盖之脏，喜清肃而恶烦热，亦畏湿热，平则安和，发声清亮，一受火热，则为贼邪所干，而痰壅咳逆、气喘吐血、寒热声哑之证出焉。热泄则痰散而肝清，肺清则津液流通，气得下降，而诸证自止矣。养肌肤，益气力，利小便者，肺主皮毛，脾气散精，上归于肺，通调水道，下输膀胱，又肺为水之上源，朝百脉而主气，热邪退则肺得所养，故能养肌肤，益气力，利小便也。冷而能补者，热盛则肺肾俱虚，除虚热即补肺肾也。久服轻身益气，延年不饥者，热退则水足，水足则精固，精固则肾气益实。肾为先天真气之源，肾实骨强，延龄可知已。,方药,[],,肝肾阴虚证,,[],,[],,"[""中药内服""]",,"[{""name"": ""天门冬"", ""type"": ""单味药"", ""note"": ""除肺肾虚热，强骨髓，治骨痿""}]",1.0,强骨髓者，肾为作强之官而主骨，湿热不去，下流客肾，能使人骨痿,True,True,,"[{""classical_span"": ""能使人骨痿"", ""why_supports"": ""直接出现古籍高度相关病名“骨痿”，与骨质疏松核心范畴一致""}, {""classical_span"": ""肾者…主骨"", ""why_supports"": ""明确以肾主骨、骨痿病机阐释骨弱发生机制""}]",1,"[""原文未明确涉及现代骨折或骨量指标，映射可能被认为过度解读"", ""证型存在肾阳虚与肝肾阴虚并见，单选可能引发争议"", ""未提供具体人群与现代分型，现代映射信息有限""]",490284f2b05ca0f0cde4bc90cb871dc0,['天门冬'],近现代,[]
ok,1063,2026-02-04 17:22:13,历代本草药性汇解,2003.0,骨痿,补益类 天冬(《本经》),甘苦大寒。入手太阴肺气分，清金降火，益水之上源；肺为肾母。下通足少阴肾，苦能坚肾，寒能去肾家湿热，故亦治骨痿。滋肾润燥，止渴消痰，《蒙筌》曰：肾主津液，燥则凝而为痰，得润剂则痰化，所谓治痰之本也。泽肌肤，利二便。治肺痿肿痈，肺痿者，感于风寒咳嗽，短气鼻塞胸胀，久而成痿，有寒痿、热痿二证；肺痈者，热毒蕴结，咳吐脓血，胸中隐痛。痿重而痈稍轻，治痿宜养血补气，保肺清火；治痈宜泻热豁痰，开提升散。痈为邪实，痿为正虚，不可误治。吐脓吐血，苦泄血滞，甘益元气，寒止血妄行。痰嗽喘促，消渴嗌干，烦渴引饮，多食善饥为消渴，由火盛津枯。足下热痛，虚劳骨蒸，阴虚有火之证，然性冷利，胃虚无热及泻者忌用。地黄、贝母为使。二冬熬膏并良。天冬滋阴助元消肾痰，麦冬清心降火止上咳。,方药,[],,肝肾阴虚证,,[],,"[""骨痛""]",,"[""中药内服""]",,"[{""name"": ""天冬"", ""type"": ""单味药"", ""note"": ""滋肾润燥，苦能坚肾，明确记载“故亦治骨痿”""}, {""name"": ""麦冬"", ""type"": ""单味药"", ""note"": ""与天冬并用，清心降火止上咳""}, {""name"": ""地黄"", ""type"": ""单味药"", ""note"": ""文中列为使药之一""}, {""name"": ""贝母"", ""type"": ""单味药"", ""note"": ""文中列为使药之一""}]",1.0,苦能坚肾，寒能去肾家湿热，故亦治骨痿,True,True,,"[{""classical_span"": ""故亦治骨痿"", ""why_supports"": ""明确出现“骨痿”这一高度对应现代骨质疏松的古籍病名""}, {""classical_span"": ""虚劳骨蒸，阴虚有火之证"", ""why_supports"": ""描述慢性虚损、骨部受累，符合骨量不足的中医语境""}]",1,"[""若忽略原文已明确出现的“骨痿”而否认相关性，则属于证据使用不当"", ""若擅自推断具体现代人群或绝经状态，属于超出文本证据的臆断"", ""若将痈证相关描述混同为主要病机，可能导致误判条目主题""]",0f6bd11160e00b3f8673bae13a543113,"['地黄', '天冬', '贝母', '麦冬']",近现代,['骨痛']
ok,1066,2026-02-04 17:22:17,历代本草药性汇解,2003.0,骨痿,补益类 石斛(《本经》),《本经逢原》：石斛足太阴，少阴脾肾之药。甘可悦脾，故厚肠胃而治伤中；咸能益肾，故益精而补虚羸，为治胃中虚热之专药。又能坚筋骨，强腰膝，骨痿痹弱，囊湿精少，小便余沥者宜之。,方药,[],,肝肾阴虚证,,[],,"[""腰背痛"", ""活动受限"", ""乏力""]",,"[""中药内服""]",,"[{""name"": ""石斛"", ""type"": ""单味药"", ""note"": ""益精补虚，坚筋骨，强腰膝，用于骨痿痹弱""}]",1.0,又能坚筋骨，强腰膝，骨痿痹弱,True,True,,"[{""classical_span"": ""骨痿痹弱"", ""why_supports"": ""明确出现骨痿，为古籍中与骨质疏松高度对应的病名""}, {""classical_span"": ""坚筋骨，强腰膝"", ""why_supports"": ""直接指向筋骨萎弱与腰膝无力等骨量不足表现""}]",1,"[""若将具体现代分型强行对应，可能存在臆测风险"", ""症状与骨质疏松相似，但缺乏骨折等现代诊断要素"", ""原文为药性论述，非专门病机治疗条文""]",2a66ed4d38c0b7546979b3026c71cf82,['石斛'],近现代,"['乏力', '活动受限', '腰背痛']"
ok,1064,2026-02-04 17:22:19,历代本草药性汇解,2003.0,骨痿,补益类 天冬(《本经》),或问湿热不去，下流于肾，能使骨痿。肾欲坚，急食苦以坚之，天门冬、黄柏之类是也。是天门冬味苦气寒，正入肾以除热，可以治痿，而竟置不言，何也？此吾子知其一，不知其二也。夫治痿必治阳明。骨痿虽属肾，而治法必兼治胃。天门冬大寒，不利胃气，暂服可以治痿，久服必至损胃，胃损而肾又何益耶。况胃又肾之关门，关门无生气之固，而欲肾宫坚牢，以壮骨生髓，必不得之数也。世人遵黄柏、知母之教，以损伤胃气。铎又何敢复扬天门冬治痿之说，以劝人再用寒凉乎。此所以宁缺，以志予过也。,病名,[],,脾胃虚弱证,,[],,[],,"[""中药内服""]",,"[{""name"": ""天门冬"", ""type"": ""单味药"", ""note"": ""味苦气寒，入肾除热，暂服可治痿，久服损胃""}, {""name"": ""黄柏"", ""type"": ""单味药"", ""note"": ""苦寒清热，文中与天门冬并举，作者提示易损胃气""}, {""name"": ""知母"", ""type"": ""单味药"", ""note"": ""苦寒清热，与黄柏同类，被批评损伤胃气""}]",1.0,或问湿热不去，下流于肾，能使骨痿。,True,True,,"[{""classical_span"": ""能使骨痿"", ""why_supports"": ""直接出现古籍高度相关病名“骨痿”，与骨质疏松高度对应""}, {""classical_span"": ""以壮骨生髓"", ""why_supports"": ""涉及骨与髓的虚损与坚固，符合骨量与骨强度语义""}]",1,"[""未明确人群年龄与性别，无法对应具体现代分型仍强行映射"", ""仅据药性议论推断疗效而非临床表现，证据链可能不足"", ""忽略原文以批评用药为主而非正向治疗记载""]",d974cfa1cb97f4e70e0b00778391b50b,"['天门冬', '知母', '黄柏']",近现代,[]
ok,1065,2026-02-04 17:22:20,历代本草药性汇解,2003.0,骨痿,补益类 玉竹(《本经》),《本草经疏》：萎蕤禀天地清和之气，而得稼穑之甘，故《本经》味甘平无毒，主诸不足。久服好颜色润泽，轻身不老。《别录》又主心腹结气，虚热，腰痛，茎中寒，目痛&#x7725;烂泪出。甄权：主内补不足，去虚劳客热，头痛不安，加而用之良。日华子谓其除烦闷，止渴，润心肺，补五劳七伤虚损，腰脚疼痛。详味诸家所主，则知其性本醇良，气味和缓，譬诸盛德之人，无往不利，终始一节，做可长资其利，用而不穷。正如斯药之能补益五脏，滋养气血，根本既治，余疾自除。夫血为阴，而主驻颜；气为阳，而主轻身。阴精不足则发虚热。肾气不固则见骨痿及腰脚痛。虚而火炎则头痛不安，目痛&#x7725;烂泪出。虚而热壅则烦闷消渴。上盛下虚则茎中寒，甚则五劳七伤，精髓日枯而成虚损之证矣。以一药而所主多途，为较良多，非由滋益阴精，增长阳气，其能若是乎？迹其所长，殆亦黄精之类欤。其主中风暴热，不能动摇，跌筋结肉湿毒等证，皆是女萎之用。以《本经》二物混同一条故耳。,方药,[],,肝肾阴虚证,,[],,"[""腰背痛"", ""骨痛"", ""活动受限""]",,"[""中药内服""]",,"[{""name"": ""玉竹（萎蕤）"", ""type"": ""单味药"", ""note"": ""补益五脏，滋养气血，用于骨痿、腰脚疼痛等虚损表现""}]",1.0,肾气不固则见骨痿及腰脚痛,True,True,,"[{""classical_span"": ""骨痿及腰脚痛"", ""why_supports"": ""明确出现“骨痿”并伴腰脚疼痛，直接对应骨质疏松的骨弱与疼痛表现""}]",1,"[""原文若仅为一般补益描述而无骨痿等表述，则相关性不足"", ""若强行推断具体现代分型或人群，属于证据外臆测"", ""若将药物功效泛化为所有骨病而缺乏文本依据，属过度映射""]",649f5e7b486ccee13d027318447eaca2,['玉竹'],近现代,"['活动受限', '腰背痛', '骨痛']"
ok,1067,2026-02-04 17:22:24,历代本草药性汇解,2003.0,骨痿,补益类 石斛(《本经》),石斛专入脾、肾。生于石上，体瘦不肥，色黄如金，旁枝如钗。甘淡微苦咸平，故能入脾而除虚热，入肾而涩元气，及能坚筋骨，强腰膝。凡骨痿痹弱，囊湿精少，小便余沥者最宜。以其本生于石，体坚质硬，故能补虚弱，强筋助骨也。但形瘦无汁，味淡难出，非经久熬，气味莫泄，故止可入平剂，或熬膏用之为良。以治虚热，补性虽有，亦惟在人谅病轻重施用可耳。,方药,[],,肝肾阴虚证,,[],,"[""活动受限""]",,"[""中药内服""]",,"[{""name"": ""石斛"", ""type"": ""单味药"", ""note"": ""入脾肾，除虚热，涩元气，坚筋骨强腰膝，用于骨痿痹弱""}]",1.0,凡骨痿痹弱，囊湿精少，小便余沥者最宜……及能坚筋骨，强腰膝。,True,True,,"[{""classical_span"": ""凡骨痿痹弱"", ""why_supports"": ""明确出现骨痿病名，属古籍中与骨质疏松高度对应的范畴""}, {""classical_span"": ""坚筋骨，强腰膝"", ""why_supports"": ""直接指向筋骨虚弱、腰膝无力等骨量不足相关表现""}]",1,"[""若忽略“骨痿”这一关键病名而仅作一般补益解读，则证据提取不充分"", ""若强行推断具体现代人群或骨质疏松分型，超出原文信息范围"", ""若未标注具体药名而泛称补益药，则违反药物抽取要求""]",7350fec794d6a5cc56eab017bd98251b,['石斛'],近现代,['活动受限']
ok,1068,2026-02-04 17:22:25,历代本草药性汇解,2003.0,骨痿；骨极,补益类 紫河车(《本草拾遗》),甘咸性温。本人之血气所生，故能大补气血，治一切虚劳损极，虚损：一损肺皮，槁毛落；二损心，血脉衰少；三损脾，肌肉消脱；四损肝，筋缓不收；五损肾，骨痿不起。六极曰气极；血极、筋极、肌极、骨极、精极。恍惚失志癫痫。以初胎及无病妇人者良，有胎毒者害人。,方药,"[""胎产哺乳""]",,脾胃虚弱证,,[],,"[""活动受限"", ""乏力""]",,"[""中药内服""]",,"[{""name"": ""紫河车"", ""type"": ""单味药"", ""note"": ""补气血，治虚损至骨痿不起""}]",1.0,五损肾，骨痿不起。六极曰……骨极,True,True,,"[{""classical_span"": ""骨痿不起"", ""why_supports"": ""直接出现古籍中高度对应骨质疏松的病名范畴""}, {""classical_span"": ""骨极"", ""why_supports"": ""提示骨之极虚、衰败状态，符合骨量不足语义""}]",1,"[""未区分药物主治与并列病机，可能夸大单一药物作用"", ""未出现现代骨折描述，映射主要依赖病名对应"", ""人群信息主要来自用药禁忌，非疾病流行学描述""]",bc8beec5af0c7054e087eb6ee422a314,['紫河车'],近现代,"['乏力', '活动受限']"
ok,1069,2026-02-04 17:22:27,历代本草药性汇解,2003.0,骨痿,补益类 紫河车(《本草拾遗》),紫河车专入肝、肾。甘咸性温。虽曰本人血气所生，故能以人补人也，凡一切虚劳损极，损于肺则见皮聚毛落；损于心则见血脉不荣于五脏六腑；损于脾则见肌肉消瘦，不能饮食；损于肝则见筋缓不能收持；损于肾则见骨痿不起。损在肺则损自上及下，是肺先受其损，然后及心、及脾、及肝、及肾而递见也；损在精则损由下及上，是肾先受其损，然后自肝、自脾、自心、自肺而递及也。伤肺自上及下，过于胃则不可治；伤肾自下而上，过于脾则不可治，故以得饮食为贵。恍惚失志，癫痫，肌肉羸瘦等症，用之极为得宜。紫河车禀受精血结孕之余液，得母之气血居多，故能峻补营血。如《永类钤方》用此合以山药、参、苓以补真阴。所谓精不足者，补之以味也。然究皆漏滑肠之品，故合天冬、麦冬、黄柏、生地、龟板同服，则于胃气有损。如吴球创大造丸之类。况干食则等肉脯，入药亦鲜奇效。至于收藏不密，或令猪、雀、蝼蚁所食，于子尚属有碍，如铜山西崩洛钟东应。矧可取同入药以残厥子。且药补剂甚多，在人别为取用，慎毋于此恋恋不置也。,方药,[],,脾胃虚弱证,,[],,"[""活动受限""]",,"[""中药内服""]",,"[{""name"": ""紫河车"", ""type"": ""单味药"", ""note"": ""用于虚劳损极，损于肾则见骨痿不起""}]",1.0,损于肾则见骨痿不起,True,True,,"[{""classical_span"": ""损于肾则见骨痿不起"", ""why_supports"": ""明确出现“骨痿”这一高度相关古籍病名，指向骨萎软无力""}]",1,"[""原文未涉及骨痿而被误判为相关"", ""证型或现代表型超出原文语义范围"", ""症状体征枚举选择与文本不符""]",ceb2fadfb3912a6e3a8ebc7c1dddda8b,['紫河车'],近现代,['活动受限']
ok,1071,2026-02-04 17:22:34,历代本草药性汇解,2003.0,骨痿,补益类 骨碎补(《开宝本草》),《本经逢原》：骨碎补，足少阴药也。骨伤碎者能疗之，故名。主骨中毒气风气，耳鸣牙疼骨痛，破血止血，折伤接骨。又治肾虚久泻，以之为末，入猪肾中煨熟食之。戴原礼治痢后骨痿，入虎骨四斤，丸用之有效。但其性降收，不可与风燥药同用。,方药,[],,删除,,[],,"[""骨痛""]",,"[""中药内服""]",,"[{""name"": ""骨碎补"", ""type"": ""单味药"", ""note"": ""主治骨伤、骨痿、骨痛，折伤接骨""}, {""name"": ""虎骨"", ""type"": ""单味药"", ""note"": ""戴原礼用于痢后骨痿配伍入丸""}]",1.0,戴原礼治痢后骨痿……丸用之有效,True,True,显效,"[{""classical_span"": ""治痢后骨痿"", ""why_supports"": ""出现明确古籍病名“骨痿”，与骨质疏松高度对应""}, {""classical_span"": ""骨痛，折伤接骨"", ""why_supports"": ""提示骨病、骨痛及骨折修复相关表现""}]",3,"[""未提供完整Books/Chapter/Title原文，信息来源受限"", ""未明确患者人群与证型，难以细分现代分型"", ""药物功效多样，部分可能针对外伤而非慢性骨病""]",4e10aa60d0b06d889bbb69205e71a0a0,"['虎骨', '骨碎补']",近现代,['骨痛']
ok,1073,2026-02-04 17:22:36,历代本草药性汇解,2003.0,骨痿,补益类 龟甲(《本经》),《药鉴》：气平，味咸甘，无毒，阴之阴也。此剂禀北方阴气而生，为阴中至阴之物，大能补阴，而治阴血不足，是以下焦滋补丸药多用为君。虽曰补阴，又能补心。其阴虚发热，骨蒸骨痿，皆当用之。东垣以为强阴治崩，《补遗》以为去瘀血，何哉？盖由阴强而气血调和，则瘀血自去也，总是一意。又能理小儿囟门不合，又治女子湿痒阴疮。,方药,[],,肝肾阴虚证,,[],,[],,"[""中药内服""]",,"[{""name"": ""龟甲"", ""type"": ""单味药"", ""note"": ""大能补阴，用于阴虚发热、骨蒸骨痿""}]",1.0,其阴虚发热，骨蒸骨痿，皆当用之。,True,True,,"[{""classical_span"": ""骨蒸骨痿"", ""why_supports"": ""直接出现“骨痿”这一与骨质疏松高度一致的古籍病名""}]",1,"[""原文未提供明确现代人群或分型信息却强行对应"", ""将非骨病主治内容过度解读为骨质疏松"", ""在缺乏症状证据时勉强补充现代症状枚举""]",68d0b73303226f587aaa5f94e02441a1,['龟甲'],近现代,[]
ok,1074,2026-02-04 17:22:41,本草从新,1757.0,骨痿,卷十三金石部 金类 玉类 石类 卤石类 白矾,蚀恶肉。生好肉。除痼热在骨髓。（髓为热所劫则空、故骨痿而齿浮。）治惊痫黄胆。血痛喉痹。,方药,[],,肾虚血瘀证,原文仅述“髓为热所劫则空，故骨痿而齿浮”，未明确归属固定证型,"[""其他""]",古文描述骨痿、骨髓空虚，与现代骨量减少相近，但未限定人群或类型,[],,"[""中药内服""]",,"[{""name"": ""明矾（矾石）"", ""type"": ""单味药"", ""note"": ""性入骨除热，主治骨痿、齿浮""}]",1.0,髓为热所劫则空，故骨痿而齿浮，矾性入骨除热，故亦主之。,True,True,,"[{""classical_span"": ""骨痿而齿浮"", ""why_supports"": ""明确出现“骨痿”病名，指向骨髓空虚、骨质衰弱""}]",1,"[""原文未载现代分型，若强行细分为绝经后或老年型属臆测"", ""未描述疼痛或骨折，不能外推症状体征"", ""证型仅据后世标注而非原文，需谨慎""]",cd992876b5dbc48b35a535ee1a0a1ff5,['明矾'],清,[]
ok,1112,2026-02-04 17:23:58,医方集宜,1585.0,骨痿,卷之四 诸虚门,夫虚损之病，非止一端，或自于忧思伤心，饮食伤脾，恚怒伤肝，寒湿伤肺，色欲伤肾，此五脏之所伤也。难经云：所谓五损者，一损损于皮毛皮聚而毛落，二损损于血脉血脉虚少不能荣于五脏六腑，三损损于肌肉肌肉消瘦不能为肌肤，四损损于筋筋缓不能自收持，五损损于骨骨痿不能起于床骨痿不能起于床者死，然治损之法，奈何凡损其肺者益其气，损其心者调其营卫。损其脾者调其饮食适其寒温。损其肝者缓其中。损其肾者益其精。此治损之法。大抵虚损劳极之症。未有不因气体虚弱心肾有亏，水火不济而致也，临病之际，又当斟酌轻重以调治，斯得之矣。,方药,[],,删除,,[],,"[""活动受限""]",,"[""中药内服""]",,"[{""name"": ""金刚丸"", ""type"": ""方剂"", ""note"": ""用于治疗肾损所致骨痿，不能起于床""}]",1.0,治肾损骨痿不能起于床,True,True,,"[{""classical_span"": ""骨痿"", ""why_supports"": ""骨痿为古籍中与骨质疏松高度对应的核心病名""}, {""classical_span"": ""不能起于床"", ""why_supports"": ""提示骨骼衰弱导致的严重活动受限，符合骨质疏松表现""}]",1,"[""未提供明确人群信息，无法细分现代表型"", ""未明确记载具体证型，避免以肾虚等进行推断"", ""仅据条目内容映射，未扩展至书中其他论述""]",26c212942b9999788e83862106c54d2e,['金刚丸'],明,['活动受限']
ok,1115,2026-02-04 17:24:11,杂病源流犀烛,1773.0,骨痿,卷三,诸痿源流诸痿，热伤血脉病也。说火热之邪伤及血脉，皆能发为经筋、骨髓、血脉、肌肉、皮毛之痿。然其病之源，则以肺为主，以肺燥居土，主气畏火，而行治节，必金清而後气行，充於一身之筋骨血肉皮毛间，何至於痿。若起居失度，嗜欲无端，饮食非宜，以致火动，热邪乘金，肺先受克，内则叶焦，外则皮毛虚弱，由是而着於筋脉骨肉，则病生痿跫。所以然者，肺为诸脏之长，又为心说，一切起居嗜欲饮食，皆足伤气，气伤即肺受之而亦伤，且心火上乘肺气虚而受其乘，必金病为喘鸣，金失清肃，火留不去，故肺热叶焦，五脏因肺热自病，气不行，发为痿跫也。乃古人治痿独取阳明者，何也？经云：真气与谷气并而充身。又云：阳明为藏府之海，阳明虚，则五藏无所禀，不能行气血濡筋骨利关节，故肢体中随其不得受水谷气处而成痿。又云：冲为十二经之海，主渗灌溪谷，与阳明合於宗筋，而阳明为之长，皆属於带脉络於督脉，阳明虚则宗筋缓，故足痿不用。统观经旨，欲除肺热，必先除阳明之热，而养其阴，调其虚实，和其逆从，斯宗筋润，筋骨束，机关利，而病已也。试举五脏所生痿病言之，经曰：肺气热，叶焦，则皮毛虚弱急薄，而行痿蹩。说肺痿者，皮毛痿也；  者，足弱不能行也（宜犀角桔梗汤。）经又曰：心气热则下脉厥而上，上则下脉虚，虚则生脉痿，枢折挈，胫纵而不任地，说心痿者，脉痿也。下脉指三阴在下之脉。枢折挈者，四肢关节之处，如枢纽之折而不能提挈。胫纵者，纵缓也（宜铁粉丸。）经又曰：胆气热，则胆泄口苦，筋膜乾，筋膜乾则筋纵而挛，发为筋痿。说肝痿者，筋痿也。胆附於肝，肝热则胆泄，故口苦。筋膜受热则血液乾，故拘挛而为筋痿也（宜紫葳汤。）经又曰：脾气热，则胃乾而渴，肌肉不仁，发为肉痿。说脾痿者，肉痿也。脾与胃以膜相连，而开窍於口，故脾热则胃乾而渴，且精耗而肌肉不仁也（宜二陈汤加人叁、黄  。）经又曰：肾气热，则腰脊不举。骨活而髓减。说肾痿者，骨痿也。腰者肾之府，腰贯脊主髓，故肾热而见证若此也（宜金刚丸。）此五痿者，必外徵之色，肺热色白而毛败，心热色赤而络脉溢，肝热色苍而爪活，脾热色黄而肉濡，肾热色黑而齿槁，必然之理也。而五痿之外，又有属湿热者（宜加味二妙丸，）有属湿痰者（宜二陈汤加   黄柏、竹沥、姜法，）有属血虚者（宜四物汤、二妙丸合用，）有属气虚者（宜四君子汤、二妙丸合用，再加当归、地黄、龟板、虎骨，）有属食积者（宜木香槟榔丸，）有属死血者（宜归梢汤，）有属脾气太过者必四肢不举（宜大承气汤下之，）有属土气不及者亦四肢不举（宜四君子汤加当归，）有热而痿厥者（宜虎潜丸，）有痿发於夏者，即俗名疰夏，另详疰夏条（宜清暑益气汤。）以上十证，皆痿之属，非可混治也。昔东垣治痿，总以黄柏为君，黄  为佐，而无一定之方，随其证之为痰、为湿、为热、为寒、为气、为血，各加增药味，活泼制方，其真善於治痿者乎。然必其人能休息精神，淡泊滋味，尤是顶门一针。另有阴痿，则由命门火衰，下焦虚寒之故，另详本条（宜鹿茸散。）,病名,[],,肝肾阴虚证,,[],,"[""活动受限"", ""步态不稳"", ""乏力""]",,"[""中药内服""]",,"[{""name"": ""金刚丸"", ""type"": ""方剂"", ""note"": ""用于肾痿（骨痿），治腰脊不举、骨活髓减""}, {""name"": ""虎潜丸"", ""type"": ""方剂"", ""note"": ""用于热而痿厥之证""}, {""name"": ""鹿茸散"", ""type"": ""方剂"", ""note"": ""用于阴痿，命门火衰、下焦虚寒""}]",1.0,肾气热，则腰脊不举。骨活而髓减。说肾痿者，骨痿也。,True,True,,"[{""classical_span"": ""骨活而髓减"", ""why_supports"": ""直接描述骨与骨髓衰减，符合骨质疏松核心病理""}, {""classical_span"": ""腰脊不举"", ""why_supports"": ""反映脊柱与下肢支持功能减退""}]",3,"[""若将其他痿证泛化为骨病，可能扩大解释范围"", ""未区分急性热证与慢性虚损，可能影响现代对应"", ""现代骨折等关键指标未在原文直接出现""]",ee4f908ef58b93fcb12035f9c66d7b37,"['虎潜丸', '金刚丸', '鹿茸散']",清,"['乏力', '步态不稳', '活动受限']"
ok,1138,2026-02-04 17:25:19,本草简要方,1938.0,骨痿,卷之三 草部三 牛膝,治肝肾虚损。骨痿筋弱。,方药,[],,肝肾阴虚证,原文称“肝肾虚损”，未明确阴虚或阳虚，故不归入既定证型,[],,"[""乏力"", ""活动受限""]",“筋弱”“骨痿”体现筋骨无力、活动能力下降,"[""中药内服""]",,"[{""name"": ""牛膝"", ""type"": ""单味药"", ""note"": ""用于治疗肝肾虚损所致骨痿筋弱""}]",1.0,治肝肾虚损。骨痿筋弱。,True,True,,"[{""classical_span"": ""骨痿筋弱"", ""why_supports"": ""“骨痿”为古籍中高度指向骨质减弱、骨失濡养的核心病名""}]",1,"[""原文仅述功效，缺乏具体人群信息"", ""未出现现代分型或骨折等直接表述，需谨慎映射"", ""证型表述较泛，不能细分阴阳虚""]",354cf4c3a25dd600e9807b490b209676,['牛膝'],近现代,"['乏力', '活动受限']"
ok,1141,2026-02-04 17:25:29,罗氏会约医镜,1687.0,骨痿,卷之七　杂证,○腰膝骨痿，不能起床，用川萆　、杜仲（盐水炒）各四两研末，以猪腰子四个酒煮捣烂，加煮腰子余酒和为丸，盐水送下。,方药,[],,肾虚血瘀证,原文仅述“腰膝骨痿”，未明确辨证分型,[],,"[""活动受限""]",,"[""中药内服""]",,"[{""name"": ""川萆"", ""type"": ""单味药"", ""note"": ""与杜仲同研末制丸，用于治腰膝骨痿""}, {""name"": ""杜仲（盐水炒）"", ""type"": ""单味药"", ""note"": ""与川萆同用，盐水炒""}, {""name"": ""猪腰子"", ""type"": ""其他"", ""note"": ""酒煮捣烂，和药为丸""}]",1.0,腰膝骨痿，不能起床,True,True,,"[{""classical_span"": ""腰膝骨痿"", ""why_supports"": ""“骨痿”为古籍中高度指向骨弱、骨质减退的病名""}, {""classical_span"": ""不能起床"", ""why_supports"": ""提示严重功能障碍，符合骨痿导致的活动受限""}]",1,"[""原文未载人群与现代分型，若强行对应可能属臆造"", ""未明确中医证型，过度推断会降低可靠性"", ""缺乏结局描述，无法评估疗效强弱""]",772733438e82264fb9e9f4094dd8ae9c,"['川萆', '杜仲', '猪腰子']",清,['活动受限']
ok,1148,2026-02-04 17:25:41,医方集解,1682.0,骨痿,补养之剂 虎潜丸〔补阴〕,治精血不足，筋骨痿弱，足不任地，及骨蒸劳热，〔肝主筋，血不足，则筋痿， 肾主骨，精不足，则骨痿故步履为艰也，人之一身，阳常有余，阴常不足，骨蒸劳热， 本乎阴虚。〕、黄蘗〔盐酒炒〕、知母〔盐酒炒〕、熟地黄〔三两〕、 虎胫骨〔酥灸一两〕、龟板〔酥炙四两〕、琐阳〔酒润〕、当归〔酒洗两半〕、 牛膝〔酒蒸〕、白芍〔酒炒〕、陈皮〔盐水润二两〕、羯羊肉酒煮烂，捣丸，盐汤下， 冬加干姜一两，丹溪加干姜，白朮，茯苓，甘草，五味，菟丝，紫河车，名补益丸， 治痿，一方加龙骨，名龙虎济阴丹，治遗泄，此足少阴药也，黄蘗知母熟地， 所以壮肾水而滋阴，当归芍药牛膝，所以补肝虚而养血，牛膝又能引诸药下行， 以壮筋骨，盖肝肾同一治也，龟得阴气最厚，故以补阴而为君虎得阴气最强， 故以健骨而为佐，用胫骨者，虎虽死犹立不仆，其气力皆在前胫，故用以入足， 从其类也，琐阳益精壮阳，养筋润燥，然数者皆血药，故又加陈皮以利气， 加干姜以通阳，羊肉甘热属火而大补，亦以味补精以形补形之义，使气血交通， 阴阳相济也，名虎潜者，虎阴类，潜藏也，一名补阴丸，盖补阴所以称阳也。 ｛凡阳胜者不必泻阳，只补其阴以配阳，使水火均平，自无偏胜之患也。｝,方药,[],,肝肾阴虚证,,[],,"[""活动受限"", ""步态不稳"", ""乏力""]",,"[""中药内服""]",,"[{""name"": ""虎潜丸"", ""type"": ""方剂"", ""note"": ""补阴壮肾、健骨治痿之主方""}, {""name"": ""龙虎济阴丹"", ""type"": ""方剂"", ""note"": ""一方加龙骨，治遗泄，属虎潜丸加减""}]",1.0,治精血不足，筋骨痿弱，足不任地，及骨蒸劳热,True,True,,"[{""classical_span"": ""筋骨痿弱，足不任地"", ""why_supports"": ""直接描述骨痿、行走困难，符合骨量不足与骨弱表现""}, {""classical_span"": ""肾主骨，精不足，则骨痿"", ""why_supports"": ""明确将骨痿归因于肾精不足，与骨质疏松病机相符""}]",4,"[""文本未提供明确年龄或性别人群，难以精确映射现代分型"", ""未出现脆性骨折等现代诊断关键结局指标"", ""为方药论治条目，非直接疾病流行学描述""]",f3f7393ce71a7208729ff1311295e5ee,"['虎潜丸', '龙虎济阴丹']",清,"['乏力', '步态不稳', '活动受限']"
ok,1149,2026-02-04 17:25:43,医方集解,1682.0,骨痿,补养之剂 大造丸〔肺肾虚损吴球〕,治虚损劳伤，欬嗽潮热。｛虚损一损肺，皮槁毛落，二损心，血液衰少，三损脾， 饮食不为肌肤，四损肝，筋缓不自收持，五损肾，骨痿不起于床，五劳者，志劳， 思劳，心劳，忧劳，痰劳也，七伤者，大饱伤脾，大怒伤肝，强力举重， 久坐湿地伤肾，形寒饮冷伤肺，忧愁思虑伤心，风雨寒暑伤形，大恐不节伤志也， 肺为气所出入之道，内有所伤，五脏之邪上逆于肺，则欬嗽，潮热者如潮水之有本， 昼热夜静者为阳盛，昼静夜热者为阴虚，难经云，损其肺者益其气，损其心者调其荣， 损其脾者调其饮食，损其肝者缓其中，损其肾者益其精。 紫河车〔一具〕、败龟板〔二两童便浸三日酥炙黄〕、黄蘗〔盐酒炒〕、 杜仲〔酥炙两半〕、牛膝〔酒浸〕、天冬〔去心〕、麦冬〔去心〕、人参〔一两〕、 地黄〔二两茯苓砂仁六钱同煮去之〕、夏加五味子，酒米糊丸，盐汤下，冬酒下， 女人去龟板，加当归，乳煮糊丸，此手太阴足少阴药也，河车本血气所生， 大补气血为君，败龟板阴气最全，黄蘗禀阴气最厚，滋阴补水为臣，杜仲润肾补腰， 〔腰者肾之府。〕牛膝强筋壮骨，地黄养阴退热，制以茯苓砂仁，入少阴而益肾精， 二冬降火清金，合之人参五味，能生脉而补肺气，大要以金水为生化之原， 合补之以成大造之功也。,方药,"[""情志异常""]",,肝肾阴虚证,,[],,"[""活动受限""]",,"[""中药内服""]",,"[{""name"": ""大造丸"", ""type"": ""方剂"", ""note"": ""治虚损劳伤，五损及肾，骨痿不起于床""}]",1.0,五损肾，骨痿不起于床,True,True,,"[{""classical_span"": ""骨痿不起于床"", ""why_supports"": ""直接出现高度相关病名与功能障碍，指向骨痿范畴""}, {""classical_span"": ""牛膝强筋壮骨"", ""why_supports"": ""用药明确针对筋骨痿弱，提示骨病治疗取向""}]",3,"[""未出现现代诊断术语，需避免直接等同"", ""未明确年龄或绝经信息，现代分型难以判定"", ""部分症状可见于其他虚损证，存在非特异性""]",b270cbfdb2b1696af723fe1b9021afef,['大造丸'],清,['活动受限']
ok,1150,2026-02-04 17:25:48,医方集解,1682.0,骨痿,消导之剂 痞气丸〔脾积，东垣〕,治脾积在于胃脘，大如盘，久不愈，令人四肢不收，或发黄疸，饮食不为肌肤。 ｛金匮云，坚而不移者，名积，为脏病，推移不定者，名聚，为腑病， 按痞病由阴伏阳蓄，气血不运而成，处心下，位中央，填塞痞满，皆土病也， 与胀满有轻重之分，痞惟内觉满闷，胀满则外有胀急之形也，前人皆指误下所致， 盖伤寒之病，由于误下，则里气虚，表邪乘虚入于心下，若杂病亦有中气虚衰， 不能运化精微而成痞者，有饮食痰积不能施化而成痞者， 有湿热太甚上乘心下而成痞者，古方用黄连黄芩枳实之苦以泄之， 厚朴半夏生姜之辛以散之，人参白朮之甘苦温以补之，茯苓泽泻之淡以渗之， 惟宜上下分消其气，果有内实之证，庶可略施疏导，世人苦于痞塞喜用利药， 暂时通快，药过滋甚，皆不察夫下多亡阴之意也。｝黄连〔八钱〕、厚朴〔五钱〕、 吴茱萸〔三钱〕、白朮〔土炒〕、黄芩〔二钱〕、茵陈〔酒炒〕、干姜〔炮〕、 砂仁〔钱半〕、人参、茯苓、泽泻〔一钱〕、川乌〔炮〕、川椒〔炒五钱〕、桂、 巴豆霜〔四分〕、蜜丸，灯草汤下。此足太阴阳明药也，黄连泻热燥湿，治痞君药， ｛仲景治痞满，诸泻心汤皆用之。｝厚朴砂仁，行气而散满，茵陈苓泻， 利水以实脾，黄芩清肺而养阴，椒萸燥脾而逐冷，姜桂川乌， 补命火以生脾土而姜桂又能去瘀生新，｛痞多血病，黄连枳实皆血分药。 ｝巴豆能消有形积滞，为斩关夺门之将，藉之以为先驱，加参朮者，以补脾元， 正气正旺然后可以祛邪也。｛洁古曰，养正积自除，李东垣曰，痞满皆血证也， 下多亡阴，谓脾胃水谷之阴亡也，心主血，心虚而邪陷于血之分，故致心下痞， 宜理脾胃以血药治之，若全用气药，则痞益甚，而复下之，气愈下降， 必变为中满鼓胀矣，世有用气药治痞而不效者，盖未明此理也。｝ 本方除吴茱萸、白朮、茯苓、泽泻、茵陈、川椒、砂仁，加菖蒲、茯神、丹参、红豆、 名伏梁丸，治心积起脐上至心下，大如臂，令人烦心，本方除吴茱萸、砂仁、桂、 朮、黄芩、泽泻，加柴胡、莪述^d、皁角、昆布、甘草、名肥气丸，治肝积在左胁下， 有头足，令人发欬痎疟不已，本方除吴茱萸、白朮、砂仁、黄苓、茵陈、泽泻， 加紫菀、桔梗、天冬、白蔻、陈皮、青皮、三棱、名息贲丸，淡姜汤下， 治肺积在右胁下，令人洒淅寒热，欬喘发肺痈，秋冬黄连减半， 本方除吴茱萸、白朮、砂仁、人参、干姜、川椒、黄芩、茵陈，加菖蒲、丁香、附子、 苦楝、延胡索，、独活、全蝎、名贲豚丸，淡盐汤下，治肾积发于小腹上至心下， 若豚状，上下无时，令人喘欬骨痿，及男子七疝，女子瘕聚带下。｛此东垣五积方也， 虽有破滞消积之药，多藉人参之力赞助成功，经曰，大积大聚， 其可犯也衰其大半而止，过者死，吴鹤皋曰，五积丸非东垣之方也， 故医方考中皆不录。｝,方药,[],,肾虚血瘀证,,[],,"[""活动受限""]",原文见“骨痿”，提示筋骨痿软、活动能力下降,"[""中药内服""]",,"[{""name"": ""贲豚丸"", ""type"": ""方剂"", ""note"": ""治肾积…令人喘欬骨痿""}]",0.7,治肾积发于小腹上至心下，若豚状，上下无时，令人喘欬骨痿,True,True,,"[{""classical_span"": ""令人喘欬骨痿"", ""why_supports"": ""直接出现“骨痿”，为古籍中与骨质疏松高度相关的核心病名/表现""}]",1,"[""全文主论五积之证，骨痿仅为并见症状，非治疗主旨"", ""缺乏年龄、骨折、骨脆等现代表型关键信息"", ""若将整方直接等同骨质疏松治疗，可能存在过度映射风险""]",15fbe528420adb0db536a46fe5f86cd5,['贲豚丸'],清,['活动受限']
ok,1173,2026-02-04 17:26:47,赤水元珠（四库本）,1584.0,骨痿；骨枯,赤水元珠卷四,东垣曰大抵寒湿多而风热少然有房室劳伤肾虚腰痛者是阳气虚弱不能运动故也经曰腰者肾之腑转揺不能肾将败矣宜肾气丸茴香丸之类以补阳之不足也膏梁之人乆服汤药醉以入房损其真气则肾气热而腰脊痛不能举乆则髄减骨枯发为骨痿宜六味地黄丸滋肾丸凤髄丹之类以补隂之不足也,病名,[],,肝肾阴虚证,,[],,"[""腰背痛"", ""活动受限""]",,"[""中药内服""]",,"[{""name"": ""肾气丸"", ""type"": ""方剂"", ""note"": ""用于补阳不足、治肾虚腰痛""}, {""name"": ""茴香丸"", ""type"": ""方剂"", ""note"": ""与肾气丸同类，补阳止痛""}, {""name"": ""六味地黄丸"", ""type"": ""方剂"", ""note"": ""滋肾补阴，治骨痿""}, {""name"": ""滋肾丸"", ""type"": ""方剂"", ""note"": ""补阴不足""}, {""name"": ""凤髄丹"", ""type"": ""方剂"", ""note"": ""补阴益髓""}]",1.0,乆则髄减骨枯发为骨痿,True,True,,"[{""classical_span"": ""髄减骨枯发为骨痿"", ""why_supports"": ""直接出现骨痿、骨枯，指向骨量衰减""}, {""classical_span"": ""腰脊痛不能举"", ""why_supports"": ""符合骨质疏松相关腰背痛与功能受限""}]",4,"[""若忽略原文明确病名而强行推断他病"", ""若擅自添加年龄或性别人群信息"", ""若将未提及的现代分型硬性对应""]",3d01c067f17831ee322bac1740e14b55,"['六味地黄丸', '凤髄丹', '滋肾丸', '肾气丸', '茴香丸']",明,"['活动受限', '腰背痛']"
ok,1171,2026-02-04 17:26:48,御纂医宗金鉴（四库本）,1742.0,骨痿,御纂医宗金鉴卷二十七,【集注】王又原曰肾为作强之官有精血以为之强也若肾虚精枯而血必随之精血交败湿热风毒遂乘而袭焉此不能步履腰酸筋缩之证作矣且肾兼水火火胜烁阴湿热相搏筋骨不用宜也方用黄蘗清阴中之火燥骨间之湿且苦能坚肾为治痿要药故以为君虎骨去风毒健筋骨为臣因高源之水不下母虚而子亦虚肝藏之血不归子病而母愈病故用知母清肺原归芍养肝血使归于肾龟禀天地之阴独厚茹而不吐使之坐鎭北方更以熟地牛膝鎻阳羊肉羣队补水之品使精血交补若陈皮者防血行气兹又有气化血行之妙其为筋骨壮盛有力如虎也必矣道经云虎向水中生以斯为潜之义焉夫是以名之曰虎潜丸叶仲坚曰痿原虽分五藏然其本在肾其标在肺内经云五藏因肺热叶焦发为痿躄又曰阳气内伐水不胜火则骨痿髓虚故足不任身骨痿者生于大热也若视为虚寒而投以桂附多致不救是方以虎名者虎于兽中禀金气之至刚风生一啸特为肺金取象焉其潜之云者金从水养母隐子胎故生金者必丽水意在纳气归肾也龟应北方之象禀阴最厚首常向腹善通任衇能大补眞阴深得夫潜之意者黄蘗味厚为阴中之阴专补肾膀之阴不足能使足膝中气力涌岀故痿家必用二者为君一以固本一以治标恐竒之不去则偶之也熟地塡少阴之精用以佐龟板知母清太阴之气用以佐黄蘗牛膝入肝舒筋归芍佐之肝血有归陈皮疏之气血以流骨正筋柔矣又虑热则生风逗留关节用虎骨所以驱之纯阴无阳不能发生佐鎻阳以温之羊肉为丸补之以味淡盐汤下急于入肾斯皆潜之为义,病名,[],,肝肾阴虚证,原文称“骨痿者生于大热”，属暑热伤正所致之痿证，非固定列举证型,[],,"[""活动受限"", ""乏力""]",骨痿语义指筋骨痿软、不能任身,"[""中药内服""]",,"[{""name"": ""人参"", ""type"": ""单味药"", ""note"": ""用于治疗“骨痿者生于大热”，益气以扶正""}, {""name"": ""黄茋"", ""type"": ""单味药"", ""note"": ""与人参同用，益气以治骨痿""}]",1.0,骨痿者生于大热也,True,True,,"[{""classical_span"": ""骨痿者生于大热也"", ""why_supports"": ""明确出现“骨痿”病名，直接对应骨萎软、骨弱范畴""}, {""classical_span"": ""足不任身骨痿"", ""why_supports"": ""描述不能承重的骨痿表现，符合骨强度下降语义""}]",1,"[""骨痿可能被误解为单纯肌肉痿软而非骨病"", ""未出现骨折等现代骨质疏松特异结局"", ""证型与现代分型存在跨时代语义差异""]",6e4263b28d7b2d419f2f9e337c991ae3,"['人参', '黄茋']",清,"['乏力', '活动受限']"
ok,1174,2026-02-04 17:26:51,赤水元珠（四库本）,1584.0,骨痿,赤水元珠卷四,金刚丸　肾损骨痿不能起床,方药,[],,肾虚血瘀证,原文仅述“肾损”，未明确阴虚/阳虚等固定证型,[],,"[""活动受限"", ""乏力""]",,"[""中药内服""]",,"[{""name"": ""金刚丸"", ""type"": ""方剂"", ""note"": ""用于治疗肾损所致骨痿，不能起床""}]",1.0,肾损骨痿不能起床,True,True,,"[{""classical_span"": ""肾损骨痿不能起床"", ""why_supports"": ""明确出现“骨痿”，为骨质衰弱、功能丧失的高度相关古籍病名""}]",1,"[""若将肾损直接等同于现代明确证型，可能构成过度推断"", ""若忽略原文未提供人群与年龄信息而强行分型，证据不足"", ""若未区分骨痿与急性外伤或痹证，可能造成误判""]",591046d8ce35c46e80891c44b87e2b8c,['金刚丸'],明,"['乏力', '活动受限']"
ok,1186,2026-02-04 17:27:19,赤水元珠（四库本）,1584.0,骨痿,赤水元珠卷十一,金刚丸　治肾损骨痿不能起牀益精补肾,方药,[],,肾虚血瘀证,原文称“肾损”“益精补肾”，仅指肾虚，未区分阴阳或兼证,"[""其他""]",仅见“骨痿”对应骨质减退范畴，未提供年龄、性别或继发因素以细分现代类型,"[""活动受限""]",“不能起牀”提示活动能力受限,"[""中药内服""]",,"[{""name"": ""金刚丸"", ""type"": ""方剂"", ""note"": ""用于治疗肾损骨痿，益精补肾""}]",1.0,治肾损骨痿不能起牀,True,True,,"[{""classical_span"": ""骨痿不能起牀"", ""why_supports"": ""“骨痿”为古籍中与骨质疏松高度对应的病名，并见功能受限表现""}]",3,"[""原文未载人群与现代分型信息，强行细分可能构成臆测"", ""仅据“肾损”不足以明确具体中医证型，需避免过度标注"", ""缺乏转归与随访描述，无法评价疗效结局""]",18f0481c31bbebbaac35a7b3d388478e,['金刚丸'],明,['活动受限']
ok,1189,2026-02-04 17:27:26,御纂医宗金鉴（四库本）,1742.0,骨痿,御纂医宗金鉴卷十八,【集注】赵良曰此证风湿皆从表受之其病在外故衇浮汗出凡身重有肌肉痿而重者有骨痿而重者此之身重乃风湿在皮毛之表故不作疼虚其衞气而湿着为身重故以黄耆实衞甘草佐之防己去湿白术佐之然则风湿二邪独无散风之药何耶盖汗多知其风已不留以表虚而风出入乎其间因之恶风尔惟实其衞正气壮则风自退此不治而治者也,病名,[],,脾胃虚弱证,,[],,[],,"[""中药内服""]",,"[{""name"": ""黄耆"", ""type"": ""单味药"", ""note"": ""实卫气""}, {""name"": ""甘草"", ""type"": ""单味药"", ""note"": ""佐黄耆以扶正""}, {""name"": ""防己"", ""type"": ""单味药"", ""note"": ""去湿""}, {""name"": ""白术"", ""type"": ""单味药"", ""note"": ""佐防己健脾祛湿""}]",1.0,有骨痿而重者,True,True,,"[{""classical_span"": ""骨痿而重者"", ""why_supports"": ""直接出现“骨痿”病名，属骨质衰弱范畴""}]",1,"[""原文未涉及现代骨折或骨量指标，存在古今概念差异"", ""证型与骨质疏松的现代分型对应关系有限"", ""症状描述以身重为主，缺乏典型脆性骨折证据""]",7057271a522c3abe4e2b2d4a65a0184e,"['甘草', '白术', '防己', '黄耆']",清,[]
ok,1228,2026-02-04 17:28:54,普济方（四库本61-120卷）,1406.0,骨痿,普济方卷九十一,右防咀每半两水二盏姜十片煎六分去滓温服痰饮厥逆气虚晕止用本方若头目昏疼肌肉瞤动气息短急及癫癎等患多痰气所致此药尤宜亦有用天麻乌药各一两防咀毎半两水四盏慢火煎至二盏去滓分二服○治中风偏发名羌活散用熟附子干姜等分防咀每服四钱水二盏煎至六分去滓温服中风口噤四肢强直失音不语或卒然晕倒口吐涎沫状如暗风手足厥冷或时烦躁名姜附汤○用熟附子人参各半两茴香炒茯苓山药各一分甘草炙干姜炮各七钱半防咀生姜盐煎治因房室虚乏为风所中恶风多汗身痛骨痿曰内风名附子汤○风之为病善行数变其中人也卒其人也晕故人涎浮昏人神智仓卒之间何者为治治者不过乌附南星木香辈最为切用亦须审其人气体虚盛然后投药则万不失一诸方用药皆相近但畧有少差耳并集于三生饮下以候选择不省人事者以苏合香丸擦牙灌以生姜自然汁,病名,[],,肾阳虚证,,[],,[],,"[""中药内服""]",,"[{""name"": ""附子汤"", ""type"": ""方剂"", ""note"": ""原文称“治因房室虚乏为风所中恶风多汗身痛骨痿曰内风名附子汤”""}]",1.0,治因房室虚乏为风所中恶风多汗身痛骨痿曰内风名附子汤,True,True,,"[{""classical_span"": ""身痛骨痿"", ""why_supports"": ""直接出现“骨痿”，为古籍中与骨质疏松高度对应的病名范畴""}]",1,"[""未提供明确人群与年龄信息却强行对应绝经或老年类型"", ""在无骨折或骨弱描述情况下过度扩展症状枚举"", ""原文未载疗效却臆断治疗转归""]",34828601f9696af0285973453e65f52d,['附子汤'],明,[]
ok,1261,2026-02-04 17:30:25,普济方（四库本361-426卷）,1406.0,骨痿,普济方卷四百一,夫小儿鹤节者由禀赋不足血气不荣肌肉瘦脊则骨节背露如鹤之足皆肾虚不生骨髓之故夫肾者神精之所舍原气之所系若其强则骨髓满溢肌体盛充若不足者脏腑劳伤真气不守邪气所侵肾气虚弱骨髓枯竭而不荣故令骨痿而羸瘦也治法当补肾宜服钱氏地黄丸本方加鹿茸醋炙川牛膝各二钱修合饵服一周三歳以下与十丸三歳以上与十五丸,病名,[],小儿；原文明确称“夫小儿鹤节者…三歳以下…三歳以上”。,肾虚血瘀证,肾虚不生骨髓；原文称“皆肾虚不生骨髓之故”“肾气虚弱骨髓枯竭”。,[],,"[""驼背"", ""乏力""]",“肌肉瘦脊则骨节背露如鹤之足”“骨痿而羸瘦”。,"[""中药内服""]",,"[{""name"": ""钱氏地黄丸"", ""type"": ""方剂"", ""note"": ""治法当补肾，原方主用""}, {""name"": ""鹿茸"", ""type"": ""单味药"", ""note"": ""本方加用，醋炙""}, {""name"": ""川牛膝"", ""type"": ""单味药"", ""note"": ""本方加用，各二钱""}]",1.0,“肾气虚弱骨髓枯竭而不荣故令骨痿而羸瘦也”,True,True,,"[{""classical_span"": ""骨痿"", ""why_supports"": ""明确出现高度相关古籍病名，指向骨萎弱""}, {""classical_span"": ""骨髓枯竭"", ""why_supports"": ""与骨量不足、骨弱高度契合""}, {""classical_span"": ""骨节背露如鹤之足"", ""why_supports"": ""提示骨骼形态改变""}]",1,"[""人群为小儿，非典型成人骨质疏松研究对象"", ""缺乏骨折等现代核心结局指标"", ""证型未按现代标准细分，存在解释差异""]",ff9daf3852f36d62c841a8a1491f1c08,"['川牛膝', '钱氏地黄丸', '鹿茸']",明,"['乏力', '驼背']"
ok,1269,2026-02-04 17:30:44,普济方（四库本181-240卷）,1406.0,骨痿；骨极,普济方卷二百二十七,虚劳者五劳六极七伤是也五劳者一曰志劳二曰思劳三曰心劳四曰忧劳五曰痩劳又有五劳肺劳者短气而靣肿鼻不闻香臭肝劳者靣目亁黒口苦精神不守恐畏不能独卧目视不明心劳者忽忽喜忘大便苦难或时鸭溏口内生疮脾劳者舌本苦直不得咽唾肾劳者背难以俛仰小便不利色赤黄尿有余沥茎内痛隂湿囊生疮小腹急满也六极者一曰气极令人内虚五脏不足邪气多正气少不欲言二曰血极令人无顔色眉髪堕落忽忽喜忘三曰筋极令人数转筋十指爪甲皆痛苦倦不能乆立四曰骨极令人痠削齿苦痛手足烦疼不可以立不欲行动五曰肌极令人羸痩无润泽饮食不生肌肤六曰精极令人少气噏噏然内虚五脏气不足髪毛落悲伤喜忘七伤者一曰隂寒二曰隂痿三曰里急四曰精自出五曰精少隂下湿六曰精液清七曰小便苦数临事不举又一曰大饱伤脾脾伤喜噫欲卧靣黄二曰大怒气逆伤肝肝伤少血目暗三曰疆力举重乆坐湿地伤肾肾伤少精腰背痛厥逆下冷四曰形寒寒饮伤肺肺伤少气欬鼻鸣五曰忧愁思虑伤心心伤若惊乍喜乍怒六曰风雨寒暑伤形形伤髪落肌肤枯槁七曰大恐惧不节伤志恍惚不乐男子妇人脉大为劳极虚亦劳男子劳之为病其脉浮大手足烦躁春夏秋冬差隂寒精自出痠疼诊寸口脉浮而迟浮即为虚迟即为劳迟即卫气不足浮即荣气竭脉直上者逆虚也脉涩无阳是肾气少寸关涩无血气逆泠是大虚脉浮防缓而大者劳也脉防濡相薄为五劳防弱相薄虚损为七伤诗曰脉来浮大或数此脉为劳须早觉浮大沉缓尚堪医血气未耗人未弱双肝木已侵脾加数则殆休进药症劳大率生寒热荣卫不和津液竭火炎于上痰生汗出上气时咯血水流于下毛髪焦梦漏遗精并滑泄小便滑数赤白浊脚弱无力困虚劳变证百千般大槩病源如上说法当先养胃调脾镇安气海仍依节次当滋肾育心神治病须知有妙诀○医经载五劳六极之症非传尸骨蒸之比多内不能生施于过用逆于阴阳伤于荣卫遂成五劳六极之病焉盖劳力谋虑成肝劳应乎筋极曲运补机成心劳应乎脉极意外过虑成脾劳应乎内极遇事而忧成肺劳应乎气极房事不节成肾劳应乎骨极此五劳应乎五极者也蒙庄有言精大用则竭神大劳则惫借是可以论病矣夫人所以根本此性命者气与血也终日役役神倦力疲纵欲恣情遂使五脏气血俱虚此五劳之所从始也六极七伤类焉故心家虚则便浊汗多肝家虚则筋挛目肾家虚则腰痛泄精肺家虚则咳闗热脾家虚则呕吐不食日就羸黄前数证大抵心下引胁俱疼盖滞血不消新血无以养之也治法大要潮热者不可过用寒凉秘结者不可骤与踈泄喘者不可妄施发散咯血者不可错认以为热但以滋养荣血为上调平脏气次之其要又于养气调血之中而増益也其或骨间有热以至四肢缓弱不举此名骨痿欲斯疾之有瘳也难矣虽然当归地黄黄耆芍药固养血之上药也亦当以益胃消痰辈佐之葢人以谷气为本所谓精气血气由谷气而生古人以五味五谷五药养其病者不无先后于其间也当归地黄滞膈引痰黄耆芍药多则伤胃是可谓胶柱调瑟而剂量轻重之不审矣○凢男子妇人所患证候皮肤发热肌肉消痩四肢倦怠兼有头疼颊赤心忪唇亁口燥日脯渐热夜有盗汗涕唾稠黏胸膈不利或时喘五心烦热睡卧不安饮食减少多思水浆经脉不通病名何病曰劳病论曰女子不月血滞之病也男子肾虚精不足也凢治此经降心火益肾水此之谓也可先用通解丸防三二行次服当归饮子又用加减五苓散木香三棱丸人参黄耆散犀角散之类详其虚实选而用之若咯脓咯血大小便血但亡血者不可宣吐勿服酸辛热物姜附之类药不可不戒慎也若犯诸下血之证者不可发汗不可温补脾胃之药若服之虽进饮食不生肌肉此病转加危笃乃成虚劳之病也,病名,"[""情志异常""]",,肝肾阴虚证,,"[""其他""]",文本为古籍“骨痿/骨极”论述，未明确绝经、年龄或特定继发因素，仅作古今病名映射,"[""腰背痛"", ""骨痛"", ""活动受限"", ""乏力""]",,"[""中药内服""]",,"[{""name"": ""当归"", ""type"": ""单味药"", ""note"": ""文中用于滋养荣血，治骨痿相关虚损""}, {""name"": ""地黄"", ""type"": ""单味药"", ""note"": ""文中与当归并用，养血滋阴""}, {""name"": ""黄耆"", ""type"": ""单味药"", ""note"": ""固养气血，用量需慎""}, {""name"": ""芍药"", ""type"": ""单味药"", ""note"": ""养血和营，配伍使用""}]",1.0,其或骨间有热以至四肢缓弱不举此名骨痿,True,True,,"[{""classical_span"": ""此名骨痿"", ""why_supports"": ""明确出现古籍病名“骨痿”，为骨弱萎软之核心范畴""}, {""classical_span"": ""骨极令人痠削齿苦痛"", ""why_supports"": ""描述骨质消损、疼痛，契合骨量不足表现""}]",3,"[""未明确现代骨折事件，可能被质疑与骨质疏松表型对应不足"", ""多脏腑虚损并见，非单一骨病，映射可能被认为过宽"", ""治疗药物为整体虚劳调治，非专指骨病""]",6a546368a64e869bcca4eb5f80c6a04c,"['地黄', '当归', '芍药', '黄耆']",明,"['乏力', '活动受限', '腰背痛', '骨痛']"
ok,1272,2026-02-04 17:30:45,普济方（四库本181-240卷）,1406.0,骨痿,普济方卷二百三十五,木香蛤蚧丸【出直指方】治劳瘵久声干骨痿瘦瘁,方药,[],,脾胃虚弱证,,[],,"[""活动受限"", ""乏力""]",,"[""中药内服""]",,"[{""name"": ""木香蛤蚧丸"", ""type"": ""方剂"", ""note"": ""治劳瘵久病所致骨痿瘦瘁""}]",1.0,治劳瘵久声干骨痿瘦瘁,True,True,,"[{""classical_span"": ""骨痿瘦瘁"", ""why_supports"": ""“骨痿”为古籍中明确指向骨萎弱、骨质衰损的病名，与骨质疏松高度对应""}]",1,"[""原文未涉及骨痿而仅为一般劳瘵虚损"", ""将非骨病症状强行映射为骨质疏松"", ""证型或用药信息非原文所载而属臆测""]",f842b6c0e21da5c5d20c5a923636c31e,['木香蛤蚧丸'],明,"['乏力', '活动受限']"
ok,1286,2026-02-04 17:31:26,薛氏医案（四库本）,1529.0,骨痿,薛氏医案卷二十三,愚按前论最为切当临川陈先生云医风先医血血行风自减葢肝藏血而至风又肝气为阳为火肝血为阴为水若肝火旺则肝血必虚故凢风病多因肝经风火为患当推五脏相胜相生以益其血经云肾藏精而主骨故肾虚者则骨中热或涌泉穴或两胫两足内热多患骨痿以致不起属足三阴亏损之虚热耳滋其化源庶可保其生也○佥宪髙如斋两腿逸则筋缓痿软而无力劳则作痛如针刺脉洪数而有力余曰此肾肝阴虚火之象也用六味地黄丸而愈○知州韩廷仪先患风症用疏风化痰养血之药而痊其腿膝骨肉发热作痛服十味固本丸天麻丸益甚两尺脉数而无力余以为肾水虚不能生肝木虚火内动而作非风邪所致也不信又服羌活愈风丹之类四肢痿软遍身麻木痰涎上涌神思不清余曰皆脾气亏损不能营养周身又不能摄涎归源先用六君子加芎归木香数剂壮其脾气以摄涎归源又以八珍汤数剂以助五藏生化之气以荣养周身而诸症渐愈乃朝以补中益气汤培养脾肺夕以六味地黄丸滋补肝肾如此三月余而安○一妇人因怒患痰厥而苏左手臂不能伸手指麻木口防眼斜痰气上攻两腿骨热或骨中酸痛服乌药顺气散之类诸症益甚不时昏愦更加内热晡热余以为肝经血虚内热生风前药复耗肝血虚火炽盛而益甚也先以柴胡栀子散调养肝经气血数日后用八珍汤加钓藤钩散诸症稍愈又用加减八味丸料少加酒炒黄柏知母黑色者数剂诸症顿退乃服八珍汤柴胡栀子散半载而痊后劳役即有复作之意柴胡栀子散随安,病名,"[""情志异常""]",,肝肾阴虚证,,[],,"[""骨痛"", ""活动受限"", ""乏力""]",,"[""中药内服""]",,"[{""name"": ""六味地黄丸"", ""type"": ""方剂"", ""note"": ""滋补肝肾，用于肝肾阴虚、骨痿""}, {""name"": ""十味固本丸"", ""type"": ""方剂"", ""note"": ""用于腿膝骨肉发热作痛""}, {""name"": ""八珍汤"", ""type"": ""方剂"", ""note"": ""益气养血，助五藏生化""}, {""name"": ""加减八味丸"", ""type"": ""方剂"", ""note"": ""滋补肝肾，退虚热""}]",1.0,肾藏精而主骨故肾虚者则骨中热…多患骨痿以致不起,True,True,愈,"[{""classical_span"": ""多患骨痿以致不起"", ""why_supports"": ""直接出现骨痿病名，指向骨弱痿软""}, {""classical_span"": ""肾藏精而主骨"", ""why_supports"": ""以肾虚解释骨病，符合骨质疏松中医机理""}]",1,"[""原文未涉及骨病却强行映射"", ""枚举字段选择不合规"", ""缺乏原文证据仍给出高相关评分""]",b841084ef4855a8ed85e627b265ad876,"['八珍汤', '六味地黄丸', '加减八味丸', '十味固本丸']",明,"['乏力', '活动受限', '骨痛']"
ok,1303,2026-02-04 17:31:58,本草纲目（金陵本）,1593.0,骨痿,第三卷 百病主治药（一）,（有风湿，寒湿，湿热，食积）【风寒湿气】〔草部〕牛蒡（香港脚风毒，浸酒饮。）忍冬（香港脚筋骨引痛，热酒服末。）木鳖子（麸炒去油，同桂末，热酒服，取汗。）高良姜（香港脚人晚食不消，欲作吐者，煎服即消。）苏子（风湿香港脚，同高良姜、橘皮丸服。）丹参（风痹足软，渍酒饮。）胡芦巴（寒湿香港脚，酒浸，同破故纸末，入木瓜蒸熟，丸服。）麻黄羌活细辛苍术白术天麻牡蒙夏枯草附子侧子艾叶秦艽白蒿庵薇衔马先蒿水苏紫苏漏芦飞廉青葙苍耳茵芋马蔺子茜根菊花旋复菖蒲水萍萆青藤（酒。）石南藤（酒。）菝（酒浸服。）土茯苓〔谷菜〕芸苔（并主风寒湿痹香港脚。）豉（患脚人，常渍酒饮，以滓敷之。）薏苡仁（干湿香港脚，煮粥食，大验。）香（干湿香港脚，为末酒服。）葱白〔果木〕杏仁秦椒蜀椒蔓椒大腹皮（并主风寒湿香港脚。）槟榔（风湿香港脚冲心，不识人，为末，童尿服。沙牛尿亦可。老人弱人香港脚胀满，以豉汁服。）吴茱萸（寒湿香港脚，利大肠壅气。冲心，同生姜，擂汁服。）乌药（香港脚掣痛，浸酒服。）白杨皮（毒风香港脚缓弱，浸酒饮。）松节（风虚脚痹痛，酿酒饮。）松叶（十二风痹香港脚，酿酒尽一剂，便能行远。）芽（作蔬，去风毒香港脚。）乳香（同血竭、木瓜丸服，主久新香港脚。）苏合香浓朴皂荚子官桂栾荆干漆石南叶海桐皮〔金石〕石葶脂（同川乌、无名异、葱汁丸服。）石（浸酒。）硫黄（牛乳煎。）磁石玄精石白石英〔虫鳞〕晚蚕砂（浸酒。）青鱼鳢鱼鳗鲡秦龟甲〔禽兽〕乌雄鸡牛酥羊脂麋脂熊肉（并主风湿香港脚。）酒服，寒湿香港脚痛立止。）【湿热流注】〔草部〕木通防己泽泻香薷荆芥龙常草车前子海金沙海藻大黄商陆（合小豆、绿豆煮饭食。）甘遂（泻肾脏风湿下注，香港脚肿痛生疮，同木鳖子，入猪肾煨食，取利。）牵牛（风毒香港脚肠秘，蜜丸日服，亦生吞之。）威灵仙（香港脚入腹，胀闷喘急，为末，酒服二钱，或为丸服，痛减药亦减。）莸草（湿痹香港脚尿少，同小豆煮食。）三白草（脚气风毒，擂酒服。）巴戟天（饮酒人香港脚，炒过同大黄炒研，蜜丸服。）香附子〔谷菜〕胡麻（腰脚痛痹，炒末，日服至一年，永瘥。）大麻仁（香港脚腹痹，浸酒服。肿渴，研汁，煮小豆食。）赤小豆（同鲤鱼煮食，除湿热香港脚。）黑大豆（煮汁饮，主风毒香港脚冲心，烦闷不识人。）马齿苋（香港脚浮肿尿涩，煮食。）百合竹笋（风热香港脚。）紫菜〔果木〕木瓜（湿痹，香港脚冲心，煎服。枝、叶皆良。）橘皮（香港脚冲心，同杏仁丸服。）桃仁（香港脚腰痛，为末酒服，一夜即消。）枇杷叶（香港脚恶心。）服，疏导香港脚。）桑叶及枝（香港脚水气，浓煎汁服，利大小肠。）郁李仁（脚气肿喘，大小便不利，同薏苡煮粥食。）紫荆皮（煎酒服。）茯神木（香港脚痹痛，为末酒服。）赤茯苓猪苓〔兽部〕猪肝、肾、肚（作生食，治老人香港脚。）乌特牛尿（热饮，利小便，主风【洗渫】水蓼水荭毛蓼甘松水英陆英曼陀罗花螺厣草大戟猫儿眼睛草苦参落雁木黍瓤（同椒目。）生葱莱菔根荷心（同本。）苏木（同忍冬。）杉材楠材樟材钓樟（并煎水熏洗。）白矾汤鳖肉【敷贴】附子（姜汁调。）天雄草乌头（姜汁调，或加大黄、木鳖子末。）白芥子（同白芷末。）皂荚（同小豆末。）蓖麻仁（同苏合香丸，贴足心，痛即止。）乌皮（香港脚生疮有虫，末敷追涎。）人中白（香港脚成漏孔，水滴之。）羊角（烧研，酒调敷之，取汗，永不发。）田螺（香港脚攻注，同盐杵敷股上，即定。）木瓜（袋盛踏之。）蜀椒（袋盛踏之。）樟脑柳华治鸟巢萝卜花（并藉鞋靴。）【熨熏】麦麸（醋蒸热熨。）蚕砂（蒸热熨。）蒴根（酒、醋蒸，热熨。）蓖麻叶（蒸裹，频易。）荆叶（蒸热卧之，取汗。烧烟熏涌泉穴。）针砂（同川乌末，炒包熨。）食盐（蒸热踏之，或擦腿膝，后洗之，并良。）火针（有湿热，湿痰，瘀血。血虚属肝肾；气虚属脾肺）【湿热】〔草部〕黄芩（去脾肺湿热，养阴退阳。）秦艽（阳明湿热，养血荣筋。）知母（泻阴火，滋肾水。）生地黄黄连连翘泽泻威灵仙防己木通（并除湿热。）薇衔（治痿，去风湿。）卷柏（治痿，强阴，）陆英（足膝寒痛，阴痿短气。）升麻柴胡（引经。）〔木部〕黄柏（除湿热，滋肾水。益气药中加之，使膝中气力涌出，痿软即去，为痿病要药。）茯苓猪苓（并泄湿热。）五加皮（主痿，贼风伤人，软脚。）【痰湿】〔草部〕苍术（除湿，消痰，健脾，治筋骨软弱，为治痿要药。）白术神曲香附子半夏（并除湿消痰。）天南星（筋痿拘缓。）附子天雄（风痰冷痹，软脚毒风，为引经药。）〔果木〕橘皮（利气，除湿痰。）松节（酿酒，主脚弱，能燥血中之湿。）桂（引经。酒调，涂足筋急。）【虚燥】〔草部〕黄（益元气，泻阴火，逐恶血，止自汗，壮筋骨，利阴气，补脾肺。）人参（益元气，泻阴火，益肺胃，生津液，除痿痹，消痰生血。）麦门冬（降心火，定肺气，主痿，强阴益精。）知母（泻阴火，滋肾水，润心肺。）甘草（泻火调元。）山药（补虚羸，强筋骨，助肺胃。）石斛（脚膝冷疼痹弱，逐皮肌风，壮筋骨，益气力。）牛膝（痿痹，腰膝软怯冷弱，不可屈伸。或酿酒服。）菟丝子（益精髓，坚筋骨，腰疼膝冷，同牛膝丸服。）何首乌（骨软，行步不得，腰膝痛，遍身瘙痒，同牛膝丸服。）萆（腰脚痹软，同杜仲丸服。）菝（风毒脚弱，煮汁酿酒服。）土茯苓（除风湿，利关节，治拘挛，令人健行。）狗脊（男女脚弱腰痛，补肾。）骨碎补（治痢后远行，或房劳，或外感，致足痿软，或痛或痹，汁和酒服。）菖蒲（酿酒饮，主骨痿。）芎芍药当归地黄天门冬紫菀紫葳（并主痿，养血润燥。）肉苁蓉琐阳列当五味子覆盆子巴戟天淫羊藿〔兽部〕白胶鹿茸鹿角麋角腽肭脐（并强阴气，益精血，补肝肾，润燥养筋，治痿弱。）,病名,"[""情志异常"", ""老年后""]",,肾虚血瘀证,,"[""原发性-老年型""]",,"[""骨痛"", ""活动受限"", ""乏力"", ""步态不稳""]",,"[""中药内服"", ""中药外用""]",,"[{""name"": ""牛膝"", ""type"": ""单味药"", ""note"": ""治痿痹，腰膝软怯冷弱""}, {""name"": ""何首乌"", ""type"": ""单味药"", ""note"": ""骨软行步不得，腰膝痛""}, {""name"": ""骨碎补"", ""type"": ""单味药"", ""note"": ""治足痿软或痛痹，酒服""}]",1.0,骨软，行步不得，腰膝痛；痿痹，腰膝软怯冷弱,True,True,,"[{""classical_span"": ""骨软，行步不得"", ""why_supports"": ""直接描述骨弱与行动受限，符合骨质疏松核心表现""}, {""classical_span"": ""腰膝软怯冷弱"", ""why_supports"": ""对应老年性骨量不足常见症状""}]",1,"[""若忽略原文“骨软/痿”而仅按风湿痹证解读，则可能高估关联"", ""若将所有脚气病变等同骨病，存在概念混淆风险"", ""若不区分老年虚损与急性湿热证，可能误判证型""]",2fe0d609f3fde8d9da74e4347c7b92e0,"['何首乌', '牛膝', '骨碎补']",明,"['乏力', '步态不稳', '活动受限', '骨痛']"
ok,1305,2026-02-04 17:32:05,本草纲目（金陵本）,1593.0,骨痿,第二十卷 草部（九）,【修治】曰∶凡采得，用铜刀刮去黄赤毛，细切，蜜拌润，甑蒸一日，晒干用。急用只焙干，不蒸亦得也。【气味】苦，温，无毒。大明曰∶平。【主治】破血止血，补伤折（《开宝》）。主骨中毒瓦斯，风血疼痛，五劳六极，足手不收，上热下冷（权）。恶疮，蚀烂肉，杀虫（大明）。研末，猪肾夹煨，空心食，治耳鸣，及肾虚久泄，牙疼（时珍）。【发明】颂曰∶骨碎补，入妇人血气药。蜀人治闪折筋骨伤损，取根捣筛，煮黄米粥，和裹伤处有效。时珍曰∶骨碎补，足少阴药也。故能入骨，治牙，及久泄痢。昔有魏刺史子久泄，诸医不效，垂殆。予用此药末入猪肾中煨熟与食，顿住。盖肾主大小便，久泄属肾虚，不可专从脾胃也。《雷公炮炙论》用此方治耳鸣，耳亦肾之窍也。案∶戴原礼《证治要诀》云∶痢后下虚，不善调养，或远行，或房劳，或外感，致两足痿软，或痛或痹，遂成痢风。宜用独活寄生汤吞虎骨四斤丸，仍以骨碎补三分之一，同研取汁，酒解服之。外用杜仲、牛膝、杉木节、萆、白芷、南星煎汤，频频熏洗。此亦从肾虚骨痿而治也。【附方】旧二，新三。虚气攻牙∶齿痛血出，或痒痛。骨碎补二两，铜刀细锉，瓦锅慢火炒黑，为末。如常揩齿，良久吐之，咽下亦可。刘松石云∶此法出《灵苑方》，不独治牙痛，极能坚骨固牙，益精髓，去骨中毒瓦斯疼痛。牙动将落者，数擦立住，再不复动，经用有神。风虫牙痛∶骨碎补、乳香等分，为末糊丸，塞孔中。名金针丸。（《圣济总录》）耳鸣耳闭∶骨碎补削作细条，火炮，乘热塞之。（苏氏《图经》）。病后发落∶胡孙姜、野蔷薇嫩枝煎汁，刷之。肠风失血∶胡孙姜（烧存性）五钱，酒或米饮服。（《仁存方》）,方药,[],,肾阳虚证,,[],,"[""骨痛"", ""活动受限"", ""乏力""]",文中述“筋骨伤损”“两足痿软，或痛或痹”“骨中毒瓦斯疼痛”,"[""中药内服"", ""中药外用""]",,"[{""name"": ""骨碎补"", ""type"": ""单味药"", ""note"": ""主治补伤折、治骨痿、坚骨固牙""}, {""name"": ""独活寄生汤"", ""type"": ""方剂"", ""note"": ""治痢后肾虚骨痿""}, {""name"": ""虎骨四斤丸"", ""type"": ""方剂"", ""note"": ""与骨碎补同用治骨痿""}, {""name"": ""杜仲、牛膝等熏洗方"", ""type"": ""外治"", ""note"": ""外用熏洗筋骨痿软""}]",1.0,“此亦从肾虚骨痿而治也”“主治……补伤折”“两足痿软”,True,True,好转,"[{""classical_span"": ""骨痿"", ""why_supports"": ""直接出现高度相关古籍病名""}, {""classical_span"": ""补伤折"", ""why_supports"": ""涉及骨折修复与骨弱""}, {""classical_span"": ""两足痿软"", ""why_supports"": ""符合骨质疏松相关功能障碍""}]",1,"[""证型与现代分型强行对应可能过度解释"", ""未明确年龄或绝经状态，难定具体现代表型"", ""古代用药情境与现代疾病机制存在差异""]",e57cf0c1f4244eb89a539887b91ec6c0,"['杜仲、牛膝等熏洗方', '独活寄生汤', '虎骨四斤丸', '骨碎补']",明,"['乏力', '活动受限', '骨痛']"
ok,1313,2026-02-04 17:32:27,神农本草经疏（四库本）,1625.0,骨痿,神农本草经疏卷六,疏○天门冬正禀大寒初之气以生得地之阴精独厚味虽微苦甘而带辛其气大寒其性无毒要以甘多者为胜味厚于气阴也降也除肺肾虚热之要药也其主诸暴风湿偏痹杀三虫去伏尸保定肺气去寒热者葢以热则生风暴则属火其言湿者乃湿热之谓苦以泄湿寒以除热热去则风止湿泄则痹瘳偏痹者湿热所致也强骨髓者肾为作强之官而主骨湿热不去下流客肾能使人骨痿肾欲坚急食苦以坚之天门冬黄蘗之属是巳且肾者水脏也平则温而坚虚则热而软味苦气寒正入肾而除热坚软故强骨也三虫伏尸必生于脾肾俱虚内热气弱之人苦能杀虫辛能散结故杀三虫而除伏尸也肺为华葢之脏喜清肃而恶烦热亦畏湿热平则安和发声清亮一受火热则为贼邪所干而痰壅欬逆气喘吐血寒热声哑之证出焉热泄则痰散而肺清肺清则津液流通气得下降而诸证自止矣养肌肤益气力利小便者肺主皮毛脾气散精上归于肺通调水道下输膀胱又肺为水之上源朝百脉而主气热邪退则肺得所养故能养肌肤益气力利小便也冷而能补者热盛则肺肾俱虚除虚热即补肺肾也乆服轻身益气延年不饥者热退则水足水足则精固精固则肾气益实肾为先天真气之源肾实骨强延龄可知己要之道书所録皆指遗世独立辟谷服饵之流者设非谓恒人亦可望此也,方药,[],,肝肾阴虚证,,[],,[],,"[""中药内服""]",,"[{""name"": ""天门冬"", ""type"": ""单味药"", ""note"": ""除肺肾虚热，强骨髓，治骨痿相关表现""}]",1.0,湿热不去下流客肾能使人骨痿……味苦气寒正入肾而除热坚软故强骨也,True,True,,"[{""classical_span"": ""能使人骨痿"", ""why_supports"": ""明确出现“骨痿”这一与骨质疏松高度对应的古籍病名""}, {""classical_span"": ""强骨髓者肾为作强之官"", ""why_supports"": ""直接论及骨髓与肾虚热所致骨弱，契合骨量不足语义""}]",1,"[""若将其映射为特定现代分型（如绝经后型）则属证据不足"", ""文本未出现骨折或疼痛，若强行补充症状则为臆造"", ""证型若同时并列多选将违反单选枚举约束""]",b44fea0e7c727d4ce65f78d1363de468,['天门冬'],明,[]
ok,1314,2026-02-04 17:32:29,神农本草经疏（四库本）,1625.0,骨痿,神农本草经疏卷六,疏○萎防禀天地清和之气而得稼穑之甘故本经味甘平无毒主诸不足乆服好颜色润泽轻身不老别録又主心腹结气虚热腰痛茎中寒目痛眦烂泪出甄权主内补不足去虚劳客热头痛不安加而用之良日华子谓其除烦闷止渇润心肺补五劳七伤虚损腰脚疼痛详味诸家所主则知其性本醇良气味和缓譬诸盛徳之人无往不利终始一节故可长资其利用而不穷正如斯药之能补益五藏滋养气血根本既治余疾自除夫血为阴而主驻颜气为阳而主轻身阴精不足则发虚热肾气不固则见骨痿及腰脚痛虚而火炎则头痛不安目痛眦烂泪出虚而热壅则烦闷消渇上盛下虚则茎中寒甚则五劳七伤精髓日枯而成虚损之证矣以一药而所主多途为効良伙非由滋益阴精増长阳气其能若是乎迹其所长殆亦黄精之类欤其主中风暴热不能动摇跌筋结肉湿毒等证皆是女萎之用以本经二物混同一条故耳或谓即青黏理或有之纯而不驳和而不偏有益无损故无简误　昔彭城樊阿少师事华陀陀授以漆叶青黏散服之利五藏去虫轻身益气年至五百余岁青黏生丰沛彭城及朝歌一名地节一名黄芝主理五藏益精气本出于迷人入山见仙人服之以告陀陀以为佳语阿阿秘之人见阿之寿而气力强盛问之因醉误说人服多验后无复有人识青黏者或云即黄精之正叶者又云即萎蕤同黄精桑椹何首乌能驻颜,病名,[],,肝肾阴虚证,,[],,"[""腰背痛"", ""骨痛"", ""活动受限""]",,"[""中药内服""]",,"[{""name"": ""女萎（萎蕤）"", ""type"": ""单味药"", ""note"": ""文中述其滋益阴精、补益五藏，用于骨痿、腰脚痛等""}, {""name"": ""黄精"", ""type"": ""单味药"", ""note"": ""文中类比女萎之功，称能补益五藏、滋养气血""}]",1.0,肾气不固则见骨痿及腰脚痛,True,True,,"[{""classical_span"": ""肾气不固则见骨痿"", ""why_supports"": ""直接出现“骨痿”病名，为骨质疏松高度相关古代范畴""}, {""classical_span"": ""腰脚疼痛"", ""why_supports"": ""慢性腰脚痛符合骨质疏松常见表现之一""}]",1,"[""未区分骨痿与其他筋骨痿软病证而混同映射"", ""在无明确年龄信息时强行判定现代分型"", ""将文本未提及的治疗方法或结局擅自补充""]",78145081b84f0d1cf69021a973f9b3b6,"['女萎', '黄精']",明,"['活动受限', '腰背痛', '骨痛']"
ok,1316,2026-02-04 17:32:34,本草从新,1757.0,骨痿,卷五草部 蔓草类 天门冬,甘苦大寒。入手太阴气分。（肺。）清金降火。益水之上源。（肺为肾母。）下通足少阴肾。（苦能坚肾、寒能去肾家湿热、故亦治骨痿。）滋阴润燥。杀虫消痰。（蒙筌曰：肾主津液、燥则凝而为痰、得润剂则痰化、所谓治痰之本也。）泽肌肤。利二便。治肺痿肺痈。（肺痿者、感于风寒、咳嗽短气、鼻塞、胸胀、久而成痿、有寒痿热痿二证、肺痈者、热毒蕴结、咳吐脓血、胸中隐痛、痿重而痈稍轻、治痿宜养血补气、保肺清火、治痈宜泻热豁痰、开提升散、痈为邪实、痿为正虚、不得混治。）吐脓吐血。（苦泄血滞、甘益元气、寒止血妄行。）痰嗽喘促。嗌干消渴。（口燥多饮为消渴、由火盛津枯、宜润燥滋阴。）足下热痛。虚劳骨蒸。,方药,[],,肝肾阴虚证,,[],,"[""骨痛""]",原文载“虚劳骨蒸”“足下热痛”，可对应慢性骨痛表现,"[""中药内服""]",,"[{""name"": ""天门冬"", ""type"": ""单味药"", ""note"": ""苦寒滋阴，文中明确记载“故亦治骨痿”""}]",1.0,苦能坚肾、寒能去肾家湿热、故亦治骨痿。……虚劳骨蒸。,True,True,,"[{""classical_span"": ""故亦治骨痿"", ""why_supports"": ""直接出现“骨痿”这一与骨质疏松高度对应的古籍病名""}, {""classical_span"": ""虚劳骨蒸"", ""why_supports"": ""提示久虚所致骨部内热与消耗，符合慢性骨病范畴""}]",3,"[""未区分骨痿与肺痿、肺痈等并列病证，可能造成过度映射"", ""缺乏年龄、骨折等现代骨质疏松关键特征描述"", ""证型存在肾阳虚与肝肾阴虚并列记录，单选可能有偏差""]",f425706cf6c4e9d0928b340a9d2d562f,['天门冬'],清,['骨痛']
ok,1318,2026-02-04 17:32:40,本草从新,1757.0,骨痿,卷九木部 灌木类 苞木类 寓木类 楮实,甘寒而利，消水肿，疗骨哽，明目软坚。（时珍曰：别录大明、皆云大补益、而修真秘书又云：久服令人骨痿、济生秘览、治骨哽用楮实煎汤、岂非软骨之证乎。南唐书云：烈祖食饴、喉中噎、国医莫能愈、吴廷绍独请进楮实汤、一服疾失去、群医他日取用、皆不验、叩廷绍、答云：噎因甘起、故以此治之、此即治骨鲠软坚之义尔、群医用治他噎、故不验也、洛按、陶隐居苏颂抱朴子、皆甚言其功、而方书用之为补者、除杨氏还少丹而外、不多见、其他如外台秘要用以敷治身面石疽、机要用以治水气蛊胀、集简用以治喉风喉痹、直指用以治之义、则古本诸说、未可信也。）水浸取沉者。酒蒸。皮甘平。善行水。治水肿气满。（皮可为纸、楮汁和白芨、飞面调和、接纸永不解脱。）叶甘凉。祛湿热。治老少下痢瘴痢。（为末、白痢姜汤下、赤痢沙糖汤下、赤白痢姜糖汤下。）,方药,[],,肾阳虚证,,[],,[],,"[""中药内服""]",,"[{""name"": ""楮实"", ""type"": ""单味药"", ""note"": ""原文记载可治骨哽，亦有久服令人骨痿之说""}]",1.0,久服令人骨痿,True,True,,"[{""classical_span"": ""久服令人骨痿"", ""why_supports"": ""直接出现“骨痿”这一与骨质疏松高度对应的古籍病名""}]",1,"[""文本讨论药性争议，骨痿多为引述他书，未形成完整治法"", ""未描述骨折、身高变矮等现代骨质疏松核心临床表现"", ""存在将“骨哽/软坚”误解为骨质疏松风险的可能""]",13c9db0ad1fb4c561a6709a9383af924,['楮实'],清,[]
ok,1320,2026-02-04 17:32:45,本草从新,1757.0,骨痿；骨极,卷十八人部 人胞,甘咸温。本人之血气所生。故能大补气血。治一切虚劳损极。（虚损、一损肺、皮槁毛落、二损心、血脉衰少、三损脾、肌肉消脱、四损肝、筋缓不收、五损肾、骨痿不起、六极曰气极、血极、筋极、肌极、骨极、精极。）恍惚失志。癫痫病。由膀胱虚者。尤宜用。（取其以胞补胞之义。）以初胎无病妇人。而色紫者良。有胎毒者害人。（以银器插入、焙煮不黑则无毒。）,方药,[],,脾胃虚弱证,,[],,"[""活动受限"", ""乏力""]",,"[""中药内服""]",,"[{""name"": ""人胞（紫河车）"", ""type"": ""单味药"", ""note"": ""治虚劳损极，补气血，及五损中之骨痿不起""}]",1.0,五损肾，骨痿不起；六极曰骨极,True,True,,"[{""classical_span"": ""骨痿不起"", ""why_supports"": ""直接出现“骨痿”这一高度对应骨质疏松的古籍病名""}, {""classical_span"": ""骨极"", ""why_supports"": ""“骨极”提示骨之极度虚损，与骨量衰减相符""}]",4,"[""文本未直接对应现代诊断标准，可能被认为映射过度"", ""症状描述偏重虚劳整体衰损，非专指骨病"", ""缺乏骨折等现代骨质疏松特征性结局描述""]",a40f8d4d3549c98825b299a5f9c0b050,['人胞'],清,"['乏力', '活动受限']"
ok,439,2026-02-04 16:57:52,顾松园医镜,1718.0,骨痿,卷十一·书集 虚劳,中年欲心虽减，然少年斫丧既多，焉得复实。既至老年，天真渐绝，只有孤阳。故人自少至老，所生疾病，靡不由于真阴不足。即童子禀赋弱者，从幼填补真阴，亦有可复之天。所以补阴之药，亦自少至老，不可或缺，况虚劳因入房太甚而得者乎？故保阴、六味、左归之属，皆甘寒滋水添精之品，补阴以配阳，正王太朴所谓壮水之主，以制阳光，丹溪所谓滋其阴则火自降，譬之灯残火焰，添油则焰光自小也。然须制大剂，长久服之。盖益阴之药，必无旦夕之效，以阴无速补之法也。至若因于酒者，清金润燥为主，而保阴之属，仍不可废。何则？好饮之人，仍有不患虚劳者，以肾水虚也。虚则必寡于畏，而复灼久伤之肺，焉得不病！补北方正所以泻南方而救肺也。因于思虑者，清心养血为主，而保阴之属，仍不可缺，所谓水壮而火熄，勿亟亟于泻心是也。因于劳倦者，培补脾阴为主，而佐以保阴之剂。经曰：有所远行劳倦，逢大热而渴，渴则阳气内伐，内伐则热舍于肾。故知劳倦伤脾，内热者必及于肾也。若忿怒伤肝动血，保阴、六味丸为正治之剂。盖水旺则龙水不炎，而雷火亦不能发，乃肾肝同治之法也。二曰，培脾土。脾胃为后天之根本，经曰，安谷则昌。盖精生于谷，饮食多，自能生血化精，精血渐生，虽有邪热，药得以制之消之，久则火自降而阴自复。若脾胃一弱，则饮食少而血不生，血不生则阴不足以配阳，而五脏齐损。故曰，又归重于脾胃。而言一损损于肺，皮聚而毛落：二损损于心，血脉不能荣养脏腑；三损损于脾，饮食不为肌肤，四损损于肝，筋缓不能自收持，五损损于肾，骨痿不能起于床。从上而下者，过于胃则不治，至骨痿不能起于床者死；从下而上者，过于脾则不治，至皮聚而毛落者死。所以仲景治虚劳，惟用甘药，创建中气，以生血化精，充溢脏腑，为复虚劳诸症之良法。一遵精不足者，补之以味之旨也。味非独药也，五谷之味皆味也，补以味而节其劳，则积贮渐富，大命不倾。经云：阴阳形气俱不足者，调以甘药。盖药食之入，必先脾胃，而后五脏得禀其气。脾胃强，则五脏俱盛，脾胃弱，则五脏俱衰。故中气不足者，非甘不可。况土强则金旺，金旺则水充。又男子以脾胃为生身之本，女子以心脾为主命之根。故治虚劳者，毋论何脏致损，皆当以调养脾胃为主。三曰，慎调摄。虚劳之因，因于酒色者最多，其因于忧愁思虑，抑郁多怒者，复亦不少。所以童子、室女不生欢笑，及鳏、寡、僧、尼易犯此病者，谓非针药之可治，必须消遣情怀，随遇皆安，然后疗治，庶能愈病，乃今之患此症者，徒仗诸草木，奉为撤消之品，外则疲劳形体，内则沉湎七清，酒色不屏，辛热不戒，此乃自趋死径，间有知戒酒色，节劳逸，而于七情多所难释。不知心有妄动，气随心散，气散不聚，精逐气亡。故广成子曰：必静必清，无劳汝形，无摇汝精，乃可以长生。斯言真可为虚劳调摄之良法也。余观世人，患虚劳者，十常六、七，然百中难保其一者，以病者治之不早，医者治之不善。余少得斯疾，调养二十余年，至今无恙者，可见此病之非不可疗也。顾余每论此病，痛切忧心，故特发明致阴虚成病之因，次及方书之混列，更推真阴易虚之故，以及诸症标本传乘，并误治之弊，而始之以治要，其旨归如是，非敢矫当世之偏，实本诸先哲之经验发明，余又亲历之而不爽，故剖衷相告，幸医者、病者，咸三复于兹篇云尔。,病名,"[""情志异常"", ""老年后""]",,肝肾阴虚证,,"[""原发性-老年型""]",,"[""活动受限""]",,"[""中药内服""]",,"[{""name"": ""六味丸"", ""type"": ""方剂"", ""note"": ""滋阴补肾，用于虚劳、骨痿相关""}, {""name"": ""左归丸"", ""type"": ""方剂"", ""note"": ""补肾滋阴，文中列为正治之属""}, {""name"": ""保阴方"", ""type"": ""方剂"", ""note"": ""甘寒滋水添精，补阴以配阳""}]",1.0,五损损于肾，骨痿不能起于床,True,True,,"[{""classical_span"": ""骨痿不能起于床"", ""why_supports"": ""明确出现骨痿，提示骨弱至功能丧失""}, {""classical_span"": ""真阴不足"", ""why_supports"": ""肝肾阴虚为骨失濡养的核心病机""}]",4,"[""若未出现骨痿等骨病名，映射可能过度"", ""证型多样但仅能单选，可能遗漏并存证"", ""未记载骨折，部分现代表型推断受限""]",980ec3891d3268b9c6a964171cf17e76,"['保阴方', '六味丸', '左归丸']",清,['活动受限']
ok,1363,2026-02-04 17:34:21,历代本草药性汇解,2003.0,骨折,补益类 骨碎补(《开宝本草》),·骨碎补有促进骨折愈合作用。,方药,[],,删除,,[],,[],,"[""中药内服""]",,"[{""name"": ""丹参"", ""type"": ""单味药"", ""note"": ""用于促进骨折愈合，改善局部循环""}]",0.2,丹参有促进创伤愈合的作用……促进骨折愈合,True,False,,"[{""classical_span"": ""促进骨折愈合"", ""why_supports"": ""仅涉及骨折修复，与骨质疏松仅有弱关联""}]",1,"[""文本研究对象为人工骨折模型，非骨量减少或骨脆性描述"", ""未出现骨痿、骨弱、年老易折等骨质疏松指向性病名或症候"", ""将实验性骨折愈合直接映射为骨质疏松存在证据不足风险""]",c579f15d4b3d78a82fbe8e53e93c211f,['丹参'],近现代,[]
ok,1372,2026-02-04 17:34:43,保婴撮要,1555.0,骨折,卷十六 金木所伤,接骨散 治骨折碎，或骨出HT ，先整端正，却服此药。飞禽六畜所伤，亦能治之。,方药,[],,血瘀气滞证,原文为金木所伤、飞禽六畜所伤等外伤性骨折，非内伤证型,[],,"[""其他""]",外伤性骨折（非脆性骨折），依据“治骨折碎，或骨出”,"[""中药内服""]",,"[{""name"": ""接骨散"", ""type"": ""方剂"", ""note"": ""用于治疗外伤所致骨折、骨碎或骨出""}]",0.2,,True,False,,"[{""classical_span"": ""治骨折碎，或骨出"", ""why_supports"": ""明确为外伤性骨折治疗，非骨量减少或骨弱所致""}]",1,"[""文本仅描述急性外伤骨折，缺乏骨弱或反复易折证据"", ""无任何老年、绝经或肾虚等慢性骨病背景"", ""将外伤性骨折直接等同骨质疏松可能造成过度映射""]",9f4dccde3fe85dc2a34fea37af95a0f1,['接骨散'],明,['其他']
ok,1371,2026-02-04 17:34:45,保婴撮要,1555.0,骨折,卷十六 脑骨伤损,黑龙散 治跌扑伤损，筋骨碎断，先端正其骨，以纸摊贴，若骨折，更以薄木片，疏排夹贴，却将小绳紧缚三日，再用前法，勿去夹板，恐摇动患处，至骨紧牢，方不用板。若被刀箭虫伤成疮，并用姜汁和水调贴，如口破以玉珍散填涂。,外治法,[],,删除,,[],,"[""其他""]",跌扑外伤所致骨折，属急性损伤，非脆性骨折,"[""中药外用"", ""其他""]",正骨复位、夹板固定、外敷药物,"[{""name"": ""黑龙散"", ""type"": ""方剂"", ""note"": ""治跌扑伤损、筋骨碎断之外用""}, {""name"": ""玉珍散"", ""type"": ""方剂"", ""note"": ""口破成疮时填涂""}, {""name"": ""薄木片"", ""type"": ""外治"", ""note"": ""夹板固定骨折""}, {""name"": ""小绳"", ""type"": ""外治"", ""note"": ""缚固定患处""}]",0.2,,True,False,,"[{""classical_span"": ""治跌扑伤损，筋骨碎断"", ""why_supports"": ""明确为外伤性骨折治疗，非骨弱所致""}]",1,"[""记载为急性跌扑外伤，非慢性骨弱病机"", ""未见年老、久病或骨痿骨枯等描述"", ""骨折由外力致伤，不能等同脆性骨折""]",384d08b0997fe6071ce30c67195f292c,"['小绳', '玉珍散', '薄木片', '黑龙散']",明,['其他']
ok,1374,2026-02-04 17:34:47,冯氏锦囊秘录,1694.0,骨折,外科大小合参卷十九 胎毒诸疮,治跌扑骨折骨碎，筋断疼痛，此药续断神验。用路上或墙脚下过往人便溺处，经久碎瓦片，取来洗净，火 醋淬五七次，瓦黄色为度，以刀刮细末，每服三钱，好酒调服，不可以微贱而忽之。,方药,[],,血瘀气滞证,原文为跌扑外伤骨折，属急性损伤，非内在虚损证型,[],,"[""骨痛""]",,"[""中药内服""]",,"[{""name"": ""秘传神效散"", ""type"": ""方剂"", ""note"": ""治跌扑伤损、骨折骨碎，酒调服""}, {""name"": ""久碎瓦片"", ""type"": ""外治"", ""note"": ""洗净火煅，米醋淬后刮末入方""}]",0.2,治跌扑伤损，骨折骨碎，筋断，痛不可忍,True,True,,"[{""classical_span"": ""骨折骨碎"", ""why_supports"": ""涉及骨折表现，但为外伤所致，非骨弱自发""}]",1,"[""文本为急性外伤治疗，非骨质疏松本病"", ""未见年老骨弱或反复脆性骨折描述"", ""证型与现代表型无法从原文确定""]",7896a106654ca1435426158662650c91,"['久碎瓦片', '秘传神效散']",清,['骨痛']
ok,2691,2026-02-04 18:25:09,"古今图书集成医部全录005（93-121,脏腑经络运气）",1934.0,骨痿,古今图书集成医部全录卷九十九,胃中元气盛，则能食而不伤，过时而不饥。脾胃俱旺，则能食而肥。脾胃俱虚，则不能食而瘦，或少食而肥，虽肥而四肢不举，盖脾实而邪气盛也。又有善食而瘦者，胃伏火邪于气分则能食，脾虚则肌肉削，即食??亦也。叔和云：多食亦肌虚。此之谓也。夫饮食不节则胃病，胃病则气短，精神少，而生大热，有时而显火上行，独燎其面。《黄帝针经》云：面热者足阳明病。胃既病则脾无所禀受，脾为死阴不主时也，故亦从而病焉。形体劳役则脾病，脾病则怠惰嗜卧，四肢不收，大便泄泻。脾既病，则其胃不能独行津液，故亦从而上焉。大抵脾胃虚弱，阳气不能生长，是春夏之令不行，五脏之气不生。脾病则下流乘肾，土克水，则骨毛无力，是为骨痿，令人骨髓空虚，足不能履地，是阴气重迭，此阴盛阳虚之证。大法云：汗之则愈，下之则死。若用辛甘之药滋胃，当升当浮，使生长之气旺。言其汗者，非正发汗也，为助阳也。夫胃病其脉缓，脾病其脉迟，且其人当脐有动气，按之牢若痛。若火乘土位，其脉洪缓，更有身热心中不便之证，此阳气衰弱不能生发，不当于五脏中用药法治之，当从脏气法时论中升降浮沉补泻法用药耳。如脉缓病怠惰，嗜卧，四肢不收，或大便泄泻，此湿胜，从平胃散。若脉弦气弱，自汗，四肢发热，或大便泄泻，或皮毛枯槁，发脱落，从黄芪建中汤。脉虚而血弱，于四物汤中摘一味或二味，以本显证中加之。或真气虚弱，及气短脉弱，从四君子汤。或渴，或小便闭塞，赤黄多少，从五苓散去桂，摘一二味加正药中。以上五药[药　据文意作「方」。]，当于本证中随所兼见证加减。假令表虚自汗，春夏加黄芪，秋冬加桂。如腹中急缩，或脉弦，加防风；急甚加甘草，腹中窄狭或气短者亦加之；腹满气不转者勿加；虽气不转而脾胃中气不和者，勿去；但加厚朴以破滞气，然亦不可多用，于甘草五分中加一分可也。腹中夯闷，此非腹胀，乃散而不收，可加芍药收之。如肺气短促，或不足者，加人参、白芍药。中焦用白芍药，则脾中升阳，使肝胆之邪不敢犯也。腹中窄狭及缩急者去之，及诸酸濇药亦不可用。腹中痛者，加甘草、白芍药。稼穑作甘，甘者己也；曲直作酸，酸者甲也。甲己化土，此仲景妙法也。腹中痛兼发热，加黄芩；恶寒或腹中觉寒，加桂。怠惰嗜卧有湿，胃虚不能食，或沉困，或泄泻，加苍朮；自汗加白朮。小便不利加茯苓，渴亦加之。气弱者加白茯苓、人参。气盛者加赤茯苓、缩砂仁。气复不能转运有热者，微加黄连；心烦乱亦如之。小便少者加猪苓，泽泻；汗多，津液竭于上勿加之，是津液还入胃中欲自行也。不渴而小便闭塞不通，加炒黄蘗、知母。小便濇者加炒滑石，小便淋濇者加泽泻。且五苓散治渴而小便不利无恶寒者，不得用桂。不渴而小便自利，妄见妄闻，乃瘀血证，用炒黄蘗、知母，以除肾中燥热。窍不利而淋加泽泻、炒滑石。只治窍不利者，六一散中加木通亦可。心脏热者用钱氏方中导赤散。中满或但腹胀者加厚朴，气不顺加橘皮，气滞加青皮一、橘皮三。气短小便利者，四君子汤中去茯苓，加黄芪以补之。如腹中气不转者，更加甘草一半。腹中刺痛或周身刺痛者，或里急者，腹中不宽快是也；或虚坐而大便不得者，皆血虚也，血虚则里急；或血气虚弱，而目睛痛者；皆加当归身。头痛者加川芎，苦头痛加细辛，此少阴之头痛也。发脱落及脐下痛，加熟地黄。予平昔调理脾胃虚弱，于此五药中加减。如五脏证中互显一二证，各对证加药，无不验。然终不能使人完复，后或有因而再至者，亦由督任冲三脉为邪，皆胃气虚弱之所致也。法虽依证加减，执方疗病，不依《素问》法度耳。是以检讨《素问》、《难经》及《黄帝针经》中说脾胃不足之源，乃阳气不足阴气有余，当从六气不足，升降浮沉法，随证用药治之。盖脾胃不足，不同余脏，无定体故也。其治肝心肺肾有余不足，或补或泻，惟益脾胃之药为切。经言至而不至是为不及，所胜妄行，所生受病，所不胜乘之也。至而不至者，谓从后来者为虚邪，心与小肠来乘脾胃也。脾胃脉中见浮大而弦，其病或烦躁闷乱，或四肢发热，或口苦、舌干、咽干，饮食不节，劳役所伤以致脾胃虚弱，乃血所生病，主口中津液不行，故口干咽干也。病人自以为渴，医者治以五苓散，谓止渴燥，而反加渴燥，乃重竭津液以至危亡。经云虚则补其母，当于心与小肠中以补脾胃之根蒂者。甘温之药为之主，以苦寒之药为之使，以酸味为之臣佐。以其心苦缓，急食酸以收之。心火旺则肺金受邪，金虚则以酸补之，次以甘温及甘寒之剂，于脾胃中泻心火之亢盛，是治其本也。所胜妄行者，言心火旺能令母实，母者肝木也，肝木旺，则挟火势无所畏惧而妄行也，故脾胃先受之。或身体沉重，走疰疼痛，盖湿热相搏，而风热郁而不得伸，附着于有形也。或多怒者，风热下陷于地中也。或目病而生内障者，脾裹血，胃主血，心主脉，脉者血之腑也；或云心主血，又云肝主血，肝之窍开于目也。或妄见妄闻，起妄心，夜梦亡人，四肢满闭，转筋，皆肝木大盛而为邪也。或生痿，或生痹，或生厥，或中风，或生恶疮，或作肾痿，或为上热下寒，为邪不一，皆风热不得升长，而木火遏于有形中也。所生受病者，言肺受土火木之邪，而清肃之气伤。或胷满少气短气者，肺主诸气，五脏之气皆不足而阳道不行也。或咳嗽寒热者，湿热乘其内也。所不胜乘之者，水乘木之妄行，而反来侮土。故肾入心为汗，入肝为泣，入脾为涎，入肺为痰、为嗽、为涕、为嚏、为水出鼻也。一说下元土盛克水，致督、任、冲三脉盛，火旺煎熬，令水沸腾而乘脾肺，故痰涎唾出于口也。下行为阴汗，为外肾冷，为足不任身，为脚下隐痛，或水附木势，而上为眼濇、为眵、为冷泪，此皆由肺金之虚而寡于畏也。夫脾胃不足皆为血病，是阳气不足阴气有余，故九窍不通。诸阳气根于阴血中，阴血受火邪则阴盛，阴盛则上乘阳分而阳道不行，无生发升腾之气也。夫阳气走空窍者也，阴气附形质者也，如阴气附于土，阳气升于天，则各安其分也。今所立方中有辛甘温药者，非独用也，复有甘苦大寒之剂，亦非独用也，以火酒二制为之使，引苦甘寒药至顶，而复入于肾肝之下，此所谓升降浮沉之道，自耦而奇，奇而至耦者也。 【 阳分奇，阴分耦。】 泻阴火。以诸风药，升发阳气，以滋肝胆之用，是令阳气生上出于阴分，末用辛甘温药接其升药，使大发散于阳分，而令走九窍也。经云：食入于胃，散精于肝，淫气于筋。食入于胃，浊气归心，淫精于脉，脉气流经，经气归于肺，肺朝百脉，输精于皮毛，毛脉合精，行气于腑，且饮食入胃，先行阳道而阳气升浮也。浮者阳气散满皮毛，升者充塞头顶，则九窍通利者，若饮食不节，损其胃气，不能克化散于肝，归于心，溢于肺，食入则昏冒欲睡，得卧则食在一边，气暂得舒，是知生发之气不行者此也。经云：饮入于胃，游溢精气，上输于脾。脾气散精，上归于肺。病人饮入胃，遽觉至脐下，便欲小便，由精气不输于脾，不归于肺，则心火上攻，使口燥咽干，是阴气大盛，其理甚易知也。况脾胃病，则当脐有动气，按之牢若痛，有是者，乃脾胃虚，无是则非也。亦可作明辩矣。,病名,"[""情志异常""]",,脾胃虚弱证,,[],,"[""活动受限"", ""乏力"", ""步态不稳""]",,"[""中药内服""]",,"[{""name"": ""平胃散"", ""type"": ""方剂"", ""note"": ""用于湿胜、脾胃虚弱所致怠惰、泄泻""}, {""name"": ""黄芪建中汤"", ""type"": ""方剂"", ""note"": ""用于气弱自汗、四肢发热""}, {""name"": ""四君子汤"", ""type"": ""方剂"", ""note"": ""用于真气虚弱、气短脉弱""}, {""name"": ""五苓散"", ""type"": ""方剂"", ""note"": ""用于渴或小便不利之兼证""}]",1.0,土克水，则骨毛无力，是为骨痿，令人骨髓空虚，足不能履地,True,True,,"[{""classical_span"": ""是为骨痿，令人骨髓空虚"", ""why_supports"": ""直接出现骨痿及骨髓空虚，强指向骨质疏松""}, {""classical_span"": ""足不能履地"", ""why_supports"": ""提示下肢无力、活动受限，符合骨弱表现""}]",3,"[""未出现现代诊断标准，古今映射存在语义差异"", ""症状描述广泛，部分可能由非骨病因素导致"", ""方药多为整体调理，非专指骨病治疗""]",587eed1ad4914233d4771f963675d784,"['五苓散', '四君子汤', '平胃散', '黄芪建中汤']",近现代,"['乏力', '步态不稳', '活动受限']"
ok,1377,2026-02-04 17:34:56,急救广生集,1795.0,骨折,卷八·一切伤痛 闪折伤,骨折肿痛 狗骨烧研，热醋调涂。（《敬修斋方》）,外治法,[],,删除,,[],,"[""骨痛""]",,"[""中药外用""]",,"[{""name"": ""五灵脂"", ""type"": ""单味药"", ""note"": ""与他药同研末外涂患处""}, {""name"": ""白芨"", ""type"": ""单味药"", ""note"": ""与他药同研末外涂患处""}, {""name"": ""乳香"", ""type"": ""单味药"", ""note"": ""配伍活血止痛，外用""}, {""name"": ""没药"", ""type"": ""单味药"", ""note"": ""配伍活血止痛，外用""}]",0.2,骨折肿痛∶五灵脂、白芨各一两，乳香、没药各三钱。,True,True,,"[{""classical_span"": ""骨折肿痛"", ""why_supports"": ""仅提示骨折疼痛，未区分是否脆性骨折，属弱相关""}]",1,"[""文本为急性外伤骨折外治，非慢性骨弱疾病"", ""未见骨痿、骨弱或年老易折等指向性描述"", ""无法据此判定具体骨质疏松表型""]",5f6c2b2bad13cf259189cbd613bcdeea,"['乳香', '五灵脂', '没药', '白芨']",清,['骨痛']
ok,1378,2026-02-04 17:34:57,本草纲目拾遗,1765.0,骨折,卷一 水部 日精油,泰西所制，本草补云∶其药料多非中土所有，旅人九万里携至中邦，决非寻常浅效，勿轻视 焉可也。治一切刀枪木石及马踢犬咬等伤，止痛敛口，大有奇效。用法∶先视伤口大小若何，其长阔而皮绽，先以酒洗拭净，随用线缝，大约一寸三，缝合不可太密。伤口小者，无用缝矣。既缝，以酒又洗拭净，将洁净瓷器盛油烘热，以男人所穿旧绵布，取经纬长短，以伤口为度，逐缕蘸油，贴满疮口。又以男人所穿旧布包裹，忌用女人所穿者，至三四日后解开，润油少许，如前包固，数日即愈。如伤久血干，略爪破或刀刮，俾令血水以通药气，如前包固。但血多则至流药，故无血不可，多血亦不可也。伤处忌水与口涎，最宜防之，若伤以已含脓及骨折者，此油无益，不必用矣。如心腹耳鼻手足及各处骨节疼痛，果属风寒，非关燥热，则此油可治。问的痛之所，以油揉擦极热为度，然后以男人所穿旧布包裹，当用药，须坐密室，切勿见风，并忌食寒冷等物（本草补）。,外治法,[],,删除,,[],,"[""骨痛""]",,"[""中药外用""]",,"[{""name"": ""日精油"", ""type"": ""外治"", ""note"": ""外用敷贴、揉擦，治刀枪伤及风寒所致骨节疼痛；骨折者无益""}]",0.2,,True,False,愈,"[{""classical_span"": ""若伤以已含脓及骨折者，此油无益"", ""why_supports"": ""明确提及骨折但为急性外伤，且说明该药对骨折无效，非骨弱/骨痿""}, {""classical_span"": ""各处骨节疼痛，果属风寒"", ""why_supports"": ""仅为风寒骨节疼痛，缺乏骨量减少或脆性骨折指向""}]",1,"[""文本为外伤与风寒疼痛治疗，非慢性骨弱性疾病"", ""虽出现骨折一词，但明确排除治疗效果，不能映射骨质疏松"", ""缺乏年老、易折、骨痿等关键证据""]",076e482266280f6e4d5d3f7d859b170f,['日精油'],清,['骨痛']
ok,1376,2026-02-04 17:34:59,本草纲目,1596.0,骨折,菜部第二十六卷 菜之一 葱,脑破骨折∶蜜和葱白捣匀，浓封立效。（《肘后方》）。,外治法,[],,删除,,[],,"[""其他""]",原文为“脑破骨折”，属外伤性骨折，未提示骨弱或脆性骨折背景,"[""中药外用""]",,"[{""name"": ""蜜"", ""type"": ""外治"", ""note"": ""与葱白同捣外敷，用于骨折""}, {""name"": ""葱白"", ""type"": ""外治"", ""note"": ""与蜂蜜同用，外敷患处""}]",0.2,,True,False,显效,"[{""classical_span"": ""脑破骨折∶蜜和葱白捣匀，浓封立效"", ""why_supports"": ""明确为外伤性骨折的外治方法，未涉及骨弱或慢性骨病""}]",1,"[""条文仅述外伤骨折，缺乏骨痿或骨弱证据"", ""未见人群、证型或慢性表现，难以映射骨质疏松"", ""若强行归为脆性骨折将超出原文信息""]",727a016b5d521486ed493ec53b566782,"['葱白', '蜜']",明,['其他']
ok,1379,2026-02-04 17:35:00,本草纲目拾遗,1765.0,骨折,卷九 兽部 山羊血,山羊似羊而大，善斗，能上绝壁，每登高处失足，或至骨折，少顷如故，喜食三七苗。其血主治损伤极妙，轻者服数厘，重者二、三分，以心血为上，身血次之。色黑有光，而质轻者为真。陆祚蕃粤西偶记∶试山羊血，取鸡血半杯，投一粒，过宿变成水；或以久凝臭鸡血一块，投入山羊血，过宿反变成鲜血乃真。 濒湖纲目云∶山羊即野羊也，一名 羊，非今之家山羊也。时珍于山羊主治条，仅载其肉之功用，不及油与血之用，此并附之。 今人收得干血成块者，必用糯米养之，云可久留不枯。,方药,[],,删除,,[],,"[""其他""]",文本所述为登高失足所致外伤性骨折，非脆性骨折或骨弱表现,"[""中药内服""]",,"[{""name"": ""山羊血"", ""type"": ""单味药"", ""note"": ""主治损伤，轻者数厘，重者二三分，以心血为上""}]",0.2,,True,False,,"[{""classical_span"": ""或至骨折，少顷如故"", ""why_supports"": ""仅记载外伤性骨折及其恢复，用于损伤治疗，缺乏骨弱或反复易折证据""}]",1,"[""文本聚焦外伤损伤治疗而非骨量减少或骨弱"", ""未出现骨痿、骨枯等与骨质疏松高度一致的病名或描述"", ""证据不足以区分为脆性骨折，强行映射将扩大解释""]",89b07b698cac2d5b815fdc98b09677e6,['山羊血'],清,['其他']
ok,1381,2026-02-04 17:35:05,本草述钩元,1833.0,骨折,卷四 五金部 自然铜,〔论〕 自然铜非火 不可。凡诸损药必热。能生气血以接骨。此物火金相煽。燥热愈甚。先哲云。凡刀斧跌磕。闪肭脱臼者。初时不可便用自然铜。久后方可用之。折骨者。宜便用之。若不折骨。不碎骨。则不可用。然则兹物续筋骨。乃其所长。若非骨折骨碎。尚不须此。即宜用而辄早。犹以贻患也。,方药,[],,血瘀气滞证,原文仅论外伤骨折接骨用药，未涉及虚损类证型辨析,[],,"[""其他""]",外伤性骨折（刀斧跌磕、闪肭脱臼、折骨）,[],,"[{""name"": ""自然铜"", ""type"": ""单味药"", ""note"": ""用于折骨、碎骨之接骨续筋，非骨折者不宜""}]",0.2,能生气血以接骨……折骨者。宜便用之,True,False,,"[{""classical_span"": ""能生气血以接骨"", ""why_supports"": ""体现接骨续筋之功，涉及骨折修复而非骨量减少""}, {""classical_span"": ""凡刀斧跌磕……折骨者。宜便用之"", ""why_supports"": ""明确指向急性外伤性骨折情境""}]",1,"[""文本仅涉及外伤骨折接骨，非慢性骨弱或脆性骨折"", ""未出现骨痿、骨疏等与骨质疏松高度相关病名"", ""缺乏老年、虚损背景仍强行对应可能过度映射""]",fd608d11f53cc2dcc4ca0b2cc103e7f2,['自然铜'],清,['其他']
ok,3251,2026-02-04 18:49:29,"古今图书集成医部全录005（93-121,脏腑经络运气）",1934.0,骨虚,古今图书集成医部全录卷一百四,五味能交心肾，须茯神、远志、川归、山药、苁蓉、枸杞。龙骨赡养精神，与益智、茴香、故纸、鹿茸、牛膝、黄芪。地黄补肾益阴，加当归而补髓 【 二宜丸】 。附子驱寒去湿，倍人参而壮阳 【 参附汤】 。虎骨治骨虚酸痛。,病名,[],,肾阳虚证,,[],,"[""骨痛""]",,"[""中药内服""]",,"[{""name"": ""二宜丸"", ""type"": ""方剂"", ""note"": ""地黄补肾益阴，加当归而补髓""}, {""name"": ""参附汤"", ""type"": ""方剂"", ""note"": ""附子驱寒去湿，倍人参而壮阳""}, {""name"": ""虎骨"", ""type"": ""单味药"", ""note"": ""治骨虚酸痛""}, {""name"": ""茯神"", ""type"": ""单味药"", ""note"": ""五味交心肾用药之一""}, {""name"": ""远志"", ""type"": ""单味药"", ""note"": ""五味交心肾用药之一""}, {""name"": ""当归"", ""type"": ""单味药"", ""note"": ""补血益髓""}, {""name"": ""山药"", ""type"": ""单味药"", ""note"": ""补益脾肾""}, {""name"": ""苁蓉"", ""type"": ""单味药"", ""note"": ""补肾助阳""}, {""name"": ""枸杞"", ""type"": ""单味药"", ""note"": ""补肝肾""}, {""name"": ""龙骨"", ""type"": ""单味药"", ""note"": ""赡养精神""}, {""name"": ""益智"", ""type"": ""单味药"", ""note"": ""配伍龙骨""}, {""name"": ""茴香"", ""type"": ""单味药"", ""note"": ""配伍龙骨""}, {""name"": ""故纸"", ""type"": ""单味药"", ""note"": ""配伍龙骨""}, {""name"": ""鹿茸"", ""type"": ""单味药"", ""note"": ""配伍龙骨""}, {""name"": ""牛膝"", ""type"": ""单味药"", ""note"": ""配伍龙骨""}, {""name"": ""黄芪"", ""type"": ""单味药"", ""note"": ""配伍龙骨""}, {""name"": ""附子"", ""type"": ""单味药"", ""note"": ""驱寒去湿，壮阳""}]",1.0,虎骨治骨虚酸痛,True,True,,"[{""classical_span"": ""骨虚"", ""why_supports"": ""明确出现骨虚病名，直接指向骨弱范畴""}, {""classical_span"": ""骨虚酸痛"", ""why_supports"": ""描述骨痛与骨虚并见，符合骨量不足相关表现""}]",1,"[""文本未涉及骨虚而强行映射骨质疏松"", ""中医证型或现代表型超出原文证据进行推断"", ""药物或方剂非原文所载而臆造""]",2143d2ea687a77dd667710d171d9e8f9,"['二宜丸', '参附汤', '山药', '当归', '故纸', '枸杞', '牛膝', '益智', '苁蓉', '茯神', '茴香', '虎骨', '远志', '附子', '鹿茸', '黄芪', '龙骨']",近现代,['骨痛']
ok,1394,2026-02-04 17:35:33,滇南本草,1436.0,骨折,第三卷 刺脑包,（附方）骨折，用鲜根捣碎，酒炒热敷。,外治法,[],,血瘀气滞证,原文仅述骨折外治，未见脏腑虚实或证候辨析依据,[],,"[""其他""]",骨折（外伤性），原文未提示脆性或反复骨折,"[""中药外用""]",,"[{""name"": ""刺脑包鲜根"", ""type"": ""外治"", ""note"": ""捣碎，酒炒热敷，用于骨折""}]",0.2,,True,False,,"[{""classical_span"": ""骨折，用鲜根捣碎，酒炒热敷"", ""why_supports"": ""仅记载外伤性骨折的外治方法，缺乏骨弱/脆性证据""}]",1,"[""原文为外伤性骨折处理，非骨量减少或骨弱描述"", ""未出现骨痿、骨弱、易折等与骨质疏松高度一致的病名或特征"", ""缺乏人群、证型及慢性演变信息，映射证据不足""]",708ef343cea645d26f71d0aa80c27a31,['刺脑包鲜根'],明,['其他']
ok,1398,2026-02-04 17:35:40,外科启玄,1604.0,骨折,卷之十二 各分门类。定立奇验神方。 打跌伤疮部,治跌打损伤骨折疼痛等症。,方药,[],,删除,,[],,"[""骨痛""]",,"[""中药内服""]",,"[{""name"": ""定痛散"", ""type"": ""方剂"", ""note"": ""用于治疗跌打损伤、骨折所致疼痛""}]",0.2,,True,False,,"[{""classical_span"": ""治跌打损伤，骨折疼痛等症"", ""why_supports"": ""仅涉及外伤性骨折与疼痛，为急性损伤描述，非骨弱或脆性骨折""}]",1,"[""原文仅述跌打损伤所致骨折疼痛，缺乏骨弱或骨量不足证据"", ""未出现年老、久病或反复易折等骨质疏松关键线索"", ""若强行映射为脆性骨折或骨痿属证据不足""]",aa4a131ace5b97ce24e5739db3deb917,['定痛散'],明,['骨痛']
ok,1406,2026-02-04 17:35:55,普济方（四库本301-360卷）,1406.0,骨折,普济方卷三百十,治打扑伤损或骨折者,方药,[],,血瘀气滞证,,[],,"[""骨折""]",,"[""中药内服"", ""中药外用""]",,"[{""name"": ""荷叶（未展阴干）"", ""type"": ""单味药"", ""note"": ""为末，食前以童便调服，用以利下恶物""}, {""name"": ""童便"", ""type"": ""其他"", ""note"": ""内服调药用""}, {""name"": ""韭汁"", ""type"": ""单味药"", ""note"": ""和重便饮之，散瘀血""}, {""name"": ""葱白"", ""type"": ""外治"", ""note"": ""与蜜捣匀，外敷骨折患处""}, {""name"": ""白芨末"", ""type"": ""单味药"", ""note"": ""酒调二钱服，用于骨折""}]",0.2,骨折者，蜜和葱白捣匀，浓封患处，酒调白芨末二钱服之。,True,True,,"[{""classical_span"": ""骨折者"", ""why_supports"": ""明确提及骨折，但未说明为年老或骨弱所致""}]",1,"[""条文主治为外伤骨折，未见骨弱或反复骨折描述"", ""缺乏与年老、肾虚或骨量减少相关的长期表现"", ""不能区分是否为脆性骨折，映射证据较弱""]",294733cce694206094f647aca2bc0b09,"['白芨末', '童便', '荷叶', '葱白', '韭汁']",明,['骨折']
ok,1403,2026-02-04 17:35:56,疯门全书,1836.0,骨折,正治诸方,舒筋蒺藜散 治麻疯筋拳骨折。十指脱落。或指曲不伸。身多死肉。外有粗皮。黑如蛇鳞。白似鱼鳞。口眼歪。鼻塌声哑。足底溃烂。已成不治。惟此能治之。但非病重难瘳。不可轻投也。,方药,[],,删除,,[],,"[""其他""]",文中出现“骨折”，但系麻疯（癞病）所致筋骨毁损，并非脆性骨折,"[""中药内服""]",,"[{""name"": ""舒筋蒺藜散"", ""type"": ""方剂"", ""note"": ""主治麻疯所致筋拳、骨折等重证""}]",0.2,舒筋蒺藜散 治麻疯筋拳骨折,True,False,,"[{""classical_span"": ""治麻疯筋拳骨折"", ""why_supports"": ""仅提示存在骨折，但病因明确为麻疯，并非骨弱或脆性骨折""}]",1,"[""骨折明确由麻疯导致，非骨量减少所致"", ""无骨痿、骨弱、年老易折等骨质疏松核心语义"", ""症状多为感染性毁损与畸形，病理机制不符""]",fd13909e134e49f850b621a1d3cb90dc,['舒筋蒺藜散'],清,['其他']
ok,1404,2026-02-04 17:35:57,冯氏锦囊秘录,1694.0,骨折,杂症大小合参卷七 方脉跌扑损伤诸痛合参,韭汁和童便饮，散其瘀血，骨折者，蜜和葱白，捣匀浓封，酒调白芨末二钱服。,方药,[],,血瘀气滞证,,[],,"[""其他""]",骨折（由跌扑损伤所致，非自发或脆性骨折）,"[""中药内服"", ""中药外用""]",,"[{""name"": ""韭汁"", ""type"": ""单味药"", ""note"": ""与童便同饮以散瘀血""}, {""name"": ""童便"", ""type"": ""其他"", ""note"": ""内服，助散瘀血""}, {""name"": ""蜂蜜"", ""type"": ""其他"", ""note"": ""与葱白外敷封裹骨折处""}, {""name"": ""葱白"", ""type"": ""单味药"", ""note"": ""外敷骨折处""}, {""name"": ""白芨"", ""type"": ""单味药"", ""note"": ""酒调末服，用于骨折""}]",0.2,,True,False,,"[{""classical_span"": ""骨折者，蜜和葱白，捣匀浓封"", ""why_supports"": ""明确指向跌扑损伤所致骨折的处理，为急性外伤语境""}]",1,"[""文本为跌扑损伤后的骨折治疗，非慢性骨弱或自发骨折"", ""未出现骨痿、骨弱、年老易折等指向骨质疏松的描述"", ""证据不足以支持具体现代骨质疏松分型映射""]",2870376661bff8add38639090fad02a7,"['白芨', '童便', '葱白', '蜂蜜', '韭汁']",清,['其他']
ok,1410,2026-02-04 17:36:06,古今医鉴,1576.0,骨折,卷之十六 折伤,补损接骨仙丹（刘前冈传） 治打扑伤损，骨折筋断，皮破肉烂，疼痛不可忍。,方药,[],,删除,,[],,[],,"[""中药内服""]",,"[{""name"": ""补损接骨仙丹"", ""type"": ""方剂"", ""note"": ""用于治打扑伤损、骨折筋断之接骨止痛""}]",0.2,治打扑伤损，骨折筋断，皮破肉烂，疼痛不可忍。,True,False,,"[{""classical_span"": ""治打扑伤损，骨折筋断"", ""why_supports"": ""描述为外伤所致急性骨折，非骨弱或年老易折之内因病变""}]",1,"[""仅为外伤性骨折记载，缺乏骨弱或骨量不足证据"", ""未见年老、久病或反复易折等指向骨质疏松的关键信息"", ""强行映射为骨质疏松将混淆急性创伤与慢性骨病""]",9d3e2a2cf9d7222e94af0c2837fc9a59,['补损接骨仙丹'],明,[]
ok,588,2026-02-04 17:03:42,古今图书集成医部全录009（211-302）,1934.0,骨痿,古今图书集成医部全录卷二百十六,牛膝丸　治肾肝损，骨痿不能起于床，筋缓不能收持，宜益精缓中。,病名,[],,删除,,[],,"[""活动受限""]",,"[""中药内服""]",,"[{""name"": ""牛膝丸"", ""type"": ""方剂"", ""note"": ""出《保命集方》，用于治疗肾肝损、骨痿不能起于床""}, {""name"": ""牛膝"", ""type"": ""单味药"", ""note"": ""酒浸，方中主药之一""}, {""name"": ""萆薢"", ""type"": ""单味药"", ""note"": ""方中配伍药物""}, {""name"": ""杜仲"", ""type"": ""单味药"", ""note"": ""炒去丝，方中配伍药物""}, {""name"": ""苁蓉"", ""type"": ""单味药"", ""note"": ""酒浸，方中配伍药物""}, {""name"": ""防风"", ""type"": ""单味药"", ""note"": ""方中配伍药物""}, {""name"": ""菟丝子"", ""type"": ""单味药"", ""note"": ""酒浸，方中配伍药物""}, {""name"": ""白蒺藜"", ""type"": ""单味药"", ""note"": ""方中配伍药物""}]",1.0,能治肾肝损。骨痿不能起于床。筋缓不能收持。,True,True,,"[{""classical_span"": ""骨痿不能起于床"", ""why_supports"": ""直接出现“骨痿”病名，指骨弱痿软、功能受限""}, {""classical_span"": ""筋缓不能收持"", ""why_supports"": ""反映筋骨痿软、支持功能下降""}]",1,"[""仅凭后世理解将古代骨痿等同于现代骨质疏松，可能存在概念差异"", ""文本未涉及年龄、性别或骨折情况，现代表型映射不足"", ""证型与人群信息缺失，限制了完整综合判断""]",c8317d7de71415c9c17de12afc7de755,"['杜仲', '牛膝', '牛膝丸', '白蒺藜', '苁蓉', '菟丝子', '萆薢', '防风']",近现代,['活动受限']
ok,1414,2026-02-04 17:36:19,医宗金鉴,1742.0,骨折,外科卷下 \ 正骨心法 正骨心法 \ 头面部,此膏治跌打损伤，筋断骨折，肿硬青紫。,方药,[],,血瘀气滞证,原文未明确辨证分型，仅述跌打损伤、筋断骨折等外伤情况,[],,"[""骨痛"", ""活动受限""]",,"[""中药内服""]",,"[{""name"": ""没药降灵丹"", ""type"": ""方剂"", ""note"": ""用于治疗跌打损伤、筋断骨折、疼痛屈伸不利""}]",0.2,,True,False,,"[{""classical_span"": ""治跌打损伤，筋断骨折"", ""why_supports"": ""明确为外伤性骨折治疗，非骨弱或脆性骨折范畴""}]",1,"[""条文以急性跌打损伤为主，外伤因素强，难以映射骨质疏松"", ""未见骨痿、骨弱、年老易折等慢性骨量减少描述"", ""缺乏与原发或继发性骨质疏松直接相关的病因证据""]",024f956890114f55e0602f4474c5bf90,['没药降灵丹'],清,"['活动受限', '骨痛']"
ok,1416,2026-02-04 17:36:20,古今医统大全,1556.0,骨折,卷之七十九 伤损门（古方名正骨科）,降真龙骨散 治打扑骨折，此药自顶心至足底周遍一身，遇病处则飒飒有声，患人自觉药力习习往来。,方药,[],,血瘀气滞证,原文仅述外伤骨折用药，未见证型辨述,[],,"[""其他""]",外伤性骨折（打扑骨折），非脆性骨折,"[""中药内服""]",,"[{""name"": ""降真龙骨散"", ""type"": ""方剂"", ""note"": ""治打扑骨折之用方""}]",0.2,降真龙骨散 治打扑骨折,True,False,,"[{""classical_span"": ""治打扑骨折"", ""why_supports"": ""明确为外伤性骨折治疗，提示与慢性骨弱类疾病关联较弱""}]",1,"[""记载为急性外伤骨折，非骨量减少或骨脆性表现"", ""未见年老骨弱、易折或反复骨折等骨质疏松关键信息"", ""无证型与人群背景，难以进行稳定古今病机映射""]",423405f54ae9588c16152f7977dff08c,['降真龙骨散'],明,['其他']
ok,1418,2026-02-04 17:36:24,普济方（四库本301-360卷）,1406.0,骨折,普济方卷三百十,治脑骨破及骨折,外治法,[],,血瘀气滞证,原文仅述外伤骨折外治，未涉及辨证分型,[],,"[""骨折""]",,"[""中药外用""]",,"[{""name"": ""葱白"", ""type"": ""外治"", ""note"": ""细切与蜜捣和，外敷损处""}, {""name"": ""蜜"", ""type"": ""外治"", ""note"": ""与葱白同用作外敷材料""}]",0.2,,True,False,愈,"[{""classical_span"": ""治脑骨破及骨折"", ""why_supports"": ""明确为外伤性骨折治疗，非慢性骨弱或骨痿描述""}]",1,"[""条文仅述急性外伤骨折，缺乏骨弱或年老易折证据"", ""未见骨痿、骨枯等与骨质疏松高度对应病名"", ""症状与病机可能完全由外伤导致而非代谢性骨病""]",395587b16a4efbd2a4892df22e7f915c,"['葱白', '蜜']",明,['骨折']
ok,1422,2026-02-04 17:36:42,急救广生集,1795.0,骨折,卷八·一切伤痛 闪折伤,脑破骨折 蜜和葱白，捣匀浓敷，立效。（《怀德塞秘 》）,外治法,[],,删除,,[],,"[""骨折""]",文本仅述“骨折”，未说明是否低能量/反复发作，故为泛指骨折,"[""中药外用""]",,"[{""name"": ""蜜"", ""type"": ""外治"", ""note"": ""与葱白同用，捣匀浓敷""}, {""name"": ""葱白"", ""type"": ""外治"", ""note"": ""与蜜同用，外敷骨折处""}]",0.2,,True,False,立效,"[{""classical_span"": ""脑破骨折"", ""why_supports"": ""仅描述急性外伤所致骨折，未涉及骨弱或反复易折""}]",1,"[""文本为急性外伤骨折处理，非慢性骨病"", ""未见骨痿、骨弱、年老易折等关键信息"", ""仅提供外用验方，缺乏骨量或体质层面描述""]",43a6513e88a9d7a5dbffaca502d4b8bc,"['葱白', '蜜']",清,['骨折']
ok,791,2026-02-04 17:11:45,古今图书集成医部全录009（211-302）,1934.0,骨痿,古今图书集成医部全录卷二百十六,骨痿,方药,[],,肾虚血瘀证,原文仅述“骨痿”及用方，未明确对应肾、肝、脾等具体证型,[],,[],,"[""中药内服""]",,"[{""name"": ""减味清燥汤"", ""type"": ""方剂"", ""note"": ""由清燥汤减味而成，文中明确“治骨痿”""}]",1.0,治骨痿,True,True,,"[{""classical_span"": ""骨痿"", ""why_supports"": ""骨痿为古籍中高度指向骨萎弱、骨质衰退的病名，与骨质疏松语义高度一致""}, {""classical_span"": ""治骨痿"", ""why_supports"": ""明确指出该方剂直接用于治疗骨痿，显示针对骨病本身""}]",3,"[""未在原文中明确现代骨折或骨量减少指标，若强行细分现代表型可能属臆造"", ""原文未给出具体证候表现，强行匹配固定证型可能不合规"", ""若将非治骨痿用药（如苏合香丸）纳入，可能超出骨病相关范围""]",f1172b0a65d5209bc5859dcd2ab9836a,['减味清燥汤'],近现代,[]
ok,803,2026-02-04 17:12:11,古今图书集成医部全录009（211-302）,1934.0,骨痿,古今图书集成医部全录卷二百十六,【 注　皮肉筋骨，内合于五脏，五脏之气，外合于四时，始病在外之有形，复伤在内之五气，外内形气相合，而邪舍于内矣。肾者胃之关，关门不利则胃气不转，故善胀也。肾主骨，骨痿而不能行，故尻以代踵。阴病者不能仰，故脊以代头。】,病名,[],,脾肾阳虚,,[],,"[""骨痛""]",原文述“骨痿、腿疼”,"[""中药内服""]",,"[{""name"": ""胡桃仁"", ""type"": ""单味药"", ""note"": ""补肾，治齿牙与骨痿相关""}, {""name"": ""补骨脂"", ""type"": ""单味药"", ""note"": ""与胡桃仁并用，治肾经虚寒、骨痿腿疼""}]",1.0,若肾经虚寒，泄泻、骨痿、腿疼用之皆效,True,True,显效,"[{""classical_span"": ""骨痿"", ""why_supports"": ""骨痿为古籍中与骨质疏松高度对应的病名范畴""}, {""classical_span"": ""肾主骨"", ""why_supports"": ""体现骨病与肾虚相关的核心病机""}]",1,"[""文本未明确出现骨折或身高变矮等现代特征，可能被质疑为其他骨病"", ""未指明患者年龄或性别，现代分型映射存在不足"", ""症状描述较概括，缺乏客观量化指标""]",9025330dad193ffd57078a1577f9e3ad,"['胡桃仁', '补骨脂']",近现代,['骨痛']
ok,1434,2026-02-04 17:36:59,景岳全书,1624.0,骨折,卷之六十四春集&#183;外科钤古方 外科,《秘传》正骨丹：（二三二） 治跌打损伤，骨折血瘀，而伤之重者，用此可续筋骨。,方药,[],,血瘀气滞证,,[],,[],,"[""中药内服""]",,"[{""name"": ""正骨丹"", ""type"": ""方剂"", ""note"": ""治跌打损伤、骨折血瘀，用以续筋骨""}]",0.2,治跌打损伤，骨折血瘀，而伤之重者，用此可续筋骨。,True,True,,"[{""classical_span"": ""骨折血瘀"", ""why_supports"": ""明确指向外伤性骨折与血瘀，并非骨弱自发折，相关性较弱""}]",1,"[""文本主要为急性外伤骨折治疗，非慢性骨弱病机"", ""未见骨痿、骨疏、年老易折等指向性描述"", ""将外伤骨折直接等同骨质疏松可能造成过度映射""]",de4703aab1dd4a284680bb10b33bf3e2,['正骨丹'],明,[]
ok,1435,2026-02-04 17:37:13,景岳全书,1624.0,骨折,卷之六十四春集&#183;外科钤古方 外科,损伤敷夹法：（二四七）凡损伤骨折者，先须整骨使正，随用川乌、草乌等分为末，以生姜汁调贴之，夹定，然后服药，无有不效。,外治法,[],,删除,,[],,[],,"[""中药外用""]",,"[{""name"": ""川乌"", ""type"": ""外治"", ""note"": ""与草乌等分为末，外敷固定""}, {""name"": ""草乌"", ""type"": ""外治"", ""note"": ""与川乌等分为末，外敷固定""}, {""name"": ""生姜汁"", ""type"": ""外治"", ""note"": ""调药外贴之用""}]",0.2,,True,False,显效,"[{""classical_span"": ""凡损伤骨折者"", ""why_supports"": ""明确为外伤性骨折治疗，非骨弱或脆性骨折描述""}]",1,"[""条文为急性外伤骨折处理，缺乏骨弱、骨痿等慢性指向"", ""未见老年、反复骨折或骨量不足等关键信息"", ""不能据此推断具体骨质疏松证型或人群""]",c0726bbef6ad125c2e60f29bf27ce4f4,"['川乌', '生姜汁', '草乌']",明,[]
ok,960,2026-02-04 17:18:22,古今图书集成医部全录009（211-302）,1934.0,骨痿,古今图书集成医部全录卷二百十五,牛膝丸 【 《保命集》】 　治肝肾损骨痿，不能起于床，筋弱不能收持，宜益精缓中。,方药,[],,肝肾阴虚证,原文仅述“肝肾损骨痿”，未明确阴虚或阳虚属性,[],,"[""活动受限"", ""乏力""]",,"[""中药内服""]",,"[{""name"": ""牛膝丸"", ""type"": ""方剂"", ""note"": ""治肝肾损骨痿，益精缓中""}]",1.0,治肝肾损骨痿，不能起于床，筋弱不能收持,True,True,,"[{""classical_span"": ""肝肾损骨痿"", ""why_supports"": ""“骨痿”为古籍中高度对应骨质疏松的核心病名""}, {""classical_span"": ""不能起于床"", ""why_supports"": ""反映骨与筋力衰弱导致的功能受限""}]",3,"[""若将“肝肾损”直接等同具体虚证，可能构成证型臆断"", ""若强行判定具体现代表型，证据不足"", ""若加入未在原文出现的症状或疗效，属于越界推断""]",606df09a14e760ca66230213083fff00,['牛膝丸'],近现代,"['乏力', '活动受限']"
ok,975,2026-02-04 17:18:48,古今图书集成医部全录009（211-302）,1934.0,骨痿,古今图书集成医部全录卷二百十六,加味虎潜丸　虎之精力潜于胫骨，人肾主骨而司精，精弱则骨痿，用此强骨补精，故名虎潜。,方药,[],,肾虚血瘀证,文中仅言“人肾主骨而司精，精弱则骨痿”，未明确区分阴虚或阳虚,[],,[],,"[""中药内服""]",,"[{""name"": ""加味虎潜丸"", ""type"": ""方剂"", ""note"": ""用于强骨补精，治疗骨痿""}]",1.0,人肾主骨而司精，精弱则骨痿，用此强骨补精,True,True,,"[{""classical_span"": ""精弱则骨痿"", ""why_supports"": ""明确出现“骨痿”，为古籍中与骨质疏松高度对应的病名""}, {""classical_span"": ""强骨补精"", ""why_supports"": ""治疗目标直接指向骨弱、骨痿等骨量不足状态""}]",1,"[""未提供明确人群或年龄信息却强行标注现代表型"", ""将未区分阴阳的肾虚误判为具体证型"", ""脱离原文臆造症状或转归信息""]",946a4185e4d5aeaf032c99179dd2f8bb,['加味虎潜丸'],近现代,[]
ok,1458,2026-02-04 17:37:58,普济方,1406.0,骨折,卷三百九 折伤门 接骨手法,并敷 待疮  x 骨伤折法 x 令病患正坐。一手拿病患膝下。一手拿脚腕。用力伸舒扯拽。捏骨平正。如皮破者。玉真散 用 味  x破伤骨折法 x 如破伤折骨。服乌头散麻之。如骨折签出皮者。用铜匙柄挑起皮。皮破如臼。用玉真散敷 可 接 成  x脚腕蹉跌出臼法 x 令病患正坐倒。一手拿病患脚腕。一手拿脚大趾。搜摇动 。捏骨入臼平正。用走马散敷贴 散。,外治法,[],,血瘀气滞证,文本为跌仆外伤、折伤接骨处理，属外伤范畴，非内在虚损证型,[],,"[""其他""]",骨折（明确为跌仆/蹉跌等外伤所致，非脆性骨折）,"[""中药外用"", ""其他""]",接骨手法、牵引复位、敷贴散药,"[{""name"": ""玉真散"", ""type"": ""方剂"", ""note"": ""皮破、骨折外敷以助接骨""}, {""name"": ""乌头散"", ""type"": ""方剂"", ""note"": ""破伤折骨时服用以麻之""}, {""name"": ""走马散"", ""type"": ""方剂"", ""note"": ""脚腕出臼后敷贴""}]",0.2,,True,False,,"[{""classical_span"": ""折伤门 接骨手法"", ""why_supports"": ""明确为外伤折伤的接骨处理""}, {""classical_span"": ""脚腕蹉跌出臼法"", ""why_supports"": ""描述跌仆导致的急性脱臼/骨伤""}, {""classical_span"": ""破伤折骨"", ""why_supports"": ""强调外伤性骨折而非骨弱自折""}]",1,"[""文本为急性外伤折伤，非骨量减少或骨弱所致"", ""未见年老骨弱、反复易折等骨质疏松关键信号"", ""证型与人群信息不足，强行映射将导致过度解读""]",079bbfd3e2b06602abd6124f590118e4,"['乌头散', '玉真散', '走马散']",明,['其他']
ok,1459,2026-02-04 17:37:59,普济方（四库本301-360卷）,1406.0,骨折,普济方卷三百九,紫金丹　治打伤损骨折,方药,[],,删除,,[],,"[""其他""]",外伤所致骨折（打伤损骨折），非自发或脆性骨折,"[""中药内服""]",,"[{""name"": ""紫金丹"", ""type"": ""方剂"", ""note"": ""治打伤损骨折，内服丸剂""}]",0.2,,True,False,,"[{""classical_span"": ""治打伤损骨折"", ""why_supports"": ""明确为外伤性骨折治疗，提示骨病但非骨弱或脆性骨折""}]",1,"[""条目为外伤折伤用药，非慢性骨弱或骨痿范畴"", ""未见年老、骨脆或反复易折等骨质疏松核心证据"", ""仅凭“骨折”一词不足以判定骨质疏松相关""]",ac0b854833c870cbefd550e58df7c10d,['紫金丹'],明,['其他']
ok,1461,2026-02-04 17:38:13,普济方（四库本301-360卷）,1406.0,骨折,普济方卷三百九,治攧骨折伤方,方药,[],,删除,,[],,[],,"[""中药内服""]",,"[{""name"": ""麻皮"", ""type"": ""单味药"", ""note"": ""与诸物等分烧灰为末，酒调服""}, {""name"": ""糯米"", ""type"": ""单味药"", ""note"": ""与诸物等分烧灰为末，酒调服""}, {""name"": ""黑豆"", ""type"": ""单味药"", ""note"": ""与诸物等分烧灰为末，酒调服""}, {""name"": ""栗子"", ""type"": ""单味药"", ""note"": ""无栗壳亦得，与诸物等分烧灰为末，酒调服""}]",0.2,,True,False,,"[{""classical_span"": ""骨折伤方"", ""why_supports"": ""明确针对折伤接骨，属外伤性骨折而非骨质疏松本病""}]",1,"[""文本为外伤折骨治疗，缺乏骨弱或脆性骨折证据"", ""未见年老、久病或反复骨折等骨质疏松指征"", ""证型与人群信息缺失，无法可靠映射现代分型""]",2af1627e3b8e83166a2168eaf4561c3b,"['栗子', '糯米', '麻皮', '黑豆']",明,[]
ok,1462,2026-02-04 17:38:13,普济方（四库本301-360卷）,1406.0,骨折,普济方卷三百九,治打扑伤损骨折,方药,[],,删除,,[],,[],,"[""中药外用""]",,"[{""name"": ""神仙立效散"", ""type"": ""方剂"", ""note"": ""治骨头内损、接骨""}, {""name"": ""自然铜"", ""type"": ""单味药"", ""note"": ""火醋淬制后入散，接骨用""}, {""name"": ""乌金散"", ""type"": ""方剂"", ""note"": ""治打扑伤损骨折，专接骨""}, {""name"": ""芥菜子"", ""type"": ""单味药"", ""note"": ""炒用，入接骨外用药""}, {""name"": ""夜合树白皮"", ""type"": ""单味药"", ""note"": ""去粗皮炒用，入接骨外用药""}]",0.2,治骨头内损。接骨如神。,True,False,,"[{""classical_span"": ""治打扑伤损骨折"", ""why_supports"": ""明确为外伤性骨折，非骨弱所致""}]",1,"[""文本仅涉及外伤骨折，非骨量减少或脆性骨折"", ""未见年老骨弱或反复骨折等骨质疏松特征"", ""证型与人群信息缺失，无法支持系统映射""]",785bd4b521c571bfc84840ecc3b446ba,"['乌金散', '夜合树白皮', '神仙立效散', '自然铜', '芥菜子']",明,[]
ok,1463,2026-02-04 17:38:13,丹溪心法,1347.0,骨折,卷四 跌扑损伤八十二,治 伤骨折及血出者。,外治法,[],,血瘀气滞证,原文仅述外伤骨折接骨用法，未见明确辨证分型,[],,"[""骨痛""]",,"[""中药外用"", ""中药内服""]",,"[{""name"": ""鼠粪"", ""type"": ""外治"", ""note"": ""与糯米粉、醋调膏外敷止痛接骨""}, {""name"": ""糯米"", ""type"": ""外治"", ""note"": ""炒黄研粉，与鼠粪、醋调膏外敷""}, {""name"": ""醋"", ""type"": ""外治"", ""note"": ""调膏外敷用""}, {""name"": ""笋箬"", ""type"": ""外治"", ""note"": ""摊膏承载敷贴""}, {""name"": ""接骨丹"", ""type"": ""方剂"", ""note"": ""内服以助接骨""}, {""name"": ""头发灰"", ""type"": ""单味药"", ""note"": ""烧灰，以乳香好酒调下""}, {""name"": ""乳香"", ""type"": ""单味药"", ""note"": ""与头发灰、酒同服""}]",0.2,,True,False,即愈/大效,"[{""classical_span"": ""折伤门 接骨手法"", ""why_supports"": ""明确为外伤骨折处理而非骨弱骨痿""}, {""classical_span"": ""治伤骨折"", ""why_supports"": ""指向急性骨折治疗，缺乏骨量不足证据""}]",3,"[""条文以外伤骨折接骨为主，非慢性骨病"", ""未见年老骨弱或反复骨折等骨质疏松特征"", ""无明确中医骨痿/骨枯相关病名""]",95333ec5ce047816cf332c9c9fde841a,"['乳香', '头发灰', '接骨丹', '笋箬', '糯米', '醋', '鼠粪']",明,['骨痛']
ok,1464,2026-02-04 17:38:15,普济方（四库本301-360卷）,1406.0,骨折,普济方卷三百九,治骨折伤损法方,方药,[],,删除,,[],,[],,"[""中药内服""]",,"[{""name"": ""苏枋"", ""type"": ""单味药"", ""note"": ""捶碎常煎服，用于治骨折伤""}, {""name"": ""麻皮灰"", ""type"": ""其他"", ""note"": ""以热酒调服，治骨折伤""}, {""name"": ""童子小便"", ""type"": ""其他"", ""note"": ""作为调服介质之一""}]",0.2,治骨折伤,True,True,好转,"[{""classical_span"": ""治骨折伤"", ""why_supports"": ""提示骨折治疗，但未区分脆性或外伤性""}]",1,"[""文本为急性外伤骨折，非骨量减少的直接描述"", ""未见年老骨弱或反复易折等关键信号"", ""证型与人群信息缺失，映射证据有限""]",2bf3a90371ea344eab5d78a428844b56,"['童子小便', '苏枋', '麻皮灰']",明,[]
ok,1469,2026-02-04 17:38:29,普济方（四库本301-360卷）,1406.0,骨折,普济方卷三百十,桂附散【出圣方】　治骨折筋断伤损,方药,[],,血瘀气滞证,原文仅述“骨折筋断伤损”，未见系统证型辨证信息,[],,[],,"[""中药内服""]",,"[{""name"": ""桂附散"", ""type"": ""方剂"", ""note"": ""出《圣惠方》，治骨折筋断伤损""}, {""name"": ""桂"", ""type"": ""单味药"", ""note"": ""方中用药，去粗皮""}, {""name"": ""附子"", ""type"": ""单味药"", ""note"": ""炮裂去皮脐""}, {""name"": ""白僵蚕"", ""type"": ""单味药"", ""note"": ""微炙""}, {""name"": ""蒲黄"", ""type"": ""单味药"", ""note"": """"}, {""name"": ""茅根"", ""type"": ""单味药"", ""note"": ""锉""}, {""name"": ""古铜"", ""type"": ""其他"", ""note"": ""错末醋淬""}]",0.2,,True,False,,"[{""classical_span"": ""治骨折筋断伤损"", ""why_supports"": ""明确为外伤性骨折治疗，未体现骨量减少或脆性骨折背景""}]",1,"[""条文为急性外伤骨折用方，非慢性骨弱范畴"", ""未见年老骨弱、反复易折等骨质疏松关键信号"", ""无证型与人群信息，难以进行稳定古今映射""]",c104d78e516c0c39d7faff1c4db65516,"['古铜', '桂', '桂附散', '白僵蚕', '茅根', '蒲黄', '附子']",明,[]
ok,1470,2026-02-04 17:38:31,普济方,1406.0,骨折,卷三百十 伤损止痛生肌（附论） 打扑损伤（附论）,用之恐生他疾。如骨折损。负痛不止。加乳香、没药、白芷、川芎各五钱。生姜酒下。或不作丸为末亦可。或用土当归、熟地黄盐水炒。杜牛膝茶水炒。川芎米水浸炒。一方若筋断。,方药,[],,删除,,[],,[],,"[""中药内服""]",,"[{""name"": ""乳香"", ""type"": ""单味药"", ""note"": ""用于骨折损伤止痛""}, {""name"": ""没药"", ""type"": ""单味药"", ""note"": ""用于骨折损伤止痛""}, {""name"": ""白芷"", ""type"": ""单味药"", ""note"": ""方中配伍""}, {""name"": ""川芎"", ""type"": ""单味药"", ""note"": ""方中配伍""}, {""name"": ""土当归"", ""type"": ""单味药"", ""note"": ""另方所用""}, {""name"": ""熟地黄"", ""type"": ""单味药"", ""note"": ""盐水炒用""}, {""name"": ""杜牛膝"", ""type"": ""单味药"", ""note"": ""茶水炒用""}]",0.2,,True,False,,"[{""classical_span"": ""骨折损。负痛不止"", ""why_supports"": ""明确为外伤性骨折与疼痛描述，非骨量减少所致""}]",1,"[""文本为急性外伤骨折治疗，非慢性骨弱病证"", ""未见年老骨弱或反复易折等骨质疏松关键信息"", ""将外伤骨折直接等同骨质疏松存在过度映射风险""]",96155c2073daa3626c57ba7ccbea1cf7,"['乳香', '土当归', '川芎', '杜牛膝', '没药', '熟地黄', '白芷']",明,[]
ok,1468,2026-02-04 17:38:32,卫生易简方,1406.0,骨折,卷之九 折伤,治骨折 用乳香末掺极痛处，以小黄米粥涂上，却用五灵脂一两，茴香一钱，共为末，浓掺,外治法,[],,删除,,[],,[],,"[""中药外用""]",,"[{""name"": ""龟板"", ""type"": ""外治"", ""note"": ""火枯为末，外用接骨""}, {""name"": ""生姜"", ""type"": ""外治"", ""note"": ""取自然汁，与药末调和""}, {""name"": ""乳香"", ""type"": ""单味药"", ""note"": ""入末同用，助接骨止痛""}]",0.2,,True,False,,"[{""classical_span"": ""治骨折"", ""why_supports"": ""明确为外伤性骨折治疗，未见骨弱或脆性骨折描述""}]",1,"[""文本仅涉及急性外伤性骨折，非骨量减少或骨弱病机"", ""未出现骨痿、骨枯、年老骨弱等与骨质疏松高度相关表述"", ""证型、人群与慢性演变信息缺失，难以进行现代骨质疏松映射""]",1f151f8117735e50a8de709f9631ac97,"['乳香', '生姜', '龟板']",明,[]
ok,1474,2026-02-04 17:38:44,普济方,1406.0,骨折,卷三百十 伤损止痛生肌（附论） 清心药方,x没药降圣丹 x（出医方大成） x治打扑闪 。筋断骨折。挛急疼痛。不能屈伸。及 xx荣卫虚弱。外受游风。内伤经络。筋骨缓纵。皮肉刺痛。肩背拘急。身体倦怠。四肢少 xx力。并皆治之。 x自然铜（火 醋淬十二次研水飞过焙） 川乌头（生去皮脐） 骨碎补（切去毛） 白 芍药 没药（研） 乳香（另研） 当归（焙炒一两） 生干地黄 川芎（各一两半） 上并生用 为末。以生姜自然汁与蜜等分。炼熟和丸。每一两作四丸。每服一丸捶碎。水酒各半盏。入苏木少许。,方药,[],,血瘀气滞证,,[],,"[""骨痛"", ""活动受限""]",,"[""中药内服""]",,"[{""name"": ""没药降圣丹"", ""type"": ""方剂"", ""note"": ""主治打扑闪、筋断骨折、疼痛不能屈伸""}, {""name"": ""自然铜"", ""type"": ""单味药"", ""note"": ""火醋淬研，用于骨折""}, {""name"": ""骨碎补"", ""type"": ""单味药"", ""note"": ""入方以续伤止痛""}, {""name"": ""没药"", ""type"": ""单味药"", ""note"": ""活血止痛""}, {""name"": ""乳香"", ""type"": ""单味药"", ""note"": ""活血止痛""}, {""name"": ""当归"", ""type"": ""单味药"", ""note"": ""养血活血""}, {""name"": ""川芎"", ""type"": ""单味药"", ""note"": ""行气活血""}, {""name"": ""白芍药"", ""type"": ""单味药"", ""note"": ""缓急止痛""}, {""name"": ""生干地黄"", ""type"": ""单味药"", ""note"": ""养阴凉血""}, {""name"": ""川乌头"", ""type"": ""单味药"", ""note"": ""祛寒止痛""}]",0.2,,True,True,,"[{""classical_span"": ""治打扑闪。筋断骨折"", ""why_supports"": ""明确为外伤性骨折与疼痛描述""}, {""classical_span"": ""不能屈伸"", ""why_supports"": ""提示骨伤后功能障碍""}]",1,"[""该条为急性外伤骨折，非骨量减少性疾病"", ""未见年老骨弱或反复易折等特征"", ""证型与治疗以活血止痛为主，缺乏补骨证据""]",d1f5654c2586ee2520950c9dc3cdd455,"['乳香', '川乌头', '川芎', '当归', '没药', '没药降圣丹', '生干地黄', '白芍药', '自然铜', '骨碎补']",明,"['活动受限', '骨痛']"
ok,1473,2026-02-04 17:38:44,普济方,1406.0,骨折,卷三百十 伤损止痛生肌（附论） 清心药方,出鼎于冷处入密陀僧、铅丹、自然铜。缓火再煎。滴入水中不消。更出鼎于冷处下诸药。用柳篦搅匀。泻水入瓷盆内。不住手搅。至凝丸如弹子大。且用笋皮之类衬之。冷收丸。折伤用一丸。入少油火上化开。涂伤疼处。以油单护之。甚者以灯心裹木夹之。更取正。已骨折者。两上便安。牙疼甚者。贴之即止。,外治法,[],,删除,,[],,[],,"[""中药外用""]",,"[{""name"": ""密陀僧"", ""type"": ""外治"", ""note"": ""与诸药同炼成丸，外涂折伤疼处""}, {""name"": ""铅丹"", ""type"": ""外治"", ""note"": ""入药外用，止痛续骨""}, {""name"": ""自然铜"", ""type"": ""外治"", ""note"": ""用于折伤，助续骨""}]",0.2,,True,True,好转,"[{""classical_span"": ""已骨折者。两上便安"", ""why_supports"": ""明确针对骨折的外用治疗，提示与骨病相关但以外伤为主""}]",1,"[""文本主要为外伤骨折处理，非慢性骨弱或骨痿描述"", ""未见老年、久病或骨量不足等典型骨质疏松线索"", ""无系统性证型或内治论述，映射证据较弱""]",fc5815cd9fca5889d377c2ad6c2c7468,"['密陀僧', '自然铜', '铅丹']",明,[]
ok,1475,2026-02-04 17:38:46,普济方,1406.0,骨折,卷三百十 伤损止痛生肌（附论） 清心药方,x如圣散 x（出百一选方） x治打扑伤损。筋断骨折。接骨定痛。 x良姜 吴茱萸 金毛狗脊（去皮） 木鳖子（去壳） 白胶香（别研） 败龟（醋蘸炙 黄） 牛 膝当归（各半两） 上为细末。入面同药末酒熬成膏子。敷贴。用纸七重封系定。筋骨自然 相连。七日一换。酒面俱不可多用。以面热为度。熬过恐乏。,外治法,[],,血瘀气滞证,原文为跌打损伤、筋断骨折之急性外伤外治，未论及内在虚损证型,[],,[],,"[""中药外用""]",敷贴外治，以酒、面同药末熬膏外敷固定,"[{""name"": ""如圣散"", ""type"": ""方剂"", ""note"": ""治打扑伤损、筋断骨折，接骨定痛，外敷用""}, {""name"": ""金毛狗脊"", ""type"": ""单味药"", ""note"": ""去皮入方，用于筋骨损伤""}, {""name"": ""败龟"", ""type"": ""单味药"", ""note"": ""醋蘸炙黄后入方""}, {""name"": ""白胶香"", ""type"": ""单味药"", ""note"": ""别研入方，作外敷材料""}]",0.2,,True,False,,"[{""classical_span"": ""治打扑伤损。筋断骨折"", ""why_supports"": ""明确为外伤性骨折治疗，而非骨弱或脆性骨折""}, {""classical_span"": ""接骨定痛"", ""why_supports"": ""治疗目标为复位止痛，偏向急性损伤处理""}]",1,"[""文本为急性跌打损伤骨折，非骨量减少或脆性骨折"", ""未见年老、久病骨弱等骨质疏松核心语义"", ""仅凭“骨折”一词易过度映射现代骨质疏松""]",86116ca4b6b2c82ca48808598c0ce827,"['如圣散', '白胶香', '败龟', '金毛狗脊']",明,[]
ok,1477,2026-02-04 17:38:50,普济方,1406.0,骨折,卷三百十 伤损止痛生肌（附论） 清心药方,用好米醋调面。入药末如稠糊。贴损处。上以纸三重封贴。如骨折。于纸上更用竹片封固。,外治法,[],,删除,,[],,[],,"[""中药外用""]",,"[{""name"": ""米醋"", ""type"": ""外治"", ""note"": ""与面调糊外贴损处""}, {""name"": ""面糊"", ""type"": ""外治"", ""note"": ""以米醋调制，外敷损处""}, {""name"": ""竹片"", ""type"": ""外治"", ""note"": ""骨折时用于外固定""}]",0.2,,True,False,,"[{""classical_span"": ""如骨折。于纸上更用竹片封固"", ""why_supports"": ""描述急性外伤性骨折的外固定处理，非骨弱所致""}]",1,"[""文本仅涉及外伤性骨折处理，缺乏骨弱或萎软证据"", ""未出现与骨质疏松相关的古籍病名或慢性表现"", ""若强行对应证型或人群将构成臆造""]",354d935830b418120619402785b84a31,"['竹片', '米醋', '面糊']",明,[]
ok,1479,2026-02-04 17:38:58,普济方,1406.0,骨折,卷三百十 伤损止痛生肌（附论） 闪肭（附论）,x正骨散（出穆氏家藏方） 治打扑伤折。筋挛骨折。,方药,[],,删除,,[],,"[""其他""]",外伤所致骨折、筋挛（原文“打扑伤折。筋挛骨折”）,[],,"[{""name"": ""x正骨散"", ""type"": ""方剂"", ""note"": ""治打扑伤折、筋挛骨折""}]",0.2,治打扑伤折。筋挛骨折。,True,False,,"[{""classical_span"": ""治打扑伤折"", ""why_supports"": ""明确为外伤性骨折治疗，非骨弱或脆性骨折""}]",1,"[""文本仅述外伤骨折，缺乏骨弱或年老相关证据"", ""未出现骨痿、骨枯等与骨质疏松高度一致的古籍病名"", ""证型、人群与慢性演变信息缺失，难以建立直接映射""]",274e4b6f1e55a35ac6241100025facaa,['x正骨散'],明,['其他']
ok,1483,2026-02-04 17:39:01,普济方（四库本301-360卷）,1406.0,骨折,普济方卷三百十一,干地黄散【出千金方】　治骨折筋断伤疼痛者,方药,[],,血瘀气滞证,原文未述具体证型，仅述外伤骨折疼痛,[],,"[""其他""]",外伤所致骨折、筋断与疼痛,"[""中药内服""]",,"[{""name"": ""干地黄散"", ""type"": ""方剂"", ""note"": ""治骨折筋断伤疼痛（出《千金方》）""}]",0.2,治骨折筋断伤疼痛者,True,False,,"[{""classical_span"": ""治骨折筋断伤疼痛者"", ""why_supports"": ""明确为外伤性骨折疼痛治疗，非骨弱或久病所致""}]",1,"[""文本为急性外伤骨折治疗，非骨量减少或脆性骨折"", ""未出现骨痿、骨弱、年老易折等指向性描述"", ""无证型与人群信息，难以进行可靠的骨质疏松映射""]",3378653b82d59cf5496aeae933c65b9e,['干地黄散'],明,['其他']
ok,1480,2026-02-04 17:39:02,普济方,1406.0,骨折,卷三百十 伤损止痛生肌（附论） 闪肭（附论）,x治打扑伤损。或骨折者。 x粪土边寻小黄虾蟆。如指头大者七枚。于砂锅内研细。入生姜自然汁。再研如泥。用酒调作一服下。屡用有效。赵恬夫官常德。曾用此疗折足者。月余能行。,方药,[],,血瘀气滞证,仅记载打扑伤损、骨折治疗，未见辨证分型描述,[],,"[""其他""]",外伤所致骨折（打扑伤损），非脆性骨折表述,"[""中药内服""]",,"[{""name"": ""小黄虾蟆"", ""type"": ""单味药"", ""note"": ""研细，与姜汁同研，用酒调服，治骨折""}, {""name"": ""生姜自然汁"", ""type"": ""单味药"", ""note"": ""与虾蟆同研作泥""}, {""name"": ""酒"", ""type"": ""其他"", ""note"": ""调服药泥""}]",0.2,,True,False,好转,"[{""classical_span"": ""或骨折者"", ""why_supports"": ""明确为外伤性骨折记载，而非骨弱所致""}, {""classical_span"": ""月余能行"", ""why_supports"": ""描述治疗后功能恢复情况""}]",1,"[""条文为急性外伤骨折治疗，非慢性骨量减少病证"", ""未出现骨痿、骨弱、年老易折等指向性描述"", ""强行对应骨质疏松表型可能造成病因混淆""]",6fe4e47da574709577b55121220c39cb,"['小黄虾蟆', '生姜自然汁', '酒']",明,['其他']
ok,1484,2026-02-04 17:39:03,普济方,1406.0,骨折,卷三百十一 折伤门 伤折恶血不散（附论）,x白僵蚕丸 治骨折筋伤后。恶血攻。疼痛不止。 x白僵蚕（炒） 当归（炒） 桂心（炒） 补骨脂（炒） 神曲（炒黄） 半夏（汤浸 七次去滑）,方药,[],,血瘀气滞证,原文为折伤后恶血不散，属外伤血瘀范畴，未指向骨质疏松相关虚损证型,[],,"[""骨痛""]",,"[""中药内服""]",,"[{""name"": ""白僵蚕丸"", ""type"": ""方剂"", ""note"": ""用于骨折筋伤后恶血攻痛不止""}]",0.2,,True,False,,"[{""classical_span"": ""治骨折筋伤后。恶血攻。疼痛不止。"", ""why_supports"": ""仅描述外伤性骨折与疼痛，缺乏骨弱、易折等骨质疏松关键信息""}]",1,"[""文本为外伤折伤治疗，非慢性骨病或骨弱范畴"", ""未出现骨痿、骨枯、年老骨弱等骨质疏松核心描述"", ""骨折成因为外力所致，不能等同脆性骨折""]",cbacaa27eb9be0aebcb1612114711d59,['白僵蚕丸'],明,['骨痛']
ok,1485,2026-02-04 17:39:10,普济方（四库本301-360卷）,1406.0,骨折,普济方卷三百十一,蒲黄散　治骨折筋伤恶血攻心烦闷,方药,[],,血瘀气滞证,原文仅述“骨折筋伤、恶血不散”，未形成内在虚损证型判断，属外伤血瘀范畴,[],,[],,"[""中药内服""]",,"[{""name"": ""蒲黄散"", ""type"": ""方剂"", ""note"": ""治骨折筋伤、恶血攻心烦闷""}, {""name"": ""蒲黄"", ""type"": ""单味药"", ""note"": ""方中主药""}, {""name"": ""川芎"", ""type"": ""单味药"", ""note"": ""活血行气""}, {""name"": ""当归"", ""type"": ""单味药"", ""note"": ""养血活血""}, {""name"": ""桂心"", ""type"": ""单味药"", ""note"": ""温通血脉""}, {""name"": ""白芷"", ""type"": ""单味药"", ""note"": ""止痛""}, {""name"": ""细辛"", ""type"": ""单味药"", ""note"": ""散寒止痛""}]",0.2,,True,False,,"[{""classical_span"": ""治骨折筋伤"", ""why_supports"": ""明确为外伤性骨折治疗，非内在骨弱或脆性骨折描述""}]",1,"[""文本为急性外伤骨折用药，非骨量减少或骨弱范畴"", ""未见年老、久病或易折等骨质疏松关键信号"", ""若强行映射为骨质疏松将混淆外伤与慢性骨病""]",6943d4c97fcdf414daca6445bbc1fd76,"['川芎', '当归', '桂心', '白芷', '细辛', '蒲黄', '蒲黄散']",明,[]
ok,1486,2026-02-04 17:39:14,圣济总录,1117.0,骨折,卷第一百四十五&#183;伤折门 腕折,治腕伤骨折。青金散方,方药,[],,血瘀气滞证,原文仅述治腕伤骨折，未载辨证分型,[],,"[""其他""]",腕伤骨折，属急性外伤性骨折，非脆性骨折,"[""中药内服""]",,"[{""name"": ""青金散"", ""type"": ""方剂"", ""note"": ""治腕伤骨折（出《圣济总录》）""}, {""name"": ""龙脑"", ""type"": ""单味药"", ""note"": ""别研后入方""}, {""name"": ""麝香"", ""type"": ""单味药"", ""note"": ""别研后入方""}, {""name"": ""丁香"", ""type"": ""单味药"", ""note"": ""炒为末""}, {""name"": ""虎胫骨"", ""type"": ""单味药"", ""note"": ""白者烧灰入方""}, {""name"": ""鲮鲤甲"", ""type"": ""单味药"", ""note"": ""烧灰入方""}]",0.2,,True,False,,"[{""classical_span"": ""治腕伤骨折"", ""why_supports"": ""仅指急性外伤性骨折，与骨质疏松所致脆性骨折证据不足""}]",1,"[""文本为外伤骨折治疗，非慢性骨弱或骨痿范畴"", ""未见年老骨弱、易折反复等骨质疏松关键信息"", ""无证型与人群信息，强行映射可能失真""]",56a16ffc738116bf5dbb5e305c334cc2,"['丁香', '虎胫骨', '青金散', '鲮鲤甲', '麝香', '龙脑']",宋金元,['其他']
ok,1490,2026-02-04 17:39:15,普济方（四库本301-360卷）,1406.0,骨折,普济方卷三百十五,接骨膏　治手脚骨折,外治法,[],,血瘀气滞证,条文仅述外伤骨折敷治，未涉及内在虚损证候,[],,[],,"[""中药外用""]",,"[{""name"": ""接骨膏"", ""type"": ""外治"", ""note"": ""用于手脚骨折，外敷固定""}]",0.2,,True,False,,"[{""classical_span"": ""治手脚骨折"", ""why_supports"": ""明确为跌扑外伤所致骨折，属急性损伤而非骨弱所致""}]",1,"[""条文为外伤骨折治疗，非慢性骨病"", ""未见骨痿、骨弱、年老易折等指向性描述"", ""不能据单次外伤骨折推断骨质疏松""]",7975da79f1968a0a1d900c13f9bcf5ff,['接骨膏'],明,[]
ok,991,2026-02-04 17:19:25,古今图书集成医部全录009（211-302）,1934.0,骨痿；骨枯,古今图书集成医部全录卷三百一,刺志论云：气虚身热，得之伤暑。热伤气故也。痿论云：有所远行劳倦，逢大热而渴，则阳气内伐，内伐则热舍于肾，肾者水脏也，今水不能胜火，则骨枯而髓虚，足不任身，发为骨痿。故下经曰：骨痿者，生于大热也。此湿热成痿，令人骨乏无力，故治痿独取阳明。时当长夏，湿热大胜，蒸蒸而炽，人感之多四肢困倦，精神短少，懒于动作，胷满气促，肢节沉痛，或气高而喘，身热而烦，心下膨痞，小便黄而少，大便溏而频，或痢出黄糜，或如泔色，或渴或不渴，不思饮食，自汗体重，或汗少者，血先病而气不病也。其脉中得洪缓，若湿气相搏，必加之以迟迟，病虽互换少差，其天暑湿令则一也。宜以清燥之剂治之，名之曰清暑益气汤。,病名,[],,肝肾阴虚证,,[],,"[""乏力"", ""活动受限""]",,"[""中药内服""]",,"[{""name"": ""清暑益气汤"", ""type"": ""方剂"", ""note"": ""用于治疗湿热成痿、骨乏无力之证""}]",1.0,肾者水脏也，今水不能胜火，则骨枯而髓虚，足不任身，发为骨痿。,True,True,,"[{""classical_span"": ""骨枯而髓虚，足不任身，发为骨痿"", ""why_supports"": ""明确出现骨痿、骨枯，直接指向骨弱萎软的核心病理""}]",1,"[""原文未涉及现代诊断，映射存在时代差异"", ""症状描述偏重湿热痿证，未提及骨折等现代特征"", ""证型为研究性归纳，非原文明确标注""]",533a9aebd5fba30ebef80e6aa508ad7c,['清暑益气汤'],近现代,"['乏力', '活动受限']"
ok,1493,2026-02-04 17:39:28,奇效良方,1449.0,骨折,卷之五十六 正骨兼金镞门（附论） 正骨通治方,金刀伤挫臼者，去自然铜，骨碎骨折者用之。然须于此方内去自然铜，临好时却入用之，如早服以成他疾。同研为末，用蜜为丸，如弹子大，用黄丹为衣，或被 扑损伤，金刀箭镞，不问轻重，每服一丸，温酒磨化服，或细嚼酒送下。如被刀伤全断，内损重者，以薄荷汤或木瓜汤姜汤灯心汤皆可服。病在上食后，病在下食前，在中者不拘时服。,方药,[],,血瘀气滞证,条文主治为金刀箭镞、扑损等外伤骨折，未见内伤虚损证候描述,[],,"[""其他""]",外伤所致骨碎、骨折（非脆性骨折）,"[""中药内服""]",,"[{""name"": ""自然铜"", ""type"": ""单味药"", ""note"": ""骨碎骨折者用之，临好时却入用""}, {""name"": ""黄丹"", ""type"": ""单味药"", ""note"": ""为丸衣""}, {""name"": ""蜂蜜"", ""type"": ""其他"", ""note"": ""和药为丸""}]",0.2,骨碎骨折者用之,True,False,,"[{""classical_span"": ""骨碎骨折者用之"", ""why_supports"": ""明确指向外伤性骨折治疗，而非年老骨弱或脆性骨折""}]",1,"[""文本仅涉及急性外伤骨折，缺乏骨弱、反复骨折等证据"", ""未出现骨痿、骨枯等与骨质疏松高度一致的古籍病名"", ""证型与人群信息缺失，难以进行可靠的慢性骨病映射""]",e53b88839f485f152d49fcd453eed47c,"['自然铜', '蜂蜜', '黄丹']",明,['其他']
ok,1495,2026-02-04 17:39:31,奇效良方,1449.0,骨折,卷之五十六 正骨兼金镞门（附论） 正骨通治方,上为细末，每服一钱，不拘时酒调下。如损骨折，乳香五钱。,方药,[],,删除,,[],,[],,"[""中药内服""]",,"[{""name"": ""乳香"", ""type"": ""单味药"", ""note"": ""如损骨折，用乳香五钱""}]",0.2,,True,False,,"[{""classical_span"": ""如损骨折，乳香五钱"", ""why_supports"": ""仅涉及外伤性骨折的用药处理，未体现骨弱或脆性骨折特征""}]",1,"[""文本仅描述骨折用药，未出现骨痿、骨弱等指向性病名"", ""缺乏老年、久病或反复易折等与骨质疏松相关的背景信息"", ""内容可能完全属于急性外伤正骨范畴而非代谢性骨病""]",97bfc583b237a31c56cf35ba7e02b4b6,['乳香'],明,[]
ok,990,2026-02-04 17:19:29,古今图书集成医部全录009（211-302）,1934.0,骨痿,古今图书集成医部全录卷三百一,风痹痿厥四论，《内经》言之详矣。今余又为之说，不亦赘乎？曰：非赘也。为近世不读《内经》者，指其差元也。夫风痹痿厥四证，本自不同，而近世不能辨，一概作风冷治之，下虚补之，此所以旷日弥年而不愈者也。夫四末之疾，动而或劲者为风，不仁或痛者为痹，弱而不用者为痿，逆而寒热者为厥，此其状未尝同也。故其本源，又复大异。风者必风热相兼；痹者必风湿寒相合；痿者必火乘金；厥者，或寒或热皆从下起。今之治者，不察其源，见其手足亸曳，便谓之风。然《左传》谓风淫末疾。岂不知风暑燥湿火寒六气，皆能为四末之疾也哉？敢详条于左，有意于救物者，试择焉可也。痿之为状，两足痿弱不能行用，由肾水不能胜心火，心火上烁肺金，肺金受火制，六叶皆焦，皮毛虚弱急而薄者，则生痿躄。躄者，足不能伸而行步难。盖肾乃肺金之子也。今肾水衰少，随火上炎，肾主髓，火炽则髓竭，由使内太过而致。然至真要大论云：诸痿喘呕皆属于上者，上焦也。三焦者，手少阳相火也。痿喘呕三病皆在膈上，属肺金之部分也。故肌痹传为脉痿，湿痹不仁传为肉痿，髓竭足躄传为骨痿，房室太过传为筋痿，传为白淫。大抵痿之为病，皆因客热而成，好淫贪色，强力过极，渐成痿疾。故痿躄属肺，脉痿属心，筋痿属肝，肉痿属脾，骨痿属肾。总因肺受火热叶焦之故，相传于四脏，痿病成矣。直断曰，痿病无寒。故痿之作也，五月六月七月，皆其时也。午者少阴君火之位，未者湿土庚金伏火之地，申者少阳相火之分，故痿发此三月之内以为热也。故病痿之人，其脉浮而大。今之用药者，凡见脚膝痿弱，难于行步，或一足不伸，便作寒湿脚气治之，骤用乌、附、乳、没、自然铜、威灵仙之类，燔针艾火，汤煮袋蒸，痿弱转加，如此而死，岂亦天乎？夫治痿与治痹，其治颇异。风寒湿痹，犹可蒸汤灸燔，时或一效，惟痿用之转甚者，何也？盖痿以肺热为本叶焦而成，以此传于五脏，岂有寒者欤？若痿作寒治，是不刃而杀之也。夫痿病不死，死者用药之误也。陈下一武弁宋子玉因驻军息城，五六月间，暴得痿病，腰胯两足皆不任用，躄而不行，求治于予。察其两手，脉俱滑数而有力，予凭《内经》火淫于内治以咸寒，以盐水越其膈间寒热宿痰。新者为热，旧者为寒，或宿食宿饮在上脘者，皆可用之。宿痰既尽，因而下之，节次数十行，觉神志日清，饮食日美，两足渐举，脚膝渐伸，心降肾升，便继以黄连解毒汤加当归等药，及泻心汤、凉膈散、柴胡饮子大作剂煎，时时呷之。经曰：治心肺之病最近，用药剂不厌频而少；治肾肝之病最远，用药剂不厌顿而多。此法人皆怪之，然余治痿，寻常用之如拾遗物。余若以此诳人，其如获罪于天何？此宋子玉之证，所以不得不书也，且示信于来世。故《内经》谓治痿之法独取阳明经，阳明经者胃脉也，五脏六腑之海也，主润养宗筋，宗筋主束骨，束骨在脐下阴毛际上是也。又主大利机关，机关者身中大关节也，以司曲伸，是以阳明虚则宗脉纵，宗脉纵则大脉不伸，两足痿弱。然取阳明者则胃脉也。胃为水谷之海，人之四季，以胃气为本，本固则精化，精化则髓充，髓充则足能履也。阴阳应象论曰：形不足者温之以气，精不足者补之以味。味者五味也，五味调和，则可补精益气也。五味，五谷、五菜、五果、五肉。，五味贵和，不可偏胜。又曰：恬淡虚无，真气从之，精神内守，病安从来？若用金石草木补之者，必久而增气。物化之常，气增而久，夭之由也。所以久服黄连、苦参者而反化为热，久服热药之人，可不为寒心哉！,病名,[],,肾阳虚证,,"[""其他""]",古籍“骨痿”“髓竭足躄”对应骨量减少与骨强度下降的概念性映射，未限定年龄/性别,"[""活动受限"", ""乏力"", ""步态不稳""]",,"[""中药内服""]",,"[{""name"": ""黄连解毒汤"", ""type"": ""方剂"", ""note"": ""清心肺火热，用于痿病后期调治""}, {""name"": ""泻心汤"", ""type"": ""方剂"", ""note"": ""清泻上焦火热""}, {""name"": ""凉膈散"", ""type"": ""方剂"", ""note"": ""清膈上热""}, {""name"": ""柴胡饮子"", ""type"": ""方剂"", ""note"": ""疏解少阳相火""}, {""name"": ""盐水"", ""type"": ""其他"", ""note"": ""以咸寒越膈，清宿痰寒热""}, {""name"": ""黄连"", ""type"": ""单味药"", ""note"": ""文中提及久服之性味警示""}, {""name"": ""苦参"", ""type"": ""单味药"", ""note"": ""文中提及久服之性味警示""}]",1.0,“髓竭足躄传为骨痿”“骨痿属肾”“肾主髓，火炽则髓竭”,True,True,好转,"[{""classical_span"": ""髓竭足躄传为骨痿"", ""why_supports"": ""直接出现“骨痿”，指向骨与髓的虚损""}, {""classical_span"": ""肾主髓，火炽则髓竭"", ""why_supports"": ""将骨病根源归于髓竭，契合骨量减少""}, {""classical_span"": ""两足痿弱不能行用"", ""why_supports"": ""表现为慢性下肢无力与行走受限""}]",1,"[""未出现明确骨折描述，可能为神经肌病导致的痿证"", ""治疗以清热为主，未必反映长期骨量变化"", ""个案叙述，缺乏人群与年龄信息，现代映射存在不确定性""]",0c5393a3e69a7052d156f277a213112b,"['凉膈散', '柴胡饮子', '泻心汤', '盐水', '苦参', '黄连', '黄连解毒汤']",近现代,"['乏力', '步态不稳', '活动受限']"
ok,998,2026-02-04 17:19:43,古今图书集成医部全录009（211-302）,1934.0,骨痿,古今图书集成医部全录卷三百二,牛膝丸　治肾肝损骨痿，不能起于床，筋弱不能收持，宜益精缓其中。,方药,[],,肝肾阴虚证,原文称“肾肝损骨痿”，未明确阴虚或阳虚属性，故不归入既定证型。,[],,"[""活动受限"", ""乏力""]",,"[""中药内服""]",,"[{""name"": ""牛膝丸"", ""type"": ""方剂"", ""note"": ""用于治疗肾肝损所致骨痿、筋弱不能起床""}]",1.0,治肾肝损骨痿，不能起于床，筋弱不能收持,True,True,,"[{""classical_span"": ""骨痿"", ""why_supports"": ""骨痿为古籍中与骨质疏松高度对应的核心病名""}, {""classical_span"": ""不能起于床，筋弱不能收持"", ""why_supports"": ""体现骨与筋失养导致的严重功能障碍，符合骨质疏松晚期表现""}]",1,"[""原文未提供人群与年龄信息，无法细分现代分型"", ""中医证型阴阳属性不明，强行归类可能失真"", ""缺乏骨折等现代诊断指标，仅能作古今语义映射""]",8d563eaef71962dd9469a2187a0b6fd9,['牛膝丸'],近现代,"['乏力', '活动受限']"
ok,999,2026-02-04 17:19:43,古今图书集成医部全录009（211-302）,1934.0,骨痿,古今图书集成医部全录卷三百二,补肝丸　治肾虚骨痿，阴冷如冰，并阴汗两脚痿弱无力。,方药,[],,肾阳虚证,,[],,"[""乏力"", ""活动受限""]",原文述“阴冷如冰，并阴汗两脚痿弱无力”，对应下肢乏力、活动能力下降,"[""中药内服""]",,"[{""name"": ""补肝丸"", ""type"": ""方剂"", ""note"": ""治肾虚骨痿，阴冷如冰，并阴汗两脚痿弱无力""}]",1.0,补肝丸　治肾虚骨痿，阴冷如冰，并阴汗两脚痿弱无力。,True,True,,"[{""classical_span"": ""治肾虚骨痿"", ""why_supports"": ""“骨痿”为古籍中与骨量不足、骨弱萎软高度对应的病名""}, {""classical_span"": ""两脚痿弱无力"", ""why_supports"": ""提示下肢无力、筋骨萎软，符合慢性骨病功能受限表现""}]",1,"[""文本未提及年龄、性别，无法细分现代骨质疏松具体亚型"", ""未出现骨折、身高变矮等现代诊断关键指标，仍属古今概念映射"", ""证型与疗效依据仅限单条古籍记载，缺乏多源互证""]",25a4b5002146681a7c3c6e7460c22480,['补肝丸'],近现代,"['乏力', '活动受限']"
ok,1527,2026-02-04 17:40:46,圣济总录,1117.0,骨折,卷第一百四十三&#183;伤折门 筋骨伤折疼痛,上五味骨细锉，用酒醋各半升，浸一宿漉出，炙令黄色，候冷入二味药，同捣罗为细散，每服二钱，以温酒调下。不计时候。又将黄米半升作糊，入散药一分，调令匀，涂贴骨折筋伤处，疼痛立止。,外治法,[],,删除,,[],,"[""骨折"", ""骨痛""]",,"[""中药内服"", ""中药外用""]",,"[{""name"": ""黄米"", ""type"": ""外治"", ""note"": ""作糊调散药，外涂骨折筋伤处止痛""}, {""name"": ""酒、醋"", ""type"": ""其他"", ""note"": ""用于浸药及温酒送服""}]",0.2,,True,False,,"[{""classical_span"": ""涂贴骨折筋伤处，疼痛立止"", ""why_supports"": ""描述为外伤性骨折疼痛处理，偏急性损伤而非骨质疏松本病""}]",2,"[""文本以外伤性骨折治疗为主，非骨弱或骨痿描述"", ""未出现年老、骨弱、反复易折等骨质疏松关键信号"", ""证型与人群信息来自他列标注，原文未直接说明""]",177ec0935bf6c21300f067be6580c331,"['酒、醋', '黄米']",宋金元,"['骨折', '骨痛']"
ok,1529,2026-02-04 17:40:46,圣济总录,1117.0,骨折,卷第一百四十五&#183;伤折门 被伤绝筋,治骨折筋断。干地黄散方,方药,[],,删除,,[],,[],,"[""中药内服""]",,"[{""name"": ""干地黄散"", ""type"": ""方剂"", ""note"": ""用于治疗骨折筋断""}]",0.2,治骨折筋断,True,False,,"[{""classical_span"": ""治骨折筋断"", ""why_supports"": ""仅涉及外伤性骨折治疗，缺乏骨弱、骨痿等慢性骨病指向""}]",1,"[""条目为外伤骨折治疗，非骨质疏松核心范畴"", ""未见年老骨弱或反复易折等关键信息"", ""证型与人群信息不足，难以支持稳定映射""]",8f02ef6c35a3ddad3d9f9b470121f495,['干地黄散'],宋金元,[]
ok,1535,2026-02-04 17:41:00,赤水元珠（四库本）,1584.0,骨折,赤水元珠卷三十,经騐方　治打扑损筋伤骨折,外治法,[],,删除,,[],,"[""其他""]",外伤所致骨折，非脆性或自发性骨折描述,"[""中药外用""]",,"[{""name"": ""生姜"", ""type"": ""单味药"", ""note"": ""取生姜自然汁调末外敷，原文称功用全在生姜""}, {""name"": ""鹅翎"", ""type"": ""外治"", ""note"": ""作为外敷工具，用以扫敷药糊""}]",0.2,,True,False,愈,"[{""classical_span"": ""治打扑损筋伤骨折"", ""why_supports"": ""明确为外伤性骨折治疗，非骨弱或骨痿范畴""}, {""classical_span"": ""骨折 五日即愈"", ""why_supports"": ""强调急性骨折转归迅速，与慢性骨量减少不符""}]",1,"[""文本为急性外伤骨折处理，非慢性骨弱或脆性骨折"", ""未见年老、久病或骨痿骨枯等与骨质疏松高度相关描述"", ""若强行对应现代骨质疏松，存在过度映射风险""]",d5c549ba57acd89d8eba3994ac665d1e,"['生姜', '鹅翎']",明,['其他']
ok,1532,2026-02-04 17:41:00,世医得效方,1337.0,骨折,卷第十八 正骨兼金镞科 用药加减法,伤有浅深，随其吉凶用药。如骨折者，则用后二十五味接骨方治之，再加自然铜、白芷、没 若伤脏腑，用清心药加川芎、当归、赤芍药各三钱。或肚肠伤破，加白芨五钱，同后清心药 紫金 不止 气触 余只 余根据,方药,[],,血瘀气滞证,原文未见明确中医证型辨述，仅述外伤轻重与用药加减。,[],,[],,"[""中药内服""]",,"[{""name"": ""接骨方（二十五味）"", ""type"": ""方剂"", ""note"": ""用于骨折者""}, {""name"": ""自然铜"", ""type"": ""单味药"", ""note"": ""骨折加用""}, {""name"": ""白芷"", ""type"": ""单味药"", ""note"": ""骨折加用""}, {""name"": ""没药"", ""type"": ""单味药"", ""note"": ""骨折加用""}, {""name"": ""川芎"", ""type"": ""单味药"", ""note"": ""伤脏腑加用""}, {""name"": ""当归"", ""type"": ""单味药"", ""note"": ""伤脏腑加用""}, {""name"": ""赤芍药"", ""type"": ""单味药"", ""note"": ""伤脏腑加用""}, {""name"": ""白芨"", ""type"": ""单味药"", ""note"": ""肚肠伤破加用""}]",0.2,如骨折者，则用后二十五味接骨方治之，再加自然铜、白芷、没药。,True,False,,"[{""classical_span"": ""如骨折者，则用后二十五味接骨方治之"", ""why_supports"": ""仅涉及外伤性骨折治疗，未指向骨弱或脆性骨折""}, {""classical_span"": ""伤有浅深，随其吉凶用药"", ""why_supports"": ""语义为急性损伤分型用药，非慢性骨病""}]",1,"[""条文为外伤骨折治法，非慢性骨量减少性疾病"", ""未见年老骨弱、反复骨折等骨质疏松关键证据"", ""强行映射为骨质疏松可能混淆急性外伤与代谢性骨病""]",cff2c52b70005c17631ddcf07c786ff7,"['川芎', '当归', '接骨方', '没药', '白芨', '白芷', '自然铜', '赤芍药']",明,[]
ok,2197,2026-02-04 18:06:08,古今图书集成医部全录009（211-302）,1934.0,骨空,古今图书集成医部全录卷三百一,痿废之证，乃阳明火证。肾水不足以滋之，则骨空不能立。方用元参、熟地、山茱萸各三两，麦冬二两，水煎服。此方妙在熟地、山茱全去滋水，而元参去浮游之火，麦冬生肺金之阴，阴长阳消，阳明自然息焰。火焰既息，金水又生，脏腑有津，骨髓自满，而两足有不能步履者乎？,病名,[],,肝肾阴虚证,,[],,"[""活动受限"", ""步态不稳""]",,"[""中药内服""]",,"[{""name"": ""元参（玄参）"", ""type"": ""单味药"", ""note"": ""去浮游之火""}, {""name"": ""熟地黄"", ""type"": ""单味药"", ""note"": ""滋肾水、充骨髓""}, {""name"": ""山茱萸"", ""type"": ""单味药"", ""note"": ""助滋肾水""}, {""name"": ""麦冬"", ""type"": ""单味药"", ""note"": ""生肺金之阴""}]",1.0,肾水不足以滋之，则骨空不能立……骨髓自满，而两足有不能步履者乎？,True,True,,"[{""classical_span"": ""骨空不能立"", ""why_supports"": ""直接出现“骨空”，为骨量不足、骨弱之高度相关表述""}, {""classical_span"": ""骨髓自满"", ""why_supports"": ""以骨髓盈亏解释筋骨功能，符合骨质疏松核心病机映射""}]",1,"[""未明确记载患者年龄或性别，无法精确对应现代表型"", ""无现代影像或骨折证据，仅限古籍语义映射"", ""证型判定基于文中病机描述，未见标准化辨证流程""]",11e4dac0b5ddb762292094ec20a7b6c5,"['元参', '山茱萸', '熟地黄', '麦冬']",近现代,"['步态不稳', '活动受限']"
ok,1546,2026-02-04 17:41:25,太平圣惠方,992.0,骨折,卷第六十七 治一切伤折恶血不散诸方,x治骨折筋伤后。恶血攻。筋骨疼痛不止。白僵蚕丸方。 x白僵蚕（一两微炒） 当归（一两锉微炒） 桂心（一两） 补骨脂（一两微炒） 神 曲（一两 炒令微黄） 芎 （半 附子（半 两炮裂） 赤芍药（一 上件药。捣罗为末。炼蜜和捣三二百杵。丸如梧桐子大。每服。以温酒下二十丸。日三服。,方药,[],,血瘀气滞证,,[],,"[""骨痛"", ""活动受限""]",,"[""中药内服""]",,"[{""name"": ""白僵蚕丸方"", ""type"": ""方剂"", ""note"": ""用于骨折筋伤后，恶血不散、筋骨疼痛""}]",0.2,,True,False,,"[{""classical_span"": ""治骨折筋伤后。恶血攻。筋骨疼痛不止"", ""why_supports"": ""明确为外伤性骨折及血瘀疼痛，非骨弱或脆性骨折""}]",1,"[""条文指向外伤性骨折，非慢性骨弱或骨痿范畴"", ""未见年老、久病、骨弱易折等骨质疏松关键信息"", ""若强行归入骨质疏松属证据不足""]",4ff8cc0adb4bd933d64f12fa53921b8d,['白僵蚕丸方'],宋金元,"['活动受限', '骨痛']"
ok,1548,2026-02-04 17:41:27,外科大成,1665.0,骨折,卷四 不分部位小疵,慈救散 治跌扑骨折至死。但胸前有暖气者。亦效。,方药,[],,血瘀气滞证,原文仅述“跌扑骨折”，未提及内在证候，无法判定具体证型,[],,[],,"[""中药内服""]",,"[{""name"": ""慈救散"", ""type"": ""方剂"", ""note"": ""用于治疗跌扑所致骨折""}]",0.2,慈救散 治跌扑骨折,True,False,显效,"[{""classical_span"": ""治跌扑骨折"", ""why_supports"": ""明确指向外伤性骨折，而非骨弱自发或脆性骨折""}]",1,"[""文本所述为急性外伤骨折，非慢性骨量减少"", ""未见骨痿、骨弱、易折等骨质疏松核心语义"", ""无特定人群或内在虚损证候支持映射""]",0705e4e0268506c738db65dd0daaf956,['慈救散'],清,[]
ok,1558,2026-02-04 17:41:52,验方新编,1846.0,骨折,卷十三 跌打损伤 接骨法,又方∶当归七钱五分，川芎五钱，乳香、没药各二钱五分，木香一钱，川乌四钱五分，黄丹六两，骨碎补五钱，古钱（照前制法）三钱，共为细末，入香油一两五钱，调成膏贴患处 又方∶旱公牛角一个（火上炙干一层刮一层），黄米面不拘多少（芥面亦可），榆树内白皮 稀糊 树木 又方∶古铜钱烧红，淬入好醋内，再烧再淬，连制七次，研末，用酒冲服二钱，伤大者服三钱，其骨自接。无古铜钱，用新铜钱亦可，不如古铜钱之妙。有人因鸡足折断，如法试之，果接续如故，乃烹此鸡验其骨折处，铜末周遭束住。又有人脚骨折断，以铜末冲酒服之即愈。后因病故，十余年改葬，视其胫骨处亦有铜末束之，真神方也。,外治法,[],,血瘀气滞证,原文未论证型，属跌打损伤接骨法记载,[],,[],记载为外伤性骨折（跌打损伤），非骨量减少所致脆性骨折,"[""中药内服"", ""中药外用"", ""其他""]",铜钱烧淬研末酒服、膏贴患处等接骨外治,"[{""name"": ""当归、川芎、乳香、没药、木香、川乌、黄丹、骨碎补"", ""type"": ""方剂"", ""note"": ""研末入香油调膏贴患处以接骨""}, {""name"": ""古铜钱"", ""type"": ""外治"", ""note"": ""烧红淬醋研末，酒冲服以接骨""}, {""name"": ""旱公牛角、黄米面、榆树内白皮"", ""type"": ""外治"", ""note"": ""制糊外用用于跌打损伤""}]",0.2,章节为“跌打损伤 接骨法”，多方“其骨自接”“骨折断以铜末冲酒服之即愈”,True,False,愈,"[{""classical_span"": ""跌打损伤 接骨法"", ""why_supports"": ""明确指向外伤性骨折治疗而非骨痿骨弱""}, {""classical_span"": ""其骨自接"", ""why_supports"": ""描述骨折愈合效果，未涉及骨量不足""}]",1,"[""以外伤性骨折为主，非慢性骨弱或脆性骨折"", ""未出现骨痿、骨疏、年老骨弱等高指向病名"", ""不能据此推断骨质疏松病因或人群""]",e5a075fbdc71064cf16a14c182867e85,"['古铜钱', '当归、川芎、乳香、没药、木香、川乌、黄丹、骨碎补', '旱公牛角、黄米面、榆树内白皮']",清,[]
ok,1560,2026-02-04 17:41:56,验方新编,1846.0,骨折,卷二十三 跌打损伤 整骨接骨夹缚手法,夫肩井栏骨折断者，先消风散、住痛散加痹药昏昏散服之，揣搦相接归原。次用蜜调圣神散贴之。却用毛竹一节，长短阔狭以患处为度，破开两片，用一大片削去棱角，阚入骨，用棉絮一团实股下，以绢带从股下缠至那边肩上扎住，服药取效。,治法,[],,血瘀气滞证,原文为跌打损伤骨折之急性处理，未辨证论治,[],,"[""骨痛"", ""活动受限""]",,"[""中药内服"", ""中药外用"", ""其他""]",夹缚固定、整骨接骨手法,"[{""name"": ""消风散"", ""type"": ""方剂"", ""note"": ""内服以消风止痛""}, {""name"": ""住痛散"", ""type"": ""方剂"", ""note"": ""加痹药昏昏散内服止痛""}, {""name"": ""昏昏散"", ""type"": ""方剂"", ""note"": ""加用以治痹止痛""}, {""name"": ""圣神散"", ""type"": ""方剂"", ""note"": ""蜜调外贴于患处""}, {""name"": ""毛竹夹板"", ""type"": ""外治"", ""note"": ""破开夹缚固定骨折""}]",0.2,肩井栏骨折断者……揣搦相接归原,True,False,,"[{""classical_span"": ""肩井栏骨折断者"", ""why_supports"": ""明确为外伤性骨折处理，非骨弱自折""}, {""classical_span"": ""跌打损伤 整骨接骨"", ""why_supports"": ""章节定位为外伤整复，与骨质疏松仅弱关联""}]",1,"[""为急性外伤骨折，非脆性或反复骨折证据"", ""未涉及年老骨弱或骨痿等病机"", ""无骨量不足或慢性退变描述""]",6a62856d53957a2e923ae6c6efada84c,"['住痛散', '圣神散', '昏昏散', '毛竹夹板', '消风散']",清,"['活动受限', '骨痛']"
ok,1563,2026-02-04 17:42:05,验方新编,1846.0,骨折,卷二十三 跌打损伤 整骨接骨夹缚手法,夫腰骨、背脊骨折断者，令患人覆卧凳上，用大研米锤置于腹下，用绢带缚其两肓胛于凳脑上，又缚其两足于凳脚横文件上，如此则鞠曲其腰，断骨自起而易入也。再用曲扁担一条，从背脊趁直压其断骨，徐徐按入相接归原，然后用圣神散贴之，再用纸裹杉木皮一大片，按在药上，以暖肚紧紧缚之。日服加减活血住痛散取效。,外治法,[],,血瘀气滞证,原文为跌打损伤骨折整复描述，未辨证分型,[],,[],,"[""中药内服"", ""中药外用"", ""其他""]",整骨接骨夹缚、按压复位等手法,"[{""name"": ""圣神散"", ""type"": ""方剂"", ""note"": ""贴于断骨处以助接骨""}, {""name"": ""活血住痛散"", ""type"": ""方剂"", ""note"": ""日服以活血止痛""}, {""name"": ""杉木皮"", ""type"": ""外治"", ""note"": ""裹药外敷固定""}]",0.2,,True,False,,"[{""classical_span"": ""腰骨、背脊骨折断者"", ""why_supports"": ""明确为外伤性骨折整复，非骨弱或脆性骨折""}]",1,"[""文本为急性跌打损伤整骨，非慢性骨病"", ""未见骨弱、易折等骨质疏松核心特征"", ""无年龄或体质背景支持骨量不足推断""]",9c78a0ed7925f9e530f27acd189374d7,"['圣神散', '杉木皮', '活血住痛散']",清,[]
ok,1572,2026-02-04 17:42:21,疡医大全,1740.0,骨折,卷三十六 跌打部,又方 韭菜汁和童便饮之，散去瘀血。骨折者蜜和葱白捣匀，浓封患处，酒调白芨末二钱服之。,治法,[],,血瘀气滞证,,[],,"[""其他""]",骨折（明确为跌打外伤所致，非自发或脆性骨折）,"[""中药内服"", ""中药外用""]",,"[{""name"": ""韭菜汁"", ""type"": ""单味药"", ""note"": ""和童便内服以散瘀血""}, {""name"": ""童便"", ""type"": ""其他"", ""note"": ""与韭菜汁同饮，活血散瘀""}, {""name"": ""蜜"", ""type"": ""其他"", ""note"": ""与葱白同捣，外敷患处""}, {""name"": ""葱白"", ""type"": ""单味药"", ""note"": ""与蜜同捣，外用封敷""}, {""name"": ""白芨"", ""type"": ""单味药"", ""note"": ""末二钱，酒调内服""}]",0.2,,True,False,,"[{""classical_span"": ""骨折者蜜和葱白捣匀，浓封患处"", ""why_supports"": ""明确为跌打外伤后的骨折处理，属急性损伤""}]",1,"[""文本为外伤骨折治法，非骨量减少或骨弱反复所致"", ""未见年老、久病、骨痿骨弱等慢性指向"", ""强行映射为骨质疏松可能混淆外伤与代谢性骨病""]",af57e683ef400856cbade9d8362b6061,"['白芨', '童便', '葱白', '蜜', '韭菜汁']",清,['其他']
ok,1570,2026-02-04 17:42:25,疡医大全,1740.0,骨折,卷三十六 跌打部,先将板油入锅熬枯滤清，复入净锅内熬，下白蜡化尽，离火放地上，将密陀僧、黄丹、自然铜搅匀投下，再煎滴水成珠为度。始下血竭、辰砂、乳、没、明矾，用柳枝不住手搅匀，待凝丸如弹子大，笋壳衬收。凡遇跌打损伤，重者用一丸，再加猪油少许，火上化开涂伤处，以油纸包缚，如最重者以药涂上，灯草裹好，外用竹片夹缚，再用一丸作小丸，用滚热葱酒吞下，若仍痛，再进一丸。骨折者用一丸，如牙痛纳一丸于牙龈即止。,外治法,[],,血瘀气滞证,文本仅述跌打损伤、骨折之治，未见脏腑虚损或证候判定，无法归入既定证型,[],,"[""其他""]",外伤性骨折与跌打损伤所致疼痛、损伤，非典型脆性骨折,"[""中药内服"", ""中药外用""]",,"[{""name"": ""板油"", ""type"": ""外治"", ""note"": ""熬制为基质，外敷伤处""}, {""name"": ""白蜡"", ""type"": ""外治"", ""note"": ""与板油同熬，成外用膏剂""}, {""name"": ""密陀僧"", ""type"": ""单味药"", ""note"": ""入膏外用""}, {""name"": ""黄丹"", ""type"": ""单味药"", ""note"": ""入膏外用""}, {""name"": ""自然铜"", ""type"": ""单味药"", ""note"": ""入膏外用，治跌打骨折""}, {""name"": ""血竭"", ""type"": ""单味药"", ""note"": ""后下，活血止痛""}, {""name"": ""辰砂"", ""type"": ""单味药"", ""note"": ""后下""}, {""name"": ""乳香"", ""type"": ""单味药"", ""note"": ""后下，活血止痛""}, {""name"": ""没药"", ""type"": ""单味药"", ""note"": ""后下，活血止痛""}, {""name"": ""明矾"", ""type"": ""单味药"", ""note"": ""后下""}, {""name"": ""葱酒"", ""type"": ""其他"", ""note"": ""送服内服小丸""}]",0.2,,True,False,,"[{""classical_span"": ""凡遇跌打损伤"", ""why_supports"": ""明确为外伤范畴""}, {""classical_span"": ""骨折者用一丸"", ""why_supports"": ""涉及骨折但为外伤所致，非骨弱自折""}]",1,"[""将外伤性骨折误判为骨质疏松相关脆性骨折"", ""在无证候描述下强行匹配脏腑虚证"", ""超出原文推断人群或慢性骨病背景""]",2ef4be2f92aa26df1f6e7bf7c5d80251,"['乳香', '密陀僧', '明矾', '板油', '没药', '白蜡', '自然铜', '葱酒', '血竭', '辰砂', '黄丹']",清,['其他']
ok,1573,2026-02-04 17:42:26,疡医大全,1740.0,骨折,卷三十六 跌打部,糯米膏（《纲目》）。治仆伤筋断骨折。,方药,[],,删除,,[],,"[""其他""]",外伤所致骨折（仆伤筋断骨折），非脆性或自发性骨折,"[""中药外用""]",,"[{""name"": ""糯米膏"", ""type"": ""外治"", ""note"": ""用于仆伤筋断骨折的外用治疗""}]",0.2,治仆伤筋断骨折,True,False,,"[{""classical_span"": ""治仆伤筋断骨折"", ""why_supports"": ""明确为外伤性骨折治疗，缺乏骨弱、骨痿等内在骨量不足证据，仅弱相关""}]",1,"[""文本仅涉及外伤骨折，非慢性骨病仍强行映射"", ""将外伤性骨折误判为脆性骨折"", ""在无证据情况下推断中医证型或人群""]",74df18323bf061a6b3e91a203cd9ee20,['糯米膏'],清,['其他']
ok,1577,2026-02-04 17:42:37,证治准绳·疡医,1602.0,骨折,卷之五 跌扑伤损,〔世〕 治 扑筋断骨折，用粟米半升，木鳖肉二十个，半夏半两，妇人发一团，葱白须一小束，同炒烟尽，存性为末，热醋调敷神效。治 扑筋断骨折，用糯米一升，皂角切碎半升，铜钱百个，同炒至半焦黑，去铜钱，为末，用好酒调膏，浓纸摊贴患处神效。,外治法,[],,血瘀气滞证,原文为外伤扑伤、筋断骨折之治，未涉及内在虚损证型，无法对应固定证型,[],,[],,"[""中药外用""]",,"[{""name"": ""粟米"", ""type"": ""外治"", ""note"": ""与诸物同炒研末，醋调外敷""}, {""name"": ""木鳖肉"", ""type"": ""外治"", ""note"": ""与粟米等同炒外敷""}, {""name"": ""半夏"", ""type"": ""外治"", ""note"": ""外用配伍之一""}, {""name"": ""妇人发"", ""type"": ""外治"", ""note"": ""外敷材料""}, {""name"": ""葱白须"", ""type"": ""外治"", ""note"": ""外敷材料""}, {""name"": ""糯米"", ""type"": ""外治"", ""note"": ""与皂角、铜钱同炒为末外贴""}, {""name"": ""皂角"", ""type"": ""外治"", ""note"": ""切碎同炒外贴""}, {""name"": ""铜钱"", ""type"": ""外治"", ""note"": ""同炒取性后弃去""}, {""name"": ""醋"", ""type"": ""外治"", ""note"": ""调敷用""}, {""name"": ""酒"", ""type"": ""外治"", ""note"": ""调膏外贴""}]",0.2,,True,False,显效,"[{""classical_span"": ""治 扑筋断骨折"", ""why_supports"": ""明确为外伤性筋断骨折治疗，非内在骨弱所致""}]",1,"[""条文仅论外伤骨折，非慢性骨弱或脆性骨折"", ""未出现骨痿、骨枯、年老骨弱等指向性病名"", ""强行映射骨质疏松将混淆外伤与代谢性骨病""]",a7705e691c8de84098fa6c3c1a9c2186,"['半夏', '妇人发', '木鳖肉', '皂角', '粟米', '糯米', '葱白须', '酒', '醋', '铜钱']",明,[]
ok,1592,2026-02-04 17:43:05,鲁府禁方,1594.0,骨折,卷四 宁集 折伤,筋断骨折痛不可忍,方药,[],,删除非辨证文献,原文仅述药效与主治，未明确归属具体证型,[],,[],,"[""中药内服""]",,"[{""name"": ""猴姜"", ""type"": ""单味药"", ""note"": ""用于治关节疼痛、筋断骨折等""}]",0.2,治关节疼痛，手足不仁，耳鸣牙疼，筋断骨折,True,True,,"[{""classical_span"": ""筋断骨折"", ""why_supports"": ""出现骨折相关表述，但未指明脆性或年老骨弱""}]",1,"[""仅提及骨折，可能为外伤所致而非骨弱"", ""缺乏骨痿、骨弱等慢性骨量不足描述"", ""未见人群或证型信息，映射证据有限""]",f007b4d4aafa07b75bebd61c2a74f03f,['猴姜'],明,[]
ok,1598,2026-02-04 17:43:21,普济方（四库本301-360卷）,1406.0,骨折,普济方卷三百九,治骨折及坠马,方药,"[""胎产哺乳""]",,脾肾阳虚,,[],,"[""骨痛"", ""骨折""]",,"[""中药内服"", ""中药外用""]",,"[{""name"": ""葱白"", ""type"": ""单味药"", ""note"": ""外用研和蜜封损处，治骨折""}, {""name"": ""葱实"", ""type"": ""单味药"", ""note"": ""入粥或制丸内服，主骨节碎痛""}]",0.2,治中恶，葱心黄刺脑骨破及骨折,True,False,立瘥,"[{""classical_span"": ""治…骨折"", ""why_supports"": ""仅涉及外伤性骨折治疗，未体现骨弱或骨量不足""}]",1,"[""文本为单味药综述，非骨病专论"", ""所述骨折属急性外伤，非脆性或年老骨弱"", ""缺乏骨痿、骨疏等持续性骨质减退描述""]",76da51b53e94802a1f8e71190b903885,"['葱实', '葱白']",明,"['骨折', '骨痛']"
ok,1601,2026-02-04 17:43:32,"古今图书集成医部全录011（359-380,外科）",1934.0,骨折,古今图书集成医部全录卷三百八十,颠扑筋断骨折：用糯米一升，皂角切碎半升，铜钱百个，同炒至半焦黑，去铜钱为末，用好酒调膏，厚纸摊贴患处，神效。,外治法,[],,删除,,[],,"[""骨折""]",,"[""中药外用""]",,"[{""name"": ""粟米"", ""type"": ""外治"", ""note"": ""与木鳖肉等同炒研末，醋调外敷""}, {""name"": ""木鳖肉"", ""type"": ""外治"", ""note"": ""外敷治扑筋断骨折""}, {""name"": ""半夏"", ""type"": ""外治"", ""note"": ""同炒存性为末外敷""}, {""name"": ""妇人发"", ""type"": ""外治"", ""note"": ""外用材料之一""}, {""name"": ""葱白须"", ""type"": ""外治"", ""note"": ""外用材料之一""}, {""name"": ""糯米"", ""type"": ""外治"", ""note"": ""与皂角、铜钱同炒外敷""}, {""name"": ""皂角"", ""type"": ""外治"", ""note"": ""切碎同炒外敷""}]",0.2,治扑筋断骨折,True,False,神效,"[{""classical_span"": ""扑筋断骨折"", ""why_supports"": ""明确为跌扑外伤所致骨折，非自发或年老骨弱""}]",1,"[""属急性外伤骨折，缺乏骨弱或久病背景"", ""未见骨痿、骨枯等古籍高相关病名"", ""证型与人群信息无法从原文确认""]",a3b9502c06386fbaa6850b0c1966d92b,"['半夏', '妇人发', '木鳖肉', '皂角', '粟米', '糯米', '葱白须']",近现代,['骨折']
ok,1602,2026-02-04 17:43:32,证治准绳·疡医,1602.0,骨折,卷之五 跌扑伤损,〔丹〕 治 伤骨折及血黯方，用益元散七分，人参汤调之。次用姜汁、好醋二盏，用独子肥皂四个，敲碎，挪于姜汁醋中调和，以绵滤过去渣，煎成膏药贴之，遍身亦可。,方药,[],,血瘀气滞证,属跌扑伤损所致骨折，原文未辨证型,[],,"[""其他""]",外伤性骨折（跌扑伤损所致），非明确脆性骨折,"[""中药内服"", ""中药外用""]",,"[{""name"": ""益元散"", ""type"": ""方剂"", ""note"": ""治伤骨折，内服""}, {""name"": ""人参汤"", ""type"": ""方剂"", ""note"": ""调服益元散""}, {""name"": ""姜汁"", ""type"": ""外治"", ""note"": ""与好醋等合用调膏贴敷""}, {""name"": ""好醋"", ""type"": ""外治"", ""note"": ""与姜汁等合用""}, {""name"": ""独子肥皂"", ""type"": ""外治"", ""note"": ""敲碎入膏，贴敷""}, {""name"": ""膏药"", ""type"": ""外治"", ""note"": ""煎成膏药贴之，遍身亦可""}]",0.2,,True,False,,"[{""classical_span"": ""治伤骨折及血黯方"", ""why_supports"": ""明确为外伤性骨折治疗，非骨弱或脆性骨折""}, {""classical_span"": ""卷之五 跌扑伤损"", ""why_supports"": ""章节指向跌倒外伤，为急性损伤范畴""}]",1,"[""文本为外伤骨折，非慢性骨弱或脆性骨折证据"", ""未出现骨痿、骨疏、年老骨弱等指向性病名"", ""无骨量不足或反复易折的描述""]",5fff1ca796d5f6625c2cc4ae42e8e482,"['人参汤', '好醋', '姜汁', '独子肥皂', '益元散', '膏药']",明,['其他']
ok,1607,2026-02-04 17:43:43,证治准绳·疡医,1602.0,骨折,卷之五 薛氏分证主治大法,上为细末。每服一钱，不拘时酒调下。如损骨折，乳香五钱。,方药,[],,血瘀气滞证,原文未提及具体证型，仅述骨折用药,[],,"[""骨折""]",,"[""中药内服""]",,"[{""name"": ""乳香"", ""type"": ""单味药"", ""note"": ""如损骨折，加乳香五钱""}]",0.2,如损骨折，乳香五钱,True,True,,"[{""classical_span"": ""如损骨折"", ""why_supports"": ""仅涉及骨折处理，未见骨弱或年老易折描述，相关性较弱""}]",1,"[""原文仅为骨折用药，可能属于急性外伤而非骨质疏松"", ""未出现骨痿、骨弱或反复易折等核心指征"", ""缺乏人群与证型信息，映射依据有限""]",a7f060aca0bf4df802104c20bf7eaf1b,['乳香'],明,['骨折']
ok,2742,2026-02-04 18:26:58,古今图书集成医部全录009（211-302）,1934.0,骨痿,古今图书集成医部全录卷三百二,右(口父)咀如麻豆大，每服半两，水二盏半，煎至一盏，去滓稍热空心服。于本方减柴胡、黄连、猪苓、泽泻，名减味清燥汤，治骨痿。,方药,[],,肾虚血瘀证,原文仅言“治骨痿”，未明确具体证型，无法对应固定证型枚举,[],,[],,"[""中药内服""]",,"[{""name"": ""减味清燥汤"", ""type"": ""方剂"", ""note"": ""由本方减柴胡、黄连、猪苓、泽泻而成，治骨痿""}]",1.0,名减味清燥汤，治骨痿,True,True,,"[{""classical_span"": ""治骨痿"", ""why_supports"": ""“骨痿”为古籍中与骨质疏松高度对应的核心病名""}]",3,"[""原文未给出证型却强行对应具体中医证型"", ""在无症状描述情况下臆造现代症状或人群"", ""将未提及的现代骨质疏松分型强行映射""]",ecd9b09a0c2450d204b9b062337a8fe6,['减味清燥汤'],近现代,[]
ok,1621,2026-02-04 17:44:15,"古今图书集成医部全录007（151-174,鼻唇口）",1934.0,骨折,古今图书集成医部全录卷一百五十四,小膀有二骨，一大一小，折一根易治，二根俱断难治。折之偶披者易治，平断者难药，一日换二次，冬天两日换一次。医者必自看为妥，若非此症与大腿同治，倘犯此症，骨必在皮肉之上，以骨镶对，不可用汤熏洗，恐伤毒入内故也。速以金枪药敷之。如骨折皮不破，揿骨平复，外竟贴接骨膏，然后照前绑扎，用松木板六块长七寸，上骨折上长，下骨折下长各寸许，取其根力。但此症最痛，必先服止痛接骨丹数剂，次服壮筋续骨丹及药酒调理,症状,[],,删除,,[],,"[""其他""]",明确为外伤性骨折（如“小膀有二骨……折一根易治”），非自发或脆性骨折描述,"[""中药内服"", ""中药外用""]",,"[{""name"": ""金枪药"", ""type"": ""外治"", ""note"": ""用于骨折外敷""}, {""name"": ""接骨膏"", ""type"": ""外治"", ""note"": ""骨折平复后外贴固定""}, {""name"": ""止痛接骨丹"", ""type"": ""方剂"", ""note"": ""先服以止痛接骨""}, {""name"": ""壮筋续骨丹"", ""type"": ""方剂"", ""note"": ""继服以续骨""}, {""name"": ""药酒"", ""type"": ""其他"", ""note"": ""调理用""}]",0.2,小膀有二骨，一大一小，折一根易治，二根俱断难治。,True,True,,"[{""classical_span"": ""折一根易治，二根俱断难治"", ""why_supports"": ""仅说明外伤性骨折治疗难易，与骨量减少无直接证据""}, {""classical_span"": ""如骨折皮不破，揿骨平复"", ""why_supports"": ""为急性骨折处理，非慢性骨弱""}]",1,"[""文本为急性外伤骨折，非脆性或反复骨折"", ""未见骨痿、骨弱、年老易折等指向"", ""证型与人群信息缺失，难以稳定映射""]",a7fbdfb8bca67c7586d8a8926a8b5669,"['壮筋续骨丹', '接骨膏', '止痛接骨丹', '药酒', '金枪药']",近现代,['其他']
ok,3242,2026-02-04 18:49:03,古今图书集成医部全录009（211-302）,1934.0,骨虚,古今图书集成医部全录卷二百十八,有无故口眼喎斜，投以中风药剂不效，盖缘骨虚中受风所致，当于此求之，不可例作寻常中风治之。川乌一味，决不可少，宜炮熟用。,病名,[],,其它-风寒湿痹证,文中仅言“骨虚中受风”，未对应到给定六种标准证型,[],,[],,"[""中药内服""]",,"[{""name"": ""川乌"", ""type"": ""单味药"", ""note"": ""指出“川乌一味决不可少，宜炮熟用”""}]",0.4,盖缘骨虚中受风所致,True,True,,"[{""classical_span"": ""骨虚中受风"", ""why_supports"": ""明确出现“骨虚”，提示骨质不足或骨弱的病理状态""}]",1,"[""原文未描述骨折、驼背或身高变矮等典型骨质疏松表现"", ""症状以口眼斜、中风样表现为主，骨病相关信息有限"", ""未能对应到明确的现代骨质疏松分型""]",531e49278f6439846dc5d763688b43b7,['川乌'],近现代,[]
ok,1632,2026-02-04 17:44:39,皇汉医学,1934.0,骨折,阳明病篇 蛴螬之医治效用,疗吐血在胸腹不去，破骨折血结，金疮内塞，产后中寒，下乳汁。(《别录》),方药,"[""胎产哺乳""]",,肾阳虚证,,[],,[],,"[""中药内服""]",,"[{""name"": ""蛴螬"", ""type"": ""单味药"", ""note"": ""据章节名“蛴螬之医治效用”，主治破骨折血结等""}]",0.2,破骨折血结，产后中寒，下乳汁,True,True,,"[{""classical_span"": ""破骨折血结"", ""why_supports"": ""涉及骨折，但偏急性外伤，非典型骨质疏松""}]",2,"[""以急性金疮骨折为主，非骨弱久病表现"", ""未见骨痿、骨枯等核心病名"", ""证据不足仍强行映射为骨质疏松""]",0aa048523b064712f6d638012b3bde4c,['蛴螬'],近现代,[]
ok,3337,2026-02-04 18:52:56,古今图书集成医部全录009（211-302）,1934.0,骨极,古今图书集成医部全录卷二百十六,骨极,方药,"[""情志异常""]",,脾胃虚弱证,,[],,[],,"[""中药内服""]",,"[{""name"": ""桑根白皮"", ""type"": ""单味药"", ""note"": ""禀阳明土金之气，补续经脉，用于五劳六极之证""}]",0.2,六极，气极、血极、筋极、骨极、肌极、精极也,True,True,,"[{""classical_span"": ""六极……骨极也"", ""why_supports"": ""出现“骨极”概念，提示慢性骨之虚损，但未及骨折""}]",1,"[""仅出现“骨极”概念，未描述骨折或明显骨弱表现"", ""证型可能多重（肾阳虚、脾胃虚弱），但仅能单选其一"", ""现代骨质疏松表型缺乏直接年龄或性别线索""]",6f2b2e0cbb8b12259e9a29942f455936,['桑根白皮'],近现代,[]
ok,4640,2026-02-04 19:43:41,黄帝内经太素,650.0,骨痿；骨枯,卷第二十五伤寒 五脏痿,有所远行劳倦，而逢大热而渴，渴则阳明气内代，则热合于肾，肾者水脏也，今水者不胜火，则骨枯而髓虚，故足不任身，发为骨痿，故下经曰：骨痿生于大热也。,其他,"[""老年后"",""情志异常""]",,肝肾阴虚证,,"[""原发性-老年型""]",,[],,"[""中药内服""]",,"[{""name"": ""归脾汤"", ""type"": ""方剂"", ""note"": ""文中用于补气养血、调心脾肝，经辨证加减，不宜于已成骨枯髓虚者""}]",1.0,今水不胜火，则骨枯而髓虚，远行劳倦，骨必受伤,True,True,,"[{""classical_span"": ""骨枯而髓虚"", ""why_supports"": ""直接描述骨与髓亏虚，为骨质疏松高度对应的古籍表述""}]",1,"[""原文未以现代疾病名论述，存在概念转换风险"", ""部分内容为方义讨论，非专论骨病条目"", ""缺乏具体症状如骨折记载，需谨慎映射""]",367318d7dd2071211ab29ba9c07b0e97,['归脾汤'],唐,[]
ok,1642,2026-02-04 17:44:58,随息居饮食谱,1861.0,骨折,鳞介类 附 蚕蛹、蜼螽 蟹,"甘咸寒。补骨髓, 利肢节, 续绝伤, 滋肝阴, 充胃液, 养筋活血。治疽, 愈臟, 疗跌打骨折筋断诸伤, 解鳝鱼、莨菪、漆毒。壳主辟邪、破血。爪可催产、堕胎。种类甚繁, 名号不一, 以乌江、乌程、秀水、嘉兴、海昌等处河中所产, 霜后大而脂满者胜。和以姜、醋, 风味绝伦。多食发风、积冷。孕妇及中气虚寒、时感未清、痰嗽、便泻者均忌。别种更寒, 尤不益人。中其毒者,紫苏、冬瓜、芦根、蒜汁, 皆可解之。反荆芥, 又忌同柿食。误犯则腹痛、吐利, 急以丁香、木香解之。海产者黄坚满而无膏,不鲜。并可盐渍、酒浸、糟酱久藏。得皂荚则不沙。",方药,[],,肾阳虚证,,[],,[],,"[""中药内服""]",,"[{""name"": ""蟹（螃蟹）"", ""type"": ""单味药"", ""note"": ""记载其补骨髓、疗跌打骨折筋断诸伤""}]",0.2,补骨髓…疗跌打骨折筋断诸伤,True,True,,"[{""classical_span"": ""补骨髓"", ""why_supports"": ""涉及骨髓与骨的补益概念，但未指向慢性骨弱""}, {""classical_span"": ""疗跌打骨折筋断诸伤"", ""why_supports"": ""提及骨折治疗，但偏向外伤而非脆性骨折""}]",1,"[""主要用于饮食与外伤描述，非慢性骨病"", ""骨折为跌打损伤，非脆性骨折证据"", ""未出现骨痿、骨弱等核心病名""]",fd7d355b266a0226d404d259b00064c8,['蟹'],清,[]
ok,1646,2026-02-04 17:45:08,历代本草药性汇解,2003.0,骨折,清热类 牡丹皮(《本经》),或问牡丹皮能退骨蒸之虚热，是亦地骨皮之流亚也，乃先生誉地骨皮之解骨蒸，而不及牡丹皮，岂别有意欤？夫牡丹皮之解骨蒸，虽同于地骨皮而微有异者，非解有汗与无汗也。牡丹皮之解骨蒸，解骨中之髓热也；地骨皮之解骨蒸，解骨中之血热也。骨中不止髓，髓之外必有血以裹之。骨中之髓热，必耗其骨中之血矣；骨外之血热，必烁其骨中之髓矣。故治骨蒸者，二味必须兼用，不可以有汗用地骨皮、无汗用牡丹皮也。此等论，实前人所未谈，言之必惊世人，然予实闻之吾师，非凿空而论也。髓中有血，斯亦何奇。余尝见人骨折者，骨中流血，与髓俱出，非明验乎。独是地骨皮凉骨中之血，牡丹皮凉骨中之髓，无人证吾言耳。,方药,[],,肝肾阴虚证,,[],,[],,"[""中药内服""]",,"[{""name"": ""牡丹皮"", ""type"": ""单味药"", ""note"": ""用于解骨蒸，凉骨中之髓热""}, {""name"": ""地骨皮"", ""type"": ""单味药"", ""note"": ""用于解骨蒸，凉骨中之血热""}]",0.2,牡丹皮之解骨蒸，解骨中之髓热也；地骨皮之解骨蒸，解骨中之血热也,True,True,,"[{""classical_span"": ""骨中之髓热，必耗其骨中之血"", ""why_supports"": ""涉及骨与髓、血耗损的慢性内在病机，可弱关联骨量衰减概念""}, {""classical_span"": ""余尝见人骨折者，骨中流血，与髓俱出"", ""why_supports"": ""以骨折为例说明骨髓血关系，提示骨脆弱的间接证据""}]",1,"[""文本以药性理论阐述为主，非明确疾病记载，相关性偏弱"", ""骨折仅作为例证而非患者主诉，易被过度解读"", ""未出现骨痿、骨弱等直接对应骨质疏松的病名""]",3527a99eb74d4e10124c1468ac39ed00,"['地骨皮', '牡丹皮']",近现代,[]
ok,1647,2026-02-04 17:45:09,历代本草药性汇解,2003.0,骨折,理血类 丹参(《本经》),·丹参具有抗胃溃疡、促进皮肤创伤和骨折愈合作用；能对肾功能衰竭起到显著的保护作用；能提高未成年大鼠雌醇含量，使子宫重量增加。,方药,[],,删除,,[],,"[""骨折""]",,"[""中药内服""]",,"[{""name"": ""丹参"", ""type"": ""单味药"", ""note"": ""提及可促进骨折愈合""}]",0.2,,True,True,,"[{""classical_span"": ""促进皮肤创伤和骨折愈合"", ""why_supports"": ""出现骨折相关表述，但未指向骨弱或反复易折""}]",1,"[""仅有骨折愈合描述，未见骨痿或骨弱病机"", ""为现代药理性描述，非明确古籍病证"", ""缺乏人群与证型信息仍可能被过度映射""]",4412332eacf6ce609b12f5d1dbb45f3a,['丹参'],近现代,['骨折']
ok,1648,2026-02-04 17:45:12,历代本草药性汇解,2003.0,骨折,理血类 川芎(《本经》),·川芎浸膏能有效地收缩子宫；川芎水溶性制剂可以对抗各种放射。川芎&#x55EA;还可对抗肿瘤转移；使急性出血性胰腺炎得到抑制。川芎对动物骨折的愈合和血肿的吸收有明显促进作用，还可增强免疫功能。,方药,[],,删除,,[],,[],,"[""中药内服""]",,"[{""name"": ""川芎"", ""type"": ""单味药"", ""note"": ""用于促进骨折愈合、血肿吸收（现代研究描述）""}]",0.2,,True,False,,"[{""classical_span"": ""对动物骨折的愈合和血肿的吸收有明显促进作用"", ""why_supports"": ""仅提示骨折愈合促进，偏向外伤修复，非骨量减少或骨弱""}]",1,"[""文本为现代研究性描述，缺乏古籍原文证据"", ""所述骨折为外伤修复，非脆性骨折或骨量减少"", ""未出现骨痿、骨弱、年老易折等核心指征""]",fd967b230db7113f16d0c05a4c05d236,['川芎'],近现代,[]
ok,1650,2026-02-04 17:45:19,历代本草药性汇解,2003.0,骨折,理血类 自然铜(《日华子本草》),《本草衍义补遗》：自然铜，世以为接骨之药。然此等方尽多，大抵骨折在补气、补血、补胃，俗工惟在速效，以罔利迎合病人之意。而铜非&#x7145;不可用，若新出火者，其火毒金毒相掮，挟香热毒药，虽有接骨之功，燥散之祸甚于刀剑，戒！,方药,[],,删除,,[],,"[""骨折""]",原文提及“骨折”，但未能区分是否为脆性骨折，属弱映射,[],,"[{""name"": ""自然铜"", ""type"": ""单味药"", ""note"": ""世以为接骨之药，强调需经煅用，戒其火毒金毒""}]",0.2,自然铜，世以为接骨之药。,True,True,,"[{""classical_span"": ""世以为接骨之药"", ""why_supports"": ""明确指向骨折修复，与骨脆或骨病存在弱相关""}]",1,"[""文本仅论及外伤性骨折，未体现骨弱或骨量减少"", ""未出现骨痿、骨枯等典型骨质疏松病名"", ""治疗语境偏急性接骨，非慢性退行性骨病""]",7910246f72e00b80d54c33bda526b7af,['自然铜'],近现代,['骨折']
ok,1688,2026-02-04 17:46:38,本草简要方,1938.0,骨折,卷之七 禽部 五灵脂,研末。熟水同香油调敷。治骨折肿痛。,外治法,[],,删除,,[],,"[""其他""]",外伤性骨折肿痛，非脆性或自发性骨折,"[""中药外用""]",,"[{""name"": ""五灵脂"", ""type"": ""单味药"", ""note"": ""研末，以熟水同香油调敷，外用治骨折肿痛""}]",0.2,,True,False,,"[{""classical_span"": ""治骨折肿痛"", ""why_supports"": ""仅涉及急性外伤性骨折及局部肿痛，未体现骨弱或脆性骨折特征""}]",2,"[""文本仅描述外伤性骨折治疗，非慢性骨量减少性疾病"", ""未见骨痿、骨弱、易折等指向骨质疏松的核心语义"", ""若将一般骨折直接等同为骨质疏松相关，证据不足""]",78fb5ec9fbf22a63f32cf0e0cc985750,['五灵脂'],近现代,['其他']
ok,1690,2026-02-04 17:46:49,遵生八笺,1591.0,骨折,灵秘丹药笺　下卷,上十味，先用锅内熬油，次下蜡，将锅离火放地上，入蜜陀僧、飞丹、自然铜，搅匀。小火再煎，滴水成珠，方下矾、竭、乳、没、砂，用杨柳枝不住手搅匀，待凝，丸如弹子大，笋壳衬垫。每遇跌折伤重者，用一丸，再加猪油些少，火上化开涂伤处，以油纸包缚。甚者，以灯草裹了，用竹片夹绑。再用一丸分作小丸，滚热葱酒吞下，痛止。若再痛，再服，痛定乃止。骨折者，再次即愈。如齿痛者，一贴牙根立止。,外治法,[],,血瘀气滞证,原文未辨证分型，仅述跌折伤外治用法,[],,"[""其他""]",跌折所致外伤性骨折与疼痛，非脆性骨折描述,"[""中药外用"", ""中药内服""]",,"[{""name"": ""蜜陀僧"", ""type"": ""单味药"", ""note"": ""入膏外涂伤处""}, {""name"": ""飞丹"", ""type"": ""单味药"", ""note"": ""入膏外用""}, {""name"": ""自然铜"", ""type"": ""单味药"", ""note"": ""入膏外用""}, {""name"": ""矾"", ""type"": ""单味药"", ""note"": ""后下成丸""}, {""name"": ""乳香"", ""type"": ""单味药"", ""note"": ""后下成丸""}, {""name"": ""没药"", ""type"": ""单味药"", ""note"": ""后下成丸""}, {""name"": ""葱酒"", ""type"": ""其他"", ""note"": ""送服小丸止痛""}]",0.2,,True,False,愈,"[{""classical_span"": ""每遇跌折伤重者"", ""why_supports"": ""明确为外伤性跌折""}, {""classical_span"": ""骨折者，再次即愈"", ""why_supports"": ""描述骨折治疗转归""}]",1,"[""主要为外伤性骨折，非骨量减少或脆性骨折"", ""未见年老骨弱、反复骨折等骨质疏松关键信息"", ""无证型与人群特征，难以进行现代分型映射""]",56857b9553f7c855cde2ffafccf3771f,"['乳香', '没药', '矾', '自然铜', '葱酒', '蜜陀僧', '飞丹']",明,['其他']
ok,1697,2026-02-04 17:46:58,赤水元珠（四库本）,1584.0,骨折,赤水元珠卷三十,右为细末用生姜自然汁调如稀糊敷以纸花贴如干再敷如骨折先以绢帛封防次用杉树皮束定良久痛止即痒觉热乃是血活筋骨复旧轻者三五日重者不过旬日矣,外治法,[],,删除,,[],,"[""骨痛""]",,"[""中药外用""]",,"[{""name"": ""生姜自然汁"", ""type"": ""外治"", ""note"": ""调末为糊外敷""}, {""name"": ""纸花"", ""type"": ""外治"", ""note"": ""覆盖固定""}, {""name"": ""杉树皮"", ""type"": ""外治"", ""note"": ""束定患处""}, {""name"": ""绢帛"", ""type"": ""外治"", ""note"": ""封防固定""}]",0.2,,True,False,好转,"[{""classical_span"": ""如骨折先以绢帛封防"", ""why_supports"": ""明确为外伤性骨折处理，非骨弱所致""}, {""classical_span"": ""良久痛止"", ""why_supports"": ""描述止痛疗效，未涉及骨量不足""}]",1,"[""文本为急性外伤骨折外治，非慢性骨弱或易折"", ""未出现骨痿、骨弱、年老易折等指向性病名"", ""无法区分是否脆性骨折，证据不足以强映射""]",32c079b1832128bad3adcd24c88e20ca,"['杉树皮', '生姜自然汁', '纸花', '绢帛']",明,['骨痛']
ok,1698,2026-02-04 17:47:00,赤水元珠（四库本）,1584.0,骨折,赤水元珠卷三十,秘神效散　治跌扑损伤骨折骨碎筋断疼痛不可忍者此药极能理伤续断累騐若神,方药,[],,血瘀气滞证,原文仅述跌扑损伤骨折之治，未见辨证分型描述,[],,"[""骨痛""]",,"[""中药内服""]",,"[{""name"": ""秘传神效散"", ""type"": ""方剂"", ""note"": ""用于治跌扑损伤、骨折骨碎、筋断疼痛""}]",0.2,治跌扑损伤骨折骨碎筋断疼痛不可忍者,True,False,,"[{""classical_span"": ""治跌扑损伤骨折骨碎"", ""why_supports"": ""明确为外伤性骨折治疗，非自发或脆性骨折""}]",1,"[""文本为急性外伤骨折，非慢性骨弱或脆性骨折"", ""未见老年、肾虚等与骨质疏松相关背景"", ""无骨痿、骨疏等高度相关病名或描述""]",1f3280263da14ebc7abf441628a17a24,['秘传神效散'],明,['骨痛']
ok,3962,2026-02-04 19:17:26,古今图书集成医部全录009（211-302）,1934.0,骨痹,古今图书集成医部全录卷二百二十七,《金匮》论肾着之病，其人身体重，腰中冷，如坐水中，形如水状，反不渴，小便自利，饮食如故，病属下焦，身劳汗出，衣里冷湿，久久得之，腰以下冷痛，腹重如带五千钱，甘姜苓朮汤主之。经但言骨痹不已，复感于邪，内舍于肾。仲景知湿邪不能伤肾脏之真，不过舍于所合，故以身重腰冷等证为言，曰饮食如故，曰病属下焦，意可知矣。然湿土之邪，贼伤寒水，恐害两肾所主生气之原，关系尤大，故特举肾着一证立方，以开其痹着。,病名,[],,肾阳虚证,,[],,"[""腰背痛"", ""活动受限""]",,"[""中药内服""]",,"[{""name"": ""甘姜苓朮汤"", ""type"": ""方剂"", ""note"": ""用于治疗肾着、骨痹相关之身重腰冷疼痛""}]",0.2,经但言骨痹不已，复感于邪，内舍于肾,True,True,,"[{""classical_span"": ""骨痹不已"", ""why_supports"": ""骨痹属慢性筋骨疼痛，可能与骨质退变相关""}, {""classical_span"": ""腰以下冷痛"", ""why_supports"": ""提示慢性腰部疼痛，为骨病常见表现""}]",1,"[""文本未明确提及骨弱、骨折等关键骨质疏松特征"", ""症状可归于痹证或湿邪为主，特异性不足"", ""缺乏人群与年龄信息，难以对应现代分型""]",44b0b0408cb32bbce0781384bcea7843,['甘姜苓朮汤'],近现代,"['活动受限', '腰背痛']"
ok,3963,2026-02-04 19:17:27,古今图书集成医部全录009（211-302）,1934.0,骨痹,古今图书集成医部全录卷二百二十七,附子汤 【 《宣明方》，下同】 　治肾脏风寒湿骨痹，腰脊疼不得俛仰，两脚冷受热不遂，头昏耳聋音浑。,方药,[],,肾阳虚证,,[],,"[""腰背痛"", ""活动受限""]",,"[""中药内服""]",,"[{""name"": ""附子汤"", ""type"": ""方剂"", ""note"": ""用于治疗肾脏风寒湿骨痹所致腰脊疼痛""}]",0.2,治肾脏风寒湿骨痹，腰脊疼不得俛仰,True,True,,"[{""classical_span"": ""骨痹"", ""why_supports"": ""骨痹属慢性骨病范畴，可与骨质疏松的骨痛、功能受限产生弱映射""}, {""classical_span"": ""腰脊疼不得俛仰"", ""why_supports"": ""符合骨质疏松常见的腰背痛与活动受限表现，但缺乏骨弱或骨折描述""}]",1,"[""仅见骨痹与疼痛描述，未出现骨弱或易折等强指征"", ""无明确人群或年龄信息，难以对应具体现代表型"", ""证据主要为症状层面，缺乏病机与转归支持""]",ac1794fac49a4993c2a6b369fd5420ba,['附子汤'],近现代,"['活动受限', '腰背痛']"
ok,1733,2026-02-04 17:48:20,普济方（四库本301-360卷）,1406.0,骨折,普济方卷三百九,令病人仰卧倒比根齐恐胯骨出臼用手挐病人膝下一手挐脚腕伸舒扯拽脚根对齐如骨折处再用手按捏骨平正用消毒散敷贴外用长板子纸包裹绢带子扎缚里外用砖靠定勿令腿摇动脚头抵正二七日方可换药时轻手解开用葱椒汤软绢揾洗再敷药用铜匙柄穿带子勿令腿动以后伸舒演习行步,外治法,[],,删除,,[],,"[""活动受限""]",,"[""中药外用"", ""其他""]",复位、牵引、夹板固定、外敷与清洗等外伤处理方法,"[{""name"": ""消毒散"", ""type"": ""外治"", ""note"": ""骨折复位后外敷使用""}, {""name"": ""葱椒汤"", ""type"": ""外治"", ""note"": ""换药时用于清洗患处""}]",0.2,,True,False,,"[{""classical_span"": ""如骨折处再用手按捏骨平正"", ""why_supports"": ""明确为急性外伤性骨折的复位与固定处理""}]",1,"[""条文仅述外伤性骨折处理，缺乏骨弱或反复易折证据"", ""未见与年老、肾虚或骨痿等慢性骨病相关描述"", ""将急性外伤骨折直接映射为骨质疏松可能造成过度解读""]",3cdb153be90007e98102903a31c9e7cd,"['消毒散', '葱椒汤']",明,['活动受限']
ok,1735,2026-02-04 17:48:21,普济方（四库本301-360卷）,1406.0,骨折,普济方卷三百九,如破伤折骨服乌头散麻之如骨折签出皮者用铜匙柄挑起皮皮披如旧用玉真散敷贴如骨折低者往上抬之如骨折髙者往下按之揣捏骨平正用油搽皮肤或蜜亦可用敷药干糁揾洗用生肌散并太乙膏贴之初服导滞散下之后服止痛祛风药方并接骨药托里散调治如皮破骨折者髓血相混成脓接不正以后次演习行步终不得定完成全,其他,[],,血瘀气滞证,原文为外伤所致骨折的处理，未体现虚损性证候,[],,"[""骨折"", ""活动受限""]",原文多次出现“骨折”“行步终不得定”，提示骨折及活动受限,"[""中药内服"", ""中药外用""]",,"[{""name"": ""乌头散"", ""type"": ""方剂"", ""note"": ""内服止痛麻木""}, {""name"": ""玉真散"", ""type"": ""方剂"", ""note"": ""外敷骨折破皮处""}, {""name"": ""生肌散"", ""type"": ""方剂"", ""note"": ""促进生肌""}, {""name"": ""太乙膏"", ""type"": ""外治"", ""note"": ""贴敷患处""}, {""name"": ""导滞散"", ""type"": ""方剂"", ""note"": ""初服以下""}, {""name"": ""托里散"", ""type"": ""方剂"", ""note"": ""接骨托里调治""}]",0.2,,True,False,,"[{""classical_span"": ""如骨折签出皮者"", ""why_supports"": ""明确为外伤性骨折描述""}, {""classical_span"": ""以后次演习行步终不得定"", ""why_supports"": ""提示骨折后遗活动障碍""}]",1,"[""文本为急性外伤骨折处理，非骨量减少性疾病"", ""未见年老骨弱或反复易折等骨质疏松特征"", ""若强行归为骨质疏松，证据明显不足""]",45b3660e1758576ab46cf4edb1bf45b8,"['乌头散', '太乙膏', '导滞散', '托里散', '玉真散', '生肌散']",明,"['活动受限', '骨折']"
ok,1738,2026-02-04 17:48:26,普济方（四库本301-360卷）,1406.0,骨折,普济方卷三百九,右等分为细末炼好黄蜡丸如弹子大每服一丸筋伤骨折用无灰酒半升入药以东南柳枝搅匀同煎三五次空心热服五十岁已上不过十服旬日如旧五十已下不过五服秘方,方药,[],,血瘀气滞证,原文仅述筋伤骨折用药，未涉及辨证分型依据,[],,[],,"[""中药内服""]",,"[{""name"": ""黄蜡丸"", ""type"": ""方剂"", ""note"": ""炼好黄蜡为丸，如弹子大，治筋伤骨折""}]",0.2,,True,False,如旧,"[{""classical_span"": ""筋伤骨折用"", ""why_supports"": ""明确指向外伤性骨折治疗，而非骨弱或脆性骨折""}]",1,"[""条文为急性外伤骨折用药，非慢性骨病"", ""未出现骨痿、骨弱、年老易折等关键信息"", ""证据不足以支持骨质疏松映射""]",216ebe53272dc5743a4531a37df6d660,['黄蜡丸'],明,[]
ok,1747,2026-02-04 17:48:46,普济方（四库本301-360卷）,1406.0,骨折,普济方卷三百九,右碾殻为末入乳香匀用药末一合浸少时煮粥研细入姜汁更研方用前药两匙入研匀再于瓦内蒸令极热上骨折处仍先用葱汤洗令骨内热筋骨活络方可敷之候干再换三五度即瘥,外治法,[],,血瘀气滞证,原文未述辨证，仅为骨折外治处理,[],,"[""骨折""]",原文直接记载“骨折处”,"[""中药外用""]",,"[{""name"": ""龟壳"", ""type"": ""外治"", ""note"": ""碾末外敷骨折处""}, {""name"": ""乳香"", ""type"": ""外治"", ""note"": ""与龟壳末同用""}, {""name"": ""姜汁"", ""type"": ""外治"", ""note"": ""研药时加入""}, {""name"": ""葱汤"", ""type"": ""外治"", ""note"": ""敷药前洗骨折处""}]",0.2,上骨折处仍先用葱汤洗令骨内热筋骨活络方可敷之,True,False,愈,"[{""classical_span"": ""上骨折处"", ""why_supports"": ""明确为骨折治疗，涉及骨病但偏急性外伤""}]",1,"[""条文为急性外伤骨折处理，非慢性骨弱"", ""未出现骨痿、骨枯等高度指向病名"", ""无老年或反复易折等脆性特征描述""]",7f2fd8461864d694ec681482ddeba4f7,"['乳香', '姜汁', '葱汤', '龟壳']",明,['骨折']
ok,1750,2026-02-04 17:48:53,普济方（四库本301-360卷）,1406.0,骨折,普济方卷三百十,右为末或打扑闪肭及骨折碎用药末三钱酒半盏白面二钱生姜自然汁少许同以慢火熬成膏摊帛上贴之三日一换用米沙木箆子绵绳夹防夏月栁枝子五条夹虽不妨,外治法,[],,血瘀气滞证,原文仅述外伤骨折敷治，未涉及内在虚损证候,[],,"[""骨折""]",文本明确提及“骨折碎”，但系外伤所致,"[""中药外用""]",,"[{""name"": ""外敷膏药"", ""type"": ""外治"", ""note"": ""药末配酒、白面、生姜汁熬膏，摊帛外贴，三日一换""}, {""name"": ""生姜自然汁"", ""type"": ""单味药"", ""note"": ""与药末同熬成膏作外敷之用""}, {""name"": ""白面"", ""type"": ""其他"", ""note"": ""与药末、酒同用以成膏外敷""}]",0.2,,True,False,,"[{""classical_span"": ""打扑闪肭及骨折碎"", ""why_supports"": ""明确为跌扑外伤导致的骨折，而非骨弱自折""}]",1,"[""文本为急性外伤骨折处理，非慢性骨弱疾病"", ""未出现骨痿、骨弱、年老易折等骨质疏松指向性描述"", ""证型与人群信息缺失，难以进行可靠病机映射""]",e0ac3f5f7d0b61432e0f4d4ae637888e,"['外敷膏药', '生姜自然汁', '白面']",明,['骨折']
ok,1751,2026-02-04 17:48:55,圣济总录,1117.0,骨折,卷第一百四十三&#183;伤折门 从高坠下伤损肿痛,上一十味，新鼎中先熔脂冷，下蜡，出鼎于冷处，入密陀僧铅丹自然铜，缓火再煎，滴入水中不散，更出鼎于冷处，下诸药，用柳篦搅匀，泻入瓷盆内，不住手搅至凝，丸如弹子大。再用笋皮之类衬之，极冷收贮，凡折伤用一丸，入少油，火上化开，涂伤痛处，以油纸帛护之，甚者以灯心裹木夹之，更取一丸，分作小丸，热葱酒下，痛即止，如药力尽，再觉痛，更一服，痛止即已。骨折者，再上便安，牙痛甚者，贴之即止。,外治法,[],,肾阳虚证,,[],,"[""骨折""]",,"[""中药外用""]",,"[{""name"": ""蜜陀僧"", ""type"": ""外治"", ""note"": ""入外用丸药，治折伤""}, {""name"": ""铅丹"", ""type"": ""外治"", ""note"": ""入外用丸药，助收敛""}, {""name"": ""自然铜"", ""type"": ""外治"", ""note"": ""治骨折、接骨""}, {""name"": ""蜡"", ""type"": ""其他"", ""note"": ""为外用丸药基质""}, {""name"": ""脂"", ""type"": ""其他"", ""note"": ""为外用丸药基质""}]",0.2,凡折伤用一丸入少油火上化开涂伤处,True,False,,"[{""classical_span"": ""凡折伤用一丸"", ""why_supports"": ""明确针对骨折的外治描述，但属外伤处理""}]",1,"[""文本为急性外伤骨折外治，非慢性骨弱或骨痿"", ""未见年老、久病或反复易折等骨质疏松关键信号"", ""仅凭骨折一词即映射骨质疏松可能过度解释""]",927cf8b5faae2a3d439ad327afd3abe5,"['脂', '自然铜', '蜜陀僧', '蜡', '铅丹']",宋金元,['骨折']
ok,1754,2026-02-04 17:49:00,普济方（四库本301-360卷）,1406.0,骨折,普济方卷三百十,神効膏　治打扑伤损筋动骨折不问手足腰背并皆治之,外治法,[],,血瘀气滞证,原文仅述外伤骨折之治法，未涉及内在证型辨析,[],,[],,"[""中药外用""]",,"[{""name"": ""神効膏"", ""type"": ""外治"", ""note"": ""用于治疗打扑伤损、筋动骨折""}]",0.2,,True,False,,"[{""classical_span"": ""治打扑伤损筋动骨折"", ""why_supports"": ""明确为外伤性骨折治疗，非骨弱或脆性骨折""}]",1,"[""仅记载外伤骨折外治法，缺乏骨弱或年老易折等内因描述"", ""未出现骨痿、骨疏等与骨质疏松高度相关的古籍病名"", ""证型、人群与慢性演变信息缺失，难以支持强映射""]",cb8578d1f2e1a3f6ae44aa86c348dd5d,['神効膏'],明,[]
ok,1756,2026-02-04 17:49:11,普济方（四库本301-360卷）,1406.0,骨折,普济方卷三百十,右为细末以牛骨末七分定器末三分拌匀如是扑损用好米醋调曲入药末如稠糊贴损上以纸三重封贴如骨折于纸上更用竹片封扎绢纒不得动若初扑损先以热酒调服二钱伤在腰下食前日进二服伤在腰上食后服,外治法,[],,血瘀气滞证,原文为扑损骨折之急性外伤处置，未体现虚损证候分型,[],,"[""骨折""]",文本直接描述“骨折”“扑损”，属骨折表现,"[""中药外用"", ""中药内服""]",,"[{""name"": ""牛骨末"", ""type"": ""外治"", ""note"": ""与药末拌匀，醋调成糊外贴骨折处""}, {""name"": ""定器末"", ""type"": ""外治"", ""note"": ""与牛骨末同用，外敷扑损骨折""}, {""name"": ""米醋"", ""type"": ""其他"", ""note"": ""调药末成糊用于外贴""}, {""name"": ""热酒"", ""type"": ""其他"", ""note"": ""调服内用，分伤在腰上下而服""}]",0.2,如骨折于纸上更用竹片封扎绢纒不得动,True,True,,"[{""classical_span"": ""如是扑损用…如骨折"", ""why_supports"": ""明确为骨折处置，涉及骨病但以急性外伤为主""}]",1,"[""文本为急性外伤骨折，非慢性骨弱或脆性骨折反复"", ""未出现骨痿、骨枯等指向骨量不足的病名"", ""证型与人群信息缺失，难以直接映射骨质疏松分型""]",72130f6b0498e47f9a9cb3558b5f7e06,"['定器末', '热酒', '牛骨末', '米醋']",明,['骨折']
ok,1762,2026-02-04 17:49:19,普济方（四库本301-360卷）,1406.0,骨折,普济方卷三百十一,白僵蚕丸　治骨折筋伤后恶血攻疼痛不止,方药,[],,血瘀气滞证,原文仅述外伤骨折、筋伤后瘀血疼痛，未指向内在虚损证型,[],,"[""骨折"", ""骨痛""]",原文为“骨折筋伤后恶血攻疼痛不止”，属外伤性骨折疼痛,"[""中药内服""]",,"[{""name"": ""白僵蚕丸"", ""type"": ""方剂"", ""note"": ""用于治疗骨折筋伤后瘀血疼痛""}]",0.2,治骨折筋伤后恶血攻疼痛不止,True,False,,"[{""classical_span"": ""骨折筋伤后"", ""why_supports"": ""明确为外伤性骨折而非骨弱自折""}]",1,"[""条文仅涉及外伤骨折，非骨量减少或骨弱反复骨折"", ""未出现骨痿、骨弱、年老易折等典型指向"", ""证型与人群信息缺失，难以稳定映射骨质疏松""]",aa066cd914e9926fe52438d20404c551,['白僵蚕丸'],明,"['骨折', '骨痛']"
ok,1764,2026-02-04 17:49:23,普济方（四库本301-360卷）,1406.0,骨折,普济方卷三百十一,青金散【出圣济总录】　治踠伤骨折,方药,[],,删除,,[],,[],,"[""中药内服""]",,"[{""name"": ""青金散"", ""type"": ""方剂"", ""note"": ""原文用于治疗踠伤骨折""}]",0.2,,True,False,,"[{""classical_span"": ""治踠伤骨折"", ""why_supports"": ""明确针对外伤性骨折，属于急性损伤而非骨弱或骨量减少""}]",1,"[""条文仅涉及外伤性骨折，缺乏骨弱或年老易折等信息"", ""未出现骨痿、骨枯等与骨质疏松高度相关的古籍病名"", ""若强行归为骨质疏松可能构成过度映射""]",834094aa583856b016bb9d5c2e09c86c,['青金散'],明,[]
ok,1768,2026-02-04 17:49:36,普济方（四库本301-360卷）,1406.0,骨折,普济方卷三百十二,右味骨细剉用酒醋各半升浸一宿漉去炙令黄色冷入二味药同为细散每服二钱以温酒调下不拘时又将黄米半升作糊入散药一分调令匀涂贴骨折筋伤处疼痛立止,外治法,[],,肾阳虚证,,[],,"[""骨痛"", ""活动受限""]",,"[""中药外用""]",,"[{""name"": ""右味骨"", ""type"": ""外治"", ""note"": ""剉碎酒醋浸炙后为散，外敷骨折筋伤止痛""}, {""name"": ""黄米"", ""type"": ""外治"", ""note"": ""作糊调药散，涂贴患处""}]",0.2,,True,False,,"[{""classical_span"": ""涂贴骨折筋伤处疼痛立止"", ""why_supports"": ""明确为外伤性骨折止痛治疗，非骨弱或骨痿描述""}]",1,"[""文本仅描述急性外伤骨折处理，缺乏骨弱或久病证据"", ""未见反复骨折、年老骨衰等指向骨质疏松的语义"", ""若强行归为骨质疏松可能属于证据不足的过度映射""]",848259f4ff56d3cd4f9bed2d1d4f4d82,"['右味骨', '黄米']",明,"['活动受限', '骨痛']"
ok,1772,2026-02-04 17:49:41,薛氏医案（四库本）,1529.0,骨折,薛氏医案卷十二,黑龙散　治跌扑伤损筋骨碎断先用前汤淋洗以纸摊贴若骨折更以薄木片夹贴以小绳束三日再如前法勿去夹板恐揺动患处至骨坚牢方宜去若被刀箭虫伤成疮并用姜汁和水调贴口以风流散塡涂,外治法,[],,血瘀气滞证,所述为跌扑、刀箭所致外伤骨折处理，未涉及虚损性证候,[],,[],,"[""中药外用"", ""其他""]",外敷药物并以薄木片夹板固定患处,"[{""name"": ""黑龙散"", ""type"": ""方剂"", ""note"": ""治跌扑伤损筋骨碎断，外用""}, {""name"": ""前汤"", ""type"": ""其他"", ""note"": ""先用以淋洗患处""}, {""name"": ""风流散"", ""type"": ""方剂"", ""note"": ""虫伤成疮时外涂""}, {""name"": ""姜汁"", ""type"": ""单味药"", ""note"": ""和水调贴疮口""}]",0.2,,True,False,,"[{""classical_span"": ""治跌扑伤损筋骨碎断"", ""why_supports"": ""明确为外伤性骨折治疗，非骨质虚弱所致""}]",1,"[""文本仅描述急性外伤骨折，缺乏骨痿或骨弱证据"", ""未见年老、久病或反复骨折等骨质疏松指向信息"", ""治疗重在外固定与外敷，非补虚固骨法""]",a9032c06a5c55d695c4783ccf37a8b08,"['前汤', '姜汁', '风流散', '黑龙散']",明,[]
ok,1773,2026-02-04 17:49:46,薛氏医案（四库本）,1529.0,骨折,薛氏医案卷十二,接骨散　治骨折碎或骨出先整端正却服此药如飞禽六畜所伤亦能治,方药,[],,血瘀气滞证,原文仅述外伤骨折用药，未见证型辨析，证据不足,[],,"[""其他""]",外伤性骨折（原文称“骨折碎或骨出”，非脆性骨折）,"[""中药内服""]",,"[{""name"": ""接骨散"", ""type"": ""方剂"", ""note"": ""用于治疗外伤所致骨折""}]",0.2,,True,False,,"[{""classical_span"": ""接骨散　治骨折碎或骨出"", ""why_supports"": ""明确为外伤性骨折治疗，未提示骨弱或脆性骨折""}]",1,"[""文本仅涉及外伤骨折，缺乏骨质疏松特异线索"", ""未见年老、骨弱、反复易折等慢性特征"", ""若强行映射为脆性骨折将导致过度解读""]",19328b393c42a56492f2323ce388f54e,['接骨散'],明,['其他']
ok,1775,2026-02-04 17:49:47,薛氏医案（四库本）,1529.0,骨折,薛氏医案卷六十九,接骨散治骨折碎或骨出先整端正却服此药飞禽六畜所伤亦能治之,方药,[],,血瘀气滞证,原文仅述外伤骨折用药，未涉及内在证型辨析,[],,[],,"[""中药内服""]",,"[{""name"": ""接骨散"", ""type"": ""方剂"", ""note"": ""用于骨折碎或骨出之接骨疗伤""}]",0.2,接骨散治骨折碎或骨出,True,False,,"[{""classical_span"": ""治骨折碎或骨出"", ""why_supports"": ""描述为明确外伤性骨折治疗，非骨弱或骨痿范畴""}]",1,"[""条文仅涉及外伤骨折，缺乏骨量不足或骨弱证据"", ""未出现老年、反复骨折等提示骨质疏松的关键信息"", ""若强行映射证型或表型将构成臆造""]",74d2eadef819209c0b61bbdc9c417299,['接骨散'],明,[]
ok,1777,2026-02-04 17:49:50,本草纲目（金陵本）,1593.0,骨折,第七卷 土部,（《唐本草》）【集解】时珍曰∶夏桀始以泥坯烧作瓦。【气味】甘，寒，无毒。【主治】以水煮及渍汁饮，止消渴，取屋上年深者良（《唐本》）。煎汤服，解人心中大热（甄权）。止小便，煎汁服（大明）。研末，涂汤火伤（藏器）。治折伤，接骨（时珍）。【附方】旧一，新六。暑月死屋上两畔瓦，热熨心头，冷即易之。（《千金方》）折伤筋骨∶秘传神效散∶治跌扑伤损，骨折骨碎，筋断，痛不可忍。此药极能理伤续断，累用累验。用路上墙脚下，往来人便溺处，久碎瓦片一块，洗净火，米醋淬五次，黄色为度，刀刮细末。每服三钱，好酒调下。在上食前，在下食后。不可以轻易而贱之，诚神方也。（邵以正真人经验方）汤火伤灼∶取多年屋上吻兽为末，油和涂之，立效。（《儒门事亲方》）灸牙痛法∶取土底年深，既古且润，三角瓦一块。令三姓童子，候星初出时，指第一星，下火于瓦上灸之。（《本草拾遗》）唇吻生疮∶新瓦为末，生油调涂。（《集玄方》）瘢痕凸起∶热瓦频熨之。（《千金方》）蜂虿螫伤∶瓦摩其上，唾二七遍，置瓦于故处。（《千金》）,外治法,[],,血瘀气滞证,原文未论证型，仅述治折伤接骨等外治用途,[],,[],,"[""中药外用""]",,"[{""name"": ""久碎瓦片（瓦）"", ""type"": ""外治"", ""note"": ""研末或热熨，用于折伤接骨""}, {""name"": ""多年屋上吻兽（瓦）"", ""type"": ""外治"", ""note"": ""为末油和涂，治汤火伤""}, {""name"": ""三角瓦"", ""type"": ""外治"", ""note"": ""灸法载体，用于牙痛""}]",0.2,治折伤，接骨,True,False,,"[{""classical_span"": ""治折伤，接骨"", ""why_supports"": ""仅提示骨折外治，与慢性骨量减少缺乏直接对应""}]",1,"[""所述骨折为外伤性，非脆性或年老骨弱所致"", ""未见骨痿、骨弱、反复骨折等慢性指向"", ""证型与人群信息缺失，难以建立病因学映射""]",3f79f8cd163e80c582011339e57ea8b8,"['三角瓦', '久碎瓦片', '多年屋上吻兽']",明,[]
ok,1947,2026-02-04 17:56:18,金匮方歌括白话解,2006.0,骨折,卷五 黄疸病方,马某，78岁，因股骨颈骨折卧床半年余。10天前，右足背红热肿痛，边界不清，抚之灼手，形寒身热，入暮为重，大便4日未行，小便溲黄，舌红苔黄腻，脉数。辨证为内热蕴结，夹湿下注足背。以大黄牡丹汤加味：大黄6g，桃仁10g，冬瓜仁10g，丹皮10g，陈皮6g，牛膝10g，车前15g。2剂后症状减轻。续服上方4剂，肿痛消止。［蔡卫华. 实用中医药杂志，1999，15（5）：38］,方药,"[""老年后""]",,肝肾阴虚证,原文辨证为“内热蕴结，夹湿下注足背”，非固定枚举证型,"[""原发性-老年型""]",,"[""活动受限""]",因股骨颈骨折卧床半年余,"[""中药内服""]",,"[{""name"": ""大黄牡丹汤加味"", ""type"": ""方剂"", ""note"": ""治疗足背红热肿痛，加陈皮、牛膝、车前等""}]",0.2,78岁，因股骨颈骨折卧床半年余,True,True,好转,"[{""classical_span"": ""78岁，因股骨颈骨折卧床半年余"", ""why_supports"": ""高龄患者出现股骨颈骨折，提示与老年骨质减弱存在弱相关""}]",1,"[""病例为急性并发感染治疗，骨折并非主要论治对象"", ""未明确描述脆性骨折机制，不能直接等同骨质疏松"", ""证型与骨痿/肾虚等经典骨病关联不足""]",f535e09c786670c26643811faa00a367,['大黄牡丹汤加味'],近现代,['活动受限']
ok,1796,2026-02-04 17:50:37,本草新编,1687.0,骨折,卷三角集 牡丹皮,或问牡丹皮能退骨蒸之虚热，是亦地骨皮之流亚也，乃先生誉地骨皮之解骨蒸，而不及牡丹皮，岂别有意欤？夫牡丹皮之解骨蒸，虽同于地骨皮而微有异者，非解有汗与无汗也。牡丹皮之解骨蒸，解骨中之髓热也；地骨皮之解骨蒸，解骨中之血热也。骨中不止髓，髓之外必有血以裹之。骨中之髓热，必耗其骨中之血矣；骨外之血热，必烁其骨中之髓矣。故治骨蒸者，二味必须兼用，不可以有汗用地骨皮、无汗用牡丹皮也。此等论，实前人所未谈，言之必惊世人，然予实闻之吾师，非凿空而论也。髓中有血，斯亦何奇。余尝见人骨折者，骨中流血，与髓俱出，非明验乎。独是地骨皮凉骨中之血，牡丹皮凉骨中之髓，无人证吾言耳。,方药,[],,肝肾阴虚证,,[],,"[""骨折""]",原文以“余尝见人骨折者，骨中流血，与髓俱出”为例说明骨髓与骨血关系，非具体病例记载,"[""中药内服""]",,"[{""name"": ""牡丹皮"", ""type"": ""单味药"", ""note"": ""用于解骨蒸，侧重清骨中之髓热""}, {""name"": ""地骨皮"", ""type"": ""单味药"", ""note"": ""用于解骨蒸，侧重清骨中之血热""}]",0.2,余尝见人骨折者，骨中流血，与髓俱出,True,True,,"[{""classical_span"": ""人骨折者，骨中流血，与髓俱出"", ""why_supports"": ""提及骨折并讨论骨、髓、血关系，与骨脆弱性有弱相关""}]",1,"[""文本为药性理论阐述，非针对骨质疏松的直接病证描述"", ""骨折仅作论证举例，不能等同于脆性骨折流行病学特征"", ""缺乏人群、年龄及反复骨折等关键信息""]",3624e1e1cb71ec349df90b084b82853b,"['地骨皮', '牡丹皮']",清,['骨折']
ok,4661,2026-02-04 19:44:39,经络全书,1576.0,骨枯,前编 分野 二十七、〔齿〕,〔 附〕统属足少阴肾经（《灵枢》曰：足少阴气绝者，则骨枯。少阴者，冬脉也，伏阴而濡骨髓者也。故骨不濡，则肉不能着也。骨肉不相亲，则肉软却；肉软却，则齿长而垢，发无泽。发无泽者，骨先灭，戊笃已死，土胜水也。《素问》曰：丈夫八岁肾气实，发长齿更。五八肾气衰，齿槁发堕。又曰：肾热者，色黑而齿槁。少阴终者，面黑色，齿长而垢，腹胀闭塞，上下不通而终矣。戴复庵曰：肾虚牙浮而痛，甚则憎寒恶热，全具如欲脱之状。宜安肾丸、八味丸、黑锡丹之类）。,病名,"[""老年后""]",,脾肾阳虚,,"[""原发性-老年型""]",,[],,"[""中药内服""]",,"[{""name"": ""安肾丸"", ""type"": ""方剂"", ""note"": ""用于肾虚牙浮而痛""}, {""name"": ""八味丸"", ""type"": ""方剂"", ""note"": ""补肾治疗齿槁发堕""}, {""name"": ""黑锡丹"", ""type"": ""方剂"", ""note"": ""肾虚相关症候""}]",1.0,足少阴气绝者，则骨枯……骨不濡，则肉不能着也,True,True,,"[{""classical_span"": ""骨枯"", ""why_supports"": ""直接描述骨枯萎，符合骨量不足的核心特征""}, {""classical_span"": ""五八肾气衰，齿槁发堕"", ""why_supports"": ""随年龄增长的肾衰与骨齿退化，符合老年型骨质疏松""}]",1,"[""原文未出现骨折等现代特异指标，可能被认为证据单一"", ""症状多集中于齿与发，骨骼表现需语义映射"", ""证型选择基于归纳，非原文明确命名""]",a6cc08546ed8931451ef3390fde0afd5,"['八味丸', '安肾丸', '黑锡丹']",明,[]
ok,973,2026-02-04 17:18:47,"古今图书集成医部全录010（303-358,内科、伤寒）",1934.0,骨痿,古今图书集成医部全录卷三百六,金刚丸　治肾损骨痿，不能起于床，宜益精。,方药,[],,肾虚血瘀证,原文仅称“肾损骨痿，宜益精”，未明确阴虚或阳虚属性,[],,"[""活动受限""]",“不能起于床”提示严重活动受限,"[""中药内服""]",,"[{""name"": ""金刚丸"", ""type"": ""方剂"", ""note"": ""治肾损骨痿，宜益精""}]",1.0,治肾损骨痿，不能起于床，宜益精,True,True,,"[{""classical_span"": ""肾损骨痿，不能起于床"", ""why_supports"": ""明确出现“骨痿”，且描述筋骨痿软、功能丧失，为骨质疏松高度相关古籍病名""}]",3,"[""未提及年龄或性别，无法对应具体现代表型"", ""证型仅笼统称“肾损”，未明确阴阳虚实"", ""未出现骨折或形体改变等现代诊断关键指标""]",3d64c9c12a9668ef60fdf4a023bea54c,['金刚丸'],近现代,['活动受限']
ok,1005,2026-02-04 17:20:04,"古今图书集成医部全录010（303-358,内科、伤寒）",1934.0,骨痿,古今图书集成医部全录卷三百四,虚劳之证，《金匮》叙于血痹之下，可见劳则必劳其精血也。营血伤则内热起，五心常热，目中生花见火，耳内蛙聒蝉鸣，口舌糜烂，不知正味，鼻孔干燥，呼吸不利；乃至饮食不为肌肤，怠惰嗜卧，骨软足酸，营行日迟，卫行日疾，营血为卫气所迫，不能内守而脱出于外，或吐或衄，或出二阴之窍，血出既多，火热迸入，逼迫煎熬，漫无休止，营血有立尽而已，不死何待耶？更有劳之之极，而血痹不行者，血不脱于外，而但畜于内，畜之日久，周身血走之隧道，悉痹不流，惟就干涸，皮鲜滑泽，面无荣润，于是气之所过，血不为动，徒蒸血为热，或日晡、或子午，始必干热，俟蒸气散，微汗而热解，热蒸不已，瘵病成焉，不死又何待耶？亦有始因脱血，后遂血痹者，血虚血少，艰于流布，发热致痹，尤易易也。《内经》凡言虚病，不及于劳。然于大肉枯槁，大骨陷下，胷中气高，五脏各见危证，则固已言之。未有劳之之极，而真脏脉不见者也。然枯槁已极，即真脏脉不见，亦宁有不死者乎？秦越人始发虚损之论，谓虚而感寒则损其阳，阳虚则阴盛，损则自上而下。一损损于肺，皮聚而毛落；二损损于心，血脉不能荣养脏腑；三损损于胃，饮食不为肌肤。虚而感热则损其阴，阴虚则阳盛，损则自下而上。一损损于肾，骨痿不起于床；二损损于肝，筋缓不能自收持；三损损于脾，饮食不能消化。自上而下者，过于胃则不可治；自下而上者，过于脾则不可治。盖饮食多，自能生血，饮食少则血不生，血不生则阴不足以配阳，势必五脏齐损。越人归重脾胃，旨哉言矣！至仲景，《金匮》之文，昌细会其大意，谓精生于谷，谷入少而不生其血，血自不能化精。《内经》于精不足者必补之以味。味者，五谷之味也。补以味而节其劳，则积贮渐富，大命不倾。设以鸡口之入，为牛后之出，欲其不成虚势，宁可得乎？所以垂训十则，皆以无病男子精血两虚为言，而虚劳之候，焕若指掌矣。夫男子平人但知纵欲劳精，抑孰知阴精日损，饮食无味，转劳转虚，转虚转劳，脉从内变，色不外华，津液衰而口渴小便少，甚则目瞑衄血，阴精不交自走，盗汗淋漓，身体振摇，心胆惊怯者，比比然也，故血不化精则血痹矣。血痹则新血不生，并素有之血，亦瘀积不行。血瘀则营虚，营虚则发热，热久则蒸其所瘀之血，化而为虫，遂成传尸瘵证。穷凶极厉，竭人之神气，养虫之神气，人死则虫亦死。其游魂之不死者，传亲近之一脉，附入血隧，似有如无，其后虫日荣长，人日凋悴，阅三传而虫之为灵，非符药所能制矣。医和视晋平公疾曰：是近女室，晦而生内热惑蛊之疾，非鬼非食，不可为也。惑即下唇有疮，虫食其肛，其名为惑之蛊[蛊：原作「或?虫」，据《医门法律》卷六虚劳论改。]。蛊字取义，三虫共载一器，非鬼非食，明指虫之为厉，不为尊者讳也。以故狐惑之证声哑嗄，劳瘵之证亦声哑嗄，是则声哑者，气管为虫所蚀明矣。男子前车之覆，古今不知几千亿人矣。巢氏《病源》不察，谓有虚劳、有蒸病、有注病，劳有五劳六极七伤，蒸有五蒸二十四蒸，注有三十六种、九十九种，另各分门异治。后人以歧路之多，茫然莫知所适，且讳其名曰痰火，而梦梦者遂谓痰火有虚有实，乃至充栋诸方，妄云肺虚用某药，肺实用某药，以及心肝脾肾，咸出虚实两治之法，是于虚损虚劳中，添出实损实劳矣，鄙陋何至是耶！仲景于男子平人谆谆致戒，无非谓荣卫之道，纳谷为宝。居常调荣卫以安其谷，寿命之本，积精自刚，居常节嗜欲以生其精。至病之甫成，脉才见端，惟恃建中、复脉为主治。夫建中、复脉，皆稼穑作甘之善药，一遵精不足者补之以味之旨也。岂有泉之竭矣，不云自中之理哉？后人补肾诸方，千蹊万径，以治虚劳，何反十无一全？岂非依样壶卢，徒资话柄耶？及其血痹不行，仲景亟驱其旧，生其新，几希于劳瘵将成未成之间，诚有一无二之圣法，但牵常者不能用耳。试观童子脏腑脆嫩，才有寒热积滞，易于结癖成疳，待其血痹不行，气蒸发热，即不可为。女子血干经闭，发热不止，劳瘵之候更多，待其势成，纵有良法，治之无及。倘能服膺仲景几先之哲，吃力于男子童子女子瘵病将成未成之界，其活人之功，皆是起白骨而予以生，全为彼苍所眷注矣。,病名,[],,肝肾阴虚证,,[],,"[""乏力"", ""活动受限""]",,"[""中药内服""]",,"[{""name"": ""建中汤"", ""type"": ""方剂"", ""note"": ""用于虚劳精血不足之调治""}, {""name"": ""复脉汤"", ""type"": ""方剂"", ""note"": ""用于虚劳脉弱、精血亏虚之证""}]",1.0,一损损于肾，骨痿不起于床；大骨陷下,True,True,,"[{""classical_span"": ""骨痿不起于床"", ""why_supports"": ""直接出现“骨痿”病名，指骨失养、不能起立，符合骨质疏松核心特征""}, {""classical_span"": ""大骨陷下"", ""why_supports"": ""描述骨体萎缩塌陷，契合骨量减少的形态学表现""}]",1,"[""文本未明确记载现代影像或骨折证据，映射需保持保守"", ""部分症状可见于广义虚劳，并非骨病所独有"", ""治疗方剂为虚劳通治，非专为骨病设方""]",6668446c427c659aedc0e030739c35ba,"['复脉汤', '建中汤']",近现代,"['乏力', '活动受限']"
ok,1012,2026-02-04 17:20:16,"古今图书集成医部全录010（303-358,内科、伤寒）",1934.0,骨痿,古今图书集成医部全录卷三百十六,肾积发于小腹，奔上至心，上下无时，如奔豚走，饥见饱减，小腹急，腰痛口干，目昏骨冷，久则骨痿，名曰奔豚，宜大七气汤倍桂加茴香、炒楝子肉各半钱。,病名,[],,肾阳虚证,,[],,"[""腰背痛""]",,"[""中药内服""]",,"[{""name"": ""大七气汤"", ""type"": ""方剂"", ""note"": ""原文用于奔豚证，倍桂并加茴香、炒楝子肉""}]",1.0,久则骨痿,True,True,,"[{""classical_span"": ""久则骨痿"", ""why_supports"": ""直接出现古籍中与骨质疏松高度一致的病名“骨痿”""}, {""classical_span"": ""小腹急，腰痛"", ""why_supports"": ""慢性腰痛为骨病常见表现，支持相关性""}]",1,"[""仅凭症状泛称而无骨痿等关键证据仍强行映射"", ""枚举字段选择不合规或缺乏原文依据"", ""未区分原文主病与并发骨病而过度解读""]",4ed4b9cb518414dfe19c94949cbcb04b,['大七气汤'],近现代,['腰背痛']
ok,1013,2026-02-04 17:20:20,"古今图书集成医部全录010（303-358,内科、伤寒）",1934.0,骨痿,古今图书集成医部全录卷三百十七,木香槟榔散　治积气不散，结伏奔豚，发即上冲心胷，令人喘逆，骨痿少力。,症状,[],,肾阳虚证,,[],,[],,"[""中药内服""]",,"[{""name"": ""五积丸"", ""type"": ""方剂"", ""note"": ""用于五积证，文中提及“今增损五积丸更妙”""}, {""name"": ""散聚汤"", ""type"": ""方剂"", ""note"": ""用于聚证，原文列举""}, {""name"": ""七气汤"", ""type"": ""方剂"", ""note"": ""用于聚证，原文列举""}, {""name"": ""大阿魏丸"", ""type"": ""方剂"", ""note"": ""用于聚证，原文列举""}, {""name"": ""香棱丸"", ""type"": ""方剂"", ""note"": ""用于聚证，原文列举""}, {""name"": ""大安丸加参"", ""type"": ""方剂"", ""note"": ""用于聚证，原文列举""}]",1.0,肾积发于小腹，或凑心下曰奔豚……令人喘逆骨痿，最为难治。,True,True,,"[{""classical_span"": ""令人喘逆骨痿"", ""why_supports"": ""直接出现“骨痿”这一与骨质疏松高度对应的古籍病名/表现""}]",1,"[""骨痿出现于积证并发描述，未独立系统论述骨病，可能被视为伴随症而非主病"", ""缺乏年龄、性别或易骨折等信息，难以对应具体现代表型"", ""所列方剂主要针对积聚证，未明确指向骨痿专治""]",aa4463d560041ddc523c3f58f53564fa,"['七气汤', '五积丸', '大安丸加参', '大阿魏丸', '散聚汤', '香棱丸']",近现代,[]
ok,1018,2026-02-04 17:20:32,"古今图书集成医部全录010（303-358,内科、伤寒）",1934.0,骨痿,古今图书集成医部全录卷三百三十三,人生有性分之乐，有势分之乐，有形体康健之乐。性分之乐，四时皆春，万物同体，虽环堵萧然而乐在也，虽五官弗备而乐在也，虽艰苦患难而乐亦在也。溪山风月，有我便是主人；木石禽鱼，相亲悉为好友。何取溺情枕席，肆志淫佚也哉！即造物小儿，无所施其播弄矣。至于势分之乐，与康健难老之乐，惟福厚者始兼有之。盖得贵之与得寿，其源若有分合两途：少年纯朴不凋，此寿基也，而嫌其精采不露。髫龀机神流动，此贵征也，而嫌其浑敦太凿。此其间半予天，半予人，而后天奉若之功，不知费几许小心，然后可凝休而永命。故在得志以后，既知此身为上天托畀之身，自应葆精啬神以答天眷。若乃女爱毕席，男欢毕输，竭身中之自有，而借资于药饵，责效于眉睫，致宵小无知之辈，得阴操其祸人之术，以冀捷获，虽前代之复辙皆然，而今时为益烈矣。盖今者，雍熙之象，变为繁促，世运已从火化，复以躁急之药济之，几何不丧亡接踵乎？此道惟岐黄言之甚悉，但士宦家不肯细心究讨耳。其云：凡阴阳之道，阳密乃固。两者不和，如春无秋，如冬无夏。是故因而同之，是谓圣度。此段经文，被从前批注埋没，不知乃是明言圣人于男女之际，其交会之法度，不过使阳气秘密，乃得坚固不泄耳。然而阴阳贵相和，有春无秋是无阴也，有冬无夏是无阳也。所以圣人但调其偏，以归和同，允为交会之法度而已。夫圣人太和元气，生机自握。我观夫调琴弄瑟，考钟伐鼓，虽闺壸之性情克谐，而况于己身之血气；礼陶乐淑，仁渐义摩，虽民物之殷阜坐致，而况于一人之嗣息。所以凡为广嗣之计者，其用药之准，但取纯王以召和，无取杂霸以兆戾也。而经又云阴平阳秘四字，尤足互畅其义。盖阴得其平，而无过不及，然后阳得其秘而不走泄也。此可见阳之秘密，乃圣神交会所首重。然后阳之秘密，即不得不予其权于阴，正以阳根于阴，培阴所以培阳之基也。今人以峻烈之药劫尽其阴，以为培阳，益以房帏重耗，渐至髓消肉减，神昏气夺，毛瘁色夭，尚不知为药所悞，可胜悼哉！向见一浙医宋姓者，在京师制成大颗弹丸，遍送仕宦，托名脐带胎发，其实用炼过硫黄在内，服之令人阳道骤坚可喜，未几燥病百出，吾乡诸大老受其祸者，历历可指。近游鹿城，闻张鸿一孝廉以进红铅伤脑，而日夜精流不止。盖脑为髓海，脑热而通身之髓尽奔，究竟热未除而髓先竭，骨痿艰行矣。至娄过天如先生旧宅，见鼻中浊涕，凡落板壁者，深黄之色，透入木中，刬刷不除，询之亦繇服种子热药所致，后以伤风小恙，竟至不起。噫嘻！脑热已极，蒸涕为黄，出鼻之热，尚能透木，曾不省悟，至热极生风，尚治外而不治内也，复何言哉！吾乡刘石闾先生，服热药而病消渴，医者邓橘存坚令服六味地黄汤千剂，果效。盖得于壮水之主以制阳光之旨也。高邮袁体仁种子经验方，皆用阴阳两平之药，盖得于阴平阳秘之旨也。此老于医而审于药者，因并表之。又方士取黑铅之水，名为神水金丹以惑人。凡痰火之病，初得其下行之力，亦觉稍爽，而不知铅性至燥，转致劫阴，为害反大。又有用蒸脐之药，名彭祖按命之法者。夫脐为人之命根，以麝香、硫黄、附子等大热散气之药，加艾火而蒸灼，幸而不中，真气尚无大害。若蒸动真气，散越不收，扰乱不宁，有速毙耳。闻娄中老医穆云谷尝诲人曰：蒸脐一法，有损无益，断不可行。旨哉言矣！亦并表之。,病名,[],,肾阳虚证,,[],,"[""活动受限""]",,"[""中药内服""]",,"[{""name"": ""六味地黄汤"", ""type"": ""方剂"", ""note"": ""用于壮水制阳，纠正服热药后阴亏之证""}]",1.0,脑热而通身之髓尽奔，究竟热未除而髓先竭，骨痿艰行矣,True,True,,"[{""classical_span"": ""骨痿艰行矣"", ""why_supports"": ""明确出现“骨痿”病名并伴行走困难，强指向骨质衰弱""}, {""classical_span"": ""通身之髓尽奔"", ""why_supports"": ""髓竭累及骨，符合骨量减少的病机描述""}]",1,"[""若忽略原文直接推断现代分型，可能构成过度映射"", ""若将药物不良反应误作常规治法，属于语义误读"", ""若脱离“骨痿”原文证据强行关联其他骨病，则证据不足""]",ca9b52a8991f60c9585ab53acb90060c,['六味地黄汤'],近现代,['活动受限']
ok,2646,2026-02-04 18:23:20,"古今图书集成医部全录010（303-358,内科、伤寒）",1934.0,骨痿,古今图书集成医部全录卷三百四,外因：感寒久则损阳，自上而下，一损于肺，则皮聚毛落；二损于心，则血脉虚少，不荣脏腑，妇人月水不通；三损于胃，别饮食不为肌肤。治宜辛甘，若淡过于胃则不可治矣。感热久则损阴，自下而上，一损于肾，则骨痿不能起于床者死；二损于肝，则筋缓不能自收持；三损于脾，则饮食不能消克。治宜酸苦若咸，过于脾则不可治矣。又不内外因：惊而夺精，汗出于心则损脉；疾走恐惧，汗出于肝则损筋；摇体劳苦，汗出于脾则损肉；饮食饱甚，汗出于胃，则损肠；持重远行，汗出于肾则损骨。治宜酸苦，若辛散于心则不可治矣。抑论心肺损而色惫汗多者为阳虚，肝肾损而形痿汗多者为阴虚。经云：损其肺者益其气，损其心者补其荣血，损其脾者调其饮食适其寒温，损其肝者缓其中，损其肾者益其精。是以古方肺损证见，四君子汤；心损证见，四物汤；心肺俱损者，八物汤；心肺及脾胃俱损者，十全大补汤；肝肾俱损者，牛膝丸；杂证新虚梦遗者，桂枝汤加龙骨、牡蛎；四肢烦重酸疼，心悸腹痛者，小建中汤；汗多力少，筋骨拘急者，黄芪建中汤；汗多脉暴结者，炙甘草汤；暴损气虚有汗潮热者，补中益气汤；气虚无汗潮热者，人参清肌散；暴损血虚有汗潮热者，人参养荣汤；血虚无汗潮热者，茯苓补心汤；暴脱血者，益胃升阳汤；潮汗痰嗽者，黄芪益损汤加半夏；大病后食减盗汗者，参苓白朮散加黄芪、当归。,病名,"[""围绝经期""]",,肝肾阴虚证,,"[""原发性-绝经后型""]",,"[""活动受限"", ""乏力""]",,"[""中药内服""]",,"[{""name"": ""金刚丸"", ""type"": ""方剂"", ""note"": ""治肾损，骨痿不能起于床""}, {""name"": ""缓中牛膝丸"", ""type"": ""方剂"", ""note"": ""治肾肝损，筋缓不能自收""}, {""name"": ""煨肾丸"", ""type"": ""方剂"", ""note"": ""治肝肾损及脾，食谷不化""}, {""name"": ""地黄丸"", ""type"": ""方剂"", ""note"": ""阳盛阴虚，荣血养肾""}, {""name"": ""八味丸"", ""type"": ""方剂"", ""note"": ""心肺不足，面无血色，食少嗜卧""}]",1.0,治肾损，骨痿不能起于床,True,True,,"[{""classical_span"": ""骨痿不能起于床"", ""why_supports"": ""明确骨痿病名，描述骨弱致活动受限""}, {""classical_span"": ""肝肾损则形痿"", ""why_supports"": ""指向肝肾亏损致形体萎弱""}, {""classical_span"": ""妇人月水不通"", ""why_supports"": ""提示女性内分泌变化背景""}]",1,"[""未出现骨痿等骨病关键词时强行映射骨质疏松"", ""证型或人群选择超出原文依据"", ""将急性外伤或痹证误判为骨质疏松""]",ba211bcafa935816a5630e0f3eff0227,"['八味丸', '地黄丸', '煨肾丸', '缓中牛膝丸', '金刚丸']",近现代,"['乏力', '活动受限']"
ok,2746,2026-02-04 18:27:11,"古今图书集成医部全录010（303-358,内科、伤寒）",1934.0,骨痿,古今图书集成医部全录卷三百六,牛膝丸　治肾肝损，骨痿不能起于床，筋缓不能收持，宜益精缓中。,方药,[],,肝肾阴虚证,原文述“肾肝损骨痿”，仅能确定肾肝亏损相关，未明阴阳属性,[],,"[""活动受限"", ""乏力""]",“不能起于床”“筋弱不能收持”提示功能受限与乏力,"[""中药内服""]",,"[{""name"": ""牛膝丸"", ""type"": ""方剂"", ""note"": ""用于治疗肾肝损所致骨痿、筋弱不能收持""}]",1.0,治肾肝损骨痿，不能起于床，筋弱不能收持,True,True,,"[{""classical_span"": ""肾肝损骨痿"", ""why_supports"": ""明确出现“骨痿”为与骨质疏松高度相关的古籍病名""}]",1,"[""原文未提供人群与年龄信息，无法对应具体现代分型"", ""证型仅述肾肝损，未明阴阳，存在证型不确定性"", ""缺乏骨折或骨量描述，现代映射仍依赖病名对应""]",41732242b2230a6eaa0ddc06d2118dc8,['牛膝丸'],近现代,"['乏力', '活动受限']"
ok,236,2026-02-04 16:49:48,古今医案按,1778.0,骨痿,卷五 痞满,震按陈公以缙绅先生而讲医理。却极精深。所论噙化丸。治法微妙。切合病机。虽老医见不到此。至于张承溪之用术煎。不认骨痿为肾虚而为脾湿。见亦高人数倍矣。,病名,[],,肝肾阴虚证,,"[""其他""]",仅论“骨痿”病机分属（脾湿/阴虚），未提供年龄、性别或诱因，难以归入具体现代分型,[],,"[""中药内服""]",,"[{""name"": ""噙化丸"", ""type"": ""方剂"", ""note"": ""文中称其治法微妙，切合病机，用于骨痿相关讨论""}]",1.0,不认骨痿为肾虚而为脾湿……盖湿痿与阴虚痿见证相似，而病源迥异,True,True,,"[{""classical_span"": ""不认骨痿为肾虚而为脾湿"", ""why_supports"": ""明确出现“骨痿”病名，属与骨质疏松高度相关的古籍范畴""}]",1,"[""原文未提供明确症状体征，无法支持症状层面的强映射"", ""未给出具体人群与现代危险因素，现代表型只能笼统对应"", ""仅为医家按语与病机辨析，非完整诊疗记录""]",1d6d81d37234c713fd50bf9a5ad9c643,['噙化丸'],清,[]
ok,408,2026-02-04 16:56:32,古今医案按,1778.0,骨痿,卷五 痞满,上则痞闷。每食少许。辄停留不下。隔六七时犹嗳。呼吸之气。亦碍而不畅。以为因虚致滞则服人参必增懑。以为稠痰蓄血。用疏快之剂又全无功。身常畏寒。夏令犹掩重帏。惟身不热。口不渴。声音虽轻而不变。面色白而不赤不黑。每日仅用粥饵二盏。或终日不食。旁人疑在旦暮。却又绵延两载。时名医高果哉、孙见心辰夕延医无功。又延姑苏柯生。柯、大言人也。乍闻其论。不胜喜。及治罕效。乃追忆从前。大肠气数不禁。遂觉胸膈痞闷。继因过防衄证。日饮童便及滋清药太多。大便渐顺。然大便后即觉腹中虚怯。而胸膈分毫不宽。若大便所下甚多。则胸膈痞闷愈甚。于是疏上补下。茫无措手。远延镇江张承溪至。张诊二次。而曰男子久病。以太溪冲阳脉决其死生。今六部无险。太溪冲阳有根。必不死之脉也。其证名为下脱。凡阳气上绝。阴气不得上交于阳。则为下脱。阴窍漏气是也。阴气下绝。阳气不得下交于阴。则为上脱。耳中出气是也。方家以失血之证。为错经妄行。而不知气证亦有错经妄行者。盖肾纳气。过泻成虚。则肾气不能自纳。遂错行而妄漏。经云。醉饱入房。五脏反复。五脏部位。宁有反复之理。正谓其气错乱也。今未能提其气。复使归经。所以时漏不止。漏则气虚。气虚于下。则痰结于上。故饮食难化。而成郁结痞闷之证。今用药宜疏导郁滞。不宜误用滋阴。宜有提有降合成疏通。不宜专用顺气。若认此为阴亏之证。遂谓虚劳不受补者不治。则大误也。阴虚生内热。岂有阴分大虚。卧床一年有半。而不发骨蒸潮热者乎。滋阴之药。不惟无功。且于开胸膈。进饮食。有大碍。今但使膈间日宽一日。谷气日增一日。则阴不补而自补矣。气色可指日而待。煎方用苏子、山楂各二钱。橘红、半夏曲各一钱五分。茯苓、乌药、香附、五谷虫各一钱。升麻八分。柴胡四分。临服入韭汁二匙。此方疏郁为主。而升降互用。其旨颇精。服二十剂。虽不大效。然视向之服一药。增一病。则霄壤矣。秋初张别去。余因其疏郁大旨。为之推展通变。自定噙化丸。用人参六钱。醋制香附、橘红各四钱。贝母、桔梗各三钱。松罗茶二钱。白硼砂、西牛黄、干蟾炙存性各一钱。薄荷叶三分。以乌梅肉二钱蒸烂。同竹沥、梨膏为丸。每丸一钱。余因胸中结块。原起于午食后即卧。用噙化丸。使睡中常有药气疏通肺胃之间。彼将欲结。药往疏之。新结不增。旧结渐解。卧时成病。亦治以卧时。且病在膈上。不用汤之荡涤。丸之沉下。而用噙化。徐徐沁入。日计不足。月计有余也。服六七十丸后。膈间渐宽。尔时医家疑气坠之证。恐深秋逾剧。以秋金主降也。余谓肺主气。气得其令。则降者自降。升者自升。各得本职。非谓有降而无升也。能使清升浊降。则气坠之病。正宜愈于深秋。至八月。病患偶伤麦粉。下以沉香丸。忽去胶痰数升。胸膈顿爽。殆药力渐到。元气渐回。邪无所容。而乘势自下也。然气弱形羸。长卧不起如故。冬底。医家又防春来木旺。脾病转剧。余曰无忧。凡脾受肝克。则畏木气来侵。今乃脾困。而非脾弱。冬气闭塞。脾困所畏。幸喜及春。方藉木气以疏通之。已而食果稍增。肌亦渐泽。五脏之情。变化如此。第执生克之常。几何而不误人。庚午夏四月张公复至。曰。胶痰去。病本拔矣。骨痿不能自行立者。湿气留伏脾经故也。投以白术煎用白术一斤。苍术四两。作膏服之。未终剂立起。此病奇而久。约费千日之医治。竟得全生。故备志之。,病名,[],文中明言“男子久病”，为成年男性长期病后情境,脾胃虚弱证,,[],,"[""活动受限"", ""乏力""]",,"[""中药内服""]",,"[{""name"": ""白术煎"", ""type"": ""方剂"", ""note"": ""用于治疗“骨痿不能自行立”，以白术、苍术治湿留脾经""}, {""name"": ""白术"", ""type"": ""单味药"", ""note"": ""白术一斤，健脾祛湿，为主药""}, {""name"": ""苍术"", ""type"": ""单味药"", ""note"": ""苍术四两，助祛湿以治骨痿""}]",1.0,骨痿不能自行立者，湿气留伏脾经故也,True,True,显效,"[{""classical_span"": ""骨痿不能自行立者"", ""why_supports"": ""明确出现“骨痿”病名并描述下肢功能丧失，强指向骨质减弱""}, {""classical_span"": ""投以白术煎…未终剂立起"", ""why_supports"": ""治疗后能站立，提示骨痿相关功能明显改善""}]",1,"[""若忽略“骨痿”原文而仅凭推测骨病，属于证据不足"", ""若将多证并列强行选取与原文不符的证型，属枚举不合规"", ""若脱离文本推断具体骨折或影像学改变，属于臆造信息""]",9ccdd7b02771fc61cf0ac1cb76c83feb,"['白术', '白术煎', '苍术']",清,"['乏力', '活动受限']"
ok,407,2026-02-04 16:56:35,古今医案按,1778.0,骨痿,卷五 痞满,陈武塘曰。余长子揆。向患遗精。于天启丁卯冬。遗证大作。肾窍漏气。出如烟雾。时作时止。眠食渐减。形瘁骨痿。大便艰涩。其色颇黑。用猪胆汁入大黄、皂角末导之。初用甚快利。并上部诸火亦觉清息。延至戊辰六月。则愈导愈秘。因思胆汁、大黄苦寒。皂角刮削脂膏。故求润而弥燥。乃以猪胆去汁。入蜜同温水满之以为导。导久而便始不艰。然至戊辰八月后。不能起床。又至己巳五月。肌肉愈瘦。眠食愈减。胸膈如有物踞之。腹则空虚。,病名,[],,肾阳虚证,,[],,"[""活动受限"", ""乏力""]",,"[""中药内服"", ""其他""]",猪胆汁、大黄、皂角末、蜜制导法（灌肠通便）,"[{""name"": ""猪胆汁"", ""type"": ""外治"", ""note"": ""入大黄、皂角末为导剂通便""}, {""name"": ""大黄"", ""type"": ""单味药"", ""note"": ""与猪胆汁、皂角末同用导便""}, {""name"": ""皂角末"", ""type"": ""单味药"", ""note"": ""刮削脂膏，配猪胆汁导便""}, {""name"": ""蜜"", ""type"": ""单味药"", ""note"": ""去胆汁后以蜜温水为导，润燥通便""}]",1.0,形瘁骨痿,True,True,未愈,"[{""classical_span"": ""形瘁骨痿"", ""why_supports"": ""明确出现“骨痿”，为古籍中高度指向骨质衰弱的病名""}, {""classical_span"": ""不能起床"", ""why_supports"": ""提示严重活动受限，符合骨病晚期表现""}]",1,"[""若将通便导法误认为直接补骨治疗，可能造成治疗目的臆断"", ""若将一般消瘦虚弱等同于骨质疏松，可能证据不足"", ""若未严格区分证型单选要求，可能出现枚举不合规""]",33569865d833de40e93d16ebf1065263,"['大黄', '猪胆汁', '皂角末', '蜜']",清,"['乏力', '活动受限']"
ok,1282,2026-02-04 17:31:14,古今医案按（王孟英按）,1851.0,骨痿,古今医案按选卷五 痞满,陈武塘曰：余长子揆，向患遗精，于天启丁卯冬，遗证大作，肾窍漏气，出如烟雾，时作时止，眠食渐减，形瘁骨痿，大便艰涩，其色颇黑。用猪胆汁入大黄、皂角末导之，初用甚快利，并上部诸火亦觉清息，延至戊辰六月，则愈导愈秘。因思胆汁、大黄苦寒，皂角刮削脂膏，故求润而弥燥。乃以猪胆去汁，入蜜同温水满之以为导，导久而便始不艰。然至戊辰八月后，不能起床，又至己巳五月，肌肉愈瘦，眠食愈减，胸膈如有物踞之，腹则空虚，上则痞闷，每食少许，辄停留不下，隔六七时犹嗳，呼吸之气，亦碍而不畅。以为因虚致滞，则服人参必增懑；以为稠痰蓄血，用疏快之剂又全无功。身常畏寒，夏令犹掩重帏，惟身不热，口不渴，声音虽轻而不变，面色白而不赤不黑，每日仅用粥饵二盏，或终日不食，旁人疑在旦暮，却又绵延两载。时名医高果哉、孙见心辰夕延医无功，又延姑苏柯生，柯，大言人也，乍闻其论，不胜喜，及治罕效。乃追忆从前，大肠气数不禁，遂觉胸膈痞闷。继因过防衄证，日饮童便及滋清药太多，大便渐顺。然大便后即觉腹中虚怯，而胸膈分毫不宽，若大便所下甚多，则胸膈痞闷愈甚。于是疏上补下，茫无措手。远延镇江张承溪至，张诊二次，而曰：男子久病，以太溪冲阳脉决其死生。今六部无险，太溪冲阳有根，必不死之脉也。其证名为下脱。凡阳气上绝，阴气不得上交于阳，则为下脱，阴窍漏气是也。阴气下绝，阳气不得下交于阴，则为上脱，耳中出气是也。方家以失血之证，为错经妄行，而不知气证亦有错经妄行者。盖肾纳气，过泻成虚，则肾气不能自纳，遂错行而妄漏。《经》云：醉饱入房，五脏反复。五脏部位，宁有反复之理，正谓其气错乱也。今未能提其气，复使归经，所以时漏不止。漏则气虚，气虚于下，则痰结于上，故饮食难化，而成郁结痞闷之证。今用药宜疏导郁滞，不宜误用滋阴，宜有提有降合成疏通，不宜专用顺气。若认此为阴亏之证，遂谓虚劳不受补者不治，则大误也。阴虚生内热，岂有阴分大虚，卧床一年有半，而不发骨蒸潮热者乎？（雄按：可治之机在此。）滋阴之药，不惟无功，且于开胸膈，进饮食，有大碍。今但使膈间日宽一日，谷气日增一日，则阴不补而自补矣，（雄按：论证论治，句句名言。）气色可指日而待。煎方用苏子、山楂各二钱，橘红、半夏曲各一钱五分，茯苓、乌药、香附、五谷虫各一钱，升麻八分，柴胡四分，临服入韭汁二匙。此方疏郁为主，而升降互用，其旨颇精，服二十剂，虽不大效，然视向之服一药，增一病，则霄壤矣。秋初张别去，余因其疏郁大旨，为之推展通变，自定噙化丸，用人参六钱，醋制香附、橘红各四钱，贝母、桔梗各三钱，松罗茶二钱，白硼砂、西牛黄、干蟾炙存性各一钱，薄荷叶三分，以乌梅肉二钱蒸烂，同竹沥、梨膏为丸，每丸一钱。余因胸中结块，原起于午食后即卧，用噙化丸，使睡中常有药气疏通肺胃之间。彼将欲结，药往疏之，新结不增，旧结渐解，卧时成病，亦治以卧时，且病在膈上，不用汤之荡涤，丸之沉下，（雄按：胸膈痞塞者，坚硬之丸并不能沉下，徒增其病耳。）而用噙化，徐徐沁入，日计不足，月计有余也。服六七十丸后，膈间渐宽。尔时医家疑气坠之证，恐深秋逾剧，以秋金主降也。余谓肺主气，气得其令，则降者自降，升者自升，各得本职，非谓有降而无升也。能使清升浊降，则气坠之病，正宜愈于深秋。（雄按：陈公因承溪之旨而推广变通，可谓善得师矣。其噙化丸中不用升药，洵为青出于蓝。论气数言，尤推卓见。）至八月，病人偶伤麦粉，下以沉香丸，忽去胶痰数升，胸膈顿爽，殆药力渐到，元气渐回，邪无所容，而乘势自下也。然气弱形羸，长卧不起如故。冬底，医家又防春来木旺，脾病转剧。余曰：无忧。凡脾受肝克，则畏木气来侵，今乃脾困，而非脾弱，冬气闭塞，脾困所畏，幸喜及春，方藉木气以疏通之。已而食果稍增，肌亦渐泽，五脏之情，变化如此，第执生克之常，几何而不误人。（雄按：即《内经》土得木而达也。）庚午夏四月张公复至，曰：胶痰去，病本拔矣。骨痿不能自行立者，湿气留伏脾经故也。投以白术煎，用白术一斤，苍术四两，作膏服之。未终剂立起。此病奇而久，约费千日之医治，竟得全生。故备志之。,病名,[],成年男性，久病体衰（原文“男子久病”“余长子揆”）,脾胃虚弱证,,[],,"[""活动受限"", ""乏力""]",“骨痿不能自行立者”“气弱形羸，长卧不起”,"[""中药内服""]",,"[{""name"": ""白术膏"", ""type"": ""方剂"", ""note"": ""治骨痿，白术一斤、苍术四两，作膏服""}, {""name"": ""噙化丸"", ""type"": ""方剂"", ""note"": ""自定丸药，疏通胸膈、助饮食""}, {""name"": ""苏子山楂等煎方"", ""type"": ""方剂"", ""note"": ""张承溪所拟，疏郁升降""}]",1.0,骨痿不能自行立者，湿气留伏脾经故也。,True,True,愈,"[{""classical_span"": ""形瘁骨痿"", ""why_supports"": ""直接出现骨痿病名，属骨萎软范畴""}, {""classical_span"": ""骨痿不能自行立者"", ""why_supports"": ""描述严重骨功能受限，符合骨质疏松表现""}, {""classical_span"": ""未终剂立起"", ""why_supports"": ""治疗后骨痿改善，证实病程与骨相关""}]",1,"[""若忽略“骨痿”原文而仅凭虚弱症状，可能证据不足"", ""若将其误判为单纯痰湿或气病而不标注骨病，则映射偏差"", ""若推断为老年或绝经相关骨质疏松，属臆造人群""]",b569b4aa1b5ed1b8929041418e46f819,"['噙化丸', '白术膏', '苏子山楂等煎方']",清,"['乏力', '活动受限']"
ok,1285,2026-02-04 17:31:19,古今医案按（王孟英按）,1851.0,骨痿,古今医案按选卷八 积块,王海藏载万病紫菀丸云：李灵患肥气，日服五丸，经一年，泻出肉鳖二枚愈。李知府妻梅氏，带下血崩七年，骨痿着床，日服五丸至十丸，取下肉块如鸡子状愈。以及赵侍郎泻出青蛇七条，王氏泻出癞虫如马尾者二升。今览其方，巴霜、川乌甚少，余如人参、黄连、皂荚、川椒等，皆平庸药，不若耆婆万病丸之芫花、甘遂、蜈蚣、芫青、石蜥蜴等之有毒也，何以能著奇功？惜未试之。,病名,[],,删除,,[],,[],,"[""中药内服""]",,"[{""name"": ""万病紫菀丸"", ""type"": ""方剂"", ""note"": ""原文记载日服五丸至十丸，用于治疗骨痿，服后取下肉块而愈""}]",1.0,带下血崩七年，骨痿着床,True,True,愈,"[{""classical_span"": ""骨痿着床"", ""why_supports"": ""“骨痿”为古籍中高度指向骨萎弱、骨失充养的病名，与骨质疏松高度契合""}]",1,"[""仅凭推测患者年龄或绝经状态进行现代分型映射"", ""未见明确证型却强行归入具体中医证型"", ""将方后议论中提及但未实际使用的方剂误作为治疗用药""]",d14e9f98ece42352b0620228727ef34f,['万病紫菀丸'],清,[]
ok,235,2026-02-04 16:49:44,古今医案按选,1853.0,骨痿,卷二 痞满,陈武塘曰：余长子揆，向患遗精，于天启丁卯冬，遗证大作，肾窍漏气出如烟雾，时作时止，眠食渐减，形瘁骨痿，大便艰涩，其色颇黑。用猪胆汁入大黄、皂角末导之。初用甚快利，并上部诸火亦觉清息，延至戊辰六月，则愈导愈秘。因思胆汁、大黄苦寒，皂角刮削脂膏，故求润而弥燥，乃以猪胆去汁入蜜同温水满之以为导，导久而便始不艰。然八月后不能起床，至己巳五月，肌肉愈瘦，眠食愈减，胸膈如有物踞之，腹则空虚，上则痞闷，每食少许，辄停留不下，隔六七时犹嗳，呼吸之气亦碍而不畅。以为因虚致滞，则服人参必增懑；以为稠痰蓄血，用疏快之剂，又无寸功。身常畏寒，夏令犹掩重帏，惟身不热，口不渴，声音虽轻而不变，面色白而不赤不黑，每日仅用粥饵二盏，或终日不食，旁人疑在旦暮，却已绵延两载。时名医高果哉、孙见心晨夕诊视无功，又延姑苏柯生，柯大言人也，乍闻其论不胜喜，及治罕效。乃追忆从前大肠气数不禁，遂觉胸膈痞闷，继因过防衄证，日饮童溺，及滋清药过多，大便渐润。然大便后即觉腹中虚怯，而胸膈分毫不宽，若大便所下甚多，则胸膈痞闷愈甚，于是疏上补下，茫无措手。远延镇江张承溪至，张诊二次，曰：男子久病，以太溪、冲阳脉决其死生，今六部无险，太溪、冲阳有根，必不死之脉也。其证名为下脱。凡阳气上绝，阴气不得上交于阳，则为下脱，阴窍漏气是也；阴气下绝，阳气不得下交于阴，则为上脱，耳中出气是也。方家以失血之证为错经妄行，而不知气证亦有错经妄行者。盖肾纳气，过泻成虚，则肾气不能自纳，遂错行而妄漏。经云醉饱入房，五脏反覆。五脏部位宁有反覆之理？正谓其气错乱也。今未能提其气复使归经，所以时漏不止，漏则气虚，气虚于下，则痰结于上，故饮食难化而成郁结痞满之证。今用药疏导郁滞，不宜误用滋阴；宜有提有降，合成疏通，不宜专用顺气，若认此为阴亏之证，遂谓虚不受补者不治，则大误也。阴虚生内热，岂有阴分大亏，卧床年半，而不发骨蒸潮热者乎？（雄按：可治之机在此。）滋阴之药，不惟无功，且于开胸膈进饮食有大碍。今但使膈间日宽一日，穀气日增一日，则阴不补而自补矣，（雄按：论证论治，句句名言。）起色可指日而待。煎方用苏子、山楂各二钱，橘红、半夏曲各一钱五分，茯苓、乌药、香附、五穀虫各一钱，升麻八分，柴胡四分，临服入韭汁二匙。此方疏郁为主，而升降互用，其旨颇精。服二十剂，虽不大效，然视向之服一药增一病者，则霄壤矣。秋初张别去，余因其疏郁大旨，为之推广通变，自定噙化丸，用人参六钱，醋制香附、橘红各四钱，贝母、桔梗各三钱，松萝茶二钱，白蓬砂、西牛黄、乾蟾炙存性各一钱，薄荷叶三分，以乌梅肉二钱蒸烂，同竹沥梨膏为丸，每丸一钱。余因胸中结块，原起于午食后即卧，用噙化丸，使睡中常有药气疏通肺胃之间，彼将欲结药往疏之，新结不增，旧结渐解。卧时成病，以卧时治之，且病在膈上，不用汤之荡涤，丸之沉下，（雄按：胸膈痞塞者，坚硬之丸并不能沉下，徒增其病耳。而用噙化丸徐徐沁入，日计不足，月计有馀也。）服六七十丸后，膈间渐宽。尔时医家疑气坠之证，恐深秋逾剧，以秋金主降也。余谓肺主气，气得其令，则降者自降，升者自升，各得本职，非谓有降而无升也。能使清升浊降，则气坠之病，正宜愈于深秋。（雄按：陈公因承溪之旨而推广变通，可谓善得师矣。）其噙化丸中不用升药，洵为青出于蓝。论气数言，尤推卓见。至八月病人偶伤麦粉，下以沉香丸，忽去胶痰数升，胸膈顿爽，殆药力渐到，而元气渐回，邪无所容，而乘势自下也。然气弱形羸，长卧不起如故。冬底医家又防春来木旺，脾病转剧。余曰无忧。凡脾受肝克，则畏木气来侵，今乃脾困而非脾弱，冬气闭塞，脾困所畏，幸喜及春，方藉木气疏通之，已而食果稍增，肌亦渐泽，五脏之情变化如此，执生克之常，几何而不误人。（雄按：即《内经》土得木而达也。）庚午四月，张公复至，曰胶痰去，病根拔矣。骨痿不能自行立者，湿气留伏脾经故也。投以白术煎，用白术一斤，苍术四两，作膏服之，未终剂而起。此病奇而久，约费千日之医治，竟得全生，故备识之。,病名,[],,脾胃虚弱证,,[],,"[""活动受限"", ""乏力""]",,"[""中药内服""]",,"[{""name"": ""白术煎"", ""type"": ""方剂"", ""note"": ""用于治疗骨痿不能自行立，谓湿气留伏脾经""}]",1.0,骨痿不能自行立者，湿气留伏脾经故也,True,True,起,"[{""classical_span"": ""形瘁骨痿"", ""why_supports"": ""明确出现骨痿，为古籍中高度指向骨弱萎软的病名""}, {""classical_span"": ""骨痿不能自行立者"", ""why_supports"": ""描述因骨痿致活动受限，符合骨质疏松严重功能障碍特征""}]",1,"[""未出现明确骨折记载，可能被认为证据集中于骨痿而非脆性骨折"", ""证型判定主要依据后文医者总结，可能被质疑证型多因并存"", ""现代表型为回溯性映射，缺乏现代检查指标支持""]",33e94c5e4e576cddfffe81a726777e16,['白术煎'],清,"['乏力', '活动受限']"
ok,412,2026-02-04 16:56:50,古今医彻,1808.0,骨痿,卷之二 杂症 虚损论,虚损之症。越人言之详矣。然有骤而损者。有渐而损者。骤而损者。如大劳大病脱气脱血之诊。其势疾暴可畏。然苟察阴阳偏胜而调之。往往易于见功。此无他。形体虽坏。而脏真未竭也。渐而损者。如劳役所伤阴虚火动之候。其始若不经意。其继犹或强持。日积月累。渐至于深入而不可救。此无他。脏真先亏。而形体徐坏也。夫然。则虚损之要。莫有过于阴阳。而治之者。有五失焉。方其始也。阳虚则恶寒。阴虚则发热。医者见其寒。辄思解之。见其热。辄思清之一失也。其继也。阳虚宜补阳。而反滋阴。阴虚宜滋阴。而反补阳。则阴阳愈乖。二失也。且阳虚有火。则甘温之中。不宜燥热。阳虚无火。则甘温之中。不宜凉润。阴虚有火。则壮水之中。勿杂燥味。阴虚无火。则益火之中。切禁苦寒。治者不守大法。三失也。又有阳先病。而温之大过。阴后病者。阴先病而凉之太过。阳后病者。治者不知变计。四失也。况阳虚则阴无所统。病在阴而仍宜治其阳。阴虚则阳无所附。病在阳。而仍宜治其阴。治者不窥原本。五失也。此其间缓急进退之法。非可执一。宜深思而熟计之。不致变生而易辙。斯善尔。故治损之法。惟越人为最精。其曰损其肺者益其气。即劳役所伤。而用补中益气之类也。损其心者。调其荣卫。即思虑过度。而用济生归脾之类也。损其脾者。调其饮食。适其寒温。即饮食失节。而用四君六君人参理中之类也。损其肝者。缓其中。即七情怫郁。而用加味逍遥之类也。损其肾者益其精。即真阴失守。而用六味八味之类也。矧肾受五脏六腑之精而藏之。五脏盛。乃能泻脾运水谷之精而日生之。以灌于脏腑可见先天之精。早已易竭。后天之精。生之实难而不知节者又妄用而不恤。于是精不能生气。气不能生神。而骨痿色悴。劳瘵之形成矣。虽有扁仓。能不却走哉。,病名,"[""情志异常""]",,肝肾阴虚证,,"[""其他""]",慢性虚损、真阴亏耗所致骨痿，属非急性外伤的骨量减少范畴,"[""乏力""]",,"[""中药内服""]",,"[{""name"": ""六味地黄丸"", ""type"": ""方剂"", ""note"": ""用于“损其肾者益其精”，对应真阴失守""}, {""name"": ""八味地黄丸"", ""type"": ""方剂"", ""note"": ""肾虚加重时用于温补肾精""}]",1.0,于是精不能生气，气不能生神，而骨痿色悴，劳瘵之形成矣,True,True,,"[{""classical_span"": ""骨痿色悴"", ""why_supports"": ""明确出现骨痿，为古籍中与骨质疏松高度一致的病名表述""}, {""classical_span"": ""损其肾者益其精"", ""why_supports"": ""肾精亏虚导致骨失所养，与现代骨代谢不足相符""}]",1,"[""若忽略原文“骨痿”而强行映射其他骨病，则属证据不足"", ""若擅自判定具体现代分型（如绝经后型）而无年龄性别依据，属臆造"", ""若将非原文出现的症状（如骨折）加入标注，属过度推断""]",95e1d34a52acbf6ae14d24eec0f24a47,"['八味地黄丸', '六味地黄丸']",清,['乏力']
ok,413,2026-02-04 16:56:52,古今医彻,1808.0,骨痿,卷之二 杂症 咳嗽,咳嗽。微疾也。连绵不已。则又痼疾也。夫岂容渺视哉。然咳则有声无痰。虚怯者恒见之。或时咳一声。或连咳二三声。日以为常。初不经意。而 羸已成矣。盖肺出气。肾纳气。升降往来。舒徐不迫。惟纵欲以竭之。以耗散之。而真气馁。于是假咳而上达。岂可久之道哉。嗽则有声有痰。其因多端。外则六淫。内则七情。咸足以致之。经谓五脏六腑。皆令人咳。非独肺也。而肺为之总司。然六淫之中。风寒尤易犯。以肺主皮毛。而开窍于鼻。形寒饮冷则伤之。留而不去。为寒为热。变迁不一。须审其风则解之。寒则散之。中病即止。若过于解散。则腠理疏而邪复袭。愈袭愈解。愈解愈袭。脾肺虚而元气惫。反变成他症而难疗矣。况乎暑湿七情等因。又当随感而施治者哉。窃思痰者。身之液也。外充皮肤。内滋脏腑。气为之化。血为之辅。相为灌溉而不可竭者。若久嗽不已。则腑腑精华。肌肉血脉。俱为耗引。消竭于痰。比之脱气脱血。何多逊焉。独不观久嗽者。始而色瘁。继而肉消。继而骨痿。皆津液不能敷布乃至此。夫岂容渺视哉。故疗之者。干咳。用地黄丸峻补其肾。兼进人参以滋化源。痰嗽。风则解以辛凉。寒则散以辛温。暑则清之。湿则燥之。燥火则润之。七情则随所因而调之。而总以扶脾保肺为首务。幸毋沾沾于逐痰也。,症状,"[""情志异常""]",,肾阳虚证,,[],,"[""活动受限""]",,"[""中药内服""]",,"[{""name"": ""地黄丸"", ""type"": ""方剂"", ""note"": ""用于干咳而致真气馁、骨痿，峻补其肾""}, {""name"": ""人参"", ""type"": ""单味药"", ""note"": ""兼进以滋化源，扶正气""}]",1.0,久嗽不已……继而骨痿，皆津液不能敷布乃至此。,True,True,,"[{""classical_span"": ""继而骨痿"", ""why_supports"": ""明确出现“骨痿”病名，直接指向骨弱萎软状态""}, {""classical_span"": ""久嗽不已……肌肉血脉俱为耗引"", ""why_supports"": ""久病耗损精血津液，导致骨失濡养的病机描述""}]",1,"[""原文未涉及现代骨折或影像学指标，可能被质疑为类比过度"", ""骨痿可能在部分语境下指其他痿证而非骨量减少"", ""证型选择基于主旨判断，存在不同学派理解差异""]",a22453bc40e6f42045e4cec061984754,"['人参', '地黄丸']",清,['活动受限']
ok,414,2026-02-04 16:56:58,古今医彻,1808.0,骨痿,卷之二 杂症 积聚论,一肾之积曰奔豚。棱于少腹。上至心。若豚状。上下无时。久则骨痿少气。宜安肾丸。地黄膏子丸。八味丸。或茯苓肉桂泽泻苦楝子杜仲玄胡索香附茴香桃仁。,病名,[],,肾虚血瘀证,原文仅述“一肾之积…久则骨痿少气”，未明确对应固定证型,"[""其他""]",记载为“骨痿”，属古籍骨萎弱范畴，未指明原发/继发或人群分型,"[""乏力""]",“少气”提示乏力,"[""中药内服""]",,"[{""name"": ""安肾丸"", ""type"": ""方剂"", ""note"": ""宜用以治骨痿""}, {""name"": ""地黄膏子丸"", ""type"": ""方剂"", ""note"": ""宜用以治骨痿""}, {""name"": ""八味丸"", ""type"": ""方剂"", ""note"": ""宜用以治骨痿""}, {""name"": ""茯苓"", ""type"": ""单味药"", ""note"": ""或用""}, {""name"": ""肉桂"", ""type"": ""单味药"", ""note"": ""或用""}, {""name"": ""泽泻"", ""type"": ""单味药"", ""note"": ""或用""}, {""name"": ""苦楝子"", ""type"": ""单味药"", ""note"": ""或用""}, {""name"": ""杜仲"", ""type"": ""单味药"", ""note"": ""或用""}, {""name"": ""玄胡索"", ""type"": ""单味药"", ""note"": ""或用""}, {""name"": ""香附"", ""type"": ""单味药"", ""note"": ""或用""}, {""name"": ""茴香"", ""type"": ""单味药"", ""note"": ""或用""}, {""name"": ""桃仁"", ""type"": ""单味药"", ""note"": ""或用""}]",1.0,久则骨痿少气,True,True,,"[{""classical_span"": ""久则骨痿少气"", ""why_supports"": ""直接出现“骨痿”，为骨质疏松高度相关古籍病名""}]",1,"[""仅凭“骨痿”二字即作现代疾病等同，可能忽略语境差异"", ""未见骨折/身高变矮等现代特征，映射范围可能被质疑"", ""证型未明仍强行归类，存在过度解读风险""]",db2f9b3128b71e2687bd8c9f3a39a225,"['八味丸', '地黄膏子丸', '安肾丸', '杜仲', '桃仁', '泽泻', '玄胡索', '肉桂', '苦楝子', '茯苓', '茴香', '香附']",清,['乏力']
ok,489,2026-02-04 16:59:43,旧德堂医案,1898.0,骨痿；骨枯,正文,文学陆元振，经年伏枕，足膝枯细，耳轮焦薄，形容憔悴。历访名医俱用四物地黄汤，反觉胸膈凝滞，饮食减少，自谓此身永废而心犹未慊。延予商治，诊两寸关俱见沉滞，独尺部洪大，重按若绝，此肾虚精耗髓空骨痿之征也。盖肾者作强之官也，居下而主阴气，藏精而充骨髓者也。故肾旺则精盈，而肢节坚强；肾虚则髓竭，而膝膑软弱。王太仆云；滋苗者必固其根，伐下者必枯其上。今坎水不能灌溉经络，滋养百骸，宜乎耳轮焦薄，足膝枯细也。《内经》所谓肾气热则腰脊不举，足不任身，骨枯髓减，发为骨痿，端合此证。若徒事滋阴，恐用草木不能骤补精血，反壅滞阳气，以致中脘不舒。痿壁艰难耳，必用气血之属同类相求，兼以报使之品直抵下焦，譬之天雨沟渠盈溢滂沛河泽。奚虑隧道不行足膝难步耳。疏方：用人参白术当归地黄茯苓肉桂鹿茸龟甲萎蕤牛膝等，重剂，数帖而稍能转舒，百帖而愈。,病名,"[""老年后""]",,肝肾阴虚证,,"[""原发性-老年型""]",,"[""活动受限"", ""乏力"", ""步态不稳""]",,"[""中药内服""]",,"[{""name"": ""人参白术当归地黄汤加味"", ""type"": ""方剂"", ""note"": ""重剂内服以补气血、充骨髓""}, {""name"": ""鹿茸"", ""type"": ""单味药"", ""note"": ""温补肾阳、益精血""}, {""name"": ""龟甲"", ""type"": ""单味药"", ""note"": ""滋阴填髓以治骨痿""}, {""name"": ""牛膝"", ""type"": ""单味药"", ""note"": ""引药下行、强筋骨""}]",1.0,此肾虚精耗髓空骨痿之征也…肾虚则髓竭，而膝膑软弱…骨枯髓减，发为骨痿,True,True,愈,"[{""classical_span"": ""骨枯髓减，发为骨痿"", ""why_supports"": ""直接出现骨痿、骨枯等高度对应骨质疏松的古籍病名""}, {""classical_span"": ""足膝枯细…膝膑软弱"", ""why_supports"": ""描述下肢骨骼萎软、功能减退，符合骨量不足表现""}, {""classical_span"": ""肾虚精耗髓空"", ""why_supports"": ""肾主骨髓理论对应现代骨质疏松的内在机制""}]",5,"[""若忽略原文已明示的骨痿病名，可能被误判为一般虚劳"", ""若未区分肾虚证型，可能造成证型映射错误"", ""若将其解释为急性外伤或痹证，则与文本证据不符""]",d232eb83fb9b15c88f8ccb1698adb0bf,"['人参白术当归地黄汤加味', '牛膝', '鹿茸', '龟甲']",清,"['乏力', '步态不稳', '活动受限']"
ok,442,2026-02-04 16:57:56,顾松园医镜,1718.0,骨痿,卷十三·书集 痿,一 一人善酒，卧床褥者三年。仲淳诊之，知其酒病也。夫酒本湿热之物，多饮者则阳明湿热甚，下客于肾而为骨痿。昔人治痿病取阳明，五味子为君，以黄连为臣，麦冬、干葛、白扁豆、为佐。服之立起。,病名,[],,肝肾阴虚证,酒湿热下客于肾而为骨痿，属湿热伤肾之证，非枚举证型,[],,"[""活动受限""]",卧床褥者三年，提示严重功能受限,"[""中药内服""]",,"[{""name"": ""五味子"", ""type"": ""单味药"", ""note"": ""为君""}, {""name"": ""黄连"", ""type"": ""单味药"", ""note"": ""为臣""}, {""name"": ""麦冬"", ""type"": ""单味药"", ""note"": ""为佐""}, {""name"": ""干葛"", ""type"": ""单味药"", ""note"": ""为佐""}, {""name"": ""白扁豆"", ""type"": ""单味药"", ""note"": ""为佐""}]",1.0,下客于肾而为骨痿,True,True,显效,"[{""classical_span"": ""为骨痿"", ""why_supports"": ""明确出现高度相关病名“骨痿”""}, {""classical_span"": ""卧床褥者三年"", ""why_supports"": ""提示长期筋骨痿软、功能受限""}]",1,"[""未出现骨痿等明确病名却强行映射"", ""将非文本所载的症状或证型臆造加入"", ""枚举项选择不合规或缺乏依据""]",78f61e0f411c899845c3cc1b53cf51e9,"['五味子', '干葛', '白扁豆', '麦冬', '黄连']",清,['活动受限']
ok,1100,2026-02-04 17:23:30,桂林古本伤寒杂病论,1934.0,骨痿,伤寒杂病论卷第五 伤风脉证并治第十一,【5.45】风病，面目浮肿，脊痛不能正立，隐曲不利，甚则骨痿，脉沉而弦，此风邪乘肾也，柴胡桂枝汤主之。,病名,[],,肾阳虚证,,[],,"[""腰背痛"", ""活动受限""]",,"[""中药内服""]",,"[{""name"": ""柴胡桂枝汤"", ""type"": ""方剂"", ""note"": ""原文主治风邪乘肾所致甚则骨痿""}]",1.0,甚则骨痿，脉沉而弦，此风邪乘肾也,True,True,,"[{""classical_span"": ""甚则骨痿"", ""why_supports"": ""直接出现骨痿，为古籍中与骨质疏松高度对应的病名""}, {""classical_span"": ""脊痛不能正立"", ""why_supports"": ""提示腰背疼痛与功能受限，符合骨质疏松常见表现""}]",4,"[""若将具体现代分型强行对应绝经或老年则属证据不足"", ""若擅自加入未见于原文的症状如骨折属于臆造"", ""若证型不依原文肾相关病机而随意改判则不合规""]",5139d7aecb41d868cc962fa7a49df733,['柴胡桂枝汤'],近现代,"['活动受限', '腰背痛']"
ok,4643,2026-02-04 19:43:52,何氏虚劳心传,1832.0,骨枯,虚劳选方 归脾汤,此方补气养血安神，乃心脾肝三经之药，宋·严用和所创。内经所谓二阳之病发心脾，有不及其子。劳倦本以伤脾，脏伤则病连于腑。故凡内而伤精，外而伤形，皆能病及于胃。此二阳之病，所以发心脾也。不得隐曲，阳道病也。夫胃为水谷之海，主化营卫而润宗筋。如经云：前阴者，宗筋之所聚，太阳阳明之所合也。胃病则失生化精血之原，故为阳衰少精，其在女子则为不月。又云：其传为风消，其传为息贲者，死不治。胃家受病，久而传变，则肝木胜土，风淫而肌体消削，胃病则肺失所养，故气息奔急，气竭于上，由精亏于下，败及五脏，故死不治。所以病才见端，即为疗治。原方无远志、当归，薛氏加入以治血虚，又加丹皮、山栀，以治血热，而阳生阴长之理乃奋。随手变化，通于各症，无不神应。赵氏谓凡治血症，须按三经用药。心生血，脾统血，肝藏血。归脾汤一方，从肝补心，从心补脾，率所藏所生，而从所统，所谓隔二之治，其意盖归血分药一边。后人不解，妄为加减，尽失其义，即有稍知者，亦只谓治血从脾，杂入温中香燥劫阴之剂，而严薛二家之旨益晦。高鼓峰熟于赵氏之论，独悟其微，谓木香一味，香先入脾，纵欲使血归于脾，此嘘血归经之法，然嫌其香燥，反动肝火而干精液，故其用每去木香而加白芍，以追已散之阴。且心血衰少，火必刑金，白术燥烈，恐增咳嗽，得芍药则太阴为养营之用。惟脾虚泄泻者，方留木香以醒脾，脾挟虚寒者，方加桂附以补阳。而外此者，出入心肝脾三经，甘平清润之药。愚谓经期不准，闭绝崩漏及便血等症，本方加减，多所相宜。若呕吐诸血，果属气虚不能统摄，必面色黄白而无神，言语轻微而倦怠，脾胃虚薄而不调，六脉微弱而不数者，亦可用本方。然患气虚失血者甚少，即思虑伤心，劳将成未成之界，未见肾阴虚诸症，而兼脾虚症候，或大便溏泄者，则宜是方。若内热骨蒸已成虚劳，又宜壮水滋阴为要，纵食少便泄，非参、 、白术助阳之品所宜矣。若劳役而兼劳心者，是心脾俱伤，具前列之症，未见肺肾阴虚诸病者，可用本方加减。然劳倦伤脾，乃脾之阴分受伤者多。故经云：阴虚生内热，因有所劳倦，形气衰少，谷气不盛，上焦不行，上脘不通，胃气热，热气熏胸中，故内热，是宜补脾胃之阴。此劳役太过，阳和之气，亢极化火，火旺则阴虚内热，但非色欲伤肾，真阴虚而生内热之难疗。又云：有所远行劳倦，逢大热而渴，渴则阳气内伐，内伐则热舍于肾。肾者，水藏也。今水不胜火，则骨枯而髓虚。远行劳倦，骨必受伤，逢大热者，或逢天令之热，或阴不足而内热，火旺水亏，故骨枯髓虚，而必肾虚诸症见矣。此平时色欲过度，以致不能劳役而然，急当壮水滋阴为主，亦非本方之所宜也。,方药,"[""围绝经期""]",,肝肾阴虚证,,"[""原发性-绝经后型""]",,[],,"[""中药内服""]",,"[{""name"": ""归脾汤"", ""type"": ""方剂"", ""note"": ""原文论及骨枯髓虚属肾阴不足时，指出“非本方之所宜”""}]",1.0,今水不胜火，则骨枯而髓虚,True,True,,"[{""classical_span"": ""骨枯而髓虚"", ""why_supports"": ""直接描述骨与髓的枯虚，为古籍中与骨质疏松高度对应的核心表述""}, {""classical_span"": ""其在女子则为不月"", ""why_supports"": ""提示女性月事改变，符合绝经相关骨量丢失的人群背景""}]",1,"[""原文强调病机讨论而非专病论治，可能被误解为治疗性条目"", ""骨枯髓虚虽高度相关，但缺乏具体骨折或疼痛描写"", ""归脾汤在文中被明确指出不适用于该病机，易被误标为治疗方案""]",804e988ae8fb15693201cdbfbf7c9165,['归脾汤'],清,[]
ok,196,2026-02-04 16:48:19,喉科杓指,1757.0,骨断,卷四 附刻集验良方,尿桶内有多年结成白碱砖（醋煅七次）一两，共制，研极细末。如伤重甚加白糖、白蜡，瘀血加大黄、芒硝，骨断加自然铜、红铜屑，气喘加雄黄、半夏，魂魄飞扬加人参、朱砂、琥珀、醇酒和童便，调此药醉饮。凡有力之家，宜修合收贮，遇患送人，其功诚不小也。尤忌饮冷水以及稀粥，只食干饭。,方药,[],,血瘀气滞证,,"[""其他""]",以外伤所致“骨断”为主，未见年老骨弱或脆性骨折反复描述，非典型骨质疏松表型,"[""其他""]",骨断（外伤性骨折），原文未指骨弱或脆性反复骨折,"[""中药内服""]",,"[{""name"": ""自然铜"", ""type"": ""单味药"", ""note"": ""骨断时加用""}, {""name"": ""红铜屑"", ""type"": ""单味药"", ""note"": ""骨断时加用""}, {""name"": ""大黄"", ""type"": ""单味药"", ""note"": ""瘀血时加用""}, {""name"": ""芒硝"", ""type"": ""单味药"", ""note"": ""瘀血时加用""}, {""name"": ""人参"", ""type"": ""单味药"", ""note"": ""魂魄飞扬时加用""}, {""name"": ""朱砂"", ""type"": ""单味药"", ""note"": ""魂魄飞扬时加用""}, {""name"": ""琥珀"", ""type"": ""单味药"", ""note"": ""魂魄飞扬时加用""}]",0.2,,True,False,,"[{""classical_span"": ""骨断加自然铜、红铜屑"", ""why_supports"": ""明确针对骨折处理，提示与骨病有关但属外伤主导""}]",2,"[""主要为外伤性骨折方，缺乏骨弱或年老易折证据"", ""未出现骨痿、骨枯等高度指向骨质疏松的病名"", ""症状与证型多为急性损伤，难以映射慢性骨量减少""]",f19cb8268927b3ed5bdcc97b7cd7585e,"['人参', '大黄', '朱砂', '琥珀', '红铜屑', '自然铜', '芒硝']",清,['其他']
ok,1278,2026-02-04 17:31:02,黄帝八十一难经纂图句解,1186.0,骨痿,卷之六 五十六难曰,骨痿少气。,方药,[],,肾虚血瘀证,原文未明确提出具体证型，仅述“积病不散…骨痿少气”，不足以判定既定证型,[],,"[""其他""]",骨痿（筋骨痿软、骨弱），原文直接出现病名表述,"[""中药内服""]",,"[{""name"": ""木香梹榔散"", ""type"": ""方剂"", ""note"": ""治积病不散，症见骨痿少气""}]",1.0,令人喘逆骨痿少气,True,True,,"[{""classical_span"": ""骨痿少气"", ""why_supports"": ""“骨痿”为古籍中与骨弱、骨枯高度相关的病名，强指向骨质疏松范畴""}]",3,"[""未明确患者年龄与性别，无法对应具体现代表型"", ""缺乏骨折、身高变矮等现代诊断要素"", ""证型与病因描述较简，可能与其他慢性骨病混淆""]",2662863d4ac0ca4883426d36ff786cb6,['木香梹榔散'],宋金元,['其他']
ok,1985,2026-02-04 17:57:35,经方发挥,2009.0,骨空,大承气汤,笔者曾遇一患者，女，40岁，患病半年，身体很虚，骨空如柴，饮食难进，胃腹胀满，胸满喘促，大便不通，曾经多方医治。医者一见此状， 即断为虚证无疑，或谓气虚，予以补气，或谓血虚，予以补血，或认为气血均亏，拟以双补，或给止喘之西药，或谓腹中有恶性病变。诸说纷云，莫衷一是，辗转治 疗半年，无寸效。诸医束手，患者待毙。后经友人介绍延余诊治，细观其诸证，虽然一派虚弱之象，但少腹部可触及积块，自觉下坠疼痛，常以两手扶持，方能行 动。舌苔黄厚，脉尚有力。又阅前医药方，皆为峻补之剂，余告病家，此为虚中挟实，虽身形虚羸至极，但胃肠结有实邪，阻碍其脾胃消化吸收之功能。此时水谷尚 自不能运化，安能吸收补养之药乎？前医只知其虚象，未见其实邪，即使有人虑及其实，在此种情况下，也不敢用泻下攻尅之剂，屡用补剂，致肠胃之实更实，气血 之虚愈虚。遂给以大承气汤一剂。服药约二小时后，开始腹痛，难以忍耐，举家惶惶．以为用药有误。余告曰：此是药力所致，再过片刻必有发作。果应我言，过二 小时后，腹痛肠鸣加剧，泻下数次，量颇多，皆为各色污秽之物，秽臭异常，泻后顿觉浑身轻快，即思饮食，腹畅喘平，腹中积块消失。次日即能进一小碗面条，随 后给予健脾补气之品调补，病情日趋好转，继而痊愈。,方药,[],,删除多复合证,虚中挟实（身形虚羸而胃肠实结），原文直述，非枚举证型,[],,[],,"[""中药内服""]",,"[{""name"": ""大承气汤"", ""type"": ""方剂"", ""note"": ""用于攻下胃肠实结，先通后补""}]",1.0,骨空如柴,True,True,痊愈,"[{""classical_span"": ""骨空如柴"", ""why_supports"": ""出现“骨空”这一与骨量亏损高度相关的古籍表述""}]",1,"[""“骨空”可能为形容虚弱的比喻而非具体骨病"", ""缺乏骨痛、骨折等现代骨质疏松核心临床证据"", ""治疗目标为肠胃实结，非直接针对骨病""]",f2f28d03b708a4c931914d46cb3c20f1,['大承气汤'],近现代,[]
ok,2052,2026-02-04 18:00:29,石室秘录,1687.0,骨空,卷三（射集） 卧治法,痿废之症，乃阳明火症，肾水不足以滋之，则骨空不能立。方用元参三两，麦冬一两，熟地三两，山茱萸二两，水煎服。（〔批〕生阴壮髓丹。）此方妙在熟地、山茱全去滋水，而元参去浮游之火，麦冬生肺金之阴，阴长阳消，阳明自然息焰。火焰既息，金水又生，脏腑有津，骨髓自满，而两足有不能步履者乎。此又卧治之一法也。,病名,[],,肝肾阴虚证,,[],,"[""活动受限"", ""步态不稳""]",,"[""中药内服""]",,"[{""name"": ""生阴壮髓丹"", ""type"": ""方剂"", ""note"": ""〔批〕所指方名，用于滋阴壮髓""}, {""name"": ""元参"", ""type"": ""单味药"", ""note"": ""去浮游之火""}, {""name"": ""麦冬"", ""type"": ""单味药"", ""note"": ""生肺金之阴""}, {""name"": ""熟地"", ""type"": ""单味药"", ""note"": ""滋水充髓""}, {""name"": ""山茱萸"", ""type"": ""单味药"", ""note"": ""滋肾水""}]",1.0,肾水不足以滋之，则骨空不能立……骨髓自满，而两足有不能步履者乎,True,True,,"[{""classical_span"": ""骨空不能立"", ""why_supports"": ""直接出现“骨空”病名，指骨质空虚""}, {""classical_span"": ""骨髓自满"", ""why_supports"": ""以骨髓亏虚与充盈解释病机""}, {""classical_span"": ""不能步履"", ""why_supports"": ""提示骨弱致功能障碍""}]",1,"[""若忽略原文“骨空”而强行映射其他骨病"", ""若推断具体现代分型（如老年型）而无年龄证据"", ""若臆造未出现的症状如骨折""]",6adca423d39e1bc1de9c81535e185063,"['元参', '山茱萸', '熟地', '生阴壮髓丹', '麦冬']",清,"['步态不稳', '活动受限']"
ok,2062,2026-02-04 18:01:04,疡医大全,1740.0,骨空,卷二十五 腿膝部,《心法》曰：膝眼风生于膝眼穴，（又名鬼眼穴，在膝盖之下，左右两骨空陷中。）由下焦素虚，外邪易于侵袭，先从膝眼隐隐作痛，如风胜则其痛走注不定，寒胜则痛如锥刺，湿胜则胖肿曲不能伸，其病在筋，伸不能曲，其病在骨，动移不遂，沉寒锢冷之候也。惟在临证详辨：单膝生者轻，双膝生者重。若左膝方愈，复病右膝；右膝方愈，复病左膝者，名过膝风，属险。,病名,[],,肾阳虚证,,[],,"[""骨痛"", ""活动受限""]",,"[""中药内服"", ""针刺""]",,"[{""name"": ""万灵丹"", ""type"": ""方剂"", ""note"": ""初服以温散止痛""}, {""name"": ""独活寄生汤"", ""type"": ""方剂"", ""note"": ""次服以宣补""}, {""name"": ""火针"", ""type"": ""外治"", ""note"": ""针膝眼穴，转重就轻""}]",0.4,伸不能屈，其病在骨,True,True,好转,"[{""classical_span"": ""骨空"", ""why_supports"": ""出现古籍中与骨质亏虚相关的病名用语""}, {""classical_span"": ""其病在骨"", ""why_supports"": ""明确将病位归于骨，提示骨性病变""}]",1,"[""文本未涉及骨折或骨脆性，可能仅为局部痹证"", ""缺乏年龄与全身骨弱描述，难以对应现代表型"", ""症状集中于膝部，可能非系统性骨病""]",8926e0a85d3f26bacfd8c018d94e0835,"['万灵丹', '火针', '独活寄生汤']",清,"['活动受限', '骨痛']"
ok,2088,2026-02-04 18:02:03,医宗金鉴,1742.0,骨空,外科卷下 \ 膝部 膝眼风,【注】此证生于膝眼穴，又名鬼眼穴，在膝盖之下，左右两骨空陷中。由下焦素虚，外邪易于侵袭，先从膝眼隐隐作疼，如风胜，其痛则走注不定；寒胜，则痛如锥刺；湿胜，则外见胖肿。屈不能伸，其病在筋；伸不能屈，其病在骨；动移不遂，沈寒痼冷之候也，惟在临证宜详辨之。初服万灵丹温散之，其痛即止；次服独活寄生汤宣补之。效迟者，兼用火针针膝眼穴，此转重就轻之法也。单膝生者轻，双膝生者重。若左膝方愈，复病右膝，,病名,[],,肾阳虚证,,"[""其他""]",原文仅述“骨空”“其病在骨”，未指明年龄/性别，难以归入具体原发或继发表型,"[""骨痛"", ""活动受限""]",,"[""中药内服"", ""针刺""]",,"[{""name"": ""万灵丹"", ""type"": ""方剂"", ""note"": ""初服温散止痛""}, {""name"": ""独活寄生汤"", ""type"": ""方剂"", ""note"": ""次服宣补筋骨""}, {""name"": ""火针"", ""type"": ""外治"", ""note"": ""针膝眼穴，效迟者兼用""}]",1.0,伸不能屈，其病在骨；两骨空陷中,True,True,显效,"[{""classical_span"": ""骨空"", ""why_supports"": ""明确出现与骨质疏松高度相关的古籍范畴名称""}, {""classical_span"": ""伸不能屈，其病在骨"", ""why_supports"": ""直指病变在骨，符合骨量/骨强度异常的语义""}]",4,"[""未明确记载患者年龄或性别，难以精确对应现代分型"", ""以膝部病变为主，可能与其他骨病或痹证混杂"", ""缺乏骨折等现代诊断关键证据""]",aa642d71c6b7301a6ef62c8673cdba35,"['万灵丹', '火针', '独活寄生汤']",清,"['活动受限', '骨痛']"
ok,1072,2026-02-04 17:22:31,难经集注,650.0,骨痿；骨枯,卷二,虞曰。今之五损损于肾。肾主骨故骨痿不能起于床。素问曰。肾热则腰脊不举。骨枯髓减。发为骨痿。痿者、无力也。,方药,"[""老年后""]",,肝肾阴虚证,,"[""原发性-老年型""]",,"[""活动受限""]",,"[""中药内服""]",,"[{""name"": ""麦冬"", ""type"": ""单味药"", ""note"": ""清心肺、除烦热，文中用于治痿，涉及骨痿骨枯""}]",1.0,肾热腰脊不举，骨枯髓减，发为骨痿之症,True,True,,"[{""classical_span"": ""骨枯髓减，发为骨痿"", ""why_supports"": ""直接出现骨痿、骨枯髓减，为古籍中与骨质疏松高度一致的表述""}]",1,"[""若忽略原文明确的骨痿骨枯描述而仍强行否定关联，则属证据使用不当"", ""若将非文中出现的人群或方剂强行补充，属于臆造信息"", ""若将多证型并列输出而违反单选约束，则不合规""]",31b975714df80b9f75bc5ad5ebccae65,['麦冬'],唐,['活动受限']
ok,1203,2026-02-04 17:28:03,黄帝内经素问补注释文（道藏本）,762.0,骨痿；骨枯,黄帝内经素问补注释文卷之二十六,有所远行劳倦，逢大热而渴，渴则阳气内伐，内伐则热舍于肾，肾者水藏也，今水不胜火，则骨枯而髓虚，故足不任身，发为骨痿。,病名,[],,肝肾阴虚证,,[],,"[""乏力"", ""活动受限""]",,"[""中药内服""]",,"[{""name"": ""清暑益气汤"", ""type"": ""方剂"", ""note"": ""治湿热成痿、骨乏无力""}]",1.0,水不能胜火则骨枯而髓虚，足不任身，发为骨痿,True,True,,"[{""classical_span"": ""骨枯而髓虚"", ""why_supports"": ""直接描述骨质枯竭、髓虚，为骨量衰减的高度相关表述""}, {""classical_span"": ""足不任身，发为骨痿"", ""why_supports"": ""提示骨无力、承重功能下降，符合骨质疏松功能受损""}]",4,"[""原文未涉及骨折，可能被误解为单纯痿证"", ""证型判定存在阴虚与阳虚并见的争议"", ""治疗为清暑益气，未必针对长期骨量减少""]",402276a92ff3c95add2c7b055eddd5a6,['清暑益气汤'],唐,"['乏力', '活动受限']"
ok,4662,2026-02-04 19:44:38,内经博议,1672.0,骨痿；骨枯,卷之四 述病部下 疟痿咳病第六,五脏痿症。自肺热叶焦皮薄着而下。有脉痿肉痿筋痿骨痿之不一。脉痿者。心气热则脉下厥而上。枢折挈胫纵不任地。又得之悲哀太甚。阳气内动。则心下崩。数血溲。肉痿者。胃干而渴。肌肉不仁。又渐于湿而有所留。亦痹而不仁。筋痿者。筋膜干。筋急而挛。又入房太甚。宗筋弛纵。亦发筋痿。及为白淫。骨痿者。肾气热骨枯而髓减。腰脊不举。及远行劳倦。阳气内伐。则足不任身。此五痿者。必外征之于色。肺热色白而毛败。心热色赤而络脉溢。肝热色苍而爪枯。脾热色黄而肉蠕动。肾热色黑而齿槁。,病名,"[""老年后"",""情志异常""]",,肝肾阴虚证,,"[""原发性-老年型""]",,"[""腰背痛"", ""活动受限""]",,"[""中药内服"", ""针刺""]",,"[{""name"": ""肾着汤"", ""type"": ""方剂"", ""note"": ""治肾着为病，腰以下冷痛""}]",1.0,骨枯而髓减，发为骨痿,True,True,,"[{""classical_span"": ""骨枯而髓减"", ""why_supports"": ""直接描述骨质枯减与髓少，对应骨量下降""}, {""classical_span"": ""腰脊不举"", ""why_supports"": ""提示脊柱功能受限，符合骨质疏松相关表现""}]",1,"[""原文未明确年龄信息，老年型属推断风险"", ""多经络并述，病因复杂，非单一骨病"", ""含堕伤等外因描述，需排除外伤主导可能""]",4a7034090afc074ce5499a40c5c752b9,['肾着汤'],清,"['活动受限', '腰背痛']"
ok,4371,2026-02-04 19:33:01,黄帝内经素问吴注,1594.0,骨痹,第四卷 移精变气论篇第十三,中古之治，病至而治之，汤液十日，以去八风五痹之病，病至而治之，未能治于未病也。“八风”《灵枢经》曰：“风从东方来，名曰婴儿风，其伤人也，外在于经纽，内舍于肝；风从东南来，名曰弱风，其伤人也，外在于肌，内舍于胃；风从南方来，名曰大弱风，其伤人也，外在于脉，内舍于心；风从西南来，名曰谋风，其伤人也，外在于肉，内舍于脾；风从西方来，名曰刚风，其伤人也，外在于皮，内舍于肺；风从西北来，名曰折风，其伤人也，外在手太阴之脉，内舍于小肠；风从北方来，名曰大刚风，其伤人也，外在于骨，内舍于肾；风从东北来，名曰凶风，其伤人也，外在于胁腋，内舍于大肠。“五痹”，《痹论》曰：“以春甲乙伤于风者为筋痹，以夏丙丁伤于风者为脉痹，以秋庚辛伤于风者为皮痹，以冬壬癸伤于风者为骨痹，以至阴遇此者为肉痹。十日不已，治以草苏草荄之枝，本末为助，标本已得，邪气乃服。“荄”，古哀切。“不已”，病去不尽也。“草苏草荄”，二药之易得者也。“枝”，干也。“本”，根也。“未”，苗也。“助”，佐也。病有标有本，受病者为本，传变者为标，既得其本，又得其标，则邪气未有不服者也。暮世之治病也则不然，又不同于中古也。治不本四时，不知日月，不审逆顺，四时之气各有所在，如春气在经脉，夏气在孙脉，长夏气在肌肉，秋气在皮肤，冬气在骨髓，不本其处而治，是反古也。“不知日月”，如日有寒温明暗，月有空满亏盈，皆不知而妄治也。“不审逆顺”，如月生而泻，月满而补，月郭空而治，是谓之藏虚重实，而乱经者也。病形已成，乃欲微针治其外，汤液治其内，病形未成，不能使之移精变气祝由而已，迨其病形已成，不可求治，乃欲微针治其外，汤液治其内，言其晚也。粗工凶凶，以为可攻，故病未已，新病复起。”“粗”，技不精也。“凶凶”，不料事宜之可否也，“故”，旧也。故病未已，新病复起，言不足以去病，适足以增病也。,病名,[],,删除多复合证,文中仅论八风五痹及治则，未形成单一明确证型，且涉及肾、脾等多脏并列，难以归入固定证型。,[],,[],,"[""中药内服""]",,"[{""name"": ""草苏"", ""type"": ""单味药"", ""note"": ""与草荄同用，本末为助，用于五痹十日不已""}, {""name"": ""草荄"", ""type"": ""单味药"", ""note"": ""与草苏同用，取其易得，佐治痹病""}]",0.2,风从北方来，名曰大刚风，其伤人也，外在于骨，内舍于肾；以冬壬癸伤于风者为骨痹。,True,True,,"[{""classical_span"": ""外在于骨，内舍于肾"", ""why_supports"": ""提示病邪所伤部位在骨并关联肾，与现代骨病理论存在弱对应""}, {""classical_span"": ""以冬壬癸伤于风者为骨痹"", ""why_supports"": ""出现“骨痹”病名，涉及骨部病变，但偏痹证而非骨量减少""}]",1,"[""文本为痹证与治则讨论，未描述骨弱、骨折等骨质疏松核心特征"", ""证型与人群信息不明确，若强行对应将构成过度映射"", ""治疗药物为一般治痹用药，非针对骨痿或骨枯""]",1717670224c020047c6813aa9d5451cb,"['草苏', '草荄']",明,[]
ok,5221,2026-02-04 20:07:42,内科纲要验方类编,1958.0,骨痿；骨枯,内科纲要,腰痛，有风，有寒，有热，有湿，有瘀血，有气滞，有痰饮，皆标也，肾虚其本也。腰痛拘急牵引腿足，脉浮弦者风也。腰冷如冰，喜得热手熨，脉沉迟或紧者，寒也，并用独活汤主之。腰痛如坐水中，身体沉重，腰间如带重物，脉濡细者，湿也，苍白二陈汤加独活主之。若腰重疼痛，腰间发热，痿软无力，脉弦数者，湿热也，恐成痿症，前方加黄柏主之。若因闪挫跌扑，瘀积于内，转侧若刀锥之刺，大便黑色，脉涩或芤者，瘀血也，泽兰汤主之。走注刺痛，忽聚忽散，脉弦急者，气滞也，橘核丸主之。腰间肿，按之濡软，不痛，脉滑者，痰也，二陈汤加白术、萆薢、白芥子、竹沥、姜汁主之。腰痛似脱，重按稍止，脉细弱无力者，虚也，六君子汤加杜仲续断主之。若兼阴冷，更佐以八味丸。大抵腰痛，悉属肾虚，既挟邪气，必须祛邪，如无外邪，则惟补肾而已。然肾虚之中，又须分辨寒热二症。如脉虚软无力，溺清便溏，腰间冷痛，此为阳虚，须补命门之火，则用八味丸。若脉滑数无力，便结溺赤，虚火时炎，此肾气热，髓减骨枯，恐成骨痿，斯为阴虚，须补先天之水，则用六味丸，合补阴丸之类。不可误用热药，以灼其阴。,症状,"[""老年后""]",,肝肾阴虚证,,"[""原发性-老年型""]",,"[""腰背痛"", ""骨痛"", ""乏力"", ""活动受限""]",,"[""中药内服""]",,"[{""name"": ""六味丸"", ""type"": ""方剂"", ""note"": ""用于肾阴虚、髓减骨枯、恐成骨痿""}, {""name"": ""八味丸"", ""type"": ""方剂"", ""note"": ""用于肾阳虚、命门火衰、腰冷痛""}, {""name"": ""六君子汤加杜仲续断"", ""type"": ""方剂"", ""note"": ""用于腰痛似脱、脉细弱无力之虚证""}, {""name"": ""独活汤"", ""type"": ""方剂"", ""note"": ""用于风寒所致腰痛""}]",1.0,髓减骨枯，恐成骨痿,True,True,,"[{""classical_span"": ""髓减骨枯"", ""why_supports"": ""直接描述骨质枯减，符合骨质疏松核心病理""}, {""classical_span"": ""恐成骨痿"", ""why_supports"": ""出现高度相关古籍病名“骨痿”""}]",1,"[""若忽略原文出现的“骨痿、骨枯”而强行降级相关性"", ""若将外感急性腰痛等同为骨质疏松主病"", ""若推断具体年龄或性别人群而原文未载""]",d5436b62a63fac0d175cce631a092f77,"['八味丸', '六君子汤加杜仲续断', '六味丸', '独活汤']",近现代,"['乏力', '活动受限', '腰背痛', '骨痛']"
ok,2243,2026-02-04 18:07:52,历代本草药性汇解116种,2003.0,骨空,大戟（《本经》）,《本草乘雅》：双枝为戟，所用为门，我军彼敌，咽喉之地，疆界之域也。出入生死，莫不徭之，其为用大矣。盖蛊毒唯入，十二水唯不出，风中欲入，吐逆欲出，四者之门能无枢要乎。然人身枢要主心，犹三军之命在将，大戟花苗色味，悉属心象，诚急方之宣剂、通剂，上下表里，谁能不徭其门，以为出入者。今人唯知逐水，尚可扩充治痘澄饮，以其咸从水类也。客曰：人身以九窍为门，越人别立七冲为衢，大戟惟堪下泄，何有疆界门户？答曰：九窍者，身形之门户，七冲者，六府之衢路，如五藏十二经，及骨空腠理，亦莫不有疆界衢路门户者。经云：八万四千毛孔，孔孔作大壑流，非寓言也。大戟苦寒，行心之用，于时为夏，设人身有一毛孔于时不大，便非灵活之身。唯其莫不夏大，乃成至大之用。大戟张大夏令，为门为衢，则邪去有路，自外自中而汗而下矣。且心之表气为阳，而苦寒又得太阳寒水之化，故为心之用，宣发太阳之开药也。以太阳经主开，开处为衢为门，可无惑矣。,方药,[],,删除,,[],,[],,[],,"[{""name"": ""大戟"", ""type"": ""单味药"", ""note"": ""本草论其宣通开泄、为门为衢之用""}]",0.2,如五藏十二经，及骨空腠理，亦莫不有疆界衢路门户者,True,True,,"[{""classical_span"": ""骨空腠理"", ""why_supports"": ""出现“骨空”概念，为骨相关结构的古典表述""}]",1,"[""文本为药性理论阐发，非针对骨病或骨痿的病证描述"", ""虽出现“骨空”术语，但属解剖/理论比喻，缺乏病理指向"", ""无症状、无疗效记载，映射证据较弱""]",807e77f5b3e4c79c365b3ee569dfbb26,['大戟'],近现代,[]
ok,2327,2026-02-04 18:11:05,御纂医宗金鉴（四库本）,1742.0,骨空,御纂医宗金鉴卷七十,【注】此证生于膝眼穴又名鬼眼穴在膝葢之下左右两骨空陷中由下焦素虚外邪易于侵袭先从膝眼隠隠作疼如风胜其痛则走注不定寒胜则痛如锥刺湿胜则外见胖肿屈不能伸其病在筋伸不能屈其病在骨动移不遂沉寒痼冷之候也惟在临证宜详辨之初服万灵丹温散之其痛即止次服独活寄生汤宣补之效迟者兼用火鍼鍼膝眼穴此转重就轻之法也单膝生者轻双膝生者重若左膝方愈复病右膝右膝方愈复病左膝者名过膝风属险治法同前,病名,[],,肾阳虚证,,[],,"[""骨痛"", ""活动受限""]",,"[""中药内服"", ""针刺""]",,"[{""name"": ""万灵丹"", ""type"": ""方剂"", ""note"": ""初服以温散止痛""}, {""name"": ""独活寄生汤"", ""type"": ""方剂"", ""note"": ""继服以宣补""}, {""name"": ""火鍼膝眼穴"", ""type"": ""外治"", ""note"": ""兼用以转重就轻""}]",1.0,病在骨……沉寒痼冷之候,True,True,好转,"[{""classical_span"": ""骨空"", ""why_supports"": ""为古籍中直接指向骨质空虚、骨弱的病名""}, {""classical_span"": ""其病在骨"", ""why_supports"": ""明确病位在骨，符合骨量不足的核心指向""}]",1,"[""原文未出现明确现代诊断，映射存在时代差异"", ""未提及骨折等脆性骨折特征，可能为其他骨病"", ""症状集中于膝部，外推至全身骨质疏松需谨慎""]",d1dbc91c1cab0f5e4ff46372fe4f919c,"['万灵丹', '火鍼膝眼穴', '独活寄生汤']",清,"['活动受限', '骨痛']"
ok,2362,2026-02-04 18:12:43,本草乘雅半偈（四库本）,1647.0,骨空,卷二,参曰石中之脂如骨中之髓故揭两石中取之以粘缀唇舌者为上何也骨与肌肉原相连属而骨中之髓假水谷之精凝聚所成从土发源填满骨空自外而内者也自外而内更复自内而外如骨髓满溢散精于肾淫气于骨散精于肝淫气于筋散精于脾淫气于肉散精于心淫气于脉散精于肺淫气于皮毛皮毛血脉肌肉筋骨五藏之所合也悉从精髓陶铸成形故五脂先归于髓游溢精气转输各藏是以本经别録补髓为宗乃若黄疸肠癖痈肿疮疡种种病证悉属水液血气混浊不清石脂能使精气游溢去滓纯髓诸疾潜消矣,方药,[],,脾胃虚弱证,,[],,[],,"[""中药内服""]",,"[{""name"": ""石脂"", ""type"": ""单味药"", ""note"": ""被描述为“石中之脂如骨中之髓”，以补髓、去滓、使精气游溢""}]",1.0,骨中之髓…填满骨空…本经别録补髓为宗,True,True,,"[{""classical_span"": ""填满骨空"", ""why_supports"": ""直接出现“骨空”，为骨质疏松高度相关的古籍病理表述""}, {""classical_span"": ""补髓为宗"", ""why_supports"": ""以补骨髓为核心治则，与骨量不足的病机高度契合""}]",1,"[""原文未明确指向具体现代骨质疏松分型却强行细分"", ""将非骨病（如痈肿疮疡）内容误标为骨质疏松证据"", ""脱离原文语境臆造症状或人群""]",9bbd6c23a417d06ac28f63e8385e24c9,['石脂'],清,[]
ok,3350,2026-02-04 18:53:28,类证治裁,1839.0,骨极,卷之二 虚损劳瘵论治,人参黄 散。血脉不荣，为心劳；大五补丸。食少肌瘦，为脾劳；橘皮煎，血虚筋缓，为肝劳；黑丸。腹肿足弱，为肾劳。肾气丸。六极者，数转筋，指甲痛，为筋极；滋补营养丸、酒煮木瓜粥。牙痛踵痛，不耐久立，为骨极；茸珠丸。面色无华，头发坠落，为血极；补营汤。肤如虫行，体肉干黑，为肉极；参苓丸。肌无膏泽，目无精光，羸瘦肌痒，搔则成疮，为精极；巴戟丸。胸胁逆满，吸短难言，为气极。益气丸。七伤者，一阴寒，二阴痿，三里急，四精漏，五精少，六精滑，七窍数。并宜锁阳丹，九龙丹。,症状,"[""老年后""]",,脾肾阳虚,,"[""原发性-老年型""]",,"[""骨痛"", ""活动受限""]",,"[""中药内服""]",,"[{""name"": ""茸珠丸"", ""type"": ""方剂"", ""note"": ""用于“牙痛踵痛，不耐久立，为骨极”""}]",0.7,牙痛踵痛，不耐久立，为骨极,True,True,,"[{""classical_span"": ""为骨极"", ""why_supports"": ""“骨极”属骨之极虚，提示骨质衰弱""}, {""classical_span"": ""不耐久立"", ""why_supports"": ""反映下肢承重能力下降，符合骨弱表现""}]",1,"[""原文未明确记载现代意义的骨折事件"", ""证型多样并存，单一证型存在简化风险"", ""缺乏明确人群年龄信息""]",036fcaf6207e35f86bff05847d5834b9,['茸珠丸'],清,"['活动受限', '骨痛']"
ok,1586,2026-02-04 17:42:57,黄煌医案,1990.0,骨折,20100024某妪80岁外伤骨折后肺部感染案,主诉：外伤骨折后肺部感染,方药,[],,血瘀气滞证,,[],,"[""骨折""]",,"[""中药内服""]",,"[{""name"": ""骨碎补"", ""type"": ""单味药"", ""note"": ""活血祛瘀，止血，接骨续筋""}, {""name"": ""当归"", ""type"": ""单味药"", ""note"": ""配伍用于外伤骨折""}, {""name"": ""红花"", ""type"": ""单味药"", ""note"": ""配伍活血""}, {""name"": ""桃仁"", ""type"": ""单味药"", ""note"": ""配伍活血""}, {""name"": ""苏木"", ""type"": ""单味药"", ""note"": ""配伍活血""}, {""name"": ""续断"", ""type"": ""单味药"", ""note"": ""配伍接骨""}, {""name"": ""乳香"", ""type"": ""单味药"", ""note"": ""配伍止痛""}]",0.2,,True,True,,"[{""classical_span"": ""外伤骨折"", ""why_supports"": ""文本明确指向急性外伤导致的骨折，非自发骨弱所致""}]",1,"[""文本以急性外伤骨折为主，非骨质疏松本病"", ""未出现骨痿、骨弱、年老易折等核心指征"", ""将外伤性骨折直接等同为脆性骨折可能过度映射""]",6cb125395f92f49a8776cfa774feb37e,"['乳香', '当归', '桃仁', '红花', '续断', '苏木', '骨碎补']",近现代,['骨折']
ok,464,2026-02-04 16:58:51,回春录,1824.0,骨痿,四、外科 乳中结核,胡氏妇，患乳房结核，外科杂投温补，核渐增而痛胀日甚，驯至形消汛愆，夜热餐减，骨痿于床。孟英诊曰：郁损情怀，徒补奚益？予以蠲痰开郁之剂，吞当归龙荟丸。痛胀降序，热退能餐，月事仍行，改投虎潜（丸）加减法，服半年余而起。凡前后计用（川）贝母七、八斤，他药称是。,病名,"[""情志异常""]",,删除-肝郁气滞证,原文称“郁损情怀”，以蠲痰开郁为治，属情志郁结相关证候,[],,"[""活动受限""]",,"[""中药内服""]",,"[{""name"": ""当归龙荟丸"", ""type"": ""方剂"", ""note"": ""用于蠲痰开郁，先期服用""}, {""name"": ""虎潜丸"", ""type"": ""方剂"", ""note"": ""后期加减服用，调治骨痿""}, {""name"": ""川贝母"", ""type"": ""单味药"", ""note"": ""前后累计用量七、八斤""}]",1.0,夜热餐减，骨痿于床,True,True,好转,"[{""classical_span"": ""骨痿于床"", ""why_supports"": ""明确出现“骨痿”这一高度相关古籍病名""}]",1,"[""文本未明确涉及骨折，可能仅为久病体弱所致"", ""骨痿概念与现代骨质疏松并非完全等同，存在映射偏差"", ""缺乏年龄与绝经等现代分型关键信息""]",aa41f6953733a816eed42f0f262866cc,"['川贝母', '当归龙荟丸', '虎潜丸']",清,['活动受限']
ok,1877,2026-02-04 17:53:33,鸡鸣录,1850.0,骨折,鸡鸣录 伤科第十六,糯米一升，皂角半升切碎铜钱百枚同炒焦黑，去钱研末，酒调涂贴，治筋断骨折。,外治法,[],,血瘀气滞证,文本仅述外伤筋断骨折之治，未涉及内在虚损证型,[],,"[""骨折""]",原文仅载“骨折”，未说明脆性或反复，属弱映射,"[""中药外用""]",敷贴,"[{""name"": ""糯米"", ""type"": ""外治"", ""note"": ""与皂角、铜钱同炒研末外敷""}, {""name"": ""皂角"", ""type"": ""外治"", ""note"": ""切碎同炒，研末酒调涂贴""}, {""name"": ""铜钱"", ""type"": ""其他"", ""note"": ""同炒后去钱，取药末外敷""}]",0.2,治筋断骨折,True,True,,"[{""classical_span"": ""治筋断骨折"", ""why_supports"": ""明确指向骨折，但为外伤治疗，非骨弱本病""}]",1,"[""将急性外伤骨折误判为骨质疏松相关"", ""缺乏年老骨弱或反复易折等关键信息仍强行映射"", ""证型与人群信息不足却过度推断""]",0e9326514abcb0dcac32a2df1b24d677,"['皂角', '糯米', '铜钱']",清,['骨折']
ok,3557,2026-02-04 19:02:12,鸡鸣录,1850.0,骨极,鸡鸣录 伤科第十六,人中白醋淬为末，每五分酒下，治闪挫跌仆，伤骨极重者大效。,方药,[],,血瘀气滞证,原文仅述外伤伤骨治疗，未提及具体证型,[],,[],,"[""中药内服""]",,"[{""name"": ""人中白（白醋淬）"", ""type"": ""单味药"", ""note"": ""研末，每五分酒下，用于跌仆伤骨""}]",0.2,治闪挫跌仆，伤骨极重者大效,True,False,显效,"[{""classical_span"": ""伤骨极重"", ""why_supports"": ""仅指严重外伤性骨损伤，并非骨弱或脆性骨折""}]",1,"[""文本描述为急性外伤跌仆，非慢性骨弱疾病"", ""未出现骨痿、骨疏、年老骨弱等高指向术语"", ""缺乏人群与证型信息，难以稳定映射骨质疏松""]",5f7698f74e5c50b9a1d38855281e30cc,['人中白'],清,[]
ok,155,2026-02-04 16:46:45,急救仙方（道藏本）,1345.0,骨断,急救仙方卷之六,接骨药 下窟乌，一名鹗，用骨烧存性，用古铜钱一个，煅醋淬七次，为末，等分，骨断夹缚讫，用药一钱，酒调下，不可过多。病在下空心服，在上食后服。此方极验。,方药,[],,删除,,[],,"[""其他""]",外伤性骨折（原文为“骨断”，未见脆性或骨弱背景）,"[""中药内服""]",,"[{""name"": ""下窟乌（鹗）骨烧存性"", ""type"": ""单味药"", ""note"": ""用骨烧存性，为接骨主药""}, {""name"": ""古铜钱煅醋淬"", ""type"": ""其他"", ""note"": ""煅醋淬七次，为末，与主药等分""}]",0.2,,True,False,显效,"[{""classical_span"": ""接骨药…骨断夹缚讫"", ""why_supports"": ""明确指向外伤性骨折的接骨治疗，而非骨弱或骨量减少""}]",1,"[""文本为急性外伤性骨折用方，非慢性骨弱疾病"", ""未出现骨痿、骨疏、年老易折等骨质疏松关键信号"", ""将外伤性骨折直接等同骨质疏松存在过度映射风险""]",9c588d535665c76ddbe87ef3e2442073,"['下窟乌骨烧存性', '古铜钱煅醋淬']",明,['其他']
ok,157,2026-02-04 16:46:48,急救仙方（道藏本）,1345.0,骨断,急救仙方卷之七,洗药，治男子、妇人骨断，用此煎水洗后整骨了，却用乌龙角贴。,外治法,[],,血瘀气滞证,原文仅述外伤骨断之洗敷法，未涉及辨证分型,[],,"[""其他""]",骨断（外伤性骨折），非明确脆性骨折表述,"[""中药外用""]",,"[{""name"": ""仙正散洗药"", ""type"": ""外治"", ""note"": ""煎水洗患处以助整骨""}, {""name"": ""乌龙角"", ""type"": ""外治"", ""note"": ""贴敷于患处以固定整复""}]",0.2,,True,False,,"[{""classical_span"": ""治男子、妇人骨断"", ""why_supports"": ""明确为外伤性骨折治疗，与骨质疏松仅有弱关联""}]",1,"[""文本为急性外伤骨折处理，非骨弱或久病所致"", ""未见年老、易折或骨痿等指向骨质疏松的描述"", ""若强行归入脆性骨折或特定证型将属臆造""]",3aff2da6cc742d9de13fd74e1d08b394,"['乌龙角', '仙正散洗药']",明,['其他']
ok,1408,2026-02-04 17:36:07,济世全书,1616.0,骨折,兑集卷八 腋气,一厘金　治打跌骨折如神。（孙督方）,方药,[],,删除,,[],,[],,"[""中药内服""]",,"[{""name"": ""白芨"", ""type"": ""单味药"", ""note"": ""治打跌骨折，酒调白芨末二钱服之""}]",0.2,又治打跌骨折，酒调白芨末二钱服之,True,False,,"[{""classical_span"": ""治打跌骨折"", ""why_supports"": ""仅涉及外伤性骨折，未体现骨弱或脆性骨折特征""}]",1,"[""文本以外伤打跌骨折为主，非慢性骨弱表现"", ""未出现骨痿、骨弱、年老易折等高指向病名"", ""若强行对应骨质疏松易混淆外伤与代谢性骨病""]",517e06d4e2aa6264dac57182117a357b,['白芨'],明,[]
ok,1386,2026-02-04 17:35:11,济阳纲目,1565.0,骨折,卷八六：折伤 治折伤接骨方,麦斗散　治跌伤骨折。,治法,[],,血瘀气滞证,,[],,[],,"[""中药内服"", ""中药外用""]",,"[{""name"": ""续骨神丹"", ""type"": ""方剂"", ""note"": ""用于内服以活血去瘀、促骨接续""}, {""name"": ""杉木或杉板"", ""type"": ""外治"", ""note"": ""用于固定骨折部位以防动摇""}]",0.2,人有跌伤骨折，必须杉木或杉板将已折之骨凑合端正,True,False,,"[{""classical_span"": ""跌伤骨折"", ""why_supports"": ""描述为急性外伤性骨折，非骨弱或脆性骨折""}]",1,"[""文本为急性跌仆外伤，非慢性骨量减少性疾病"", ""未出现骨痿、骨弱、年老易折等指向性表述"", ""不能将一般骨折治疗等同映射为骨质疏松""]",2592b706db38b651afc806a427bf29d9,"['杉木或杉板', '续骨神丹']",明,[]
ok,1814,2026-02-04 17:51:23,济阳纲目,1565.0,骨折,卷八六：折伤 治折伤接骨方,接骨紫金丹　治跌打骨折，瘀血攻心，发热昏晕，及瘀血自下，吐血等证。,方药,[],,血瘀气滞证,,[],,[],,"[""中药内服""]",,"[{""name"": ""土鳖（或土狗）"", ""type"": ""单味药"", ""note"": ""活血散瘀，用于跌打骨折""}, {""name"": ""自然铜"", ""type"": ""单味药"", ""note"": ""火煅醋淬另研，续筋接骨""}, {""name"": ""骨碎补"", ""type"": ""单味药"", ""note"": ""用于骨折修复""}, {""name"": ""大黄"", ""type"": ""单味药"", ""note"": ""通腑逐瘀""}, {""name"": ""血竭"", ""type"": ""单味药"", ""note"": ""止血生肌""}, {""name"": ""当归尾"", ""type"": ""单味药"", ""note"": ""活血止痛""}, {""name"": ""乳香"", ""type"": ""单味药"", ""note"": ""活血止痛""}, {""name"": ""没药"", ""type"": ""单味药"", ""note"": ""活血止痛""}, {""name"": ""硼砂"", ""type"": ""单味药"", ""note"": ""外伤辅助用药""}]",0.2,,True,False,,"[{""classical_span"": ""治跌打骨折"", ""why_supports"": ""明确为外伤性骨折治疗，非骨弱或骨痿范畴""}]",1,"[""文本仅涉及急性外伤骨折，缺乏骨弱或久病线索"", ""未出现骨痿、骨枯等与骨质疏松高度相关病名"", ""证据不足仍可能被误判为脆性骨折""]",9cd494fbf979d9568d157f62e58ff7c9,"['乳香', '土鳖', '大黄', '当归尾', '没药', '硼砂', '自然铜', '血竭', '骨碎补']",明,[]
ok,1850,2026-02-04 17:52:38,济阳纲目,1565.0,骨折,卷八六：折伤 治折伤外敷方,上为细末，每用半两，生姜自然汁调如稀糊，摊纸花上贴用，如干再敷。骨折，先以绢帛封缚，次用杉木札定，良久痛止，即痒觉热，乃是血活。,外治法,[],,血瘀气滞证,原文仅述损伤骨折外治过程，未论及内在证型,[],,[],,"[""中药外用""]",,"[{""name"": ""生姜自然汁"", ""type"": ""外治"", ""note"": ""调药成稀粥外敷""}, {""name"": ""纸花"", ""type"": ""外治"", ""note"": ""敷贴固定""}, {""name"": ""绢帛"", ""type"": ""外治"", ""note"": ""骨折封缚固定""}, {""name"": ""沙木"", ""type"": ""外治"", ""note"": ""扎定固定患处""}]",0.2,,True,False,好转,"[{""classical_span"": ""骨折先以绢帛封缚"", ""why_supports"": ""明确为急性外伤性骨折处理，而非骨弱自折""}]",1,"[""内容为急性外伤骨折，非慢性骨弱或脆性骨折"", ""未见骨痿、骨枯等与骨质疏松高度相关病名"", ""缺乏人群与内在虚损证据，强行映射风险高""]",f216da84378268a62bf1b54efda60f61,"['沙木', '生姜自然汁', '纸花', '绢帛']",明,[]
ok,1867,2026-02-04 17:53:12,济阳纲目,1565.0,骨折,卷八六：折伤 治折伤接骨方,接骨方　治打扑损伤骨折，此药专能接骨。,方药,[],,删除,,[],,"[""其他""]",原文明确为“打扑损伤骨折”，属外伤性骨折而非脆性骨折,"[""中药内服""]",,"[{""name"": ""接骨方"", ""type"": ""方剂"", ""note"": ""治打扑损伤骨折，专能接骨""}]",0.2,,True,False,,"[{""classical_span"": ""治打扑损伤骨折"", ""why_supports"": ""明确指向外伤性骨折治疗，非慢性骨弱或脆性骨折""}, {""classical_span"": ""此药专能接骨"", ""why_supports"": ""治疗目的为骨折愈合，与骨质疏松仅存在弱关联""}]",1,"[""条文以急性外伤骨折为核心，非骨质疏松本病"", ""未见骨弱、年老易折等指向性描述"", ""无证型、人群或慢性表现信息，映射证据有限""]",8f7c94289e2ee4a493dfc2ee14401a00,['接骨方'],明,['其他']
ok,1868,2026-02-04 17:53:17,济阳纲目,1565.0,骨折,卷八六：折伤 治折伤接骨方,上件并无制，煅为末，诸样骨碎骨折出白窝者，每服二钱，好红酒调下，麻到不识痛处，或用刀割开，或剪去骨锋，以手整顿骨节归原，用夹夹定，然后医治；如箭镞入骨不出，以可用此麻药，或钳出，或凿开取出，后用盐汤或盐水与服，立醒。伤重手近不得者，更加坐拿草、草乌、反蔓它萝花各五钱。,方药,[],,血瘀气滞证,,[],,[],,"[""中药内服"", ""中药外用""]",,"[{""name"": ""麻药"", ""type"": ""其他"", ""note"": ""用于麻醉止痛，便于接骨取异物""}, {""name"": ""红酒"", ""type"": ""其他"", ""note"": ""调服药末""}, {""name"": ""坐拿草"", ""type"": ""单味药"", ""note"": ""伤重者加用""}, {""name"": ""草乌"", ""type"": ""单味药"", ""note"": ""伤重者加用""}, {""name"": ""反蔓它萝花"", ""type"": ""单味药"", ""note"": ""伤重者加用""}, {""name"": ""盐汤/盐水"", ""type"": ""其他"", ""note"": ""术后服用以醒神""}]",0.2,,True,False,,"[{""classical_span"": ""治折伤接骨方"", ""why_supports"": ""明确针对外伤性骨折而非骨质疏松""}, {""classical_span"": ""诸样骨碎骨折"", ""why_supports"": ""描述急性骨折处理，无骨弱或反复易折证据""}]",1,"[""文本为急性外伤折伤治疗，非骨质疏松本病描述"", ""未见骨弱、年老、脆性骨折等关键指向"", ""仅凭骨折难以直接映射为骨质疏松""]",3da988505cf3ab57cad51d2fe736cd92,"['反蔓它萝花', '坐拿草', '盐汤/盐水', '红酒', '草乌', '麻药']",明,[]
ok,1869,2026-02-04 17:53:19,济阳纲目,1565.0,骨折,卷八六：折伤 治折伤外敷方,上焙为细末，先用煎汤淋洗，后以姜汁水调，或研地黄汁调，以纸摊贴。若骨折，更以薄木板片夹贴，以小绳束三日，勿去夹板，恐摇动患处，至骨坚牢方去。若被刀箭虫伤成疮，并用姜汁和水调贴，以风流散填涂。,外治法,[],,删除,,[],,[],,"[""中药外用""]",,"[{""name"": ""姜汁"", ""type"": ""外治"", ""note"": ""调药外敷、用于折伤或疮伤""}, {""name"": ""地黄汁"", ""type"": ""外治"", ""note"": ""研汁调敷患处""}, {""name"": ""风流散"", ""type"": ""外治"", ""note"": ""用于刀箭虫伤成疮时填涂""}, {""name"": ""薄木板夹"", ""type"": ""外治"", ""note"": ""夹固定骨折以防摇动""}]",0.2,若骨折，更以薄木板片夹贴，以小绳束三日，勿去夹板，恐摇动患处,True,False,,"[{""classical_span"": ""若骨折，更以薄木板片夹贴"", ""why_supports"": ""仅描述外伤性骨折处理，未见骨弱或脆性反复骨折""}]",3,"[""文本为急性折伤外治法，非慢性骨病"", ""未出现骨痿、骨弱或年老易折等关键信息"", ""不能据外伤骨折直接推断骨质疏松""]",1b71471dfe8d16a1c0b213d565522783,"['地黄汁', '姜汁', '薄木板夹', '风流散']",明,[]
ok,3028,2026-02-04 18:39:43,济阳纲目,1565.0,骨痿,卷六四：虚损 论,李氏曰：血阴而气阳也，有暴虚而无伤损者，易复。有虚而亏损者，亦可补益。惟久虚而伤坏者，必保养仅可半愈。大概虚脉多弦，弦濡大而无力者为气虚，脉沉微而无力者，为气虚甚。脉弦而微为血虚，脉涩而微为血虚甚。或寸微尺大而紧者，血虚有火，多汗。又形肥而面浮白者阳虚，形瘦而面苍黑者阴虚。食少神昏，精不藏固，腰背胸胁筋骨疼痛，潮热，盗汗，痰嗽，此虚证也，但见一二便是。外因感寒，久则损阳，自上而下，一损于肺，则皮聚毛落。二损于心，则血脉虚少，不荣脏腑，妇人月水不通。三损于胃，则饮食不为肌肤。治宜辛甘淡，若过于胃，则不可治矣。感热久则损阴，自下而上，一损于肾，则骨痿不能起于床。二损于肝，则筋缓不能自收持。三损于脾，则饮食不能消克。治宜酸苦咸。若过于脾，则不可治矣。又不内外因，惊而夺精，汗出于心，则损脉。疾走惧恐，汗出于肝，则损筋。摇体劳苦，汗出于脾，则损肉。饮食饱甚，汗出于胃，则损肠。持重远行，汗出于肾，则损骨。治宜酸苦。若辛散于心，则不可治矣。抑论心肺损而色惫汗多者为阳虚。肝肾损而形痿汗多者为阴虚。经云：损其肺者，益其气。损其心者，补其荣血。损其脾者，调其饮食，适其寒温。损其肝者，缓其中。损其肾者，益其精。是以古方肺损证，见四君子汤。心损证，见四物汤。心肺俱损者，八物汤。心肺及脾胃俱损者，十全大补汤。肝肾俱损者，牛膝丸。杂证心虚梦遗者，桂枝汤加龙骨、牡蛎。四肢烦热酸疼，心悸腹痛者，小建中汤。汗多力少，筋骨拘急者，黄芪建中汤。汗多脉暴结者，炙甘草汤。暴损气虚，有汗潮热者，补中益气汤。气虚无汗潮热者，人参清肌散。暴损血虚，有汗潮热者，人参养荣汤。血虚无汗潮热者，茯苓补心汤。暴脱血者，益胃升阳汤。潮汗痰嗽者，黄芪益损汤加半夏。大病后食减盗汗者，参苓白术散加黄芪、当归。内因五劳六极七伤，积虚成损，积损成虚伤，经年不愈者，谓之久虚。五劳应五脏，六极即六欲应六腑。盖心劳曲运神机，则血脉虚而面无色，惊悸，梦遗，盗汗，极则心痛咽肿。肝劳尽力谋虑，则筋骨拘挛，极则头目昏弦。脾劳意外过思，则胀满少食，极则吐泻肉消，四肢倦怠，关节肩背强痛。肺劳预事而忧，则气乏，心腹冷，胸背痛，极则毛焦津枯，咳嗽哄热。肾劳矜持志节，则腰骨痛，遗精白浊，极则面垢脊痛。此五劳应乎五极者也。若原因腑虚，以致脏虚，脏腑俱虚，视听已衰，行步不正，名曰精极，令人精浊，茎弱核小，故又曰六极。极即伤也，七伤者，推原劳极之由，久视伤血，久卧伤气，久坐伤肉，久立伤骨，久行伤肝。房劳思虑伤心肾，则阴血虚。劳役饥饱伤胃腑，则阳气虚，此伤证之至要也。阴虚四物汤、二宜丸、肾气丸。火动外潮者，四物汤加知母、黄柏，或滋阴降火汤丸、加味消遥散、补阴丸。火燥甚者，大补阴丸、单天门冬膏。阳虚四君子汤、保元汤。火衰中寒身冷者，鹿茸大补汤、苁蓉散、加减内固丸、三仙丹、温肾丸、腽肭补天丸（腽肭，海狗之肾，曰腽肭脐）、斑龙丸。阴阳俱虚，八物汤、固真饮子或丸、人参养荣汤，或十全大补汤加苁蓉、附子、半夏、麦门冬，或八味丸。有火者，二至丸、异类有情丸。心虚，人参固本丸、梦授天王补心丹、朱子读书丸。肝虚，天麻丸、鹿茸四斤丸。脾虚，参苓白术散、橘皮煎丸、苍术膏、白术膏、参苓造化糕、太和羹。肺虚，单人参膏、单五味子膏。肾虚，小菟丝子丸、玄菟固本丸、三味安肾丸、太极丸。不论阴阳损伤，皆因水火不济，火降则血脉和畅，水升则精神充满。或心肾俱虚，或心脾俱虚，或心肝俱虚，或肺肾俱虚，或五脏俱虚，但以调和心肾为主，兼补脾胃，则饮食进而精神气血自充。调和心肾，虚中有热者，古庵心肾丸。虚中有寒者，究源心肾丸。不受峻补者，神归茸丸、瑞连丸、冷补丸。兼补脾胃，二神交济丹、还少丹、天真丸、返本丸。言虚热者，虚者，下虚也。热者，上热也。又言虚实者，正气虚，邪气实也。心劳邪热，则口舌生疮，语涩肌瘦。肝劳邪热，则胁痛，关格不通。脾劳邪热，则气急肌瘅多汗。肺劳邪热，则气喘面肿，口燥咽干。肾劳邪热，则尿赤阴疮，耳鸣溺闭，三白汤主之。心热加黄连、木通、麦冬、生地黄，肝热加黄芩、防风、当归、龙胆草、赤芍，脾热加山栀、石斛，肺热加知母、桑白皮、秦艽、葶苈，肾热加元参、赤茯苓、车前子、生地黄，更参积热门虚火治法。挟气者交感丹。古庵云：心肾主血，心恶热而肾恶燥，则清热润燥之药，是补心肾而泻脾肺也。肺脾主气，肺恶寒而脾恶湿，则温寒燥湿之药，是补肺脾而泻心肾也。《局方》概用辛香燥剂，以能健脾进食，然阴血消而心肾损，以致虚极，火炎面红，发喘痰多，身热如火，跌肿溏泻，脉紧不食者死。噫！凡阴虚，皆阴血阴气虚也，若真阳虚，亦不可治。经云：形不足者，温之以气。温存以养，使气自充，非温药峻补之谓也。精不足者，补之以味。乃天地自然之味，非膏梁之谓也。今人无病贪补而致病者有之。有病贪补，而不依证用药，反增痰火者有之。非惟不足却疾延年，亦非养心养性之道。且少年欲火正炽，尤宜戒补。中年以后，必资药饵扶持者，亦须量体，但从缓治，不可责效目前，反致奇疾。大概肾虚者，琼玉膏、还元秋石丸、延年益寿不老丹。耳目衰者还元丹、四圣不老丹、松柏实丸。肾虚无火者，何首乌丸、却老乌须健阳丹。肾虚有火者，八仙添寿丹。羸瘦者，大造丸、紫河车丹。血疾者，女真丹、柏叶煎、柏脂丸、秤金丹。风疾有火者，松脂丸、松梅丸。风疾无火者，仙人饭。痰火溺涩者，茯苓煎。气弱者，单人参膏。血燥者，单天冬膏、地黄膏。脾虚者，白术膏。脾肾俱虚者，加味苍术膏。此皆养性延年之药，亦必因病选用。,病名,"[""老年后""]",,删除多复合证,虚损累及多脏，尤以损于肾致骨痿，非单一固定证型,"[""原发性-老年型""]",,"[""活动受限"", ""乏力""]",,"[""中药内服""]",,"[{""name"": ""补中益气汤"", ""type"": ""方剂"", ""note"": ""用于气虚虚损""}, {""name"": ""四物汤"", ""type"": ""方剂"", ""note"": ""血虚者加减用治""}, {""name"": ""十全大补汤"", ""type"": ""方剂"", ""note"": ""用于阴虚虚损""}, {""name"": ""生脉散"", ""type"": ""方剂"", ""note"": ""用于阳虚自汗痼冷""}, {""name"": ""人参理中汤"", ""type"": ""方剂"", ""note"": ""用于阳虚下陷""}]",1.0,损于肾则骨痿不能起于床,True,True,,"[{""classical_span"": ""损于肾则骨痿不能起于床"", ""why_supports"": ""明确出现骨痿，指向骨弱萎软、功能受限""}]",1,"[""文本未区分具体骨折情况，可能被误判为其他虚损病"", ""多证并存，强行单一证型可能失真"", ""未提现代骨密度或脆性骨折，仅为古代描述""]",0de8a173684b4abba92396465aeddf7b,"['人参理中汤', '十全大补汤', '四物汤', '生脉散', '补中益气汤']",明,"['乏力', '活动受限']"
ok,3099,2026-02-04 18:42:38,济阳纲目,1565.0,骨痿,卷七五：腰痛 治肾虚腰痛方,萆薢丸　治肾损骨痿，不能起床，腰背腿皆痛。,方药,[],,肾虚血瘀证,文称“肾损骨痿”，属肾损致骨痿之证，未对应到给定标准证型枚举,[],,"[""腰背痛"", ""活动受限""]",,"[""中药内服""]",,"[{""name"": ""萆薢丸"", ""type"": ""方剂"", ""note"": ""用于治疗肾损骨痿、腰背腿痛，不能起床""}]",1.0,治肾损骨痿，不能起床，腰背腿皆痛。,True,True,,"[{""classical_span"": ""肾损骨痿"", ""why_supports"": ""直接出现“骨痿”，为古籍中与骨质疏松高度一致的病名范畴""}, {""classical_span"": ""不能起床，腰背腿皆痛"", ""why_supports"": ""提示骨骼相关疼痛及功能障碍，符合骨质疏松相关表现""}]",4,"[""若将“肾损”强行等同具体现代证型，可能构成证型臆断"", ""未提供年龄与性别信息，无法确定现代表型分型"", ""若忽略原文仅为方药条目，可能误作系统性疾病论述""]",2a78c709ca33330dea49696c6ad9836b,['萆薢丸'],明,"['活动受限', '腰背痛']"
ok,3102,2026-02-04 18:42:40,济阳纲目,1565.0,骨痿,卷八十：痿证 治虚弱痿方,牛膝丸　治肾肝虚损，骨痿不能起于床，筋弱不能收持，宜益精缓中。,方药,[],,肝肾阴虚证,,[],,"[""活动受限"", ""乏力""]",,"[""中药内服""]",,"[{""name"": ""牛膝丸"", ""type"": ""方剂"", ""note"": ""治肾肝虚损、骨痿不能起于床""}]",1.0,骨痿不能起于床，筋弱不能收持,True,True,,"[{""classical_span"": ""骨痿不能起于床"", ""why_supports"": ""直接出现“骨痿”病名，属古籍中高度指向骨质衰弱的范畴""}, {""classical_span"": ""肾肝虚损"", ""why_supports"": ""肝肾亏虚为骨失所养的重要病机，与骨质疏松机制相符""}]",1,"[""若将肾肝虚损误判为其他证型，可能造成证型枚举不合规"", ""若在无年龄信息下强行映射具体现代分型，可能属于臆造"", ""若脱离原文将其解释为外伤或急性病变，证据不足""]",6e00074b0f1fa517af8ccb044ff10fe9,['牛膝丸'],明,"['乏力', '活动受限']"
ok,3457,2026-02-04 18:57:55,杂病源流犀烛,1773.0,骨极,卷八,【解俴症状】  《灵枢》曰：髓伤则消烁，腑酸体解，俴然不去矣，不去者谓不能行去也。  二阳病  血虚精少症也。《内经》言：二阳之病发心脾，有不得隐曲，女子不月，其传为风消，其传为息贲者，死不治。夫所谓二阳者，手阳明大肠、足阳明胃也。说以肠胃发病，心脾受之；心主血，今受病，则失所主而血不流；脾主化食作味，轮於脏腑而成精，今受病，则失所主而味不化，致男子少精，不得为隐蔽委曲之事。然则二阳之病，非由精少血衰而何。古人谓为症属血劳，洵有然也。说以女子不月，固属血病（宜逍遥散、加味逍遥散，）精即是血，男子不得隐曲，亦即血病也（宜菟丝子丸、鹿胎丸。）附载陈藏器诸虚用药例    虚痨头痛身热（杞子  玉竹）    虚而欲吐（人叁）    虚而多气微嗽（麦冬  五味子）    虚而不宁（人叁）    虚而腰侸不利（杜仲  磁石  ^    虚而多梦（龙骨）    虚而痰又有气（半夏  生姜  枳实）    虚而大热（黄岑  天冬）    虚而小肠不利（茯苓  泽泻）    虚而多热（地黄  地肤子  牡蛎  甘草）    虚而小肠自利（龙骨  桑螵  ）    虚而口乾（麦冬  知母  天冬）    虚而惊悸兼冷（小草  紫石英）    虚而惊怖（沙叁  龙齿）    虚而吸吸（胡麻  覆盆子  柏子仁）    虚而多忘（茯神  远志）    虚而客热（沙叁  地骨皮  龙齿）    虚而大冷（肉桂  附子）    虚而髓竭（熟地  当归）    虚而溺白（厚朴）    虚而溲赤（黄岑）    虚而损（苁蓉  巴戟）    虚而冷（川芎  乾姜  当归）    虚而昏（茯神  朱砂）    虚痨头痛身热杞子 玉竹五味子磁石◎虚而欲吐人虚而不宁虚而多梦虚而虚而多热地虚而口乾虚而惊怖沙叁  龙齿    虚而吸吸胡麻覆盆子  柏子仁  虚而多忘茯神  远志虚而客热沙叁  地骨皮  龙齿  虚而大冷肉桂  附子虚而髓竭熟地  当归  虚而溺白厚朴虚而溲赤黄岑  虚而损苁蓉  巴戟虚而冷川芎  乾姜  当归  虚而昏茯神朱砂    心虚（人叁  茯苓  石菖蒲  鳌按：心虚者，心家气血不足，致成虚痨也，宜古庵心肾丸、大五补丸，方附後）    肝虚（川芎  防风  天麻  螯接：肝虚者，肝家受损，面无血色，筋缓目暗也，宜拱辰丸、滋补养荣丸，方附後）    脾虚（白术  白芍  益智仁  鳌按；脾虚者肌肉消瘦，饮食不进也，宜橘皮煎元、大山芋元，方附後）   肺虚（天冬  麦冬  五味子  鳌按：肺虚者，咳嗽痰盛，气急或唾血也，宜人叁黄  散、补肺散，方附後）    肾虚（熟地  丹皮  远志  鳌按：肾虚者，水火不足也，水虚宜太极丸、无比山药丸，方附後。火虚宜增益归茸丸、玄菟固本丸，方附後）    胆虚（枣仁  细辛  地榆  鳌按：胆虚多惊多畏，不能独处，如人将捕之也，宜仁熟散、温胆汤，方附後）附载李士材治痨法    苡仁、茯苓扶胃，且有降下之央效。桑皮、贝母止痰嗽。桔梗、陈皮行气，且有健脾之力。莲心、山药止泄泻。麦冬、五味保肺，而能滋化之源。人乳、梨汁解燥结。地骨、丹皮治蒸，而无寒冷之累。童便、藕汁能止血。以上皆以甘凉之品，行收降之令，为初起者设也。若久病百脉空虚，虚火炎亢，非甘温不能复真元，异央散是也（人叁、茯苓、白术、炙草、陈皮。）非粘腻不能润活朽，地黄丸是也（人叁、黄  、当归、白芍、地黄、防风、远志、茯神、鹿茸、黄岑、石韦、滑石、蒲黄、戎盐、炙草、车前子、瓜蒌。）治虚损痨瘵方五十六    四君子汤    养气   人叁   茯苓  白术  炙甘草    八珍汤    虚热   人叁  茯苓  白术  炙草  川芎  当归  白芍  地黄    十全大补汤    调卫   人叁  茯苓  白术  炙草  川芎  当归  白芍  地黄  黄    肉桂    牛膝丸    缓肝   牛膝        杜仲  防风  苁蓉  肉桂  蒺藜  菟丝子    八味丸    补火   地黄  山药  山萸  丹皮  茯苓  泽泻  肉桂  附子    金刚丸    益精         杜仲  苁蓉  菟丝子  酒煮猪腰子丸。    煨肾丸    又   白蒺藜  牛膝        杜仲  防风  肉桂  苁蓉  菟丝子  破故纸  葫芦巴  酒煮猪腰子，和蜜丸    补中益气汤    温补   人叁  黄    当归  白术  甘草  陈皮  升麻  柴胡    四物汤    诸血   川芎  当归  白芍  生地    当归补血汤    又   荆芥穗  当归  生地  熟地  川芎  赤芍  黄    陈皮  枣二  乌梅一    六味丸    补水   地黄  山药  山萸  丹皮  茯苓  泽泻    逍遥散    阳虚   当归  白芍  柴胡  黄岑  白术  甘草  薄荷  煨姜    坎离既济丹    又   肉苁蓉  生地  麦冬  山萸  杞子  五味  川柏  归身  白芍  天冬  熟地  远志  茯苓  茯神  丹皮  枣仁  人叁  泽泻  蜜丸。    人叁养荣汤    阴虚   人叁  茯苓  白术  甘草  当归  白芍  地黄  黄    陈皮  远志  肉桂  五味子    三百广生汤    又   地骨皮  白术  白芍  茯苓  甘草  陈皮  枣仁  山药  贝母  丹皮  芡实  莲肉  乌梅    五汁膏    咳血   天冬  麦冬  生地  薄荷  贝母  丹皮  阿胶  茯苓  犀角犁汁  藕汁  蔗汁  人乳  萝卜汁  羚羊角水八杯，煎三杯去渣，入五汁再熬，以入水不化为度，又入蜜二两，重汤顿半日     清骨散    潮热   秦艽  鳖甲  知母  青蒿  甘草  银柴胡  地骨皮  胡黄连     龙齿丸    精浊   茯神  远志  人 叁  龙齿  菖蒲  知母  黄柏     归脾汤    泄泻   人叁  黄    当归  白术  茯神  枣仁  远志  龙眼  木香  甘草  姜  枣     大菟丝子丸     肾病   鹿茸  泽泻  附子  肉桂  熟地  牛膝  茯苓  山萸  川断  防风  杜仲  巴戟  沉香  茴香  五味  川芎  苁蓉  菟丝子  破骨纸  荜澄茄  桑螵    覆盆子  石龙芮去尖     补中地黄汤    积劳   人叁  黄    当归  白术  茯苓  地黄  山萸  山药  泽泻  丹皮  升麻  姜  枣     保和汤     肺病   贝母  知母  天冬  麦冬  苡仁  杏仁  甘草  紫苏  薄荷  紫菀  百合  桔梗  当归  阿胶  百部  饴糖  款冬花  五味子  马兜铃  生姜  失血加炒黑蒲黄、生地、小蓟，痰加瓜蒌仁、茯苓、橘红，喘去紫苏、薄荷，加苏子、桑皮    圣愈汤    心病   人叁  黄    川芎  当归  生地  熟地    补肝汤    肝病   山萸  甘草  肉桂  桃仁  茯苓  细辛  防风  大枣  柏子仁    柴胡疏肝散    又   炒香附  柴胡  陈皮  川芎  白芍  枳壳  甘草    调中益气汤    脾病   人叁  黄    当归  白术  白芍  甘草  升麻  柴胡  陈皮  五味子    调荣养卫丸    久痨   人叁  黄    当归  白术  白芍  茯苓  山药  麦冬  远志  山萸  陈皮  熟地  生地  五味子  鸭血蜜丸。    鹿胎丸    房欲   鹿胎去秽煮烂  熟地八两用人乳粉山药各一两拌蒸九次  菟丝子十两酒煮  杞子八两乳浸  制过首乌十两乳浸日晒夜露九次  金石斛六两酒炒巴戟肉五两酒炒  黄  酥炙五两  人叁四两  黄蒿膏丸。    十四味建中汤    积痨   人叁  黄    当归  白术  甘草  白芍  茯苓  地黄  川芎  麦冬  附子  肉桂  苁蓉  半夏  姜枣     清暑益气汤    暑痨   人叁  黄    白术  甘草  当归  苍术  升麻  陈皮  神僸  泽泻  麦冬  青皮  葛根  五味子     葛花解酲汤    酒痨   葛花  人叁 茯苓  白术  青皮  木香  橘红  猪苓  泽泻  神僸  乾姜  砂仁  蔻仁     嵩崖脾肾丸    老人   熟地  山药 山萸  茯苓  丹皮  泽泻  附子  肉桂  牛膝  砂仁  车前  补骨脂  益智仁     神仙延寿酒    又   补骨脂  熟地 生地  天冬  麦冬  人叁  川芎  当归  白芍  茯苓  木香  砂仁  菖蒲  远志  柏子仁  煮酒三十斤。     麦煎散    童痨   赤苓  当归  乾漆  鳖甲  常山  大黄  柴胡  白术  生地  石膏  甘草  小麦     补血养阴丸    女痨   生地  丹皮  麦冬  白芍  当归  牛膝  杞子  青蒿茯苓  鳖甲  川断  五味子  益母膏为丸。咳加蜜炙枇杷叶。咳甚，加贝母、沙叁、百部。痰加橘红。热甚，加胡黄连、银柴胡。食少泄泻，去归、地、杞、鳖，加莲肉、山药、陈松花。    清离滋坎丸    情痨   熟地  生地  天冬  麦冬  当归  白芍  知母  黄柏  白术  山药  山萸  茯苓  丹皮  泽泻  甘草吐血，加童便调陈墨。痰加竹沥、姜汁。汗加黄  、枣仁。痰加贝母、瓜蒌仁。热加地骨皮。嗽加五味。怔忡加远志、枣仁。遗精加龙骨、牡蛎。膈碍加陈皮。咽疮加桔梗、元叁。痰喘加苏子、白芥子、莱菔子。久陔加阿胶、五味、紫菀、麦冬。    滋阴清化丸    痰热   熟地  生地  天冬  麦冬  当归  鳖甲  阿胶  白芍  茯苓  山药  贝母  花粉  甘草  五味  蜜丸，含化。    人中白丸    血热   生地  当归  阿胶  白术  白芍  鳖甲  熟地  青蒿子  羚羊角  人中白  百部膏丸，男服四钱，女服三钱。    叁苓建中汤    潮热   人叁  茯苓  当归  白芍  肉桂  甘草  前胡  细辛  麦冬  陈皮  半夏    鳖甲散    骨蒸   柴胡  鳖甲  知母  秦艽  当归  青蒿  乌梅  地骨皮  早晚服。    河车丸    又   人中白  河车  秋石  五味  人叁  乳粉  阿胶  鳖甲  地骨皮  银柴胡  百部、青蒿、童便、陈酒熬膏丸。    二仙胶    又   鹿角胶  龟胶  人叁  杞子  共为末，酒调服，亦治遗精。    六君子汤    痰结   人叁  茯苓  白术  甘草  陈皮  半夏    润肠丸    又   火麻仁  羌活  归尾  大黄  桃仁    远少丹    温补   山药  山萸  牛膝  远志  茯苓  五味  巴戟  苁蓉  菖蒲楮实  杜仲  茴香  杞子  熟地  蜜同枣肉丸。    独叁汤    久血   人叁一味浓煎。    大黄    Y    乾血     理中汤    阳虚   人叁  白术  甘草  乾姜    杏仁膏    喘嗽   杏仁泥  姜汁  蜜  砂糖  桑皮  木通  紫菀  五味子  後四味先煎，去渣，入前四味熬膏，含化。    立效方    痰嗽   贝母  杏仁  瓜蒌仁  五味子  款冬花  桔梗  天冬 葱白川椒每岁一粒  共为末，纳猪肺中，荷叶包，蒸熟，五更作一次用薄烧酒食，食完再吃陈酒少部，安卧至晓。    紫金锭    桃花疰   五倍子去虫土三两  山茨菰去皮焙二两  大戟洗焙一两半千金子去皮油一两  麝香三钱  糯米粥和杵千下，每一料分作四十锭，每服半锭，重者一锭，蒲荷汤下。一名太乙紫金丹。    苏合香丸    又   木香  麝香  丁香  檀香  安息香  白术  犀角  香附  朱砂水飞半为衣  荜拨各二两  乳香  冰片各一两  苏合油入安息膏内为丸，每一两分作四十丸，每取二三丸，姜汤、白汤任下。    回春辟邪丹    又   虎头骨二两  朱砂  雄黄  鬼白  芜荑  藜芦  鬼箭羽  雄黄各一两  蜜丸，弹子大，囊盛一丸，系臂上，又於病者户内烧之，一切邪鬼不敢近。与鬼交者亦治。兼治瘟疫。    十疰丸    传尸痨   雄黄  巴霜各一两  人叁  北细辛  麦冬  附子  桔梗  皂角  川椒  甘草各五钱  蜜丸，梧子大，每五丸，温水化下。    此药并治一切鬼气。    桃奴丸    又   桃奴七个另研，玳瑁镑细末一两，安息香去渣一两，上三味，同入银石器中熬成膏，朱砂、犀角各五钱，琥珀、雄黄各三钱，麝香、冰片、牛黄各二钱，桃仁麸炒十四个，安息膏丸，芡子大，阴乾封固，安静室，每一丸，人叁汤下。    炙甘草汤    脉代 附载葛可久治痨十方保真汤    当归  生地  人叁  白术  黄  各一钱  赤芍  炙草各八分半  天冬  麦冬  陈皮  白芍  知母  黄柏  五味子  柴胡  地骨皮  熟地各三分半  莲肉白茯苓  赤茯苓各六分  姜三  枣二  惊悸，加茯神、枣仁、远志。尿浊，加猪苓、泽泻、    。尿涩，加木通、石韦、篇蓄。遗精，加牡蛎、莲须。燥热，加石膏、滑石、青蒿、鳖甲。盗汗，加浮麦、牡蛎、麻黄根。各因症之轻重，而量加之可也。    此方专治虚痨骨蒸，潮热盗汗等症。    保和汤    天冬  麦冬  知母  贝母  款冬花各一钱  苡仁  杏仁  花粉  五味子各七分  马兜铃  炙甘草  紫菀  百合  桔根  阿胶  当归  酒生地各三分半  苏叶  薄荷各二分  姜三片  煎至半，去渣，入饴糖一匙，食後服，日三次。    此方专治虚痨咳嗽，肺痿，唾脓血。血甚，加蒲黄、茜根、藕节。痰盛，加南星、半夏、陈皮、枳壳、瓜蒌仁。喘急，加桑皮、陈皮、葶苈。热盛，加栀子、黄岑、连翘。风盛，加防风、荆芥、金沸草。寒盛，加人叁、桂枝。    太平丸    天冬  麦冬  知母  贝母  款冬花  杏仁各二两  当归  生地  熟地  阿胶各一两半  蒲黄  京墨  桔梗  薄荷各一两  白蜜四两  麝香一钱  用银石器先炼白蜜，再下诸药末，搅匀，再上火，入麝末熬数沸作丸，弹子大，每日二服，食後细嚼一丸，薄荷汤缓缓送下，次噙一丸。痰盛，先用饴糖拌消化丸吞下，却噙此丸，仰卧，使药入肺窍，则肺清润，其嗽退除，七日病痊。    此方专治虚痨久嗽，肺萎。    消化丸    青礞石  金色  明矾  皂角  炮南星  制半夏  茯苓  陈皮各二两  枳实  枳壳各一两半  薄荷一两  沉香  黄岑各五钱  姜汁浸神僸末作糊丸，二药相攻，痰嗽自然除根矣。    此方专治虚痨肺萎咳嗽，热痰壅盛。    润肺膏    羊肺一具  杏仁另研  柿霜  真酥  真蛤粉各一两  白蜜一两二钱  先洗净肺，次将水拌诸药，入肺中，白水煮熟，如常法食之，与一药相间服亦可。    此方专治虚痨久嗽，肺萎。    白凤膏    墨嘴白鸭一只  黑枣三升  叁苓平胃散末一升  陈酒一瓶  将鸭头割开，取血将热酒随量和血饮之，能直入肺经润补，却将鸭乾去毛，於侸边开一孔，去肠杂拭乾，将枣去核每个纳叁苓平胃散填入鸭腹中，麻扎定，以大沙罐置鸭及酒，四围用火慢煨，将酒作二次添入，煮乾为度，然後食之。其枣阴乾，任意去药食用，叁汤送下。或将枣研烂，为丸服亦可。服此药後，随服补髓丹。此方专治虚痨肺萎，嗽血。    补髓丹    雄猪脊髓一条、羊脊髓一条、鳖鱼一个、乌鸡一只，将四样制净，去骨取肉，用酒一大碗，沙锅内煮熟，打烂，再入大山药五条、建莲肉半斤、大枣百个、柿饼十个，将四味修净，用井华水一大碗，於沙锅内煮烂，与前肉合一处，慢火熬之，再下明胶四两、黄蜡五两，上二味，逐渐添下，与前八味和打成膏，和平胃散末、四君子汤末、知母黄柏末各一两，共十两，如乾，入蜜同熬，取起，於青石上以木捶打如泥，为丸，每百丸，不拘时，枣汤下。    此方专治虚痨蠃瘦，能补髓生精，和血顺气。    十灰散    大蓟  小蓟  侧柏  荷叶  茅根  茜根  大黄  栀子  棕皮  丹皮  等分，烧存性，出火毒，研细，用藕汁或莱菔汁磨京墨半碗，调服五钱，即止。此方专治虚痨，心肺损，大吐血，及咯血、唾血不止，宜服此以止之。如不效，用花蕊石散以消之，无不愈。    花蕊石散    花蕊石  蒴必  @童便一杯，煎温，调下三钱或五钱服之，或男用酒一半、女用醋一半与童便和服亦可。    此方专治虚痨吐血，五内崩损，涌出升斗者，宜服此，使瘀血化为黄水，继服独叁汤以补之。    独叁汤    人叁  加枣一二枚，以长流水浓煎服。此方专治虚痨，吐血後蠃弱气微。治五劳六极七伤方十四    大五补丸    心劳   天冬  麦冬  茯神  菖蒲  人叁  杞子  远志  熟地  益智仁  地骨皮    黑元    肝劳   酒当归  鹿茸各一两  乌梅肉为膏丸，酒下五七十丸。    橘皮煎元    脾劳   橘皮五两  甘草三两三钱  当归        苁蓉  吴萸  厚朴  肉桂  巴戟  石斛  附子  牛膝  鹿茸  杜仲  乾姜  阳起石  菟丝子各一两酒一升半。沙锅内入橘皮末熬如饴，再入诸药末搅匀为丸，空心，温酒、盐汤任下五七十丸。人叁黄  散    肺劳   鳖甲钱半  天冬一钱  秦艽  地骨皮  柴胡  生地各七分  桑皮  半夏  知母  紫菀  黄    赤芍  甘草各五分  人叁  茯苓  桔梗各三分    肾气丸    肾劳   熟地八两  山药  山萸  五味子各四两  丹皮  茯苓  泽泻各三两  此乃水泛为痰之圣药，血虚发热之神剂，又能补肝。说肝肾之病，同一治也。    滋补养荣丸    筋极   远志  白芍  黄    当归  山药各二两  陈皮八钱  茯苓七钱  生地五钱  山萸四钱  蜜丸。此方专补肝血，并治虚劳，气血不足，精神短少，脾胃虚弱。     酒煮木瓜粥    又   大木瓜  酒水煮烂，研作膏，热裹转筋处，冷即易，一宿三五度。即差。此方并治脚膝筋急痛。     茸珠丸    骨极   鹿茸  鹿角霜  鹿角胶  熟地  当归各两半  苁蓉  枣仁柏子仁  黄  各七钱  附子  阳起石  朱砂各三钱  酒糊丸。此方专冶肾损，兼补命门阳衰。     补荣汤    血极   当归  白芍  生地  熟地  赤苓  山栀  麦冬  陈皮各一钱  人叁  甘草各五分  枣二 乌梅一     叁苓元    肉极   人叁  菖蒲  远志  赤苓  牛膝  地骨皮各一两  蜜丸，米饮下。     巴戟元    精极   五味子  巴戟   苁蓉  菟丝子  人叁  白术  熟地  骨碎补  茴香  牡蛎  龙骨  覆盆子  益智仁  等分，蜜丸，每三十丸，米汤下，日二服，虚甚八物汤下。此方专治面色白而不泽，悲愁欲哭，脉空虚，是为脱精脱神，宜峻补肝肾，收敛精气，补益元阳。    益气丸    气极   人叁  麦冬各七钱  陈皮  桔梗  炙草各五钱  五味二十一粒  水浸油饼丸，芡子大，每一丸，细嚼津唾咽下。    镇阳丹    七伤总   桑螵  三两  龙骨  茯苓各一两  糊丸，茯苓盐汤下。专治脱精滑泄。    九龙丹    又   金樱子  杞子  山楂  莲子  莲须  熟地  芡实  茯苓  当归等分，酒糊丸。如精滑便浊者，服二三日尿清如水，饮食倍常，行步轻健。治煎厥症方二    加味补阴丸    煎厥   黄柏  知母各四两  牛膝  杜仲  熟地  巴戟  山萸各三两  苁蓉  茯苓  杞子  远志  山药  鹿茸  龟板各二两  蜜丸，盐汤下八九十丸。此方极能补阴虚，泻阴火。    加减补阴丸    又   熟地八两  菟丝子  牛膝各四两  白芍  当归  锁阳  龟板各三两  虎骨  黄柏  山药  杜仲  人叁  黄  各二两  补骨脂  杞子各两半  猪脊髓入蜜和丸，每百丸，盐汤下。治解俴方八    遐龄万寿丹    解俴   茯神  赤石脂  川椒微炒出汗各二两  飞朱砂  乳香灯心同研各一两  用鸡子二个，去清黄，只将朱砂、乳香各装一卵内，纸糊七重，青绢袋盛之，怀於肚上，常令温暖，朱砂怀三十五日，乳香怀四十九日，再出，再研前三药亦为细末，和匀，以蒸枣肉丸，绿豆大，每三十丸，空心温酒下，或人叁汤下，一月外加至四十丸。一名五老还童丹。    神仙既济丹    又   酒炒黄柏四两  酒蒸山药  酒洗牛膝各三两  人叁  姜杜仲  巴戟  五味子  酒洗杞子  茯苓  盐炒茴香  酒苁蓉  酒山萸  甘草水浸远志菖蒲  熟地  酒知母  酒生地  酒菟丝子  麦冬  黑山栀  酒洗甘菊  去白陈皮各一两  蜜和，蒸枣肉丸，空心，温酒、盐汤任下。一方有天冬、酒当归各二两，无甘菊、山栀、陈皮。此方专补诸虚百损，五劳七伤，滋肾水，除心火，益脾土，添精补髓，益气和血，壮筋骨，润肌肤，聪耳明目，开心定智，强阴健阳，延年益寿，性味温而不热，清而不寒，久服则坎离既济，阴阳  和，火不炎而神自清，水不渗而精自固，乃平补之圣药也。    葛花解酲汤    酒伤   葛花  砂仁  蔻仁各五钱  青皮三钱  白术  乾姜  神僸  泽泻各二钱  人叁  茯苓  猪苓  陈皮各钱半  木香五分  共为末，每三钱，白汤下，得微汗则酒病去矣。此说不得已而用之，岂可恃赖日日饮酒，若频服之，损人天年。    加味术附汤    中湿   附子二钱  白术  赤苓  甘草各钱半  姜七  枣二  水煎，日再服，才见身痹，三服後当如冒状，勿怪，说术附并行脾中，逐水气故耳。羌活冲和汤    感冒   羌活  防风  苍术  甘草  川芎  白芷  生地  黄岑细辛  姜  枣  渴加葛根、石膏。    鹿胎丸    房事过多   鹿胎  熟地  菟丝子  杞子  制首乌  金石斛  巴戟  黄    人叁  黄蒿膏丸。本方制法及分量，详在虚痨条内。加味逍遥散    月病   白芍  白术各钱二分  地骨皮  知母  当归各一钱  茯苓  麦冬  生地各八分  山栀  黄柏各五分  桔梗  甘草各三分叁苓元    食俴   方详上。治二阳病方四逍遥散    不月   白术  白芍  茯苓  柴胡  当归  麦冬各一钱  甘草  茯苓各五分  姜三片加味逍遥散    又   白术  白芍各钱二分  知母  当归  地骨皮各一钱  茯苓  麦冬  生地各八分  山栀  黄柏  各五分  桔梗  甘草各三分    菟丝子丸    精少   菟丝子  山药  莲肉  茯苓  杞子    鹿胎丸    又   菟丝子  杞子  鹿胎  熟地  首乌  石斛  巴戟  人叁  黄    黄蒿膏丸。本方制法及及分量，详在虚痨条内。1,证型,"[""老年后""]",,肝肾阴虚证,,"[""原发性-老年型""]",,"[""骨痛"", ""活动受限"", ""身高变矮"", ""驼背""]",,"[""中药内服""]",,"[{""name"": ""茸珠丸"", ""type"": ""方剂"", ""note"": ""原文标注“骨极”，用于肾损、补命门、益筋骨""}]",0.4,茸珠丸……骨极……专冶肾损，兼补命门阳衰,True,False,,"[{""classical_span"": ""骨极"", ""why_supports"": ""属骨之极虚范畴，提示骨弱、骨病，与骨质疏松语义部分相符""}]",1,"[""条目原始Books/Title为空，核心信息依赖参考上下文"", ""存在“痨”类虚劳病排除提示，可能并非单纯骨病"", ""未明确记载骨折或脆性骨折等关键特征""]",87348488c2981e6ab7bfcb37551c8876,['茸珠丸'],清,"['活动受限', '身高变矮', '驼背', '骨痛']"
ok,3315,2026-02-04 18:51:57,济阳纲目,1565.0,骨虚,卷六八：延年 服食方,鹿角错为屑，白蜜五升，淹之。熬令小变，曝干，更捣筛服之，令人轻身益气，强骨髓，补绝伤。一方，治骨虚劳极，面肿垢黑，脊痛不能久立，血气衰惫，发落齿枯，甚则喜唾，用鹿角二两，牛膝酒浸焙一两半，为末，炼蜜丸如桐子大，每服五十丸，空心盐酒下。,方药,[],,肾虚血瘀证,原文仅述“骨虚劳极、强骨髓”，未明确归属固定证型,[],,"[""腰背痛"", ""骨痛"", ""活动受限""]",,"[""中药内服""]",,"[{""name"": ""鹿角"", ""type"": ""单味药"", ""note"": ""为屑或入丸，主强骨髓、治骨虚劳""}, {""name"": ""牛膝"", ""type"": ""单味药"", ""note"": ""酒浸焙用，配鹿角治骨虚劳""}, {""name"": ""白蜜"", ""type"": ""其他"", ""note"": ""炼蜜为丸或淹熬服用""}]",0.7,治骨虚劳极…脊痛不能久立…强骨髓,True,True,,"[{""classical_span"": ""治骨虚劳极"", ""why_supports"": ""直接指向骨虚损的慢性状态""}, {""classical_span"": ""脊痛不能久立"", ""why_supports"": ""符合骨量不足相关疼痛与功能障碍""}, {""classical_span"": ""强骨髓"", ""why_supports"": ""明确以增强骨髓、骨强度为治则""}]",3,"[""未明确患者年龄与人群，难以对应具体现代表型"", ""未给出固定方名，药物组合需谨慎解释"", ""证型未明，若强行对应可能构成过度映射""]",9ab6c7cd4c3345e11b1a5cacd763e1d0,"['牛膝', '白蜜', '鹿角']",明,"['活动受限', '腰背痛', '骨痛']"
ok,3549,2026-02-04 19:01:42,济阳纲目,1565.0,骨极,卷六四：虚损 治左肾真阴不足方,吴氏曰：肾主骨，骨极者，骨内空虚之极也。以骨治骨，求其类也。以虎骨治骨，取其壮也。酿之以酒，取酒性善渍，直彻于骨也。,方药,[],,肝肾阴虚证,,[],,[],,"[""中药内服""]",,"[{""name"": ""虎骨"", ""type"": ""单味药"", ""note"": ""以骨治骨，取其壮；酿酒以渍，直彻于骨""}]",1.0,肾主骨，骨极者，骨内空虚之极也。,True,True,,"[{""classical_span"": ""骨极者，骨内空虚之极也"", ""why_supports"": ""直接描述骨内空虚、骨质衰极，语义高度对应骨量减少""}, {""classical_span"": ""肾主骨"", ""why_supports"": ""以肾虚论骨病，为慢性骨弱类疾病理论基础""}]",1,"[""未限定具体人群或年龄，难以精确对应现代表型"", ""未直接记载骨折或身高变矮等现代特征"", ""治疗以虎骨酒为例，难以区分针对骨质疏松或其他骨病""]",b95ac937605a766576384ca80963abdc,['虎骨'],明,[]
ok,3551,2026-02-04 19:01:51,济阳纲目,1565.0,骨极,卷六五：劳瘵 治六极方,虎骨酒　骨极者，腰脊痠削，齿痛，手足烦疼，不欲行动，此方主之。,方药,[],,肾虚血瘀证,原文仅述“骨极者”及症状，未明确归属肾阳虚、肝肾阴虚等既定证型,[],,"[""腰背痛"", ""骨痛"", ""活动受限""]",,"[""中药内服""]",,"[{""name"": ""虎骨酒"", ""type"": ""方剂"", ""note"": ""主治骨极所致腰脊痠削、疼痛、不欲行动""}]",0.4,骨极者，腰脊痠削，齿痛，手足烦疼，不欲行动，此方主之。,True,True,,"[{""classical_span"": ""骨极者，腰脊痠削"", ""why_supports"": ""描述慢性腰脊酸削与骨病范畴，符合骨量不足相关表现""}, {""classical_span"": ""不欲行动"", ""why_supports"": ""提示功能受限，符合慢性骨病活动受限特征""}]",1,"[""未明确出现脆性骨折或骨折反复，可能为其他慢性骨病"", ""未给出患者年龄与性别，无法对应具体现代表型"", ""证型未明，若强行对应具体肾虚证属过度推断""]",0b4114e9c860555d79a5d8acaef54279,['虎骨酒'],明,"['活动受限', '腰背痛', '骨痛']"
ok,3550,2026-02-04 19:01:52,济阳纲目,1565.0,骨极,卷六五：劳瘵 论,医说云：五劳者，动作劳伤于五脏，五脏之气因伤成病，故谓之五劳。肺劳之状，短气而面肿，不闻香臭。肝劳之状，面目干黑，口苦，精神不守，恐畏不能独卧，目视不明。心劳之状，忽忽喜忘，大便难，或时溏利，口内生疮。脾劳之状，舌根苦直，不得咽唾。肾劳之状，背难俯仰，小便不利，黄赤而有余沥，囊湿生疮，小腹里急。治法，肝劳补心气，心劳补脾气，脾劳补肺气，肺劳补肾气，肾劳补肝气，此疗子以益母也。经曰：圣人春夏养阳，秋冬养阴，以补其根本。肝心为阳，脾肺肾为阴。夫五脏实亦成劳。虚则补之，实则泻之。又曰：六极者，筋极主肝，脉极主心，肉极主脾，气极主肺，骨极主肾，精极主脏腑。筋极之状，令人数转筋，十指手甲皆痛，苦倦不能久立。脉极之状，忽忽喜忘，少颜色，眉发堕落。肉极之状，饮食无味，不生肌肉，皮肤枯槁。气极之状，正气少，邪气多，气不足，多喘少言。骨极之状，腰脊痠削，齿痛，手足烦痛，不欲行动。精极之状，肉虚少气，喜忘，鬓衰落。然谓之极者，病重于劳也，治法与治劳同。又曰：七伤者，一曰大怒逆行伤肝，二曰忧愁思虑伤心，三曰饮食太饱伤脾，四曰形寒饮冷伤肺，五曰久坐湿地伤肾，六曰风雨寒湿伤形，七曰大怒恐惧伤志。肝伤则少血目暗，心伤则苦惊喜忘，脾伤则面黄善卧，肺伤则短气咳嗽，肾伤则短气腰痛、厥逆下冷，形伤则皮肤枯槁，志伤则恍惚不乐。治法与五劳六极同。又曰：冷劳之人，气血枯槁，表里俱虚，阴阳不和，精气散失，则内生寒冷也。皆因脏腑久虚，积冷之气，遂令宿食不消，心腹积聚，脐腹痛疼，面色痿黄，口舌生疮，大肠泄痢，手足无力，骨节痠疼，久而不痊，转加羸瘦，故曰冷劳。又曰：劳，动作也。郭逢源曰：凡人暂尔疲倦，通谓之劳。而今人以劳为恶疾而恶闻之，亲戚朋友，共为隐讳，见其疾状，莫敢呼之。殊不知劳之为病，初起于动作不能节谨。至于疲倦且伤不已，渐成大疾。凡言虚劳者，五劳是也。六极七伤为类，盖蒙庄所谓精太用则竭，神太劳则弊者是也。治法不过补养五脏，滋益气血，使之强盛，则其疾自去。又曰：凡虚劳之疾，皆缘情欲过度，荣卫劳伤，致百脉空虚，五脏衰损，邪气乘袭，致生百疾。圣人必假药石以资气血，密腠理以御诸邪。肌肉之虚，犹如物体之轻，虚如马勃、通草、蒲梢、灯心之属是也，非滋润粘腻之物以养之，不能实也。故前古方中，鹿角胶、阿胶、牛乳、鹿髓、羊肉、饴糖、酥酪、杏仁煎酒蜜、人参、当归、地黄、麦冬之类者，盖出此意。本草云：补虚去弱，羊肉、人参之属是也。所谓虚劳者，因劳役过甚而致虚损，故谓之虚劳。今人才见虚弱疾证，悉用燥热之药，如伏火金石附子姜桂之类，致五脏焦枯，血色干涸，而致危困，皆因此也。如虚而兼冷者，止可于诸虚劳方中加诸温热药为助可也。如此，即不失古人之意。又曰：养生必用方论虚劳不得用凉药，如柴胡、鳖甲、青蒿、麦冬之类，皆不用服，惟服黄芪建中汤。有十余岁女子，因发热咳嗽，喘急，小便少，后来成肿疾，用利水药得愈。然虚羸之甚，遂用黄芪建中汤，日一服，三十余日遂愈。盖人禀受不同。虚劳，小便白浊，阴脏人，服橘皮煎、黄芪建中汤，获愈者甚众。至于阳脏人，不可用暖药，虽建中汤不甚热，然有肉桂，服之稍多，亦反致害。要之，用药亦量其所禀，审其冷热，而不可一概以建中汤治虚劳也，谨之。又曰：气虚则发厥，血虚则发热。厥者，手足冷也。气属阳，阳虚则阴凑之，故发厥。血者，阴也，血虚则阳凑之，故发热也。气虚发厥者，当用温药。血虚发热者，不宜用凉药，当用温养气血之药以补之，宜养阴，黄芪建中汤之类是也。又有一种病实热者，极而手足厥冷，所谓热深厥亦深，此当用凉药，须以脉别之也。此最难辨，差之毫厘，则害人性命，戒之。,症状,[],,肝肾阴虚证,,[],,"[""腰背痛"", ""骨痛"", ""活动受限""]",,"[""中药内服""]",,"[{""name"": ""黄芪建中汤"", ""type"": ""方剂"", ""note"": ""用于虚劳、气血不足之补养""}, {""name"": ""鹿角胶"", ""type"": ""单味药"", ""note"": ""补虚滋养，见于虚劳用药举例""}, {""name"": ""阿胶"", ""type"": ""单味药"", ""note"": ""补血滋阴，用于虚劳调养""}]",0.4,骨极之状，腰脊痠削，齿痛，手足烦痛，不欲行动。,True,True,愈,"[{""classical_span"": ""骨极之状，腰脊痠削"", ""why_supports"": ""描述腰脊痠削、骨痛及活动受限，符合骨量不足相关表现""}]",1,"[""文本未出现明确骨折或骨疏病名，相关性有限"", ""症候可能归属于虚劳或其他慢性病，并非特指骨病"", ""缺乏明确人群与现代分型信息，映射存在不确定性""]",af7d7473d7f2f4b907a756c97b13653a,"['阿胶', '鹿角胶', '黄芪建中汤']",明,"['活动受限', '腰背痛', '骨痛']"
ok,3548,2026-02-04 19:01:56,济阳纲目,1565.0,骨极,卷六四：虚损 治左肾真阴不足方,虎骨酒　治骨极，腰脊痠削，齿痛，手足烦疼，不欲行动，此方主之。,方药,[],,肾虚血瘀证,正文仅载“治骨极，腰脊痠削”等，未直接标明证型；章节名提“左肾真阴不足”仅为篇章信息，未在条文中展开。,[],,"[""腰背痛"", ""骨痛"", ""活动受限""]",,"[""中药内服""]",,"[{""name"": ""虎骨酒"", ""type"": ""方剂"", ""note"": ""原文所载主方，用于“治骨极”""}]",0.7,虎骨酒　治骨极，腰脊痠削，齿痛，手足烦疼，不欲行动，此方主之。,True,True,,"[{""classical_span"": ""治骨极"", ""why_supports"": ""“骨极”为古籍中指向严重骨病/骨弱的重要术语，与骨质疏松高度相关。""}, {""classical_span"": ""腰脊痠削"", ""why_supports"": ""符合现代骨质疏松常见的慢性腰背痛表现。""}]",4,"[""条文未明确记载患者年龄、性别与人群特征，无法对应具体现代表型。"", ""未出现骨折、身高变矮等更强指向性证据，相关性仍需保守评估。"", ""证型仅见章节提示，正文未明述，若强行判定具体证型可能构成臆断。""]",99cc7d0be023c1123384b2746eec7bed,['虎骨酒'],明,"['活动受限', '腰背痛', '骨痛']"
ok,3552,2026-02-04 19:02:08,济阳纲目,1565.0,骨极,卷六五：劳瘵 治六极方,荫按：肾主骨，骨极者，骨肉空虚之极也，故令腰脊痠削。齿者，骨之余，故齿亦痛。手足烦疼，不欲行动，皆骨内空虚之徵也。以骨治骨，求其类也。以虎骨者，取其壮也。酿之以酒者，酒性善渍，直澈于骨也。褚澄云：男子天癸未至而御女，则四肢有未满之处，异日必有难状之疾，其骨极之类乎。,病名,[],,肾虚血瘀证,文中以“骨极、骨内空虚”为核心病机，未明确归入肾阴/肾阳等既定证型。,[],,"[""腰背痛"", ""骨痛"", ""活动受限""]",,"[""中药内服""]",,"[{""name"": ""虎骨酒"", ""type"": ""其他"", ""note"": ""以虎骨酿酒，取其壮骨之性，直澈于骨""}]",1.0,肾主骨，骨极者，骨肉空虚之极也，故令腰脊痠削。,True,True,,"[{""classical_span"": ""骨极者，骨肉空虚之极也"", ""why_supports"": ""直接描述骨之空虚衰败，符合骨量不足的核心概念""}, {""classical_span"": ""令腰脊痠削"", ""why_supports"": ""对应慢性腰背痛，为骨质疏松常见表现""}, {""classical_span"": ""皆骨内空虚之徵也"", ""why_supports"": ""再次强调骨内空虚的病理状态""}]",3,"[""若将骨极强行对应具体现代分型，可能超出原文证据"", ""文本未出现骨折记载，过度推断脆性骨折风险不当"", ""证型归类不明，误判为常见肾虚证可能失真""]",4bf08959fed5fa9a3e04abadfb6ca433,['虎骨酒'],明,"['活动受限', '腰背痛', '骨痛']"
ok,4366,2026-02-04 19:32:50,济阳纲目,1565.0,骨痹,卷二四：痰饮 论,又曰：痰之为病，方论少有细述之者。近惟三因略言，亦无加减法。夫痰之源不一，有因痰而生热者，有因热而生痰者，有因气而生者，有因风而生者，有因惊而生者，有积饮而生者，有多食而生者，有因暑而生者，有伤冷物而成者，有脾虚而成者，有饮酒而成者。其为病也，惊痰则成心包痛、癫疾。热痰则生烦躁头风，烂眼燥结，怔忡懊憹，惊眩。风痰成瘫痪，大风眩晕，暗风闷乱。饮痰成胁痛，四肢不举，每日呕吐。食痰成疟痢，口出臭气。暑痰中暑眩冒，黄疸头痛。冷痰骨痹，四肢不举，气刺痛。酒痰饮酒不消，但得酒，次日又吐，脾虚生痰，食不美，反胃呕吐。气痰攻注，走刺不定。妇人于惊痰最多，盖因产育交接，月事方行，其惊因乘而入，结成块者，为惊痰。必有一块在腹，发则如身孕，转动跳跃，痛不可忍。凡人手臂或动不得，或骨节遍身痛，坐卧不安。此痰入骨也。有人脚气久不治，骨节痛，与脚气药不效，此痰病也。凡伤寒病后呕吐，药不得入，亦因初病，胸中有痰涎也。或因下之太早，而遂议其非痰，未为确论。伤寒发黄，亦是痰病，盖因热搏而成。凡大便秘者，亦是痰结。凡有痰者，眼皮及眼下必有烟灰黑色，举目便知，不待切脉。眼黑而颊赤者，热痰也。面大黄色，亦热痰也。外证必烦满膈热，口干思冷，大便秘结，小便赤热，久必生风或眩晕。耳鸣眼花多虚证，治之而用热药，服久必脉大实，发大热而中风，可急下之。眼黑而行步呻吟，举动艰难者，入骨痰也。其证遍体骨节疼痛。眼黑而面带土色，四肢痿痹，屈伸不便者，风湿痰也。眼黑而气短促者，惊风痰也。左右关脉大者，膈中有痰也，可吐之。怕吐者，消息下之。凡人每日背上一条如线而寒起者，宜吐下之。凡人百药不效，其关上脉伏而大者，痰也，用妙应丸加减法（妙应丸即控涎丹）。,病名,[],,其它-风寒湿痹证,痰证（痰湿阻络，入骨成痹），依据“冷痰骨痹”“此痰入骨也”,[],,"[""骨痛"", ""活动受限""]",,"[""中药内服""]",,"[{""name"": ""妙应丸（控涎丹）"", ""type"": ""方剂"", ""note"": ""用于痰病，文中称“用妙应丸加减法（妙应丸即控涎丹）”""}]",0.2,冷痰骨痹，四肢不举，气刺痛……此痰入骨也。其证遍体骨节疼痛。,True,False,,"[{""classical_span"": ""冷痰骨痹"", ""why_supports"": ""出现“骨痹”病名，涉及骨部病变但未指向骨弱或易折""}, {""classical_span"": ""此痰入骨也"", ""why_supports"": ""明确病机为痰入骨，提示骨部疼痛性疾病""}, {""classical_span"": ""遍体骨节疼痛"", ""why_supports"": ""符合骨痛、活动受限表现，但缺乏骨量减少证据""}]",1,"[""仅有骨节疼痛与骨痹描述，缺乏骨弱、易折等核心证据"", ""病机以痰饮、风湿为主，可能属于痹证而非骨质疏松"", ""未见年龄相关或绝经后等现代骨质疏松关键信息""]",1a3cf49778552ccb52f67d6dcd94ff4f,['妙应丸'],明,"['活动受限', '骨痛']"
ok,4611,2026-02-04 19:42:33,济阳纲目,1565.0,骨蚀,卷百七：牙齿 论,李氏曰：牙齿骨属肾之标也，精完则齿坚，肾衰则齿豁，虚热则齿动。足阳明胃络脉，入齿上缝，止而不动，喜寒饮而恶热饮。手阳明大肠络脉，入齿下缝，动而不休，喜热饮而恶寒饮。多因饮食色欲过度，以致湿热上攻，口涌酸水，则牙床不清，而为肿为痛，或出血，或生虫，动摇黑烂脱落。大抵齿龈宣露动摇者，肾元虚也，宜滋阴补肾，八味丸、三味安肾丸、虎潜丸。恶寒热而口臭者，肠胃热也，宜凉药泻火，祛风清胃散。若风牙，因肠胃原有风邪，更袭外风，入齿作痛，故开口吸风则痛甚，独活散、消风散。风热，因外感与内热相搏，齿龈肿痛，加之脓汁臭者，犀角升麻汤，或用石膏一两火煅酒淬，防风、荆芥、细辛、白芷各五分，为末，随时水煎一二服，甚效。风冷入于齿龈，不肿不蛀，日渐动摇者，温风散。热牙，因肠胃积热，开口臭秽难近者，败毒散加荆、防、升麻、石膏，或调胃承气汤，蜜丸服。如肠胃素积湿热，偶被风寒凉饮，郁于齿间作痛者，当归龙胆散。虚热攻冲，龈肉肿痛，口舌生疮，宜柴胡、地骨皮等分，薄荷减半，水煎热漱，令唾，或服之亦好。历年齿痛，黑烂脱落，必口吸凉稍止者，乃膏粱湿热之火也，调胃承气汤加黄连下之，或用升麻、白芷、防风、荆芥、薄荷、桔梗、甘草等分，水煎服。寒气犯脑及风邪凑袭，脑项筋痛，动摇肉脱者，白芷汤、羌活黑附汤。痰热毒气攻注齿痛者，外证咳唾，二陈汤，加细辛、枳壳、姜、枣、乌梅，仍以姜黄、荜拨等分，煎汤候温，以舌浸内，涎自流出。瘀血，因风热上攻头面搏血，令齿间血瘀不消，钻刺掣痛，甘露饮加升麻，或犀角地黄汤。凡饮食不能清淡，齿臭腐之气，淹渍日久，兼之风热上攻，齿龈有孔生虫，蚀一齿尽，又度其余，至如疳（匿／虫），皆其肿类，必杀虫而后痛止，神功丸取牙虫。牙缝流血，风热者，消风散加芒硝，内服外擦；肾虚炎者，四物汤加升麻，或牡丹皮、知母、黄柏；阴虚气郁者，四物汤加香附、侧柏叶、牛膝，外敷绿袍散，或香盐散常擦。变骨蚀风，出血骨露者，玉池散。疳（匿／虫）出血多者，用生竹茹二两，醋煮含之。若牙痛本因湿热，标被风冷所郁，故内服辛凉以治其本，外宜辛温以治其标，通用擦牙方、谢传笑去散、肾虚胃热方、风虫牙疼方、延平方、劫痛方、乌须固齿方、消齿壅法、取牙不犯手方。凡遇日月蚀未平时，勿进饮食，误食多患齿疾。养生家晨兴叩齿，永无齿疾，此预养法也。每食后晨兴，净水漱之更妙。,其他,[],,肝肾阴虚证,,[],,"[""其他""]",牙齿动摇、骨蚀、齿豁，属骨质退变在口齿的表现,"[""中药内服"", ""中药外用""]",,"[{""name"": ""八味丸"", ""type"": ""方剂"", ""note"": ""用于肾元虚、齿龈宣露动摇""}, {""name"": ""三味安肾丸"", ""type"": ""方剂"", ""note"": ""安肾以固齿""}, {""name"": ""虎潜丸"", ""type"": ""方剂"", ""note"": ""滋阴补肾、治齿动摇""}, {""name"": ""玉池散"", ""type"": ""方剂"", ""note"": ""变骨蚀风、出血骨露""}]",0.2,牙齿骨属肾之标也，精完则齿坚，肾衰则齿豁,True,True,,"[{""classical_span"": ""牙齿骨属肾之标"", ""why_supports"": ""以牙齿为骨之表现，联系骨质盛衰""}, {""classical_span"": ""肾衰则齿豁"", ""why_supports"": ""肾虚致骨弱的典型中医表述""}, {""classical_span"": ""变骨蚀风"", ""why_supports"": ""出现骨蚀概念，提示骨质破坏""}]",1,"[""文本主要论牙病，未直接论及全身骨折或腰背痛"", ""无现代意义上的脆性骨折描述"", ""证型与现代表型映射证据较弱""]",f6c478316eaad5d0f601b58df15eff24,"['三味安肾丸', '八味丸', '玉池散', '虎潜丸']",明,['其他']
ok,1678,2026-02-04 17:46:22,江氏伤科学,1840.0,骨折,受伤治法,凡肩脏骨折，必先使骨平正，用十八号贴膏，以油纸扎好，内服六号接骨丹。,治法,[],,血瘀气滞证,原文仅述外伤骨折处理，未提及任何内在证型辨证,[],,[],,"[""中药内服"", ""中药外用""]",,"[{""name"": ""十八号贴膏"", ""type"": ""外治"", ""note"": ""用于骨折局部外敷固定""}, {""name"": ""六号接骨丹"", ""type"": ""方剂"", ""note"": ""内服以促接骨""}]",0.2,,True,False,,"[{""classical_span"": ""凡肩脏骨折，必先使骨平正"", ""why_supports"": ""明确为外伤性骨折处理，未涉及骨弱或脆性骨折背景""}]",1,"[""文本为急性外伤骨折治法，非慢性骨病"", ""未出现骨痿、骨弱、易折等指向骨质疏松的描述"", ""缺乏人群年龄或反复骨折等关键信息""]",95d8c2ac1cf3b574ac83059b37093554,"['六号接骨丹', '十八号贴膏']",清,[]
ok,1683,2026-02-04 17:46:25,绛雪园古方选注,1673.0,骨折,卷十五,用路上墙脚下往来人便溺处久浸乌碎瓦一块洗洁火煅米醋淬五次黄色为度刀刮细末研之无声每服三钱好酒送下治骨折筋断神效,外治法,[],,删除,,[],,"[""骨折""]",,"[""中药内服""]",,"[{""name"": ""乌碎瓦（煅醋淬）"", ""type"": ""外治"", ""note"": ""久浸便溺处之瓦，火煅米醋淬五次，刮末研细，酒送内服""}]",0.2,,True,False,不详,"[{""classical_span"": ""治骨折筋断神效"", ""why_supports"": ""明确针对外伤性骨折与筋断，并非描述骨弱或脆性反复骨折""}]",1,"[""文本仅述急性外伤性骨折治疗，未见骨痿或骨弱证据"", ""无患者年龄、久病或反复骨折等背景，难以指向骨质疏松"", ""证型与人群信息缺失，无法进行可靠古今病机映射""]",54590bad605aaea599712f78cfa70960,['乌碎瓦'],清,['骨折']
ok,2294,2026-02-04 18:09:39,绛雪园古方选注,1673.0,骨空,卷七,新沐中风则为首风沐濯发也经言头面多汗恶风当先风一日头痛不可以出内至其风日少愈出内者出户内也至其日正气上行于头而有少愈之时也今妇女多有之风入于头伤其骨空即入于营与风伤卫者有异当从肝虚内风上淫为治故用大川芎丸东垣曰肝虚头痛宜用天麻芎藭以补之河间以茶酒调散为秘方石膏味辛气轻治阳明自汗头痛香附生则气升能解血郁头痛甘菊治厥阴头痛细辛治少阴头痛茶酒调服用以升降也,病名,"[""情志异常""]",,肝肾阴虚证,肝虚内风上淫为治，原文言“当从肝虚内风上淫为治”,[],,"[""骨痛"", ""活动受限""]",原文以头痛、骨空受伤为核心，并非典型腰背症状,"[""中药内服""]",,"[{""name"": ""大川芎丸"", ""type"": ""方剂"", ""note"": ""治疗肝虚头痛""}, {""name"": ""天麻"", ""type"": ""单味药"", ""note"": ""补肝虚止头痛""}, {""name"": ""川芎"", ""type"": ""单味药"", ""note"": ""治肝虚头痛""}, {""name"": ""石膏"", ""type"": ""单味药"", ""note"": ""治阳明自汗头痛""}, {""name"": ""香附"", ""type"": ""单味药"", ""note"": ""解血郁头痛""}, {""name"": ""甘菊"", ""type"": ""单味药"", ""note"": ""治厥阴头痛""}, {""name"": ""细辛"", ""type"": ""单味药"", ""note"": ""治少阴头痛""}, {""name"": ""茶酒"", ""type"": ""其他"", ""note"": ""调服以升降""}]",1.0,风入于头伤其骨空,True,True,,"[{""classical_span"": ""伤其骨空"", ""why_supports"": ""明确出现“骨空”这一与骨质疏松高度相关的古籍病理名词""}]",1,"[""骨空仅用于头部病机，未必指全身骨质减损"", ""缺乏腰背痛、骨折等现代骨质疏松核心表现"", ""治疗聚焦头痛风证，非典型骨病治疗""]",2c8466fe2fd11de1a025c889adeecead,"['大川芎丸', '天麻', '川芎', '甘菊', '石膏', '细辛', '茶酒', '香附']",清,"['活动受限', '骨痛']"
ok,2295,2026-02-04 18:09:46,绛雪园古方选注,1673.0,骨空,卷八,干寜记云鹿与游龙相戏必生异角故得称龙鹿有文故称斑用其角为方故名斑龙鹿卧则口朝尾闾故为奇经督脉之方凡入房竭精耗散其眞形神俱去虽温之以气补之以味不能复也故以有情之品专走督脉复以少阴太阳之药治其合乃能搬运精髓塡于骨空大会于督脉之会而髓海充盈鹿角霜通督脉之气也鹿角胶温督脉之血也菟丝骨脂温肾中之气也熟地柏仁补肾中之精也柏仁属木性润骨脂属火性燥非但有木火相生之妙而柏仁通心骨脂通肾并有水火既济之功使以茯苓性上行而功下降用以接引诸药归就少阴太阳逹于督脉上潮髓海而成搬运之功昔蜀中有道士酣歌酒肆曰尾闾不禁沧海竭九转灵丹都漫说惟有斑龙顶上珠能补玉堂关下穴澹寮方用鹿茸为君者余药亦不同此茸珠丹非斑龙丸也今从青囊之方,方药,[],,删除,,[],,[],,"[""中药内服""]",,"[{""name"": ""鹿角霜"", ""type"": ""单味药"", ""note"": ""通督脉之气""}, {""name"": ""鹿角胶"", ""type"": ""单味药"", ""note"": ""温督脉之血""}, {""name"": ""菟丝子"", ""type"": ""单味药"", ""note"": ""温肾中之气""}, {""name"": ""骨脂"", ""type"": ""单味药"", ""note"": ""温肾中之气""}, {""name"": ""熟地"", ""type"": ""单味药"", ""note"": ""补肾中之精""}, {""name"": ""柏仁"", ""type"": ""单味药"", ""note"": ""补肾中之精""}, {""name"": ""茯苓"", ""type"": ""单味药"", ""note"": ""接引诸药归少阴太阳""}, {""name"": ""鹿茸"", ""type"": ""单味药"", ""note"": ""他方用为君，本段提及但非斑龙丸""}]",1.0,塡于骨空大会于督脉之会而髓海充盈,True,True,,"[{""classical_span"": ""塡于骨空"", ""why_supports"": ""出现“骨空”为古籍中高度指向骨量不足、骨质虚损的病理表述""}]",1,"[""文本未明确记载现代症状却被强行对应具体表型"", ""将药理作用泛化为未在原文出现的证型判断"", ""超出原文推断具体人群或疗效结论""]",acd1b54f07f6f06da4d4dcf524c8366f,"['柏仁', '熟地', '茯苓', '菟丝子', '骨脂', '鹿茸', '鹿角胶', '鹿角霜']",清,[]
ok,265,2026-02-04 16:50:57,脚气钩要,1861.0,骨痿,卷上 并病,●起废汤（家方）　脚气日久，腰脚瘦削，或挛急，或麻痹，或骨痿嚲曳，一切虚羸，用之滋养。,方药,[],,脾胃虚弱证,,[],,"[""活动受限"", ""乏力""]",,"[""中药内服""]",,"[{""name"": ""起废汤"", ""type"": ""方剂"", ""note"": ""用于脚气日久、骨痿嚲曳、一切虚羸之滋养""}]",1.0,脚气日久，腰脚瘦削，或挛急，或麻痹，或骨痿嚲曳，一切虚羸，用之滋养。,True,True,,"[{""classical_span"": ""或骨痿嚲曳"", ""why_supports"": ""直接出现“骨痿”病名，属古籍中与骨量衰减、骨弱高度相关范畴""}]",1,"[""若将脚气本身等同为骨质疏松，可能存在病因混淆"", ""若未见骨痿而强行映射为骨质疏松则证据不足"", ""若推断具体现代分型而原文未涉及则属臆造""]",c754fa777e36227434e1ac3c12162c86,['起废汤'],清,"['乏力', '活动受限']"
ok,1946,2026-02-04 17:56:13,金匮方歌括白话解,2006.0,骨折,卷二 疟病方,日本学者福田佳弘以17例70～90岁的患者为治疗对象，其中尿频9例，尿失禁8例，均有尿急感。骨科疾病中，因骨质疏松造成腰椎压迫骨折7例、腰椎椎间盘变性症9例、腰椎变性滑脱症1例。天雄散以乌头0.1g，白术0.26g，肉桂0.2g，龙骨0.1g做麻子大丸，1日3次，每次饭后4丸。结果：排尿次数减少，尿急、尿失禁显著改善，尿失禁次数减少，可以控制排尿。显效4例，有效7例，进步3例，无效3例。［崔昕摘译. 天雄散治疗老年人尿频、尿急. 国外医学·中医中药分册，1996，18（2）：26-27］,方药,"[""老年后""]",,删除,,"[""原发性-老年型""]",,"[""骨折""]",,"[""中药内服""]",,"[{""name"": ""天雄散"", ""type"": ""方剂"", ""note"": ""用于老年患者，文中给出具体组成与剂量""}, {""name"": ""乌头"", ""type"": ""单味药"", ""note"": ""天雄散组成之一""}, {""name"": ""白术"", ""type"": ""单味药"", ""note"": ""天雄散组成之一""}, {""name"": ""肉桂"", ""type"": ""单味药"", ""note"": ""天雄散组成之一""}, {""name"": ""龙骨"", ""type"": ""单味药"", ""note"": ""天雄散组成之一""}]",1.0,骨科疾病中，因骨质疏松造成腰椎压迫骨折7例,True,True,显效/有效/进步/无效,"[{""classical_span"": ""因骨质疏松造成腰椎压迫骨折"", ""why_supports"": ""明确指出骨质疏松导致的脆性骨折，与现代骨质疏松定义高度一致""}]",1,"[""若将尿频疗效直接等同为骨质疏松治疗属过度推断"", ""若缺失原文明确提及骨质疏松仍强行映射将证据不足"", ""若臆造中医证型而非基于文本将不合规""]",b7e09b1466a321ee0a9998f2fe3b6e12,"['乌头', '天雄散', '白术', '肉桂', '龙骨']",近现代,['骨折']
ok,245,2026-02-04 16:50:10,金匮要略广注,1679.0,骨痿,卷上 中风历节病脉证治第五,此历节病之伤饮食滋味而致者也。《经》云：味过于酸，肝气以津（津津然液泄之意），味过于咸，大骨气劳。盖肝合筋，肾合骨，此筋伤则缓，骨伤则痿者，即《难经》所谓筋缓不能收持，骨痿不能起于床者是也。泄者，津液漏泄之意。今人食酸味则口流涎而额与鼻上汗出，此其证也。肾藏精而主骨，咸味走血下泄，故肾虚精竭骨失所养而枯也。《经》云：荣行脉中，卫行脉外。又云：阴在内阳之守也，阳在外阴之使也。今荣气不通，故卫气亦虚，不能独行也。三焦主气，无所御者，气不能主持也。四属，皮肉脂髓也（时解作四肢者非。）身体羸瘦，正荣卫俱微处。肝肾主下部，独足肿大，胫冷者，肝肾俱虚，其气已绝于下也。《内经》云：脾胃者，仓廪之官，五味出焉。黄汗出者，脾胃湿热外注，以味伤则脾胃困也。发热者，正气虚而邪气胜也，故为历节。不可屈伸疼痛，乌头汤养正逐邪。,病名,[],,肾阳虚证,,[],,"[""活动受限""]",原文述“骨痿不能起于床”，体现起立、活动受限,"[""中药内服""]",,"[{""name"": ""乌头汤"", ""type"": ""方剂"", ""note"": ""用于历节病，不可屈伸疼痛，养正逐邪""}]",1.0,筋缓不能收持，骨痿不能起于床,True,True,,"[{""classical_span"": ""骨痿不能起于床"", ""why_supports"": ""直接出现“骨痿”，为古籍中与骨弱、骨萎相关的高度指向性表述""}, {""classical_span"": ""肾藏精而主骨"", ""why_supports"": ""明确骨病病机归属于肾虚，与现代骨质疏松病理基础相通""}]",1,"[""文本以历节病为主，骨痿可能为并见而非主病"", ""未出现年龄、骨折等现代骨质疏松关键流行病学信息"", ""症状多为经络痹阻表现，可能对应其他骨关节疾病""]",4656bcb8d184a2110afa57bb8b3bf0aa,['乌头汤'],清,['活动受限']
ok,3055,2026-02-04 18:40:49,金匮要略直解,1695.0,骨痿,中风历节病脉证并治第五 桂枝芍药知母汤方,《内经》曰：酸伤筋，咸伤骨。故味过于酸，肝气以津，津则筋缓，缓则肝气泄。味过于咸，大骨气劳，劳则骨痿，痿则肾脏枯，枯而又泄。肝肾并伤，名曰“断泄”也。荣行脉中，卫行脉外。荣气不通，则卫气亦因之不行。不行则荣卫虚微，而真元之气不能通会于三焦，三焦则无所统御，四肢亦断绝也。既已荣卫虚微，肝肾并伤，则脾胃亦从而病。以脾主身之肌肉，故身体羸瘦。胃脉在足，故足独肿大也。脾胃虚，则风湿外袭。薄于皮肤，则为黄汗。注于下焦，则为胫冷。流于关节，则发热历节痛也。历节则使人屈伸不利而疼痛，与乌头汤，强筋骨而去风湿。,病名,[],,肾阳虚证,,[],,"[""骨痛"", ""活动受限""]",,"[""中药内服""]",,"[{""name"": ""乌头汤"", ""type"": ""方剂"", ""note"": ""原文称“强筋骨而去风湿”，用于历节痛、筋骨不利""}, {""name"": ""桂枝芍药知母汤"", ""type"": ""方剂"", ""note"": ""章节标题所示方名，用于中风历节病""}]",1.0,味过于咸，大骨气劳，劳则骨痿，痿则肾脏枯,True,True,,"[{""classical_span"": ""劳则骨痿"", ""why_supports"": ""明确出现“骨痿”，为古籍中与骨质疏松高度对应的病名""}, {""classical_span"": ""历节则使人屈伸不利而疼痛"", ""why_supports"": ""描述慢性骨关节疼痛与功能受限，符合骨病相关表现""}]",1,"[""文本以历节风湿为主，可能并非单纯骨量减少性疾病"", ""未出现骨折、身高变矮等现代骨质疏松特异表现"", ""现代分型与人群信息无法从原文直接确认""]",51cdae7a2f69e46174a09a4934901740,"['乌头汤', '桂枝芍药知母汤']",清,"['活动受限', '骨痛']"
ok,3218,2026-02-04 18:48:13,金匮翼,1768.0,骨虚,卷一 中风统论,上各等分为末，取三年雄鸡冠血，和药敷其上，候复故，便洗去之。《千金翼》云：左戴元礼云：有无故口眼 斜，投以中风药不效，盖缘骨虚中受风邪所致。当于此求之，不可例作寻常中风治之。,病名,[],,其它-风寒湿痹证,文中仅言“骨虚中受风邪”，未对应到所给固定证型枚举。,[],,[],,"[""中药外用""]",,"[{""name"": ""三年雄鸡冠血"", ""type"": ""外治"", ""note"": ""与末药调和外敷患处""}]",0.2,盖缘骨虚中受风邪所致,True,True,,"[{""classical_span"": ""骨虚中受风邪所致"", ""why_supports"": ""直接出现“骨虚”概念，提示骨本体虚弱，为与骨质疏松进行弱关联映射的依据""}]",1,"[""仅出现“骨虚”概念，缺乏骨折、骨痛等核心表现，相关性偏弱"", ""原文主论中风口眼斜，骨虚可能为病因之一，非主要骨病描述"", ""无法对应明确现代骨质疏松表型，映射存在不确定性""]",0b7eff30e518700d0ce9919911e15246,['三年雄鸡冠血'],清,[]
ok,4534,2026-02-04 19:39:31,金匮玉函要略辑义,1811.0,骨蚀,卷六 果实菜谷禁忌并治第二十五,〔程〕矾石。伤骨蚀肉。内用必伤心肝也。矾石得水则化。故亦禁水。本草吴普云。矾石。久服伤人骨。宗 云。矾石不可多服损心肺。却水故也。水化书纸上。干则水不能濡。故知其性却水也。,方药,[],,删除,,"[""其他""]",原文仅述久服矾石可“伤人骨”“骨蚀”，属药物相关骨损伤，未指明确骨质疏松分型,"[""其他""]",伤骨、骨蚀（久服矾石致骨受损）,[],,"[{""name"": ""矾石"", ""type"": ""单味药"", ""note"": ""被指出久服可伤骨蚀肉，属不良影响警示""}]",0.2,久服伤人骨；伤骨蚀肉,True,True,,"[{""classical_span"": ""伤骨蚀肉"", ""why_supports"": ""直接描述对骨的侵蚀损伤，与骨量/骨质受损存在弱相关""}, {""classical_span"": ""久服伤人骨"", ""why_supports"": ""长期用药导致骨受损，提示药物相关骨病可能""}]",1,"[""原文为用药禁忌说明，非明确疾病诊断，相关性偏弱"", ""未出现骨痿、骨折等典型骨质疏松表现"", ""若强行对应具体现代表型可能构成过度映射""]",5ac1f37529eee6971f0adb9ec9f79335,['矾石'],清,['其他']
ok,1612,2026-02-04 17:43:54,经方传真,2007.0,骨折,第二章·麻黄汤类方,【验案】康某，男性，49岁，1965年12月l日初诊。1965年脊柱骨折后患喘息性支气管炎合并肺气肿。近一周受寒咳喘加重，喉中痰鸣，不能平卧，咯吐白粘痰，量多，头痛，背痛，口干不思饮，苔白腻，脉浮弦。证属外寒内饮而属射干麻黄汤证：,其他,[],男性，49岁，中年男性病例（原文：男性，49岁）,肾阳虚证,,[],,"[""腰背痛""]",,"[""中药内服""]",,"[{""name"": ""射干麻黄汤"", ""type"": ""方剂"", ""note"": ""用于外寒内饮之咳喘证，并非针对骨病""}]",0.2,,True,False,,"[{""classical_span"": ""脊柱骨折后"", ""why_supports"": ""提示存在骨折，但为既往外伤史，未体现骨弱或脆性骨折""}]",1,"[""骨折来源于明确外伤史，非脆性骨折"", ""全文主诉与治疗重在咳喘肺系疾病"", ""缺乏骨弱、骨痿或反复易折等核心证据""]",195f969a23147dd523800a457531c036,['射干麻黄汤'],近现代,['腰背痛']
ok,1643,2026-02-04 17:44:56,经方使用手册,,骨折,四味健步汤,【适用疾病】糖尿病足、糖尿病肾病、糖尿症眼底病变、下肢静脉血栓、丹毒、下肢骨折等引起的腰痛无力、下肢疼痛、麻木、抽筋、浮肿等。,方药,[],,肾阳虚证,,[],,"[""腰背痛"", ""骨痛"", ""活动受限"", ""乏力""]",,"[""中药内服""]",,"[{""name"": ""四味健步汤"", ""type"": ""方剂"", ""note"": ""用于下肢骨折等引起的腰痛无力、下肢疼痛等""}]",0.2,,True,True,,"[{""classical_span"": ""下肢骨折等引起的腰痛无力"", ""why_supports"": ""出现骨折及慢性腰痛无力，为骨病弱相关表现""}]",1,"[""文本未出现骨痿、骨弱等明确指向骨质疏松的病名"", ""骨折可能为外伤或并发症，非脆性骨折证据不足"", ""方剂适应证广泛，非专指骨量减少""]",9b73e90f92a4fa138c262d387a12f2a0,['四味健步汤'],,"['乏力', '活动受限', '腰背痛', '骨痛']"
ok,1657,2026-02-04 17:45:33,经方亦步亦趋录,2011.0,骨折,方证相对医案 重剂起沉疴，须知病机药证--皮疹痴呆双手舞动案,利某，女性，84岁。有高血压、糖尿病病史，数年前开始出现近事遗忘，但对答尚切题。曾行CT提示多发腔梗、动脉硬化。1年前不慎跌例致左股骨髁上骨折，长期卧床。3个月前因护理不当开始出现骶尾部褥疮，褥疮逐渐增大。1个月前开始出现双手不自主舞动。2009年12月17日因褥疮来我院住院。当时见其全身皮肤干燥开裂，两颧及双手潮红，全身散在红色皮疹，以下腹及骶尾、腹股沟区为主，骶尾部褥疮。予甘草泻心汤治之，处方：甘草30克，黄芩15克，川连6克，党参30克，大枣15克，干姜6克。4剂无效，皮疹有增无减，两颧及双手通红。,症状,"[""老年后""]",,删除非辨证文献,原文未论及与骨病相关的明确证型，仅为皮疹等病机讨论,"[""原发性-老年型""]",,"[""骨折"", ""活动受限""]",老年女性跌倒后发生左股骨髁上骨折并长期卧床,"[""中药内服""]",,"[{""name"": ""甘草泻心汤"", ""type"": ""方剂"", ""note"": ""用于皮疹等症，与骨折治疗无直接对应""}]",0.2,,True,True,,"[{""classical_span"": ""跌例致左股骨髁上骨折"", ""why_supports"": ""高龄患者低能量跌倒即发生骨折，提示可能存在骨脆性背景""}]",1,"[""未出现骨痿、骨弱等直接病名，相关性偏弱"", ""骨折可能为单纯外伤，未能确认骨量不足"", ""治疗内容主要针对皮疹而非骨病""]",fed8eb3f976a7e075dd082c7517d433c,['甘草泻心汤'],近现代,"['活动受限', '骨折']"
ok,3027,2026-02-04 18:39:40,经验良方全集,1863.0,骨痿,卷一 腰疼,金刚丸　此药专治肾虚骨痿，不能起床，服此益精。,方药,[],,肾虚血瘀证,原文仅述“肾虚骨痿”，未明确区分阴虚或阳虚,[],,"[""活动受限""]",,"[""中药内服""]",,"[{""name"": ""金刚丸"", ""type"": ""方剂"", ""note"": ""专治肾虚骨痿，益精""}]",1.0,此药专治肾虚骨痿，不能起床,True,True,,"[{""classical_span"": ""肾虚骨痿"", ""why_supports"": ""明确出现骨痿，为古籍中与骨质疏松高度对应的病名""}, {""classical_span"": ""不能起床"", ""why_supports"": ""提示筋骨萎软、功能严重受限，符合骨量不足表现""}]",1,"[""未提及患者年龄，无法区分绝经后或老年型"", ""未出现骨折或形体改变等现代诊断关键指标"", ""证型表述笼统，难以精确对应现代分型""]",9865556e445734a3014addbd438ee7a0,['金刚丸'],清,['活动受限']
ok,28,2026-02-04 16:41:39,救伤秘旨,1852.0,骨断,总论,凡损伤骨断皮破者，药用水煎。皮不破者，药用酒煎。必加童便，以活瘀血。,治法,[],,血瘀气滞证,,[],,[],,"[""中药内服""]",,"[{""name"": ""童便"", ""type"": ""其他"", ""note"": ""煎药时必加，用以活瘀血""}]",0.2,凡损伤骨断皮破者,True,False,,"[{""classical_span"": ""损伤骨断"", ""why_supports"": ""仅描述外伤所致骨折，与慢性骨量减少的骨质疏松关联较弱""}]",1,"[""条文为急性外伤骨折处理，非慢性骨弱或骨痿范畴"", ""未见年老、久病或反复易折等骨质疏松关键线索"", ""若强行映射为脆性骨折则存在过度推断风险""]",41632aa979188015b64729bef5c3d42d,['童便'],清,[]
ok,1438,2026-02-04 17:37:11,救伤秘旨,1852.0,骨折；骨断,救伤秘旨续刻 整骨接骨夹缚手法,夫两手腕骨断，极难调理，用药不可过凉。夹后不可时常兜挂项下，要时常屈伸。坐则令其舒于几案之上，或屈或伸。卧则令其舒于床席之间，时上时下。三日后令其折转，上过脑后，又反手转于背上，渐渐折试，方是活动归原。若过三日，能如此转动，亦不为迟。纵有肿贴药，切忌过凉，恐筋寒贴肉，难伸难屈也。夫两手背骨折断而碎者，服 如前，令患人仰卧，医者坐其膝侧，伸脚踏患人腋下，左手托住患人中间三指，同作一把，着力拔伸，右手揣令归原，即与贴药。加夹用杉木皮一大阔片，可托掌背过骨，其长短从臂骨中间起，至掌背拳尖骨为则，杉木皮中间对腕骨处剐一横孔，令可屈伸。又用杉木皮数小片，如指面大，其长从臂骨起至掌边止。又两小片夹臂侧边者，略长半寸，各用纸束定。用左绑绳五部编之，将两部缚其托掌背大甲，并两臂侧小甲梢，其中一部，缚于大拇指根。掌两边弦上，其骨按得牢，外四部皆要宽舒，用带悬于项下，三日后，亦要折转，屈伸活动，服药取效。,外治法,[],,删除,,[],,"[""活动受限""]",,"[""中药外用"", ""其他""]",整骨复位、夹缚固定、屈伸活动等手法,"[{""name"": ""杉木皮"", ""type"": ""外治"", ""note"": ""用于夹缚固定腕骨、掌背以托护骨折处""}]",0.2,,True,False,,"[{""classical_span"": ""两手腕骨断"", ""why_supports"": ""明确为外伤性骨折处理，未见骨弱或脆性特征""}]",1,"[""文本为急性外伤骨折整复，并非骨弱或脆性骨折"", ""未出现骨痿、骨疏或年老易折等骨质疏松指向"", ""证型与人群信息无法由原文直接确认""]",2d8be992339d4edcf9e401cffc509fd6,['杉木皮'],清,['活动受限']
ok,1439,2026-02-04 17:37:13,救伤秘旨,1852.0,骨折,救伤秘旨续刻 整骨接骨夹缚手法,夫腰骨背脊骨折断者，令患人覆卧凳上，用大研米锤直于腹下，用绢带缚其两肩胛于凳脑上，又缚其两足于凳脚横文件上，如此则鞠曲其腰，断骨自起而易入也。再用曲扁担一条，从背脊趁直，压其断骨，徐徐按入，相接归原，然后用圣神散贴之，再用纸裹杉木皮一大片，按在药上，以暖肚紧紧缚之，日服加减活血住痛散取效。,外治法,[],,血瘀气滞证,文本仅述外伤骨折整复夹缚，未见内在虚损证候描述,[],,[],,"[""中药内服"", ""中药外用"", ""其他""]",整骨接骨、夹缚固定等外治手法,"[{""name"": ""圣神散"", ""type"": ""方剂"", ""note"": ""断骨相接后外贴使用""}, {""name"": ""活血住痛散"", ""type"": ""方剂"", ""note"": ""日服以活血止痛""}, {""name"": ""杉木皮"", ""type"": ""外治"", ""note"": ""裹药外敷以固定保暖""}]",0.2,夫腰骨背脊骨折断者……断骨自起而易入也,True,False,,"[{""classical_span"": ""腰骨背脊骨折断者"", ""why_supports"": ""明确为外伤性骨折整复描述，非骨质虚损本病""}]",1,"[""文本为急性外伤骨折处理，非慢性骨量减少疾病"", ""未见年老骨弱、脆性骨折等指向骨质疏松的特征"", ""证型与人群信息缺乏，难以进行可靠古今病机映射""]",f98db18e2743cb4b9da3680b4962b5cf,"['圣神散', '杉木皮', '活血住痛散']",清,[]
ok,1437,2026-02-04 17:37:13,救伤秘旨,1852.0,骨折,救伤秘旨续刻 整骨接骨夹缚手法,夫两臂骨折断或破碎者，先用消风散住痛散加痹药服之。用杉木皮三片，削去粗皮，掐令微薄，如指面大，长短以患处为则。用绵纸包束粘定，用油透甲纸上，用左绑绳四部，编成闸极子，如此通漏，内面药干，庶可掺湿。编毕，用热药汤 软其筋骨。令患人卧于地，用绢带缚患人肘臂，系于医者腰间，医者坐其膝侧，双手捉定患肘，脚踏其腋下，倒腰向后，徐徐用力拔伸断骨，用手揣令归原。以姜汁韭汁醋调圣神散，摊于油布上贴之。外用甲缚，宽紧如法，带兜其手肘，悬于项下，要时常屈伸，肘腕不强，否则日久筋强，难以屈伸。日服加减活血住痛散，若甲两头泡起，不可挑破，用黑神散油调贴即消。,外治法,[],,血瘀气滞证,原文为急性外伤骨折整复夹缚，未论证型,[],,"[""骨痛"", ""活动受限""]",,"[""中药内服"", ""中药外用"", ""其他""]",整骨接骨、夹缚固定、拔伸复位等外治手法,"[{""name"": ""消风散住痛散"", ""type"": ""方剂"", ""note"": ""内服以住痛，加痹药""}, {""name"": ""杉木皮"", ""type"": ""外治"", ""note"": ""削薄作夹板固定患处""}, {""name"": ""圣神散"", ""type"": ""方剂"", ""note"": ""姜汁韭汁醋调外贴""}, {""name"": ""黑神散"", ""type"": ""方剂"", ""note"": ""甲两头泡起时油调外贴""}, {""name"": ""活血住痛散"", ""type"": ""方剂"", ""note"": ""日服以活血止痛""}]",0.2,,True,False,,"[{""classical_span"": ""两臂骨折断或破碎者"", ""why_supports"": ""明确为急性外伤性骨折处理，非骨弱所致""}]",1,"[""文本为外伤骨折整复，非骨质疏松本病描述"", ""未见年老骨弱、脆性反复骨折等关键信号"", ""证型与人群背景未交代，难以映射慢性骨病""]",7d49d28ab6c4f3015774dfc6a51d9f52,"['圣神散', '杉木皮', '活血住痛散', '消风散住痛散', '黑神散']",清,"['活动受限', '骨痛']"
ok,202,2026-02-04 16:48:32,救伤秘旨续刻,1852.0,骨断,救伤秘旨续刻 整骨接骨夹缚手法,夫手指骨断者，先整筋骨合皮，用桃花散止其血。以竹箬软者一大片，要包得指头过，纸裹定，用麻油调白金生肌散，摊箬纸上，包束患指，用帛缠之，次日药干，再用麻油透润。三日后，再用麻油调白金生肌散贴之，仍服活血住痛散取效。或蜜调圣神散贴之，亦可取效。,外治法,[],,删除,,[],,"[""骨折""]",,"[""中药内服"", ""中药外用""]",,"[{""name"": ""桃花散"", ""type"": ""方剂"", ""note"": ""止血用""}, {""name"": ""白金生肌散"", ""type"": ""方剂"", ""note"": ""外敷生肌""}, {""name"": ""活血住痛散"", ""type"": ""方剂"", ""note"": ""内服止痛""}, {""name"": ""圣神散"", ""type"": ""方剂"", ""note"": ""蜜调外贴""}, {""name"": ""麻油"", ""type"": ""外治"", ""note"": ""调药润燥""}, {""name"": ""竹箬"", ""type"": ""外治"", ""note"": ""包裹固定""}, {""name"": ""帛"", ""type"": ""外治"", ""note"": ""缠缚固定""}]",0.2,,True,False,,"[{""classical_span"": ""手指骨断者"", ""why_supports"": ""明确描述骨折，但为外伤性骨断""}]",1,"[""文本为急性外伤整复，非骨量减少性疾病"", ""未见年老骨弱或反复骨折等证据"", ""将外伤骨折直接映射为骨质疏松可能过度推断""]",4b51ca0d5b41a5c1177d1db1b6f6dfdc,"['圣神散', '帛', '桃花散', '活血住痛散', '白金生肌散', '竹箬', '麻油']",清,['骨折']
ok,1878,2026-02-04 17:53:37,救伤秘旨续刻,1852.0,骨折,救伤秘旨续刻 整骨接骨夹缚手法,夫肩井栏骨折断者，先用消风散、住痛散加痹药昏昏散服之，揣搦相按归原；次用蜜调圣神散贴之。却用毛竹一节，长短阔狭以患处为度，破开两片，用一大片削去楞角，阚入骨，用棉絮一团实股下，以绢带从股下缠至那边肩上扎住，服药取效。,治法,[],,血瘀气滞证,原文未明确辨证，仅述外伤骨折处理，无证型描述,[],,[],,"[""中药内服"", ""中药外用"", ""其他""]",整骨接骨、夹缚固定、竹片外固定等外科手法,"[{""name"": ""消风散"", ""type"": ""方剂"", ""note"": ""骨折初期内服以助止痛""}, {""name"": ""住痛散"", ""type"": ""方剂"", ""note"": ""与痹药、昏昏散同服止痛""}, {""name"": ""昏昏散"", ""type"": ""方剂"", ""note"": ""加用以镇痛""}, {""name"": ""圣神散"", ""type"": ""方剂"", ""note"": ""蜜调外贴患处""}, {""name"": ""毛竹片"", ""type"": ""外治"", ""note"": ""作为夹缚固定材料""}]",0.2,,True,False,,"[{""classical_span"": ""肩井栏骨折断者"", ""why_supports"": ""明确为外伤性骨折描述，未体现骨弱或脆性特征""}]",1,"[""条文为急性外伤骨折处理，非慢性骨弱病机"", ""未见年老、易折、骨痿等骨质疏松指向性描述"", ""无证型与骨量不足相关论述，映射证据较弱""]",c5cd14859b58de2c40568014f34e43c9,"['住痛散', '圣神散', '昏昏散', '毛竹片', '消风散']",清,[]
ok,1879,2026-02-04 17:53:42,救伤秘旨续刻,1852.0,骨折,救伤秘旨续刻 整骨接骨夹缚手法,夫两臂骨折断或破碎者，先用消风散、住痛散加痹药服之，用杉木皮三片，削去粗皮，掐令微薄，如指面大，长短以患处为则，用棉纸包束粘定，用油透甲纸上，用左绑绳四部，编成栅子，如此通漏，内面药干，庶可掺湿。编毕，用热药汤盦软其筋骨，令患人卧于地，用绢带缚患人肘肩，系于医者腰间，医者坐其膝侧，双手捉定患肘，脚踏其腋下，倒腰向后，徐徐用力拔伸断骨，用手揣令归原。以姜汁、韭汁、醋调圣神散，摊于油布上贴之。外用甲缚，宽紧如法，带兜其手肘，悬于项下，要时常屈伸，肘腕不强，否则日久筋强，难以屈伸，日服加减活血住痛散。若甲两头泡起，不可挑破，用黑神散油调贴，即消。,外治法,[],,血瘀气滞证,原文为外伤骨折整复夹缚操作，未论述内在证型,[],,"[""骨痛"", ""活动受限""]",,"[""中药内服"", ""中药外用"", ""其他""]",整骨接骨夹缚、拔伸复位等手法治疗,"[{""name"": ""消风散"", ""type"": ""方剂"", ""note"": ""骨折初期内服止痛""}, {""name"": ""住痛散"", ""type"": ""方剂"", ""note"": ""加痹药内服止痛""}, {""name"": ""杉木皮"", ""type"": ""外治"", ""note"": ""削薄夹缚患处""}, {""name"": ""圣神散"", ""type"": ""方剂"", ""note"": ""姜汁、韭汁、醋调外贴""}, {""name"": ""活血住痛散"", ""type"": ""方剂"", ""note"": ""日服加减""}, {""name"": ""黑神散"", ""type"": ""方剂"", ""note"": ""油调外贴消泡""}]",0.2,,True,False,,"[{""classical_span"": ""两臂骨折断或破碎者"", ""why_supports"": ""明确为外伤性骨折整复处理，非骨弱所致""}]",1,"[""文本为急性外伤骨折处理，非慢性骨量减少疾病"", ""未描述年老骨弱或反复易折等特征"", ""证型与人群信息缺失，难以对应骨质疏松分型""]",07ba461c4fb95419af82d8e1d1767860,"['住痛散', '圣神散', '杉木皮', '活血住痛散', '消风散', '黑神散']",清,"['活动受限', '骨痛']"
ok,1881,2026-02-04 17:53:44,救伤秘旨续刻,1852.0,骨折,救伤秘旨续刻 整骨接骨夹缚手法,夫腰骨背脊骨折断者，令患人覆卧凳上，用大研米锤置于腹下，用绢带缚其两肩胛于凳脑上，又缚其两足于凳脚横档上，如此则鞠曲其腰，断骨自然起而易入也。再用曲扁担一条，从背脊趁直，压其断骨，徐徐按入，相接归原，然后用圣神散贴之。再用纸裹杉木皮一大片，按在药上，以暖肚紧紧缚之，日服加减活血住痛散取效。,外治法,[],,血瘀气滞证,记述为外伤所致骨折整复夹缚，非内伤虚损证型,[],,"[""骨折"", ""活动受限""]",文本明确描述腰骨背脊骨折断，需固定复位,"[""中药内服"", ""中药外用"", ""其他""]",整骨接骨、夹缚固定属手法外治,"[{""name"": ""圣神散"", ""type"": ""方剂"", ""note"": ""骨折复位后外贴使用""}, {""name"": ""活血住痛散"", ""type"": ""方剂"", ""note"": ""日服以活血止痛""}, {""name"": ""杉木皮"", ""type"": ""外治"", ""note"": ""纸裹后按于药上作固定敷用""}]",0.2,夫腰骨背脊骨折断者……断骨自然起而易入也,True,True,,"[{""classical_span"": ""腰骨背脊骨折断者"", ""why_supports"": ""明确描述骨折，与骨脆性损伤有弱相关""}]",1,"[""文本为急性外伤骨折整复，非骨量减少本病"", ""未涉及年老骨弱或反复骨折等核心特征"", ""证型与人群信息缺失，映射证据有限""]",23f0917d476661fb00bd872857dbe775,"['圣神散', '杉木皮', '活血住痛散']",清,"['活动受限', '骨折']"
ok,587,2026-02-04 17:03:34,兰台轨范,1764.0,骨痿,卷二,金刚丸【保命】治肾损骨痿不能起于床,方药,[],,肾虚血瘀证,原文仅言“肾损骨痿”，未明确阴虚或阳虚等具体证型,[],,"[""活动受限"", ""乏力""]",,"[""中药内服""]",,"[{""name"": ""金刚丸"", ""type"": ""方剂"", ""note"": ""出《保命集》，治肾损骨痿""}, {""name"": ""萆"", ""type"": ""单味药"", ""note"": ""方中组成药""}, {""name"": ""杜仲"", ""type"": ""单味药"", ""note"": ""炒去丝，为方中组成药""}, {""name"": ""苁蓉"", ""type"": ""单味药"", ""note"": ""酒浸，为方中组成药""}, {""name"": ""菟丝子"", ""type"": ""单味药"", ""note"": ""酒浸等分，为方中组成药""}]",1.0,能治肾损骨痿。不能起于床。,True,True,,"[{""classical_span"": ""肾损骨痿"", ""why_supports"": ""明确出现“骨痿”，属古籍中与骨质疏松高度对应的病名""}, {""classical_span"": ""不能起于床"", ""why_supports"": ""提示骨病导致的严重功能受限，符合骨痿/骨弱表现""}]",1,"[""原文未提供人群与现代分型信息，无法精确映射"", ""仅据病名对应，缺乏骨折等现代诊断要素"", ""证型表述笼统，不能细分阴阳虚实""]",a1a867c3c93f26fe8b3d59c40c4f17b8,"['杜仲', '苁蓉', '菟丝子', '萆', '金刚丸']",清,"['乏力', '活动受限']"
ok,2978,2026-02-04 18:37:38,神农本草经疏,1625.0,骨痿,卷之六 草部上品之上,疏：萎蕤禀天地清和之气，而得稼穑之甘，故《本经》甘平无毒，主诸不足。久服好颜色，润泽，轻身不老。《别录》又主心腹结气，虚热，腰痛，茎中寒，目痛眦烂泪出。甄权主内补不足，去虚劳客热，头痛不安，加而用之良。日华子谓其除烦闷，止渴，润心肺，补五劳七伤虚损，腰脚疼痛。详味诸家所主，则知其性本醇良，气味和缓，譬诸盛德之人，无往不利，终始一节，故可长资其利，用而不穷。正如斯药之能补益五藏，滋养气血。根本既治，余疾自除。夫血为阴，而主驻颜；气为阳，而主轻身。阴精不足则发虚热，肾气不固则见骨痿及腰脚痛。虚而火炎则头痛不安，目痛眦烂泪出。虚而热壅则烦闷消渴。上盛下虚则茎中寒，甚则五劳七伤，精髓日枯，而成虚损之证矣。以一药而所主多途，为效良伙，非由滋益阴精，增长阳气，其能若是乎？迹其所长，殆亦黄精之类欤？其主中风暴热，不能动摇，跌筋结肉，湿毒等证，皆是女萎之用。以《本经》二物混同一条故耳。或谓即青粘，理或有之。纯而不驳，和而不偏，有益无损，故无“简误”。昔彭城樊阿，少师事华佗，佗授以漆叶青粘散，服之利五藏，去虫，轻身益气，年至五百余岁。青粘，生丰沛彭城及朝歌，一名地节，一名黄芝，主理五藏，益精气。本出于迷人入山，见仙人服之，以告佗，佗以为佳。语阿，阿秘之。人见阿之寿而气力强盛，问之，因醉误说，人服多验。后无复有人识青粘者。或云即黄精之正叶者。又云即萎蕤。,方药,"[""老年后""]",,肝肾阴虚证,,"[""原发性-老年型""]",,"[""腰背痛"", ""骨痛"", ""活动受限""]",,"[""中药内服""]",,"[{""name"": ""萎蕤（女萎）"", ""type"": ""单味药"", ""note"": ""补益五藏，滋养气血，治骨痿及腰脚痛""}]",1.0,肾气不固则见骨痿及腰脚痛,True,True,,"[{""classical_span"": ""骨痿及腰脚痛"", ""why_supports"": ""明确出现“骨痿”，为古籍中高度对应骨质疏松的病名""}]",1,"[""文本未明确涉及骨病而被误判为相关"", ""证型与症状枚举选择不符合原文语义"", ""无明确骨弱/骨痿证据仍强行映射骨质疏松""]",b31189c54eecb797a98880a1ca461589,['萎蕤'],明,"['活动受限', '腰背痛', '骨痛']"
ok,3175,2026-02-04 18:45:50,沈氏尊生书,1773.0,骨痿,卷三 诸痿源流,诸痿，热伤血脉病也。说火热之邪伤及血脉，皆能发为经筋、骨髓、血脉、肌肉、皮毛之痿。然其病之源，则以肺为主，以肺燥居土，主气畏火，而行治节，必金清而后气行，充于一身之筋骨血肉皮毛间，何至于痿。若起居失度，嗜欲无端，饮食非宜，以致火动，热邪乘金，肺先受剋，内则叶焦，外则皮毛虚弱，由是而著于筋脉骨肉，则病生痿跫。所以然者，肺为诸脏之长，又为心说，一切起居嗜欲饮食，皆足伤气，气伤即肺受之而亦伤，且心火上乘肺气虚而受其乘，必金病为喘鸣，金失清肃，火留不去，故肺热叶焦，五脏因肺热自病，气不行，发为痿跫也。乃古人治痿独取阳明者，何也？经云：真气与谷气并而充身。又云：阳明为藏府之海，阳明虚，则五藏无所禀，不能行气血濡筋骨利关节，故肢体中随其不得受水谷气处而成痿。又云：冲为十二经之海，主渗灌溪谷，与阳明合于宗筋，而阳明为之长，皆属于带脉络于督脉，阳明虚则宗筋缓，故足痿不用。统观经旨，欲除肺热，必先除阳明之热，而养其阴，调其虚实，和其逆从，斯宗筋润，筋骨束，机关利，而病已也。试举五脏所生痿病言之，经曰：肺气热，叶焦，则皮毛虚弱急薄，而行痿蹩。说肺痿者，皮毛痿也；躄者，足弱不能行也（宜犀角桔梗汤。）经又曰：心气热则下脉厥而上，上则下脉虚，虚则生脉痿，枢折挈，胫纵而不任地，说心痿者，脉痿也。下脉指三阴在下之脉。枢折挈者，四肢关节之处，如枢纽之折而不能提挈。胫纵者，纵缓也（宜铁粉丸。）经又曰：胆气热，则胆泄口苦，筋膜乾，筋膜乾则筋纵而挛，发为筋痿。说肝痿者，筋痿也。胆附于肝，肝热则胆泄，故口苦。筋膜受热则血液乾，故拘挛而为筋痿也（宜紫葳汤。）经又曰：脾气热，则胃乾而渴，肌肉不仁，发为肉痿。说脾痿者，肉痿也。脾与胃以膜相连，而开窍于口，故脾热则胃乾而渴，且精耗而肌肉不仁也（宜二陈汤加人参、黄耆。）经又曰：肾气热，则腰脊不举。骨活而髓减。说肾痿者，骨痿也。腰者肾之府，腰贯脊主髓，故肾热而见证若此也（宜金刚丸。）此五痿者，必外征之色，肺热色白而毛败，心热色赤而络脉溢，肝热色苍而爪活，脾热色黄而肉濡，肾热色黑而齿藁，必然之理也。而五痿之外，又有属湿热者（宜加味二妙丸，）有属湿痰者（宜二陈汤加术、黄柏、竹沥、姜法，）有属血虚者（宜四物汤、二妙丸合用，）有属气虚者（宜四君子汤、二妙丸合用，再加当归、地黄、龟板、虎骨，）有属食积者（宜木香槟榔丸，）有属死血者（宜归梢汤，）有属脾气太过者必四肢不举（宜大承气汤下之，）有属土气不及者亦四肢不举（宜四君子汤加当归，）有热而痿厥者（宜虎潜丸，）有痿发于夏者，即俗名疰夏，另详疰夏条（宜清暑益气汤。）以上十证，皆痿之属，非可混治也。昔东垣治痿，总以黄柏为君，黄耆为佐，而无一定之方，随其证之为痰、为湿、为热、为寒、为气、为血，各加增药味，活泼制方，其真善于治痿者乎。然必其人能休息精神，淡泊滋味，尤是顶门一针。另有阴痿，则由命门火衰，下焦虚寒之故，另详本条（宜鹿茸散。）〖脉　法〗《内经》曰：睥脉缓甚为痿厥。《脉经》曰：诊人痿蹩，其脉虚者生，紧急疾者死。《脉诀》曰：尺脉虚弱，缓涩而紧，病为足痛，或是痿病。子和曰：痿脉多浮而大。〖痿病证治〗河间曰：痿谓手足痿弱，无力以运动也。由肺金本燥，燥之为病，血衰不能养荣百骸，故手足痿弱，不能运动。犹秋金旺，则草木痿落，病之象也，痿犹萎也。子和曰：痿之作也，皆五月六月七月之时，午者少阴君火之位，末者湿土庚金伏火之地，申者少阳相火之分，故病痿之人，其脉脬大。丹溪曰：肺金体燥而居上，主气，畏火者也。脾土性湿而居中，主四肢，畏木者也。火性炎上，若嗜欲无节，则水失所养，火寡于畏，而侮所胜，肺得火邪而热矣。木性刚急，肺受热则金失所养，木寡于畏而侮所胜，脾得木邪而伤矣。肺热则不能管摄一身，脾伤则四肢不能为用，而诸痿之病作矣。泻南方，则肺金清而东方不实，何脾伤之有；补北方，则心火降而西方不虚，何肺热之有。阳明实则宗筋润，能束骨而利机关矣，治痿之法，无出于此。又曰：痿病切不可作风治，用风药。《正传》曰：苍术、黄柏，治痿之圣药也。又曰：肝肾俱虚，筋骨痿弱，宜加味四斤元、五兽三匮丸；湿热痿弱，宜神龟滋阴丸、三妙丸、加味二妙丸；长夏暑湿成痿，宜健步丸、四制苍白丸、清燥汤。冶痿方二十一 　犀角桔梗汤　〔肺痿〕　黄耆　石斛　天冬　麦冬　百合　山药　犀角　通草　桔梗　黄岑　杏仁　秦艽　铁粉丸　〔心痿〕　铁粉　银屑　黄连　苦参　石蜜 龙胆草　龙齿　牛黄　秦艽　丹皮　白鲜皮　地骨皮　紫葳汤　〔肝痿〕　紫葳　天 冬　百合　杜仲　黄芩　黄连　萆薢　牛膝　防风　菟丝子　白蒺藜 　二陈汤　〔脾痿〕　茯苓　陈皮　半夏　甘草 金刚丸　〔肾痿〕　萆薢　杜仲　肉苁蓉　菟丝子等分　洒煮猪肾，打泥为丸。加味二妙丸　〔因湿〕　归梢　防己　草解　苍术　黄柏　牛膝　龟板 四物汤　〔血虚〕　川芎　白芍　当归　生地 二妙丸　〔又〕　苍术　黄柏 四君子汤　〔气虚〕　人参　茯苓　白术　甘草 木香槟榔丸　〔食积〕　木香　槟榔　白术　枳实　陈皮　香附 归梢汤　〔死血〕　归梢　赤芍　莪术　桃仁　红花 大承气汤　〔睥太过〕　大黄　芒硝　厚朴　枳实 虎潜丸　〔痿厥〕　龟板　黄槄各四两　熟地　知母各二两　牛膝三两半　陈皮 七钱　乾姜五钱　白芍一两半　锁阳　虎骨　当归各一两　加附子更妙。酒糊丸。治痿厥如神。清暑益气汤　〔疰夏〕　黄耆　升麻　苍术　白术　人参　神麴　泽泻　陈皮 黄柏　当归　麦冬　乾姜　青皮　五味子　炙甘草 加味四斤元　〔肝肾虚〕　酒牛膝两半　川乌　虎胫骨　肉苁蓉各一两　乳香　没药各五钱　蒸木瓜一个，捣如泥，和酒糊丸，温酒或淡盐汤下七十丸。五兽三匮丸　〔又〕　鹿茸酥炙、血竭、虎胫骨酥炙、牛膝酒浸、金毛狗脊烧去毛各一两，共为末，即五兽也。另用附子一个去皮脐，去中心，入朱砂细末一两填满，木瓜一个，去皮去中心，入附子于内，以附子末说口，即三匮也。却以三匮正坐于磁缸内，重汤蒸极烂，和五兽末捣丸，木瓜酒下。血竭一名麒麟竭。神龟滋阴丸　〔湿热〕 龟板酥炙四两　盐黄柏　盐知母各二两　五味子　杞子　锁阳各一两　乾姜五钱 酒糊丸，盐酒下。此治膏粱之人湿热伤肾，脚膝痿弱。三妙丸　〔又〕　制苍术六两、酒黄柏四两　牛膝二两　此治湿热下流两脚，麻木痿弱，或如火烙之热，皆湿热也。健步丸　〔长夏暑湿〕　防己一两　羌活　柴胡　滑石　酒花粉　炙甘草各五钱　防风　泽泻各三钱　苦参　川乌各一钱　肉桂五分　酒糊丸，葱白、荆芥汤下。四制苍白丸　〔又〕　黄柏二斤，以人乳、童便、米泔各浸八两，酥炙八两，浸炙各宜十三次，苍术八两用川椒、补骨脂、川芎、五味子各炒二两，拣去诸味，只取柏术蜜丸，早酒、午茶、晚白汤，各下三五十丸。清燥汤　〔又〕 黄耆　白术各钱半　苍术一钱　陈皮　泽泻各七分　赤苓　人参　升麻各五分 生地　当归　猪苓　麦冬　神麴　甘草各三分　黄连　黄柏　柴胡各二分　五味子九粒　水煎服。,病名,"[""老年后""]",,肝肾阴虚证,,"[""原发性-老年型""]",,"[""活动受限"", ""乏力"", ""步态不稳""]",,"[""中药内服""]",,"[{""name"": ""金刚丸"", ""type"": ""方剂"", ""note"": ""用于肾痿（骨痿），原文载“肾气热，则腰脊不举。骨活而髓减”""}, {""name"": ""虎潜丸"", ""type"": ""方剂"", ""note"": ""治痿厥，原文称“治痿厥如神”""}]",1.0,肾气热，则腰脊不举。骨活而髓减。说肾痿者，骨痿也。,True,True,,"[{""classical_span"": ""骨活而髓减"", ""why_supports"": ""直接描述骨与骨髓亏减，符合骨量不足的核心内涵""}, {""classical_span"": ""腰脊不举"", ""why_supports"": ""提示躯干无力、活动受限，常见于骨质疏松相关骨弱""}]",1,"[""若忽略原文“骨痿”而强行映射为他病，属于证据使用不当"", ""若擅自推断具体人群或现代分型而无文本依据，属臆造信息"", ""若将急性外伤或痹证混入解释，可能导致错误关联""]",6697312c453c8b9d77de884a1d3d63b0,"['虎潜丸', '金刚丸']",清,"['乏力', '步态不稳', '活动受限']"
ok,3177,2026-02-04 18:46:29,沈氏尊生书,1773.0,骨痿；骨极；骨虚,卷八 虚损痨瘵源流,虚损痨瘵，真元病也。虚者，气血之虚。损者，脏腑之损。虚久致损，五脏皆有。损肺伤气，毛藁皮焦，急宜养气（宜四君子汤。）损心伤神，血脉不荣，急调荣卫（宜八珍汤。）损肝伤筋，筋缓不收，急当缓中（宜牛膝丸、八味丸。）损肾伤精，骨髓消减，急须益精（宜金刚丸、煨肾丸。）损脾伤仓廪，饮食不为肌肤，急应时饮食，适寒温（宜十全大补汤。）五脏之气，有一损伤，积久成痨，甚而为瘵。痨者，劳也，劳困疲惫也。瘵者，败也，羸败凋敝也。虚损痨瘵，其病相因，其实由于五脏如此。然五脏虽分，而五脏所藏，无非精气，其所以致损者有四，曰气虚，曰血虚，曰阳虚，曰阴虚。阳气阴血，精又为血本，不离气血，不外水火，水火得其正则为精为气，水火失其和则为寒为热。此虚损之大概。而气血阴阳，各有专主，认得真确，方可施治。气虚者，脾肺二经虚也，或饮食，或劳倦，气衰火旺，四肢困热，无气以动，懒于言语，动作喘乏，自汗心烦，必温补中气（宜补中益气汤。）血虚者，心肝二经虚也，吐血泻血，女人产后，或崩漏，或诸血失道妄行，眼花头晕，渐至吐血不止，或乾血痨（宜四物汤、当归补血汤。）而阳虚阴虚，则又皆属肾。阳虚者，肾中真阳虚也，真阳即真火，审是火虚，右尺必弱，只宜大补元阳，亦不可伤阴气，忌凉润，恐补阴邪也，尤忌辛散，恐伤阴气也，惟喜甘温益火之品，补阳以配阴（宜八味丸，）沉阴自敛，阴从乎阳矣，所谓益火之原以消阴翳也。阴虚者，肾中真阴虚也，真阴肾水，审是水虚，脉必细数，只宜大补真阴，亦不可伐阳气，忌辛燥，恐助阳邪也，尤忌苦寒，恐伐元阳也，惟喜纯甘壮水之剂，补阴以配阳（宜六味丸加杞子、鱼鳔，）虚火自降，而阳归于阴矣，所谓壮水之主，以镇阳光也。而二者之为病亦各有异，阳虚所生病，为热痨，口乾咽痛，舌疮，涕唾稠粘，手足心热，大便燥，小便赤。然至咽疮失音，或尪羸，阳不举，脉细无根，脉数不伦渐已成瘵而难救（宜逍遥散、坎离既济丹。）阴虚所生病，为虚痨，吐痰白色，胃逆不思饮食，恶食，食不化，遗浊，便溏泄。然至泄不已，神瘁肉削，渐已成瘵而难救（宜人参养荣汤、三白广生汤。）二病之原，皆由劳心好色，以至真阳衰惫，邪火盛炽，真阴亏损，虚火炎烁，由是火蒸于上，则为咳血（宜五汁膏，）为潮热（宜清骨散，）火动于下，则为精浊（宜龙齿丸，）为泄泻（宜归脾汤、三白广生汤，）诸症蜂起矣。　然病之原，虽属阴阳之虚，而其症必积各见于一经，就其症之所见，以审知为何经，而因以辨乎阴阳之所属，然后可与疗治。何言之？如现患精浊，又兼胫酸腰背拘急，知其病在肾也（宜大菟丝子丸补中地黄丸。）现患喘咳嗽血，又兼皮活，鼻塞声重，知其病在肺也（宜保和汤。）现患咯血多汗又兼惊惕，口舌疮，知其病在心也（宜圣哄汤。）现患梦遗，又兼胁疼，善怒，项强，知其病在肝也（宜补肝汤、柴胡疏肝散，两方参用。）现患溏泄，又兼腹痛痞块，饮食无味，四肢倦怠，知其病在脾也（宜调中益气汤。）此皆由阴阳之虚，以致病成于五脏者也。而犹不止此也，有杂病久不癒，病久必虚，虚久成痨者（宜调荣养卫丸。）有思虑过度，心气不舒，郁热熏蒸胸中，因生内热，而成痨者（宜归脾汤。）有房劳精损困乏，虚火目晕，耳聋遗精，步履欹邪，而成痨者（宜鹿胎丸。）有饥饱伤脾，而成痨者（宜补中益气汤口柴胡、山药。）有积劳虚损，体瘦气短，好卧，寒热，而成痨者（宜十四味建中汤。）有负重受伤，而成痨者（宜补中益气汤，）如病久再为加减。有盛暑劳碌受伤，而成痨者（宜清暑益气汤。）有纵酒伤脾，而成痨者（宜葛花解酲汤。）有老人气血两亏，下体痿弱，不善食，而成痨者（宜嵩崖脾肾丸，常服神仙延寿酒。）有童男女禀受母胎之气，骨蒸黄瘦，口臭肌热，而成痨者（宜麦煎散。）有妇人女子经闭，或血热血活而成痨者（宜逍遥散、补血养阴丸。）有情窦初开，有其心而无其事，邪火煎耗真阴，而成痨者（宜清离滋坎丸。）种种病因，难更仆数，而治之之法，要不外温补滋补两端，以阳虚即宜温，阴虚即宜滋也。然即用温不得偏任辛香丁附之属，即用滋不得偏任苦寒知柏之属，此士材所必谆谆诰诫也。由是推之，阳为气，阴为血，即阴阳之须补，益可知气血之应补矣。然古人云阳生则阴长，又云血脱者补气，实以气药有行血之央，血药无益气之理也。又况血药滞腻，非痰多食少者所宜，血药清润，久用必多泄滑之患乎。夫虚痨之症，疑难不少，阴虚火动，内热烁金，必致损肺，寒热内炽，多服寒凉，必致伤脾，补脾必碍肺，须知燥热能食而不泄者，急当润肺，兼补脾（宜滋阴清化丸加白术、建莲。）若虚羸食少而肠滑者，虽喘嗽不宁，但当补脾，而清润宜戒（宜三白广生汤，）以土能生金，金不能培土，故补脾尤要也，古人谓痨病多死于泄泻，职是故耳。又如脾肾法宜兼补，但甘寒补肾不利于脾，辛温快脾益伤于肾，即两者而衡之，土能生金，金为水母，即肾虚宜补，当更扶脾，即欲壮脾，不忘养肾可耳（或滋肾，而佐以沉、术、砂、莲。或快脾，而佐以菟丝、五味。）故部学士有补肾不如补脾，孙真人有补脾不如补肾之说，两家虽似相反，要皆为虚痨家指示要法，医者当必辨症察脉，或补脾，或补肾，务当其施，庶无偏之弊。说以血之原在肾，气之原在脾，故肺气受伤，而土为金母，必求助于脾，肝血受伤，而水为木母，必借资于肾，此二脏乘，则百疾作，二脏安，则百脉调，而病自息也。　且夫虚痨之由，有寒有热，皆由虚而感，感乎寒者阳伤，伤则虚，阳虚必阴盛，故受损自上而下，由肺而心而胃，治宜辛甘淡（宜二术、当归、茯苓、茯神、桑皮、橘皮，）过于胃，则不可治也；感乎热者阴伤，伤则虚，阴虚必阳盛，故受损自下而上，由肾而肝而脾，治宜甘缓温（宜地黄、丹皮、白芍、知母、山萸、石斛、麦冬，）过于脾，则不可治也。经曰：阳虚生外寒，阴虚生内热，阳盛生外热，阴盛生内寒，而寒与热二者常相因，而热为甚，故治之者必以热为凭，而寒为验。说痨病必发热，其发热之由不一，有气虚热，必兼少气自汗，体倦心烦（宜八珍汤加减。）有血虚热，必兼燥渴，睡卧不安（宜圣愈汤、人中白丸，两方参酌用。）有往来潮热，必兼自汗食少，膝软骨节疼（宜参苓建中。）有骨蒸热必兼肌瘦，舌红颊赤（宜龟甲散、河车丸、二仙胶。）有五心热必兼体疼，口乾颊赤发热（宜逍遥散、十全大补汤。）有遍体发热，必兼瘦削神困（宜十四味建中汤。）有病久结痰成积，腹胁常热，惟头面手足于寅卯时乍凉（宜六君子汤送滚痰丸二钱，先以润肠丸分三次投之，使其徐化，六君子汤中加姜汁、竹沥尤妙。）此热之见于身体显而可验者也。若五脏之热，尤不可不审。大约肺热轻手即得，略重全无，肺主皮毛也，日西尤甚，必兼喘咳，洒淅，善嚏，善悲，缺盆痛，胸中及肩臂皆痛，脐右胀痛，小便数，皮肤痛及麻木（宜茯苓、麦冬、五味、山药、紫菀、百合以补之，桑皮、葶苈、枳壳、苏子以泻之，乾姜、豆莞、木香、款冬花以温之，二母、沙参、元参、山栀、黄岑、花粉、马兜铃以凉之。）心热微按之，皮毛之下，肌肉之上乃得，心主血脉也。日中尤甚，必兼烦心，掌热而呕，善笑，善忘，善惊不寐，筑筑然动，舌破，消渴，口苦，心胸间汗（宜丹参、龙眼、茯神、归身、麦冬、山药以补之，黄连以泻之，菖蒲、益智以温之，竹叶、犀角、连翘、朱砂、牛黄、天冬以凉之。）脾热轻重按俱不得，热在不轻不重间，脾主肌肉也，夜尤甚，必兼怠惰嗜卧，四肢不收，无气以动，泄泻溺闭，面黄口甘，舌强痛，吐逆，不贪食，不化食，抢心，善味，善饥，善嘻，当脐痛，腹胀肠鸣，肉痛足肿（宜参、芩、术、草、陈皮、扁豆、山药、苡仁以补之，姜、附、丁桂以温之，石膏、滑石、元明粉以凉之。）肝热按至肌肉之下，骨之上乃得，肝主筋也，寅卯时尤甚，必兼多怒多惊，便难，转筋挛急，四肢困热，满闷，筋痿不能起，头痛，耳聋，颊肿，面青，目肿痛，两胁小腹痛，呕逆作酸，睾疝，冒眩，多瘛（宜阿胶、山药、木瓜、枣仁以补之，青皮、青黛、柴胡、白芍、黄连、木通、龙胆草以泻之，木香、吴萸、肉桂以温之，甘菊、车前子、柴胡、山栀以凉之。）肾热极重按至骨乃得，肾主骨也，亥子时尤甚，必兼腰膝脊臂股后痛，耳鸣，遗泄，二便不调，骨痿不能起，眇中清，面黑，口乾，咯血，饥不欲食，腹大，胫肿，少腹气逆急痛，下肿，肠澼，阴下湿痒，手指青黑厥逆，足下热，嗜卧，坐而欲起，善怒，四肢不收（宜地黄、杞子、山药、桑螵蛸、龟板、牛膝、山萸、杜仲、五味子以补之，知母、泽泻以泻之，鹿茸、肉桂、附子、鹿角胶、补骨脂、沉香、肉苁蓉以温之，知母、黄柏、丹皮、地骨皮以凉之。）以上皆痨成于五脏，其热之发，因而各异者也。然五脏虽皆有痨，而心肾尤多，固有不可不知者。说心主血，肾主精，天下之人，大抵劳心好色者众，精伤血耗，劳自成也。诚察乎此，惟当温养滋补，调心益肾（宜还少丹、坎离既济丹，）一切热药凉药安可偏任哉。　痨病多吐血，吐血之原，未有不由五脏来者。咳嗽血出于肺，因悲忧所致也（宜二冬、二母、桔梗、黄岑。）痰涎血出于脾，因思虑所致也（宜生地、石斛、葛根、丹皮、甘草、茯苓、陈皮、黄耆。）吐血出于心，因惊恐所致也（宜丹参、山药、麦冬、茯神、当归、生地。）吐血多块出于肝，因恚怒所致也（宜柴胡、芍药、山栀、丹皮、枣仁、生地、沉香。）咯血出于肾，因房慾所致也（宜生地、丹皮、茯苓、远志、阿胶、知母、黄柏。）呕血出于胃，中气失调，邪热在中所致也（宜犀角、地黄、丹皮、甘草、元明粉。）其馀致血之由正多，而止血之法，又必各从其类。有由酒伤者，用解止之（宜葛根、蔻仁、侧柏、茅花。）有由食积者，用消止之（宜白术、陈皮、山查、神麴。）有由血热者，用凉止之（宜山栀炭、黄连炭。）有由血寒者，用温止之（宜血馀灰、乾姜炭。）有由血滑者，用涩止之（宜棕灰、荷叶灰。）有由血虚者，用补止之（宜发灰、地黄灰。）有由怒伤肝木，血菀于上者，必含人搏厥，用平止之（宜沉香、木瓜、青皮、丹皮、白芍。）有由血瘀在中者，必脉沉实，腹中满痛，用行止之（宜当归、降香、木查、蓬术、桃仁、延胡索、赤芍药。）有由血溢者，被触伤破，泉涌不止，用补止之（宜十全大补频频多服。）有由血脱者，九窍齐出，亦用补止之（宜急用发灰、大蓟汁，人参汤调服。）此外有积劳吐血，久病后吐血，多而久不止者（并宜独参汤。）或内多乾血，肌肤甲错，两目暗黑（宜大黄䗪虫丸。）皆当加意治之。是知血宜静宜下，七情妄动，形体疲劳，阳火相迫错行，必脉洪口渴便结，用凉药救之（宜黄岑、黄连、生地、竹叶、麦冬、丹皮。）若气虚挟寒，阴阳不相为守，血亦妄行，必有虚冷之状，说阳虚阴必走是也（宜八味丸，或理中汤加乌药、木香。）而古人谓血以下行为顺，上出为逆，吐血初起，宜食大黄下之，又谓亡血失血，虚家禁下，非两言之相背也，须知宜行者畜妄之初，禁下者亡失之后，固不可混视也。总之，治血之法，不外治肝，而治肝之馀，必兼补水顺气。说气有馀即是火，血随气上，补水则火自降，顺气则血不升也（补水宜熟地、牛膝、丹皮等，顺气宜苏子、沉香、橘红等。童便能使浊阴归下窍，兼能行瘀，藕汁能达血无滞，兼能止涩。）若《内经》云：凡风寒暑湿燥火，六气之变，皆能失血，若不察其所因，概与凉折，必生变，医者不可不知。古人治血，多以胃药收央，如乌药、沉香、炮姜、姜、枣，称为虚家神剂，医者又不可不知。以上治血之大凡也。痨病必咳嗽，或由阴伤阳浮，水涸金燥喉痒而咳，宜用甘润养肺，水旺气复而咳自已（宜麦冬、花粉、生地、杏仁、橘红、阿胶、桔梗。）或由脾胃先虚不能制水，水泛为痰，水冷金寒而咳（宜立效方加羌活、皮白、白术。）或由火烁肺金而咳（宜六味丸。）或由命门火衰，气不化水而咳（宜于治咳药中加附子、肉桂、人参、羌活。）至痨嗽失音，肺气郁也（宜杏仁膏。）痰嗽兼喘，痰涎涌也（宜五汁膏。）痨嗽痰热渴汗，心脾伤也（宜滋阴清化丸。）以上治咳之大凡也，参看咳嗽门更详。虚痨之属，有桃花疰，其症面色不衰，肌肤不瘦，外如无病，内实虚伤，须审现在何症，及伤在何脏以治之（大概宜用紫金锭、苏合丸、或回春避邪丹等方。）又有传尸痨，乃鬼作虫而为祟，其症沉沉默默，不知所苦，经时累月，渐渐羸顿，至于死亡，治法以固本为先，祛虫为次（固本宜人参养荣汤、八味丸，祛虫宜十疰丸、桃奴丸、紫金锭。）嗟乎，虚劳为病，亦既甚矣，苟非洞其源，彻其流，何以云治乎，故知治痨之法，不可偏热，不可偏凉，不可偏补，务在察其脉症，斟酌用药，庶乎有廖。丹溪云：一水既亏，不胜五火，虚症蜂起，先当和解微下，次用调补，若邪未除，便行补剂，邪入经络，深为可悲，惟无积人，脉举按无力者方可补之。此诚治虚损痨瘵之要道也。〖脉　法〗《灵枢》曰：气虚则脉弦，阴虚则脉大。仲景曰：平人脉大为劳，脉极虚亦为劳。又曰：脉虚细弱者，劳也。又曰：脉弦而大，弦则为减，大则为芤，减则为寒，芤则为虚，虚寒相搏，此名为革，妇人则半虚漏下，男子则亡血失精。又曰：寸口脉微而涩，微者卫气衰，涩者荣气不足。卫气衰，面色黄。荣气不足，面色青。荣为根。卫为叶，荣卫俱微则根叶藁活，而寒栗，咳逆，唾胶，吐涎沫。《脉经》曰：脉来软者为虚，缓者为虚，微者为虚，弱者为虚，弦者为中虚，细而微者气血俱虚，小者气血俱少，大而芤者脱血，血虚脉大如葱管，脉沉者迟者脱气。《脉经》曰：平脉弦大，劳损而虚；大而无力，阳衰易扶；数而无力，阴火难除；寸弱上损，浮大里活；尺寸俱微，五劳之躯；血羸左濡，气惟右推；左右微小，气血无馀。丹溪曰：男子久病，气口脉弱则死，强则生；女子久病，人迎脉强则生，弱则死。《直指》曰：虚劳之脉，大抵多弦，或浮大，或数大者，易治；血气未定，可药而正也，弦者难治；血气已耗，未易调补也；若带双弦，则为贼邪侵脾，尤为难治；加数极，则殆。〖虚劳原由症治〗《回春》曰：百病皆生于肾。说精伤则肾水空虚，不能平其心火，火炎伤其肺金，是绝水之源，金水衰弱，不能胜其肝木，木盛则剋脾土，而反生火，火独旺而不生化，故阳有馀，阴不足，独热而不久矣。《纲目》曰：虚者皮毛、肌肉、筋脉、骨髓、气血、津液不足是也。《入门》曰：凡饮食减少，精神昏短，遗精梦泄，腰背胸胁筋骨引痛，潮热自汗，痰盛咳嗽，是虚痨常症也。又曰：虚损皆由水火不济，但以调和心肾为主，兼补脾胃，则饮食加，而精神气血自生矣。《直指》曰：皮虚则热，脉虚则惊，内虚则重，筋虚则急，骨虚则痛，髓虚则堕，肠虚则泄，三阳实三阴虚汗不出，三阴实三阳虚汗不止。又曰：虚劳之疾，百脉空虚，非滋润粘腻之物以养之，不能实也，切不可妄施金石燥热等药。东垣曰：肺损益其气，心损调其荣卫，脾损调其饮食，适其寒温，肾损益其精，肝损缓其中。缓中者，调血也，宜四物汤，以其中有白芍也。《得效》曰：虚损之症，峻补者，乌、附、天雄、姜桂等；润补者，鹿茸、当归、苁蓉等；清补者，二冬、人参、地黄等。〖阴阳气血虚辨〗《入门》曰：虚脉多弦，弦而濡大为气虚，沉微无力为气虚甚，弦而微为血虚，涩而微为血虚甚，形肥而面白者为阳虚，形瘦而面仓黑者为阴虚。又曰：房劳思虑伤心肾，则阴血虚；饥饱劳役伤胃气，则阳气虚。此伤症之至要也，海藏曰：呼吸少气，懒言语，动作无力，目无精光，面色㿠白，此兼气血虚也。《保命》曰：右脉浮而大，或大而弦，皆为虚劳，说阳盛阴虚之症，暮多见之；右脉虚微细弦为虚劳者，乃阴阳俱虚也，晨多见之。丹溪曰：人之一身，阳常有馀阴常不足，气常有馀血常不足，故滋阴补血之药，自幼至老，皆不可缺。〖虚痨五败九死十绝侯〗《千金方》曰：手足肿无交纹，心败；唇反黑无纹，肺败；面黑有疮，肝败；阴肿囊缩，肾败；脐突肿满；脾败。又曰：九死候者，一手足青，二手足久肿，三脉活齿乾，四语声散鼻虚张，五唇寒冷宣露，六唇肿齿焦，七手循衣缝，八汗出不流，九舌卷卵缩。又曰：气短，目视亭亭无精光，心绝；鼻虚张，气复短，肺绝；面青，眼视人不直，数出瓷，肝绝；面黑，眼晴黄。素汁流，肾绝；泄涎唾不觉，时时妄语，脾绝；爪甲青，恶骂不休，胆绝；背脊酸痛，腰重反覆难，骨绝；面无精光，头目自眩，血绝；舌卷缩，如红丹，咽唾不得，足踝小肿，肉绝；发直如麻，汗出不止，肠绝。〖虚痨脉代及生死症〗仲景曰：虚痨不足，汗出而闷，脉结代，心动悸，行动如常，不出百日死，急者十馀日死，宜用炙甘草汤救之。《正传》曰：《难经》言七传者死，间脏者生，何谓也？然七传者，传其所胜也；间脏者，传其子也。何以言之？假令心病传肺，肺病传肝，肝病传脾，脾病传肾，肾病传心，一脏不再传，故言七传者死也。间脏者，传其所生也，假令心传脾，脾传肺，肺传肾，肾传肝，肝传心，是子母相生，周而复始，如环无端，故言生也。今考之经文，所谓七传者，只六传而已，谓一脏不再传，按其数，乃有四脏不再受伤也，夫此条言虚痨之症也。其所谓七传者，心病上，必脱去肾病传心一句，其一脏不再伤，当作三脏不再伤，皆传写之误耳。说虚痨之症，必始于肾经，五脏从相剋，而逆传已尽，又复传于肾与心，则水绝而火太旺，故死，而不复再传于彼之三脏矣。其有从相生而顺传者，有生生不息之义，故间脏者生也。《回春》曰：虚痨之疾，不受补者难治；喉中生疮，声音哑者不治；久卧生胝者不治；虚极之病，火炎面红，发喘痰多，身热如火，跗肿溏泄，脉紧不食者死不治。〖虚痨导引〗《保生秘要》曰：掌心无事任擦搓，早晚摩两胁肾哄耳根涌泉；令人搓百四十回，固精多效。朝煅人乳酒，饮清洁童便或服循环水，用姜枣以暖脾宫，或用秋石代盐，取其滋阴降火。若虚损无力服参者，宜依方进气，取效天然。至危漏底，诸药难治者，用好脐带数条燥为末，每服二钱，好酒谅意调服，神验也。戒恼怒，绝思欲，忘言守静，能踵息，起死回生。〖运　央〗《保生秘要》曰：一指归元，三提三咽，念四字咒，于分寸虚虚抱守，妄念返复，持一死字，世事尽归于空，抱守二七，痰涎稍清，运央周天，借督脉，按四时进退，有神央。呕红起念艮背，运行庭归元合用，百日央夫，勿使间断，骨蒸盗汗，痰嗽尽愈。五痨六极七伤　皆虚损之属病也。说虚损之病，由五脏之劳而生，其病既成，即生六极，渐至七伤，是五劳者虚损之原。而六极七伤，则皆虚损病之流极也，其患有相因，其势有必至，虽皆虚损之属，而其症状调治，实有不容混者，故复举而详之。《金匮》曰：五劳者，心劳神损，肝劳血损，脾劳食损，肺劳气损，肾劳精损也（心宜大五补丸，肝宜黑元，脾宜橘皮煎元，肺宜人参黄耆散，肾宜肾气丸。）然则知五劳之症治，即可以杜痨瘵之原。《入门》曰：数转筋十指爪甲皆痛，为筋极（宜并服滋补养荣丸、酒煮木爪粥。）牙痛，手足痛，不能久立为骨极（宜茸珠丸。）面无血色，头发堕落，为血极（宜补荣汤。）身上往往如鼠走，体上乾黑，为肉极（宜参苓元。）气少无力，身无膏泽，翕翕羸瘦，目无精光，立不能久，身体若痒，搔之生疮，此为精极（宜巴戟元。）胸胁逆满，恒欲大怒，气少不能言，此为气极（宜益气丸。）然则知六极之症治，即可以拯痨瘵之深。《入门》曰：七伤，一阴寒，二阴痿，三里急，四精漏，五精少，六精清，七小便数也（总治宜锁阳丹、九龙丹。）然则知七伤之症治，即可以培痨瘵之根。〖劳伤形症〗孙思邈曰：忽喜怒，大便苦难，口内生疮，此为心劳；短气面肿，鼻不闻香，咳嗽唾痰，两胁胀痛，喘息不定，此为肺劳；面目乾黑，精神恍惚，不能独卧，目视不明，频频瓷下，此为肝劳；口苦舌强，呕逆醋心，气胀唇焦，此为脾劳；小便黄赤，兼有馀沥，腰痛耳鸣，夜间多梦，此为肾劳。《入门》曰：曲运心机，为心之劳，其症血少，面无色，惊悸，盗汗，梦遗，极则心痛，咽肿；尽力谋虑，为肝之劳，其症筋骨拘挛，极则头目昏眩；意外过思，为脾之劳，其症胀满少食，极则吐泻肉削，四肢倦怠；预事而忧，为肺之劳，其症气乏，心腹冷痛，极则毛焦津活，咳嗽烘热；矜持志节，为肾之劳，其症腰脊痛，遗精白浊，极则面垢，脊如折。又曰：心劳则口舌生疮，语涩肌瘦；肝劳则胁痛，关格不通；脾劳则气急，肌瘦多汗；肺劳则气喘面肿，口燥咽乾；肾劳则尿赤阴疮，耳鸣面黑。《医鉴》曰：七伤者，一阴汗，二精寒，三精清，四精少，五囊下湿痒，六小便涩数，七夜梦阴人，其病皆小便赤热，或如针刺。煎厥症　阳虚病也。《内经》曰：阳气者，烦劳则张，精绝，辟积于夏，使人煎厥，目盲不可以视，耳闭不可以听，溃溃乎若坏都，汩汩乎不可止。注曰：以煎迫而气逆，因以煎厥为名。厥，谓气逆也。说阳虚之人，其气本浮，为外热所迫，气遂逆而不止，甚至昏冒，故成此症也。然其原虽本阳虚，以由热邪煎迫而成，仍禁用辛热之品，医者固不可不知也（宜加味补阴丸、加减补阴丸。）〖煎厥症治〗《入门》曰：煎厥而至目盲所视，耳闭厥听，大矣哉，房之为患也，治法宜与阴虚火动同。　解㑊　肝肾虚病也。《内经》言：尺脉缓涩，谓之解㑊。释云：尺为阴部，肝肾主之，缓为热中，涩为无血，故谓之解㑊。解㑊者，寒不寒，热不热，弱不弱，壮不壮，停不可名，谓之解㑊也。据此则知解㑊一症，洵由肝肾二经之虚。说肝主筋，肾主骨，肝虚则筋软缓，而无力以束，无力以束则周身之肌肉，皆涣而若解。肾虚则骨萎薾，而不能自强，不能自强则遍体之骨节，皆松懈而多㑊，惟其然，故恹恹悒悒，闷闷。若有不可以为人，并不自知所以为人者，则肝肾二经之虚为已极矣（宜遐龄万寿丹、神仙既济丹。）此则《内经》之旨也。然而李氏梃则又兼内伤外感言之，细详其症，诚非混杂之论也。李云：解者肌肉解散，㑊者筋不束骨，其症似寒非寒，似热非热，四肢骨节解散，怠惰烦疼，饮食不美，或因酒伤（宜葛花解酲汤，）或中湿（宜加味术附汤，）或感冒风寒（宜羌活冲和汤，）或房事过多（宜鹿胎丸，）或妇人月水不调（宜加味逍遥散，）以此得病，宜通其气血疏其腠理，以内伤兼外感药调之，则又医者所当详察。总之，《内经》之言解㑊，本症也；李梃之言解㑊，兼症也。由本症论为虚痨已极，由兼症论为虚痨派别，固不可一例视也。且由李氏之言推之，如大肠移热于胃，胃移热于胆，皆成食㑊症，皆多饮食，皆食易饥，皆不生肌肉，应亦为解㑊兼症之流派也（宜参苓元。）病千变而不穷，治随机而难执，必审乎此，乃可与言医。〖解㑊症状〗《灵枢》曰：髓伤则消烁，腑酸体解，㑊然不去矣，不去者谓不能行去也。　二阳病　血虚精少症也。《内经》言：二阳之病发心脾，有不得隐曲，女子不月，其传为风消，其传为息贲者，死不治。夫所谓二阳者，手阳明大肠、足阳明胃也。说以肠胃发病，心脾受之；心主血，今受病，则失所主而血不流；脾主化食作味，轮于脏腑而成精，今受病，则失所主而味不化，致男子少精，不得为隐蔽委曲之事。然则二阳之病，非由精少血衰而何。古人谓为症属血劳，洵有然也。说以女子不月，固属血病（宜逍遥散、加味逍遥散，）精即是血，男子不得隐曲，亦即血病也（宜菟丝子丸、鹿胎丸。）,病名,"[""老年后""]",,肝肾阴虚证,,"[""原发性-老年型""]",,"[""腰背痛"", ""骨痛"", ""活动受限"", ""乏力""]",,"[""中药内服""]",,"[{""name"": ""金刚丸"", ""type"": ""方剂"", ""note"": ""用于损肾伤精、骨髓消减之证""}, {""name"": ""煨肾丸"", ""type"": ""方剂"", ""note"": ""用于益精补肾、骨病相关虚损""}, {""name"": ""八味丸"", ""type"": ""方剂"", ""note"": ""用于肾虚骨痿、腰膝无力""}, {""name"": ""六味丸"", ""type"": ""方剂"", ""note"": ""用于肝肾阴虚、骨髓不足""}]",0.7,损肾伤精，骨髓消减；骨痿不能起,True,True,,"[{""classical_span"": ""损肾伤精，骨髓消减"", ""why_supports"": ""明确指出肾虚导致骨髓减少，对应骨量不足""}, {""classical_span"": ""骨痿不能起"", ""why_supports"": ""描述骨萎软、功能受限，符合骨质疏松表现""}]",1,"[""原文为虚痨总论，骨病描述可能为并发表现"", ""未明确提及骨折等脆性骨折证据"", ""病名与现代疾病存在时代语义差异""]",d2d3496c623bac9e63d9011c466ae3e8,"['八味丸', '六味丸', '煨肾丸', '金刚丸']",清,"['乏力', '活动受限', '腰背痛', '骨痛']"
ok,1105,2026-02-04 17:23:46,李翰卿医学全集,1960.0,骨痿,一氧化碳中毒,20天后，患者神志基本清醒，但痴呆、失语、痉挛性瘫痪不见明显改善。因思张锡纯《医学衷中参西录》云：“有因身之拘挛，而不能伸者，盖人身之筋，以宗筋为主，而不能营养宗筋者，阳明也。其人脾胃素弱，不能化谷生液，以荣养宗筋，更兼内有蕴热以铄耗之。或更有风寒所袭，致宗筋之伸缩自由者，竟有缩无伸，浸成拘挛矣。有筋非拘挛，肌肉非痹木，惟觉足软不能履地者，乃骨髓枯涸，肾虚不能作强也。”“骨痿者加鹿胶，鹿胶取其以骨补骨也。”“若其痿专在下肢，可但用牛膝以引之下行。若其人手足并痿者，又宜加桂枝兼引之上行。”“有肌肉痹木，抑搔不知痛痒者，其人或风寒袭人经络，或痰涎郁塞经络，或风寒痰涎互相凝结经络之间，以致血脉闭塞，而其原因，实由于大气虚损。”故在活络效灵丹的基础上加入木瓜、鹿角胶、虎骨胶、黄芪等，瘫痪、失语逐渐好转，半年后果然诸症消失而愈。,病名,"[""情志异常""]",,肾阳虚证,,[],,"[""活动受限"", ""乏力""]",,"[""中药内服""]",,"[{""name"": ""活络效灵丹"", ""type"": ""方剂"", ""note"": ""作为基础方活络通经""}, {""name"": ""木瓜"", ""type"": ""单味药"", ""note"": ""加用以舒筋活络""}, {""name"": ""鹿角胶"", ""type"": ""单味药"", ""note"": ""取以骨补骨，治疗骨痿""}, {""name"": ""虎骨胶"", ""type"": ""单味药"", ""note"": ""用于筋骨痿软""}, {""name"": ""黄芪"", ""type"": ""单味药"", ""note"": ""补气以充大气虚损""}, {""name"": ""牛膝"", ""type"": ""单味药"", ""note"": ""下肢痿弱引药下行""}, {""name"": ""桂枝"", ""type"": ""单味药"", ""note"": ""手足并痿引药上行""}]",1.0,惟觉足软不能履地者，乃骨髓枯涸，肾虚不能作强也。骨痿者加鹿胶，鹿胶取其以骨补骨也。,True,True,愈,"[{""classical_span"": ""骨髓枯涸，肾虚不能作强"", ""why_supports"": ""直接描述骨髓亏虚、骨弱，为骨质疏松核心病机""}, {""classical_span"": ""骨痿者加鹿胶"", ""why_supports"": ""明确出现骨痿病名，属高度相关范畴""}]",4,"[""若忽略原文仅讨论中毒后遗症，可能误判为骨病主导"", ""若将筋挛、痿软等同于所有骨病，存在过度泛化风险"", ""未见现代骨折描述，部分读者或认为证据不足""]",f53c78142eee0c80536e0795e4b0dd81,"['木瓜', '桂枝', '活络效灵丹', '牛膝', '虎骨胶', '鹿角胶', '黄芪']",近现代,"['乏力', '活动受限']"
ok,4022,2026-02-04 19:19:45,李翰卿医学全集,1960.0,骨痹,痹证 十八种痹辨治要则,(1)小续命汤加虎骨或狗骨：主治骨痹之虚证者。,方药,[],,其它-风寒湿痹证,原文仅述“骨痹之虚证者”，未对应到给定证型枚举中的具体类型。,[],,[],,"[""中药内服""]",,"[{""name"": ""小续命汤"", ""type"": ""方剂"", ""note"": ""原文作为主方，用于骨痹之虚证""}, {""name"": ""虎骨"", ""type"": ""单味药"", ""note"": ""加味用药，用于骨痹""}, {""name"": ""狗骨"", ""type"": ""单味药"", ""note"": ""加味用药，用于骨痹""}]",0.2,,True,False,,"[{""classical_span"": ""主治骨痹之虚证者"", ""why_supports"": ""仅提示骨痹与虚证，属痹证范畴，未见骨弱、骨折等强指向骨质疏松的描述""}]",1,"[""原文仅见“骨痹”概念，缺乏骨弱或脆性骨折等关键信息"", ""未提供具体人群、症状体征，证据不足以明确映射"", ""若强行对应现代骨质疏松，存在过度推断风险""]",1447645d319af267b30dad270f24b043,"['小续命汤', '狗骨', '虎骨']",近现代,[]
ok,3001,2026-02-04 18:38:45,李氏医鉴,1644.0,骨痿,卷之三 诸痿、痿痹、痛风、麻木、筋急、拘挛,贲豚丸　痞气丸（痞满门）　除吴萸、白术、砂仁、人参、干姜、川椒、黄芩、茵陈，加石菖蒲、丁香、附子、苦楝、延胡、独活、全蝎，淡盐汤下。治肾积发于小腹，上至心下，若豚状上下无时，令人喘咳、骨痿。,方药,[],,删除,,[],,[],,"[""中药内服""]",,"[{""name"": ""贲豚丸"", ""type"": ""方剂"", ""note"": ""原方用于肾积发于小腹，上至心下""}, {""name"": ""痞气丸"", ""type"": ""方剂"", ""note"": ""痞满门用方，与贲豚丸并列""}, {""name"": ""吴茱萸"", ""type"": ""单味药"", ""note"": ""原方去药""}, {""name"": ""白术"", ""type"": ""单味药"", ""note"": ""原方去药""}, {""name"": ""砂仁"", ""type"": ""单味药"", ""note"": ""原方去药""}, {""name"": ""人参"", ""type"": ""单味药"", ""note"": ""原方去药""}, {""name"": ""干姜"", ""type"": ""单味药"", ""note"": ""原方去药""}, {""name"": ""川椒"", ""type"": ""单味药"", ""note"": ""原方去药""}, {""name"": ""黄芩"", ""type"": ""单味药"", ""note"": ""原方去药""}, {""name"": ""茵陈"", ""type"": ""单味药"", ""note"": ""原方去药""}, {""name"": ""石菖蒲"", ""type"": ""单味药"", ""note"": ""加用""}, {""name"": ""丁香"", ""type"": ""单味药"", ""note"": ""加用""}, {""name"": ""附子"", ""type"": ""单味药"", ""note"": ""加用""}, {""name"": ""苦楝"", ""type"": ""单味药"", ""note"": ""加用""}, {""name"": ""延胡索"", ""type"": ""单味药"", ""note"": ""加用""}, {""name"": ""独活"", ""type"": ""单味药"", ""note"": ""加用""}, {""name"": ""全蝎"", ""type"": ""单味药"", ""note"": ""加用""}]",1.0,治肾积发于小腹，上至心下，若豚状上下无时，令人喘咳、骨痿。,True,True,,"[{""classical_span"": ""令人喘咳、骨痿"", ""why_supports"": ""明确出现古籍病名“骨痿”，为骨质疏松高度相关范畴""}]",1,"[""若将证型强行归入肾虚等，属于证据不足的臆断"", ""若推断具体人群或现代分型，原文未载，易超出文本"", ""若补充未出现的症状体征，违反仅基于原文原则""]",bf30288b2e755b1459f3bb3e07ee47b4,"['丁香', '人参', '全蝎', '吴茱萸', '川椒', '干姜', '延胡索', '独活', '痞气丸', '白术', '石菖蒲', '砂仁', '苦楝', '茵陈', '贲豚丸', '附子', '黄芩']",清,[]
ok,4308,2026-02-04 19:30:35,李氏医鉴,1644.0,骨痹,卷之三 诸痿、痿痹、痛风、麻木、筋急、拘挛,筋骨缓纵，足不任地曰痿，风寒湿客于肌肉、血脉曰痹。其风气胜者为行痹，寒气胜者为痛痹，湿气胜者为着痹。以冬遇此者为骨痹，以春遇此者为筋痹，以夏遇此者为脉痹，以至阴遇此者为肌痹，以秋遇此者为皮痹。痹在于骨则重，在于脉则血凝而不流，在于筋则屈不伸，在于肉则不仁。在皮则寒，痛者，寒气多也。其寒者，阳气少阴气多也。其热者，阳气多阴气少也，故为痹热。其多汗而濡者，湿也，阳气少，阴气盛，故汗出而濡也。湿流关节，痛而烦曰湿痹。周身痿痹曰周痹，由气血不足，七宝美髯丹主之。,病名,[],,肾虚血瘀证,,[],,"[""骨痛"", ""活动受限"", ""步态不稳""]",,"[""中药内服""]",,"[{""name"": ""七宝美髯丹"", ""type"": ""方剂"", ""note"": ""用于周身痿痹、气血不足之证""}]",0.2,痹在于骨则重,True,True,,"[{""classical_span"": ""以冬遇此者为骨痹"", ""why_supports"": ""明确提出骨痹，为骨病相关范畴""}, {""classical_span"": ""筋骨缓纵，足不任地"", ""why_supports"": ""描述筋骨无力、行动受限，符合骨弱相关表现""}]",3,"[""原文未明确记载骨折或骨量减少"", ""以痹证病因为主，可能偏向风寒湿痹而非骨质疏松"", ""缺乏明确人群与年龄信息，现代映射证据有限""]",aed83c7335b06caa6f8f724290707762,['七宝美髯丹'],清,"['步态不稳', '活动受限', '骨痛']"
ok,1891,2026-02-04 17:54:09,良朋汇集经验神方,1711.0,骨折,卷之五 跌打损门,●治骨折方　乳香末掺极痛处，以上黄米面涂上，用五灵脂一两，茴香一钱，其为末厚掺之以帛裹定，用木片夹之，少壮人二日效，老者五六日效。,外治法,"[""老年后""]",,血瘀气滞证,,"[""原发性-老年型""]",,"[""骨折""]",,"[""中药外用""]",,"[{""name"": ""乳香"", ""type"": ""单味药"", ""note"": ""研末掺极痛处""}, {""name"": ""黄米面"", ""type"": ""其他"", ""note"": ""调涂外敷""}, {""name"": ""五灵脂"", ""type"": ""单味药"", ""note"": ""与茴香为末厚掺""}, {""name"": ""茴香"", ""type"": ""单味药"", ""note"": ""与五灵脂同用外敷""}]",0.2,治骨折方……少壮人二日效，老者五六日效,True,True,显效,"[{""classical_span"": ""治骨折方"", ""why_supports"": ""明确针对骨折治疗，老者疗效描述提示老年骨脆相关性""}]",1,"[""条文为外伤骨折治法，未直接论及骨弱或骨量减少"", ""未出现骨痿、骨疏等高度特异病名"", ""骨折是否为脆性骨折无法从原文确认""]",8ca526e36bfe24fcbdd5097c514e591b,"['乳香', '五灵脂', '茴香', '黄米面']",清,['骨折']
ok,1441,2026-02-04 17:37:30,临证实验录,2005.0,骨折,再障贫血 肾阳虚损证,考血之生成，由于脾肾。《素问·阴阳应象大论》云：“肾生骨髓。”《灵枢·决气》云：“中焦受气取汁，变化而赤是为血。”今脾肾二脏已无明显虚弱之象，末梢血象正常而骨髓象不振。忆《浙江中医学院学报》1979年第一期张觉人先生报道，马钱子治骨折，疗效甚好，能促进骨痂形成，可见其对骨髓有振兴之功。因患者已归军营，不便煎服汤药，遂令早晚各服马钱子粉0.5g ，六味地黄丸1粒（10g ）。用药两月，自觉精力充沛，一如往昔，已可参加篮球比赛。于1985年5月9日再次骨穿检查，骨髓增生明显活跃。,方药,[],,肾阳虚证,,[],,"[""骨折""]",,"[""中药内服""]",,"[{""name"": ""马钱子粉"", ""type"": ""单味药"", ""note"": ""用于促进骨痂形成，振兴骨髓""}, {""name"": ""六味地黄丸"", ""type"": ""方剂"", ""note"": ""配伍内服以调补肾脏""}]",0.2,,True,False,好转,"[{""classical_span"": ""肾生骨髓"", ""why_supports"": ""强调肾与骨髓、骨骼生理关联""}, {""classical_span"": ""马钱子治骨折"", ""why_supports"": ""涉及骨折与骨修复，但未指向骨量减少""}]",1,"[""文本未出现骨痿、骨疏等直接对应骨质疏松的病名"", ""骨折可能为单次事件，缺乏脆性或反复发生证据"", ""主要讨论骨髓造血功能，与骨量减少关联有限""]",cd7db498a6f8d835bee4762ef2d93f50,"['六味地黄丸', '马钱子粉']",近现代,['骨折']
ok,278,2026-02-04 16:51:25,陆懋修医书文十六卷,1866.0,骨痿,卷八·文八,<b>真中风论　附：痹痿厥</b>风、痹、痿、厥四病，《内经》各有专篇。而风之为病也尤多。《伤寒论》之中风，即今所谓伤风，如经言：风寒客于人，皮肤泄则洒然，寒闭则热而闷者是也。此与《金匮》：风之为病，当半身不遂，脉微而数者不同。《金匮》之言中经、中腑、中脏者，则经所谓风气入通于肝，及所谓诸暴强直，皆属于风；诸风眩掉，皆属于肝。此则真中风也。善解此证莫如河间。河间谓此多由热甚兼燥，而热为主。心火暴甚，肾不能制，则阳实而热郁，甚则心神昏冒，猝倒无知，皆以热甚故也。此河间主火之说也。至东垣则以气言，气因火郁也。丹溪则以痰言，痰因火结也。二子者，虽一主气，一主痰，实皆主火，而亦皆为通论。盖人身无内风不招外风，无内火不起内风，风由于火，火又生风，风火交煽，风为标而火为本。苟得内火之降，则内风熄。苟得内风之定，则外风除。然则欲去风于外者，安得不先去火于内耶？缪仲醇曰：休治风，休治燥，治得火时风燥了。知其要矣。喻嘉言宗之，制祛风至宝膏，用药二十六味，炼蜜为丸，如弹子大，每服一丸。方以清火为主，佐以祛风。盖清火以治病本，而祛风以治其标。若阴已伤，加以和阴。陈修园载诸《金匮·中风门》注，极表章之，皆所以治真中风也。若夫《金匮·血痹虚劳门》中方，则专以治非风之证，断非可以治真中风者。自夫人以虚劳之病，概作中风，而不问张介宾之所谓非风。又因介宾有非风之说，而从其说者，又将真中风之病概目之为非风。想当介宾时，必以非风为辨。而当今之世，则又必以非非风为辨。果遇非风，自当从非风治。若非非风，则仍当从风治。而治风之要，尤在清火。火之不降，风必不除。《洄溪医案》首章即是治风正轨。凡病皆有两端，焉得归于一致？而于此病，则既当辨其是非，尤当辨其非非。庶真中风者，不尽死于非风之说也。彼病之近于风者，又有痹。痹病亦多由于热，其风气胜为行痹，风，阳邪也，本热也。湿气胜为著痹，湿上甚为热也。寒气胜为痛痹，寒闭而为热也。即喉痹亦多热证，非虚证，皆非“血痹门”中之所谓虚劳者。至于痿，则更为热。经屡言肺热叶焦，而肝心脾肾之热皆能致之，非独骨痿之生于大热也。经又谓治痿独取阳明，石膏为阳明主药，言取阳明，则所取之为石膏，不待言矣。至于厥，则有寒厥，有热厥。其为寒厥固多，而热厥亦不少。余所见除一二虚劳外，无非热厥。治皆从仲景厥应下之之法。以余所值为燥火之运，故人病多属燥火。若在寒湿湿寒运中，当不如是。今之燥火尚有四十年，以后值寒湿六十年。过此以往，又值风火火燥者百二十年。他时运气转移，自有明者应运而生，余则就今言今可矣。,病名,[],,肝肾阴虚证,文中言“骨痿之生于大热也”，属热盛致痿，非枚举中肾虚诸证,[],,[],,"[""中药内服""]",,"[{""name"": ""石膏"", ""type"": ""单味药"", ""note"": ""治痿独取阳明，为阳明主药""}]",0.4,非独骨痿之生于大热也,True,True,,"[{""classical_span"": ""骨痿之生于大热"", ""why_supports"": ""明确提及“骨痿”这一与骨弱、骨失养相关的古籍病名""}]",1,"[""文本为理论辨析，非具体病例，证据层级有限"", ""未出现骨折、驼背等现代骨质疏松关键表型"", ""证型与现代骨质疏松主流肾虚框架不完全一致""]",69bfc00b6e73b1026a788ef8e4783caf,['石膏'],清,[]
ok,523,2026-02-04 17:01:07,麻科活人全书,1748.0,骨痿,卷之一 应用药性,【金KT 石斛】入脾、胃。甘可悦脾。故浓肠胃而治伤中。咸能益肾。故益精气而补虚羸。为治胃中虚热之专药。又能坚筋骨、强腰膝。骨痿脾弱。囊湿精少。小便余沥者宜之。麻后不食。多用与服。即能食。,方药,[],,肝肾阴虚证,,[],,[],,"[""中药内服""]",,"[{""name"": ""石斛"", ""type"": ""单味药"", ""note"": ""入脾胃益肾，补虚羸，坚筋骨、强腰膝""}]",1.0,又能坚筋骨、强腰膝。骨痿脾弱。,True,True,,"[{""classical_span"": ""骨痿脾弱"", ""why_supports"": ""明确出现“骨痿”，为古籍中与骨质疏松高度对应的病名范畴""}, {""classical_span"": ""坚筋骨、强腰膝"", ""why_supports"": ""直接指向筋骨衰弱的改善，符合骨量不足与功能减退表现""}]",1,"[""文本未提供具体人群与现代分型，若强行标注将构成臆测"", ""原文无明确症状量化描述，过度推断现代症状可能不当"", ""若忽略“骨痿”原词而仅泛称补益，将削弱证据一致性""]",91bbba4c3b913d5a5cc0358e80b1c70c,['石斛'],清,[]
ok,4684,2026-02-04 19:45:33,马培之医案,1893.0,骨枯,龟背庀,龟背乃先天肾亏，冷风入脊，或痰饮攻注，或闪挫折伤，或肾肝虚热，婴儿脊骨柔脆，强坐太早，皆能致之。背之中行属于督脉，旁开则足太阳膀胱，与肾为表里。腰为肾之外廓，肾脏亏虚，膀胱之府焉能自足。督脉为阳脉之海，其为病也，腰似折，髀不可以曲，督脉与膀胱之经皆取道于脊，一着风寒湿邪，则经气不行，腰脊板强，渐至脊庀成为龟背庀。于脊之第三椎者，肺脏受病已评于前，庀于第五椎以下者，厥阴肝经受病，十椎十一椎者，属太阴脾经，十二椎以下者，足少阴肾。其在肝者，脊背强痛，牵引胁肋，肝脉布于两胁也。疏肝流气饮。若兼咳嗽气粗，必兼治肺，在脾经者始悠悠腹痛，始所不觉，三日五日一作，三五月后腰背渐强，脊渐凸，行则伛偻，温脾饮主之。亦有腹不痛者，和脾通络散。在肾者，腰脊强痛，痛引股腿，日久精血衰夺，筋骨不荣，两足瘫软，独活汤、安肾丸主之。若痰饮攻注，兼于经隧而脊凸者，久之必发陈痰，脊两旁作肿，或串腰腿，漫肿不痛，脉象双弦，或兼缓滑，二陈竹茹汤。虚羸食少发热者，六君子汤合何首乌鳖甲煎。若肝肾虚热，阴精被耗，骨枯髓减，宜以地黄汤合二至丸。闪挫折伤，必瘀血凝滞经络，当活血通经络。但此症治之贵早，用药得宜，犹可保全，若成痰外溃，十无一愈。今之治者见脊庀腰背作强，总属虚寒，不分何脏，不究所因，一概温补。邪留不去，痰湿不行，变成残废，枉致夭亡者多多矣。有嗜欲伤肾之人，精衰血惫，腰痛脊庀者，非温补三阴不可。然宜辨阴中水亏、火亏，盖为水脏，在卦为坎，而真阳寓焉。水亏者，补元煎、左归丸之类，火亏者，归肾丸、赞化血余丹之类。,病名,[],,肝肾阴虚证,,[],,"[""腰背痛"", ""驼背"", ""活动受限""]",,"[""中药内服""]",,"[{""name"": ""疏肝流气饮"", ""type"": ""方剂"", ""note"": ""治肝经受病脊背强痛""}, {""name"": ""温脾饮"", ""type"": ""方剂"", ""note"": ""治脾经受病脊凸""}, {""name"": ""和脾通络散"", ""type"": ""方剂"", ""note"": ""治脾经脊庀腹不痛""}, {""name"": ""独活汤"", ""type"": ""方剂"", ""note"": ""治肾经腰脊强痛""}, {""name"": ""安肾丸"", ""type"": ""方剂"", ""note"": ""补肾治脊庀""}, {""name"": ""二陈竹茹汤"", ""type"": ""方剂"", ""note"": ""治痰饮攻注脊凸""}, {""name"": ""六君子汤"", ""type"": ""方剂"", ""note"": ""虚羸食少发热""}, {""name"": ""何首乌鳖甲煎"", ""type"": ""方剂"", ""note"": ""配合六君子汤""}, {""name"": ""地黄汤合二至丸"", ""type"": ""方剂"", ""note"": ""治肝肾虚热骨枯髓减""}, {""name"": ""补元煎"", ""type"": ""方剂"", ""note"": ""治阴中水亏""}, {""name"": ""左归丸"", ""type"": ""方剂"", ""note"": ""治水亏""}, {""name"": ""归肾丸"", ""type"": ""方剂"", ""note"": ""治火亏""}, {""name"": ""赞化血余丹"", ""type"": ""方剂"", ""note"": ""治火亏""}]",0.8,肝肾虚热，阴精被耗，骨枯髓减,True,True,,"[{""classical_span"": ""骨枯髓减"", ""why_supports"": ""直接描述骨质枯损""}, {""classical_span"": ""脊渐凸，行则伛偻"", ""why_supports"": ""符合骨量减少致驼背""}, {""classical_span"": ""腰脊强痛"", ""why_supports"": ""符合骨质疏松常见腰背痛""}]",1,"[""若将婴儿情形直接映射为老年骨质疏松则不当"", ""若忽略原文痰饮或外伤因素则可能误判"", ""若未见骨枯等关键词而强行高分映射则不合规""]",2371a6f0fef5489835c79d91edaf2837,"['二陈竹茹汤', '何首乌鳖甲煎', '六君子汤', '和脾通络散', '地黄汤合二至丸', '安肾丸', '左归丸', '归肾丸', '温脾饮', '独活汤', '疏肝流气饮', '补元煎', '赞化血余丹']",清,"['活动受限', '腰背痛', '驼背']"
ok,3062,2026-02-04 18:41:10,素问释义,1780.0,骨痿；骨枯,卷五 痿论第四十四,肾气热，则腰脊不举，骨枯而髓减，发为骨痿。,病名,"[""老年后"",""情志异常""]",,肝肾阴虚证,,"[""原发性-老年型""]",,"[""活动受限"", ""乏力""]",,"[""中药内服""]",,"[{""name"": ""金刚丸"", ""type"": ""方剂"", ""note"": ""用于骨痿，原文主方""}, {""name"": ""萆薢"", ""type"": ""单味药"", ""note"": ""与杜仲、苁蓉、菟丝等分配伍""}, {""name"": ""杜仲"", ""type"": ""单味药"", ""note"": ""补肝肾，强筋骨""}, {""name"": ""苁蓉"", ""type"": ""单味药"", ""note"": ""补肾助阳、益精血""}, {""name"": ""菟丝子"", ""type"": ""单味药"", ""note"": ""补肝肾以治骨痿""}]",1.0,劳倦热渴，阴气内乏，热舍于肾，则腰脊不举，骨枯而髓减，发为骨痿,True,True,,"[{""classical_span"": ""发为骨痿"", ""why_supports"": ""直接出现高度相关的古籍病名，指向骨失养、痿软""}, {""classical_span"": ""骨枯而髓减"", ""why_supports"": ""描述骨质亏损与髓减，语义高度符合骨质疏松""}]",4,"[""若将痿证一概等同骨质疏松，可能过度泛化"", ""未见明确骨折记载，部分现代表型推断仍有限"", ""证型复杂并存，单一证型标注可能存在简化""]",388385d838fd0ca54242feb706dfd79f,"['杜仲', '苁蓉', '菟丝子', '萆薢', '金刚丸']",清,"['乏力', '活动受限']"
ok,536,2026-02-04 17:01:35,脉症治方,1644.0,骨痿,卷之四 补门 诸虚,又方 六味地黄丸 治男妇肾虚。寝汗潮热。烦蒸骨痿。妇人经水不调。赤白带下。,方药,[围绝经期],,肝肾阴虚证,,[],,[],,"[""中药内服""]",,"[{""name"": ""六味地黄丸"", ""type"": ""方剂"", ""note"": ""用于治疗男妇肾虚，烦蒸骨痿等""}]",1.0,烦蒸骨痿,True,True,,"[{""classical_span"": ""烦蒸骨痿"", ""why_supports"": ""“骨痿”为古籍中高度指向骨质衰弱、骨量不足的病名""}]",1,"[""原文未提供明确现代分型却强行对应具体骨质疏松类型"", ""症状体征仅见病名未详述仍过度推断具体临床表现"", ""脱离原文补充不存在的人群或治疗结论""]",e851af9bb292b139e8edfbe45b65a87c,['六味地黄丸'],清,[]
ok,244,2026-02-04 16:50:09,秘方集验,1657.0,骨痿,卷之上 痿痹诸症（附：请风）,●痿症　痿症，断不可作风治，而误用热燥攻风之药。凡不痛者为痿，属虚。痛者为痹，属实。症各有别。盖痿病生于肺热，因血气少虚，火盛制金，肺叶焦枯，宗筋不润，金即不能生水，以致肝木乘旺，脾土受伤，则骨痿软而筋弛纵，四肢难举，不能伸缩转动，状若瘫痪者，须久服此剂。当归、白芍、杜仲、牛膝、黄耆、白木（炒）各一钱，熟地二钱，知母、黄柏各八分，水煎空心服。,病名,[],,肾虚血瘀证,文中称“属虚”“肺热，因血气少虚…则骨痿软而筋弛纵”，不符合给定枚举中的标准证型，属肺热血虚致骨痿。,[],,"[""活动受限""]",,"[""中药内服""]",,"[{""name"": ""当归"", ""type"": ""单味药"", ""note"": ""方中组成之一""}, {""name"": ""白芍"", ""type"": ""单味药"", ""note"": ""方中组成之一""}, {""name"": ""杜仲"", ""type"": ""单味药"", ""note"": ""方中组成之一""}, {""name"": ""牛膝"", ""type"": ""单味药"", ""note"": ""方中组成之一""}, {""name"": ""黄耆"", ""type"": ""单味药"", ""note"": ""方中组成之一""}, {""name"": ""白木（炒）"", ""type"": ""单味药"", ""note"": ""方中组成之一""}, {""name"": ""熟地"", ""type"": ""单味药"", ""note"": ""方中组成之一""}, {""name"": ""知母"", ""type"": ""单味药"", ""note"": ""方中组成之一""}, {""name"": ""黄柏"", ""type"": ""单味药"", ""note"": ""方中组成之一""}]",1.0,则骨痿软而筋弛纵，四肢难举，不能伸缩转动,True,True,,"[{""classical_span"": ""骨痿软而筋弛纵"", ""why_supports"": ""明确出现“骨痿”病名，直接指向骨弱萎软""}, {""classical_span"": ""四肢难举，不能伸缩转动"", ""why_supports"": ""反映筋骨萎软导致的功能受限""}]",1,"[""原文未提供现代诊断信息却被强行对应具体现代分型"", ""证型若不加限制直接套用肾虚类枚举可能构成过度推断"", ""若忽略原文“骨痿”而仅按痹证处理则证据不足""]",61223850ff434a663f8ba3a036bd4a43,"['当归', '杜仲', '熟地', '牛膝', '白木', '白芍', '知母', '黄柏', '黄耆']",清,['活动受限']
ok,1904,2026-02-04 17:54:35,秘方集验,1657.0,骨折,卷之上 折伤诸症,凡瘀血在腹者，生地黄汁三升，酒升半，分三服。或用紫罗兰花根，捣汁少许，酒冲服，次日解粪如猪肝色，自愈。跌坏遍身肿疼，狗头骨烧灰，同陈年香糟贴疼处，不然，一年之后，成冬瓜串，不治。折伤青肿，豆腐切一指厚片，锅内炙热，贴患处，冷则易之，虽面打青肿，贴数次复旧。脑破骨折，蜜和葱白，捣匀，厚封，立效。打伤眼睛，生肉一片，当归、赤石脂末用少许，掺肉上贴之，去毒血而自愈矣。肩破骨折，亦用蜜和葱白厚封，再以蟹盖，瓦上烧灰研末，酒调服尽醉，其骨自合有声。白蒺藜，炒为末，每服一钱，热酒调下，盖被出汗，愈。,外治法,[],,血瘀气滞证,,[],,[],,"[""中药内服"", ""中药外用""]",,"[{""name"": ""生地黄汁"", ""type"": ""单味药"", ""note"": ""内服以化瘀血""}, {""name"": ""紫罗兰花根"", ""type"": ""单味药"", ""note"": ""捣汁酒冲服""}, {""name"": ""狗头骨烧灰"", ""type"": ""外治"", ""note"": ""同陈年香糟外贴""}, {""name"": ""豆腐"", ""type"": ""外治"", ""note"": ""炙热外贴青肿""}, {""name"": ""蜜和葱白"", ""type"": ""外治"", ""note"": ""捣匀厚封骨折""}, {""name"": ""蟹盖灰"", ""type"": ""外治"", ""note"": ""研末酒调服""}, {""name"": ""白蒺藜"", ""type"": ""单味药"", ""note"": ""炒末酒调服""}]",0.2,折伤青肿…脑破骨折…肩破骨折，其骨自合,True,False,愈,"[{""classical_span"": ""折伤诸症"", ""why_supports"": ""内容以外伤性骨折治疗为主""}, {""classical_span"": ""其骨自合"", ""why_supports"": ""描述骨折愈合而非骨弱""}]",1,"[""文本为急性外伤骨折，非慢性骨弱"", ""未见年老骨弱或脆性骨折描述"", ""治疗指向创伤处理而非骨量减少""]",23fe45f09bf5794695c1e31a80ae5640,"['狗头骨烧灰', '生地黄汁', '白蒺藜', '紫罗兰花根', '蜜和葱白', '蟹盖灰', '豆腐']",清,[]
ok,4078,2026-02-04 19:21:43,名老中医陈治恒经验集,2008.0,骨痹,名案评析 八、消溶骨刺治骨质增生案,刘某某，女，５４岁。１９９２年３月１８日诊。腰痛半年余，不能久坐，行动困难。病人有胆囊炎、胆结石病史。刻诊：腰痛不能转侧，活动受限，行动不便，舌红、薄苔、脉沉细。经成都某医院放射科拍片检查（１１６４８２号），诊断为腰椎４、５骨质增生。经选用中西医药并针灸、理疗效果欠佳。陈氏诊为骨痹，治宜滋补肝肾，强筋壮骨，温通经络，活血化瘀，消症散结，消溶骨刺。处方一：地牯牛３００个、熟地４０克、川续断４０克、杜仲５０克、白术５０克、狗脊４０克、怀牛膝３０克、桑寄生４０克、藏红花１０克、伸筋草４０克、秦艽３０克、川芎３０克、当归３０克、丹参５０克、桂枝５０克、海马１５克、土鳖２０克、自然铜（煅、醋淬）１５克、甘草１０克。将上药浸泡白酒中，酒用量１５００～２５００克，浸泡一周后服用，每日服２次，每次服１５～２０毫升。一料药为一个疗程。处方二：白芍３０克、甘草５克、金钱草５０克、鸡内金１５克。胆囊区痛时煎水服用。,方药,"[""围绝经期""]",,血瘀气滞证,,[],,"[""腰背痛"", ""活动受限""]",,"[""中药内服"", ""针刺"", ""其他""]",配合理疗,"[{""name"": ""地牯牛"", ""type"": ""单味药"", ""note"": ""酒浸内服，主方用药""}, {""name"": ""熟地"", ""type"": ""单味药"", ""note"": ""滋补肝肾""}, {""name"": ""川续断"", ""type"": ""单味药"", ""note"": ""强筋壮骨""}, {""name"": ""杜仲"", ""type"": ""单味药"", ""note"": ""强筋骨""}, {""name"": ""狗脊"", ""type"": ""单味药"", ""note"": ""祛风湿强腰膝""}, {""name"": ""怀牛膝"", ""type"": ""单味药"", ""note"": ""活血通络""}, {""name"": ""桑寄生"", ""type"": ""单味药"", ""note"": ""补肝肾强筋骨""}, {""name"": ""自然铜（煅、醋淬）"", ""type"": ""单味药"", ""note"": ""消症散结""}, {""name"": ""桂枝"", ""type"": ""单味药"", ""note"": ""温通经络""}]",0.2,陈氏诊为骨痹，治宜滋补肝肾，强筋壮骨,True,False,,"[{""classical_span"": ""诊断为腰椎4、5骨质增生"", ""why_supports"": ""提示为骨质增生而非骨量减少""}, {""classical_span"": ""陈氏诊为骨痹"", ""why_supports"": ""属痹证范畴，非典型骨痿/骨疏""}]",1,"[""主要诊断为骨质增生而非骨量减少"", ""缺乏脆性骨折或骨弱描述"", ""证据不足以明确映射为骨质疏松""]",2c90265c55b54ad2e6057c129fd23bfa,"['地牯牛', '川续断', '怀牛膝', '杜仲', '桂枝', '桑寄生', '熟地', '狗脊', '自然铜']",近现代,"['活动受限', '腰背痛']"
ok,1709,2026-02-04 17:47:24,名老中医邓明鲁经验集,2010.0,骨折,药论药话 二、中国药用动物资源开发利用论,药理研究表明，鹿茸精能提高机体工作能力，改善睡眠和食欲，并可减轻肌肉的疲劳。鹿茸的性激素样作用也十分明显。鹿茸精含有雄性内分泌素，对阳痿、遗精有效。鹿茸对心血管系统的影响也是明显的，适量鹿茸精可使心脏工作效率改善，低弱的心音变为清晰，脉搏变得更为充盈有力，并使血压升高。鹿茸对创伤的影响也是明显的，皮肤科和骨科临床表明，对于长期不愈合和一时新生不良的溃疡和伤口，有增强其再生的能力。能促进骨折的愈合，影响氨素和糖代谢。,方药,[],,脾胃虚弱证,,[],,[],,"[""中药内服""]",,"[{""name"": ""鹿茸精"", ""type"": ""单味药"", ""note"": ""药理研究表明可促进骨折愈合""}]",0.2,能促进骨折的愈合,True,True,,"[{""classical_span"": ""能促进骨折的愈合"", ""why_supports"": ""涉及骨折修复，与骨病相关但未明确骨质疏松""}]",1,"[""原文未出现骨痿或骨弱等明确骨质疏松病名"", ""仅提骨折愈合，可能属于外伤修复而非骨质疏松"", ""未提供人群或长期骨量减少证据""]",ae724889bd5a23580e313bd409e66b13,['鹿茸精'],近现代,[]
ok,1708,2026-02-04 17:47:24,名老中医邓铁涛经验集,2005.0,骨折,学术精华 四、祛瘀法与痰瘀相关之研究,（一）祛瘀法源于汉代，发扬于晚清邓氏认为，《内经》时代对“瘀”与“祛瘀”的问题，没有直接的论述，认识还浅。但至汉代张仲景《伤寒论》与《金匮要略》，对一些血瘀证证治则有较系统的阐述，有些理论与经方沿用至今，仍有很强的临床指导意义。例如桃仁承气汤治疗胸腰椎骨折早期，能缓解持续性剧烈疼痛，消除腹胀，尿闭，便秘等症状，祛瘀生新，为骨折的治愈创造有利条件。又如下瘀血汤不但可治产后瘀血腹痛，后世还有人用以防治狂犬病。再如治血痹虚劳的大黄　虫丸，治肠痈的大黄牡丹皮汤、治疟疾肝脾肿大的鳖甲煎丸、治产后腹痛的枳实芍药散等，都是源于汉代仲景经方，邓氏运用它们防治各科血瘀病证，均有深刻的体会。,方药,[],,血瘀气滞证,,[],,[],,"[""中药内服""]",,"[{""name"": ""桃仁承气汤"", ""type"": ""方剂"", ""note"": ""用于胸腰椎骨折早期，缓解剧痛、祛瘀生新""}, {""name"": ""下瘀血汤"", ""type"": ""方剂"", ""note"": ""原治产后瘀血腹痛，文中举例其他应用""}, {""name"": ""大黄虫丸"", ""type"": ""方剂"", ""note"": ""治血痹虚劳之经方，文中列举""}, {""name"": ""大黄牡丹皮汤"", ""type"": ""方剂"", ""note"": ""治肠痈之经方，文中列举""}, {""name"": ""鳖甲煎丸"", ""type"": ""方剂"", ""note"": ""治疟疾肝脾肿大之经方，文中列举""}, {""name"": ""枳实芍药散"", ""type"": ""方剂"", ""note"": ""治产后腹痛之经方，文中列举""}]",0.2,,True,False,,"[{""classical_span"": ""桃仁承气汤治疗胸腰椎骨折早期"", ""why_supports"": ""明确为急性外伤性骨折治疗，非骨弱或骨量减少""}]",2,"[""文本核心为急性外伤性骨折与祛瘀治法，非骨痿或骨弱范畴"", ""未出现年老骨弱、脆性骨折或反复骨折等关键指征"", ""强行映射为骨质疏松可能混淆外伤骨折与代谢性骨病""]",ce5e307fed41e1651bdd17e2a7610cae,"['下瘀血汤', '大黄牡丹皮汤', '大黄虫丸', '枳实芍药散', '桃仁承气汤', '鳖甲煎丸']",近现代,[]
ok,1707,2026-02-04 17:47:21,名老中医金世元经验集,2012.0,骨折,学术精华 一、中药性状鉴别经验,伪制品３：藤三七块茎（又名：藤子三七、落葵薯）：来源于落葵科植物藤三七ＢｏｕｓｓｉｎｇａｕｌｔｉａｇｒａｃｉｌｉｓＭｉｒｒｓｖａｒ．ＰｓｅｕｄｏｂａｓｅｌｌｏｉｄｅｓＢａｉｌｅｙ的干燥块茎，经加工略煮后伪充三七出售。藤三七原为云南思茅地区的民间草药，药用部位为其藤上叶腋处生长的瘤块状珠芽，不用块茎。其珠芽具有滋补，强壮腰膝，消肿散瘀的作用。主治腰膝痹痛，跌打损伤，骨折等症。,方药,[],,血瘀气滞证,,[],,"[""腰背痛""]",,"[""中药内服""]",,"[{""name"": ""藤三七珠芽"", ""type"": ""单味药"", ""note"": ""民间草药，具有滋补、强壮腰膝、消肿散瘀之用""}]",0.2,,True,True,,"[{""classical_span"": ""主治腰膝痹痛，跌打损伤，骨折"", ""why_supports"": ""提及腰膝疼痛与骨折，但以外伤为主，非典型骨质疏松表现""}]",1,"[""文本主要针对跌打损伤与外伤性骨折，非慢性骨弱"", ""未出现骨痿、骨疏或年老骨弱等高指向病名"", ""缺乏脆性骨折或骨量不足的明确描述""]",2e3f65dab0cc0654071f03f11d367f0c,['藤三七珠芽'],近现代,['腰背痛']
ok,1923,2026-02-04 17:55:19,名老中医李昌源经验集,2015.0,骨折,经验方 七、枳马金钱散,主治：骨折，跌打损伤。,方药,"[""老年后""]",,删除,,[],,[],,"[""中药内服""]",,"[{""name"": ""扁青"", ""type"": ""单味药"", ""note"": ""用于治骨折、跌打损伤等外伤性病证""}]",0.2,,True,False,,"[{""classical_span"": ""治骨折，跌打损伤"", ""why_supports"": ""仅提示外伤性骨折治疗，未见骨弱、易折或老年骨衰描述""}]",1,"[""文本仅涉及急性外伤性骨折，非慢性骨衰或脆性骨折"", ""未出现骨痿、骨弱、年老易折等指向性病名或描述"", ""证据不足以支持明确骨质疏松映射""]",feaf4f6b79ca696328904dd265ac3d38,['扁青'],近现代,[]
ok,1659,2026-02-04 17:45:37,名老中医李明富临床经验,2018.0,骨折,学术精华 一、瘀血理论及活血化瘀治则的研究应用,活血疗伤７三七，苏木，红花，乳香，没药，延胡，川芎，丹皮，血竭，灵脂，刘寄奴，降香，虎杖，自然铜，　虫各种外伤所致的青紫肿痛，活动障碍以及骨折１复元活血汤２续骨活血汤（《中医伤科学》）,方药,[],,血瘀气滞证,,[],,"[""活动受限""]",,"[""中药内服""]",,"[{""name"": ""复元活血汤"", ""type"": ""方剂"", ""note"": ""用于外伤骨折、瘀血阻滞""}, {""name"": ""续骨活血汤"", ""type"": ""方剂"", ""note"": ""用于骨折后活血续骨""}, {""name"": ""三七"", ""type"": ""单味药"", ""note"": ""活血疗伤""}, {""name"": ""苏木"", ""type"": ""单味药"", ""note"": ""活血止痛""}, {""name"": ""红花"", ""type"": ""单味药"", ""note"": ""活血化瘀""}, {""name"": ""乳香"", ""type"": ""单味药"", ""note"": ""活血止痛""}, {""name"": ""没药"", ""type"": ""单味药"", ""note"": ""活血止痛""}, {""name"": ""自然铜"", ""type"": ""单味药"", ""note"": ""用于骨折损伤""}]",0.2,,True,False,,"[{""classical_span"": ""各种外伤所致的青紫肿痛，活动障碍以及骨折"", ""why_supports"": ""提示为外伤性骨折与活动受限，非骨量减少""}]",3,"[""文本为外伤骨折治疗，缺乏骨弱或脆性骨折证据"", ""未出现骨痿、骨疏等与骨质疏松高度一致的病名"", ""证候以瘀血为主，非慢性虚损性骨病""]",e5557e36e6bee20dbb61febaf3ad5552,"['三七', '乳香', '复元活血汤', '没药', '红花', '续骨活血汤', '自然铜', '苏木']",近现代,['活动受限']
ok,4951,2026-02-04 19:56:04,名老中医陆鸿滨经验集,2011.0,骨枯,学术精华 一、在临床实践中研究和发扬中医理论精粹,肾上腺皮质增生是一种难治的疾病。１９７７年，陆氏在主持病房工作期间，与已故陈慈熙老中医合作，先后收治了两例肾上腺皮质增生的患者。当收治第一例张某时，和陈老讨论了此病的中医病机，认为此病的一系列临床表现都可以用三焦相火偏旺来解释，病人有多食易饥为中焦相火偏旺，肥胖、怕热、多汗、皮肤红润、毛发增生是上焦相火偏旺，可以用《内经》“上焦开发宣五谷味，熏肤、充身、泽毛”来解释。病人的向心性肥胖、满月脸、水牛背，面部及胸部背部痤疮，也支持病在中上焦相火偏旺，湿热内生。皮肤出现斑斑紫纹，是上焦相火偏旺，消灼肌肤所致。病人有阳强易举、遗精，是下焦相火偏旺。骨质疏松是因下焦相火偏旺，消灼真阴，髓减骨枯的表现。由于久病，壮火食气灼阴，故病人尚有气阴两虚。本病的治疗应以清三焦相火为主，三焦相火来源于命门，是命门火的游部。直伐命门火，一般来说，是中医治疗之忌。命门火寄于肝胆，古人有泻肝即所以泻肾的说法，因此，陈老同意陆氏采用“泻肝猛将”龙胆草为君药，配伍其他清泻三焦肝胆的药物，兼固气滋阴。经过半年住院治疗，病情基本痊愈，随访治疗年余，多次复查肾上腺皮质功能，结果均正常。第二例是一个已经部分肾上腺皮质切除术治疗后又复发的女患者，为了验证对第一例的理论认识和治疗经验，仍采用基本相同的药物，经５个月的住院治疗，病情显著缓解，随访治疗１０个月，病情仍在继续好转。１９７８年，陆氏在总结报道此２例病例时，还查阅到两篇文献，各报道１例，其中１例是用龙胆泻肝汤合平胃散而显著好转，另一例是用大承气汤加龙胆草而获效。此２例的治疗方法和用药都支持了陆氏对此病的治疗应清泄相火的观点（《新医药学杂志》１９７９；（５）：２９）。,其他,[],,肝肾阴虚证,,[],,[],,"[""中药内服""]",,"[{""name"": ""龙胆草"", ""type"": ""单味药"", ""note"": ""泻肝清泄三焦相火，为君药""}, {""name"": ""龙胆泻肝汤"", ""type"": ""方剂"", ""note"": ""文献报道用于本病而显著好转""}, {""name"": ""平胃散"", ""type"": ""方剂"", ""note"": ""与龙胆泻肝汤合用的文献报道""}, {""name"": ""大承气汤"", ""type"": ""方剂"", ""note"": ""加龙胆草用于本病的文献报道""}]",1.0,骨质疏松是因下焦相火偏旺，消灼真阴，髓减骨枯的表现,True,True,基本痊愈/显著缓解,"[{""classical_span"": ""骨质疏松…髓减骨枯"", ""why_supports"": ""直接点名骨质疏松并以骨枯、髓减解释其病机""}, {""classical_span"": ""下焦相火偏旺"", ""why_supports"": ""对应肝肾阴虚、阴液受损导致骨失濡养""}]",1,"[""原始Books/Title为空，若仅据此行而忽略上下文可能证据不足"", ""病例为肾上腺皮质增生，骨质疏松可能为并发表现而非主病"", ""未提供骨折或疼痛等现代临床结局指标""]",16e8f1178fe70485ae909851ef2546f6,"['大承气汤', '平胃散', '龙胆泻肝汤', '龙胆草']",近现代,[]
ok,4073,2026-02-04 19:21:40,名老中医欧阳锜经验集,2009.0,骨痹,名案评析 五、骨质增生案,胸、腰椎多处骨质增生，腰背长期作痛，活动不便，逐渐下肢瘫萎，步履维艰。因食后活动少，消化阻滞，胃痛发作，兼见腹胀，饱嗳，吞酸等症。先与二陈汤加乌贼骨、六曲、枳壳、白芍之属，半月后胃痛止，饮食正常。再按“骨痹”之法治之，处方用豹骨、龟板、蝉蜕、威灵仙、骨碎补、没药、乳香、白芍等８味作为散剂，长期服用，除感冒、胃痛时暂停药，坚持４个多月，腰背痛逐渐减轻，能扶杖行走。嗣因母丧带药回山西奔丧，半年后回湖南已步履如常人，仍坚持服药至１年之久。后经Ｘ线照片复查，虽胸腰椎畸形无改变，但迄今１０余年来未复发。自后此方传与几个同类患者，获得同样疗效。,方药,[],,其它-风寒湿痹证,原文称“按‘骨痹’之法治之”，未对应固定枚举证型,"[""其他""]",病例明确为胸、腰椎多处骨质增生，属退变性骨病而非骨量减少,"[""腰背痛"", ""活动受限"", ""步态不稳""]",,"[""中药内服""]",,"[{""name"": ""二陈汤"", ""type"": ""方剂"", ""note"": ""加乌贼骨、六曲、枳壳、白芍，先治胃痛""}, {""name"": ""豹骨"", ""type"": ""单味药"", ""note"": ""后期散剂组成之一""}, {""name"": ""龟板"", ""type"": ""单味药"", ""note"": ""后期散剂组成之一""}, {""name"": ""蝉蜕"", ""type"": ""单味药"", ""note"": ""后期散剂组成之一""}, {""name"": ""威灵仙"", ""type"": ""单味药"", ""note"": ""后期散剂组成之一""}, {""name"": ""骨碎补"", ""type"": ""单味药"", ""note"": ""后期散剂组成之一""}, {""name"": ""没药"", ""type"": ""单味药"", ""note"": ""后期散剂组成之一""}, {""name"": ""乳香"", ""type"": ""单味药"", ""note"": ""后期散剂组成之一""}, {""name"": ""白芍"", ""type"": ""单味药"", ""note"": ""后期散剂组成之一""}]",0.2,胸、腰椎多处骨质增生，腰背长期作痛，活动不便,True,False,好转,"[{""classical_span"": ""胸、腰椎多处骨质增生"", ""why_supports"": ""提示退变性骨病而非骨量减少""}, {""classical_span"": ""腰背长期作痛，活动不便"", ""why_supports"": ""与骨质疏松可重叠的非特异性症状""}]",1,"[""原文为骨质增生病例，非骨量减少性疾病"", ""未出现骨痿、骨枯或脆性骨折等强指向表述"", ""缺乏人群年龄性别等关键流行病学信息""]",769e5b79d98e85146e82c945ec5f917d,"['乳香', '二陈汤', '威灵仙', '没药', '白芍', '蝉蜕', '豹骨', '骨碎补', '龟板']",近现代,"['步态不稳', '活动受限', '腰背痛']"
ok,2913,2026-02-04 18:34:41,本草新编,1687.0,骨痿,卷二商集 天门冬,或问湿热不去，下流于肾，能使骨痿。肾欲坚，急食苦以坚之，天门冬、黄柏之类是也。是天门冬味苦气寒，正入肾以除热，可以治痿，而竟置不言，何也？此吾子知其一，不知其二也。夫治痿必治阳明。骨痿虽属肾，而治法必兼治胃。天门冬大寒，不利胃气，暂服可以治痿，久服必至损胃，胃损而肾又何益耶。况胃又肾之关门，关门无生气之固，而欲肾宫坚牢，以壮骨生髓，必不得之数也。世人遵黄柏、知母之教，以损伤胃气。铎又何敢复扬天门冬治痿之说，以劝人再用寒凉乎。此所以宁缺，以志予过也。,病名,[],,脾胃虚弱证,,[],,[],,"[""中药内服""]",,"[{""name"": ""天门冬"", ""type"": ""单味药"", ""note"": ""文中讨论其味苦气寒，入肾治痿，但久服损胃""}, {""name"": ""黄柏"", ""type"": ""单味药"", ""note"": ""被提及与天门冬同类，寒凉以治痿""}, {""name"": ""知母"", ""type"": ""单味药"", ""note"": ""文中提到世人遵其教，然被批评损伤胃气""}]",1.0,或问湿热不去，下流于肾，能使骨痿。,True,True,,"[{""classical_span"": ""能使骨痿"", ""why_supports"": ""直接出现古籍高度相关病名“骨痿”，与骨质疏松高度一致""}, {""classical_span"": ""以壮骨生髓"", ""why_supports"": ""涉及骨与骨髓强弱，为骨量不足相关语义""}]",1,"[""文本未提供明确人群或现代分型信息，强行映射会构成臆测"", ""未出现具体症状如骨折、疼痛等，若填充将超出原文证据"", ""证型虽有多项标签，但仅能单选，存在简化风险""]",86f02f9445ce8303a4754aeed0d554fc,"['天门冬', '知母', '黄柏']",清,[]
ok,538,2026-02-04 17:01:37,名老中医之路,1981.0,骨痿；骨枯,李斯炽教授治学纪要,先父常说：书本上的医学知识是死的，人群中的医疗经验则是活的。要想学到人群中蕴藏着的丰富医学知识，首先必须放下架子，广问博收。其次是独立思考，精心提炼。询问的对象首先是老师。老师大都见多识广，但在旧社会的老师多缺乏耐心，加以师道尊严，多问则不免失礼，故只能对关键问题提问，主要还应依靠自己的独立思考。如先父早年曾诊治一洛江何某，初患腰背疼痛难以屈伸，诸医皆以湿痹论治，投独活寄生汤、羌活胜湿汤、小续命汤之类，愈服愈剧，且日趋佝偻，身踡屈难伸，整日疼痛不休。先父初诊时，亦认此证初起应属寒痹，其所服诸方无效者，因寒痹不解复感于邪，已内舍于肾。乃取《类证治裁》安肾丸方意加减调治，时过月余，亦毫无效验。先父乃问询于太老师董稚菴先生，董老提示说：治痿者，独取阳明。先父始悟及《素问·痿论》中明言：肾气热，则腰脊不举，骨枯而髓减，发为骨痿一段，但对肾热骨枯之骨痿，为何不取少阴而独取阳明，仍惑然不解。乃再询问于董师，董老颇不耐烦地说：《内经》中早已明言，阳明者，五脏六腑之海，主润宗筋，宗筋主束骨而利机关也。先父退而再思，始悟及阳明乃五脏六腑之大源，阳明得养，五脏六腑均得受益，筋骨关节自能荣润之理。然处以何方，仍犹豫不决，再请教于董师。董老声色俱厉地说：,病名,[],,肝肾阴虚证,,[],,"[""腰背痛"", ""驼背"", ""活动受限""]",,"[""中药内服""]",,"[{""name"": ""独活寄生汤"", ""type"": ""方剂"", ""note"": ""诸医以湿痹论治所用""}, {""name"": ""羌活胜湿汤"", ""type"": ""方剂"", ""note"": ""诸医治疗腰背痛所用""}, {""name"": ""小续命汤"", ""type"": ""方剂"", ""note"": ""早期按痹证治疗所用""}, {""name"": ""安肾丸"", ""type"": ""方剂"", ""note"": ""取《类证治裁》方意加减""}]",1.0,《素问·痿论》：肾气热，则腰脊不举，骨枯而髓减，发为骨痿,True,True,未愈,"[{""classical_span"": ""骨枯而髓减，发为骨痿"", ""why_supports"": ""直接出现骨痿、骨枯，为骨量衰减的强指向""}, {""classical_span"": ""腰背疼痛…日趋佝偻"", ""why_supports"": ""慢性腰背痛并驼背，符合骨质疏松表现""}]",1,"[""文本未给出明确人群年龄性别，无法细分现代表型"", ""证型存在多种可能，单选存在简化风险"", ""疗效记载为无效，难以支持治法有效性结论""]",44104cedf6e3adce37df761fa96443c7,"['安肾丸', '小续命汤', '独活寄生汤', '羌活胜湿汤']",近现代,"['活动受限', '腰背痛', '驼背']"
ok,4693,2026-02-04 19:45:55,名老中医之路,1981.0,骨枯,李斯炽教授治学纪要,良工只能示人以规矩，不能令人巧。学问之道，不思则罔矣！父唯唯而退。清夜思之再三，始恍然大悟。夫阳明者胃也，润者滋养之义。肾气热，骨枯髓减，与热甚伤津同义。津枯液涸，不得用苦燥清热，当以甘润生津，主以益胃之剂，则宗筋得润，筋骨关节自能通利。于是以大剂益胃汤为主方，加入葛根、淮山药，不数剂而腰脊疼痛大减，后以此方加减调理数月而愈。,方药,[],,肝肾阴虚证,,[],,"[""腰背痛"", ""活动受限""]",,"[""中药内服""]",,"[{""name"": ""益胃汤"", ""type"": ""方剂"", ""note"": ""主方，大剂益胃以甘润生津""}, {""name"": ""葛根"", ""type"": ""单味药"", ""note"": ""加入主方以舒筋通络""}, {""name"": ""淮山药"", ""type"": ""单味药"", ""note"": ""加入主方以益胃滋养""}]",1.0,肾气热，骨枯髓减，与热甚伤津同义。,True,True,愈,"[{""classical_span"": ""骨枯髓减"", ""why_supports"": ""直接描述骨与髓的枯减，符合骨量减少的核心语义""}, {""classical_span"": ""腰脊疼痛大减"", ""why_supports"": ""慢性腰背痛为骨质疏松常见表现""}]",1,"[""未明确记载患者年龄与性别，无法细分现代表型"", ""未出现骨折描述，相关性主要基于骨枯语义"", ""文本为医案纪要，非系统病名论述""]",2a9e5c8b27cecfd09a11fbd4fd5e28c1,"['淮山药', '益胃汤', '葛根']",近现代,"['活动受限', '腰背痛']"
ok,2772,2026-02-04 18:38:16,神农本草经疏（四库本）,1625.0,骨痿,神农本草经疏卷三,疏○矾石味酸气寒而无毒其性燥急收涩解毒除热坠浊葢寒热泄痢皆湿热所为妇人白沃多由虚脱涩以止脱故也阴蚀恶疮亦縁湿火目痛多由风热除固热在骨髓坚齿者髓为热所刼则空故骨痿而齿浮矾性入骨除热故亦主之去鼻去息肉者消毒除热燥湿之功也,方药,[],,肾阳虚证,,[],,[],,"[""中药内服""]",,"[{""name"": ""矾石"", ""type"": ""单味药"", ""note"": ""性入骨除热，主骨痿而齿浮""}]",1.0,髓为热所刼则空故骨痿而齿浮，矾性入骨除热故亦主之,True,True,,"[{""classical_span"": ""骨痿而齿浮"", ""why_supports"": ""明确出现“骨痿”，为古籍中高度指向骨质衰弱的病名""}]",1,"[""原文未提供具体人群与现代分型，无法细分映射"", ""证型判断仅依据参考列信息，原文未直接标明"", ""未涉及症状演变或转归，信息维度有限""]",ba21f86a36227ad098c7407bb02c343f,['矾石'],明,[]
ok,2651,2026-02-04 18:23:29,内经运气病释,1998.0,骨痿,内经运气病释六 至真要大论篇,寒已而热，渴而欲饮，少气，骨痿，隔肠不便，浮肿，哕噫。,病名,[],,肾阳虚证,,[],,"[""骨痛"", ""活动受限"", ""乏力""]",,"[""中药内服"", ""针刺""]",,"[{""name"": ""生脉散"", ""type"": ""方剂"", ""note"": ""用于治疗少气之证""}, {""name"": ""独参汤"", ""type"": ""方剂"", ""note"": ""用于治疗少气之证""}]",1.0,少阴之复，少气骨痿,True,True,,"[{""classical_span"": ""少气骨痿"", ""why_supports"": ""明确出现骨痿，为古籍中高度指向骨质疏松的核心病名""}]",1,"[""若将少气泛化为单纯呼吸系统症状，可能削弱骨病关联"", ""若忽略骨痿病名而仅关注少气，可能低估相关性"", ""若强行推断具体现代表型（如绝经后型）则属证据不足""]",fd1cd37774cdebbac806c605d5989ac5,"['独参汤', '生脉散']",近现代,"['乏力', '活动受限', '骨痛']"
ok,327,2026-02-04 16:53:18,内科纲要验方类编,1958.0,骨痿,内科纲要,补阴丸 治肾气热，腰软无力，恐成骨痿。,方药,[],,肝肾阴虚证,,[],,"[""乏力""]",,"[""中药内服""]",,"[{""name"": ""补阴丸"", ""type"": ""方剂"", ""note"": ""用于治疗肾气热所致腰软无力，防其成骨痿""}]",1.0,腰软无力，恐成骨痿,True,True,,"[{""classical_span"": ""恐成骨痿"", ""why_supports"": ""明确出现“骨痿”这一与骨质疏松高度对应的古籍病名""}, {""classical_span"": ""腰软无力"", ""why_supports"": ""符合骨质疏松常见的腰部无力、筋骨痿软表现""}]",1,"[""仅有单条原文，缺乏病程与转归信息"", ""未出现年龄或性别，难以映射具体现代表型"", ""症状描述较简，缺乏骨折等现代诊断要素""]",22f047f1a0ea2e1cc9e5c8447cd26bf8,['补阴丸'],近现代,['乏力']
ok,2292,2026-02-04 18:09:37,内伤集要,1822.0,骨空,卷三 内伤虚损证治,人有久立腿酸，立而行房，足必无力，久之面黄体瘦，口臭肢热，盗汗骨蒸，此乃伤其骨也。盖骨全赖乎髓，无髓则骨空，而伤骨亦能耗髓，立而行房，骨与髓两伤矣。然髓足者，精必足，肾水涸而精少，不能化髓，故骨空也。治宜填精以充髓也，倘用寒药补肾，热药助阳，愈熬津液，必成痨瘵矣。充髓丹甚效。,病名,[],,肝肾阴虚证,,[],,"[""骨痛"", ""活动受限"", ""乏力"", ""步态不稳""]",,"[""中药内服""]",,"[{""name"": ""充髓丹"", ""type"": ""方剂"", ""note"": ""填补真阴、充肾精以充髓健骨""}, {""name"": ""熟地"", ""type"": ""单味药"", ""note"": ""方中君药，补肾填精""}, {""name"": ""枣皮"", ""type"": ""单味药"", ""note"": ""补肝肾、固精""}, {""name"": ""石斛"", ""type"": ""单味药"", ""note"": ""养阴清虚热""}, {""name"": ""沙参"", ""type"": ""单味药"", ""note"": ""养阴生津""}, {""name"": ""骨皮"", ""type"": ""单味药"", ""note"": ""清虚热""}, {""name"": ""牛膝"", ""type"": ""单味药"", ""note"": ""引血下行、强筋骨""}, {""name"": ""茯苓"", ""type"": ""单味药"", ""note"": ""健脾渗湿""}, {""name"": ""北味"", ""type"": ""单味药"", ""note"": ""补肾敛精""}]",1.0,骨立全赖骨髓，无髓则骨空，何所恃以立乎,True,True,,"[{""classical_span"": ""无髓则骨空"", ""why_supports"": ""直接描述骨髓亏虚、骨空失养，强指向骨量不足""}, {""classical_span"": ""足必无力"", ""why_supports"": ""体现下肢无力与功能受限""}, {""classical_span"": ""骨与髓两伤"", ""why_supports"": ""强调骨髓同损的病机，与骨质疏松核心一致""}]",4,"[""未明确出现现代分型信息仍强行判定具体人群"", ""将急性外伤或痹证误判为骨空类病证"", ""忽略原文以肾精髓亏为核心证据而泛化解读""]",9049419469ade43616b17e8389d0852c,"['充髓丹', '北味', '枣皮', '沙参', '熟地', '牛膝', '石斛', '茯苓', '骨皮']",清,"['乏力', '步态不稳', '活动受限', '骨痛']"
ok,556,2026-02-04 17:02:20,脾胃论,1249.0,骨痿；骨枯,卷中 长夏湿热胃困尤甚用清暑益气汤论,《刺志论》云：气虚身热，得之伤暑，热伤气故也。《痿论》云：有所远行劳倦，逢大热而渴，渴则阳气内伐，内伐则热舍于肾；肾者，水脏也。今水不能胜火，则骨枯而髓虚，足不任身，发为骨痿。故《下经》曰：骨痿者，生于大热也。此湿热成痿，令人骨乏无力，故治痿独取于阳明。,病名,[],,肝肾阴虚证,,[],,"[""乏力"", ""活动受限"", ""步态不稳""]",,"[""中药内服""]",,"[{""name"": ""清暑益气汤"", ""type"": ""方剂"", ""note"": ""用于湿热伤气所致骨痿之论治方""}]",1.0,今水不能胜火，则骨枯而髓虚，足不任身，发为骨痿,True,True,,"[{""classical_span"": ""骨枯而髓虚，足不任身"", ""why_supports"": ""直接描述骨枯髓虚、下肢不能负重，为骨痿典型表现""}, {""classical_span"": ""骨痿者，生于大热也"", ""why_supports"": ""明确骨痿病名及病因，属高度相关范畴""}]",1,"[""若忽略原文已明确的“骨痿/骨枯”而降为低相关"", ""若同时选择多个中医证型违反单选约束"", ""若将其误判为急性外伤或痹证而否定骨弱内因""]",3762d8e56ef337bf26fae9d31b2ecbf5,['清暑益气汤'],宋金元,"['乏力', '步态不稳', '活动受限']"
ok,557,2026-02-04 17:02:25,评琴书屋医略,2018.0,骨痿,卷二 脚气痛,脚气痛，外又有所谓痿壁者，方书谓痿症。无痛，不知兼湿重者则筋缓，而痿软兼热多者则筋急而作痛，余见痿症，惯有兼痛者，医用祛风药(丹溪谓断不可作风治)、渗湿药作风湿脚气痛治，无不增剧，是以特附此症于脚气痛条中(汪石山治一人痿兼痛者，用人参二钱，黄芪一钱半，白术、茯苓、生地、麦冬各一钱，当归八分，黄柏、知母各七分，连服数贴，而痿痛愈)。夫痿有脉痿、筋痿、肉痿、骨痿之殊，原不止痿于足(更有头痿、手痿、腰痿、一身俱痿)，而经谓：诸痿生于肺热(肺主一身气化，肺燥热则血液涸而不能营养筋骨故痿)；又谓：治痿独取阳明(阳明主润宗筋，束筋骨以利机关。虚则宗筋弛纵，手足痿而不能用)，纵。诸痿商治，概可悟矣。若痿壁在下，则肝肾病多，(肝主筋，肝血伤血不营筋，则四肢不用而筋骨拘挛。肾藏精，精血相生，虚则不能灌溉诸末而营养筋骨)而肺胃亦宜兼顾，大补阴丸、滋肾丸、虎潜丸、二妙丸(若肺燥苍术可勿用)、人参固本丸皆堪选。用其玉竹、巴戟、杞子、杜仲等可参入五方加减治之(三指禅注经验方，地黄四两，黄柏知母各一两，肉桂一钱，炼蜜为丸。方书有谓：血虚四物汤二妙丸合用。气虚四君子汤二妙丸合用)加龟版、虎骨、当归、地黄(可知二妙丸亦治痿症要药)。若痿症见于上则肺热居多，东垣清燥汤在所必用，即麦冬、沙参、粳米，每日煎粥饮。似极平淡，究属神奇也(此法治消渴亦佳)。,病名,[],,脾胃虚弱证,,[],,"[""骨痛"", ""活动受限"", ""乏力""]",,"[""中药内服""]",,"[{""name"": ""大补阴丸"", ""type"": ""方剂"", ""note"": ""用于下部痿壁，兼顾肝肾""}, {""name"": ""滋肾丸"", ""type"": ""方剂"", ""note"": ""肝肾不足所致痿软""}, {""name"": ""虎潜丸"", ""type"": ""方剂"", ""note"": ""治筋骨痿软""}, {""name"": ""二妙丸"", ""type"": ""方剂"", ""note"": ""方中加减治痿症""}, {""name"": ""人参固本丸"", ""type"": ""方剂"", ""note"": ""补气养阴""}, {""name"": ""清燥汤"", ""type"": ""方剂"", ""note"": ""治上部痿症属肺热""}]",1.0,夫痿有脉痿、筋痿、肉痿、骨痿之殊,True,True,愈,"[{""classical_span"": ""骨痿之殊"", ""why_supports"": ""直接出现与骨质衰弱高度相关的病名""}, {""classical_span"": ""筋骨拘挛…不能用"", ""why_supports"": ""描述筋骨痿软、功能受限""}]",1,"[""若将痿症一概等同骨质疏松，可能过度映射"", ""未提及年龄或骨折史，现代分型不足"", ""症状以痿软为主，非专指骨量减少""]",c3cb5cdc5933b6ec060425c302e5cc5f,"['二妙丸', '人参固本丸', '大补阴丸', '清燥汤', '滋肾丸', '虎潜丸']",近现代,"['乏力', '活动受限', '骨痛']"
ok,573,2026-02-04 17:03:01,普济方（四库本1-60卷）,1406.0,骨痿,普济方卷三十二,石斛丸【出圣恵方】治肾臓虚损头昏耳鸣目暗茫茫心中善忘恍惚不定饮食无味心恒不乐多有恐思时吐酸水面无悦泽肌体虚羸骨痿不能行立,方药,"[""情志异常""]",,脾胃虚弱证,,[],,"[""腰背痛"", ""活动受限"", ""乏力""]",,"[""中药内服""]",,"[{""name"": ""磁石丸"", ""type"": ""方剂"", ""note"": ""治肾气虚损、骨痿羸瘦、腰膝疼痛""}, {""name"": ""石斛丸"", ""type"": ""方剂"", ""note"": ""治肾脏虚损、骨痿不能行立""}]",1.0,治肾气虚损。骨痿羸瘦。连腰膝疼痛……骨痿不能行立,True,True,,"[{""classical_span"": ""骨痿羸瘦"", ""why_supports"": ""出现明确古籍骨病名“骨痿”，为骨质疏松强指向""}, {""classical_span"": ""骨痿不能行立"", ""why_supports"": ""描述骨病导致功能障碍，符合骨质疏松严重表现""}]",4,"[""原文未提供明确现代诊断，映射存在时代差异"", ""未出现脆性骨折等现代特异性指标"", ""部分症状亦可见于其他慢性虚损骨病""]",e76762f853b611868e5c0c67bdadd779,"['石斛丸', '磁石丸']",明,"['乏力', '活动受限', '腰背痛']"
ok,579,2026-02-04 17:03:15,普济方（四库本1-60卷）,1406.0,骨痿,普济方卷三十二,石钟乳丸【出圣济总録】治肾臓虚损骨痿羸瘦行无力短气不足腰背相引疼痛,方药,[],,肾阳虚证,,[],,"[""腰背痛"", ""乏力"", ""活动受限""]",,"[""中药内服""]",,"[{""name"": ""石钟乳丸"", ""type"": ""方剂"", ""note"": ""治肾脏虚损、骨痿羸瘦，行无力、腰背引疼痛""}, {""name"": ""石钟乳"", ""type"": ""单味药"", ""note"": ""为方中主药""}, {""name"": ""菟丝子"", ""type"": ""单味药"", ""note"": ""酒浸研末入方""}, {""name"": ""五味子"", ""type"": ""单味药"", ""note"": ""方中配伍用药""}, {""name"": ""蛇床子"", ""type"": ""单味药"", ""note"": ""方中配伍用药""}, {""name"": ""黄芪"", ""type"": ""单味药"", ""note"": ""方中配伍用药""}]",1.0,治肾脏虚损，骨痿羸瘦，行无力，腰背引疼痛,True,True,,"[{""classical_span"": ""骨痿羸瘦"", ""why_supports"": ""出现明确古籍病名“骨痿”，与骨质疏松高度对应""}, {""classical_span"": ""腰背引疼痛"", ""why_supports"": ""符合骨质疏松常见腰背痛表现""}]",1,"[""原文未提供人群或年龄信息，若强行标注将属臆造"", ""未见骨折记载，不能外推具体现代表型分型"", ""证型虽见多项提示，仍可能存在辨证分歧""]",a4f40376bc62c154f276f7d3024035fd,"['五味子', '石钟乳', '石钟乳丸', '菟丝子', '蛇床子', '黄芪']",明,"['乏力', '活动受限', '腰背痛']"
ok,641,2026-02-04 17:05:46,普济方（四库本1-60卷）,1406.0,骨痿,普济方卷三十二,补骨脂丸【出圣济总録】治肾臓虚损骨痿肉瘦耳鸣心烦小腹里急气引膀胱连腰膝痛,病名,[],,脾胃虚弱证,,[],,"[""腰背痛"", ""骨痛"", ""乏力"", ""活动受限""]",,"[""中药内服""]",,"[{""name"": ""补骨脂丸"", ""type"": ""方剂"", ""note"": ""用于治疗肾气虚损所致骨痿肉瘦、腰膝痛""}]",1.0,治肾气虚损，骨痿肉瘦，气引膀胱连腰膝痛,True,True,,"[{""classical_span"": ""骨痿肉瘦"", ""why_supports"": ""直接出现骨痿病名，指向骨弱萎软""}, {""classical_span"": ""连腰膝痛"", ""why_supports"": ""符合骨质疏松常见腰膝疼痛表现""}]",3,"[""若将证型误判为肾阳虚而非文本所示虚损范畴"", ""若将具体方药替换为泛称补肾药属臆造"", ""若强行映射到明确现代分型但文本无年龄性别信息""]",c0816c45a6f5817c1b979dc391ec813d,['补骨脂丸'],明,"['乏力', '活动受限', '腰背痛', '骨痛']"
ok,1247,2026-02-04 17:29:48,普济方（四库本1-60卷）,1406.0,骨痿,普济方卷三十二,紫石丸治肾臓虚损羸瘦饮食不进肌肤骨痿无力腰脚疼痛宜服补益气力令人健,方药,[],,肾阳虚证,,[],,"[""腰背痛"", ""骨痛"", ""乏力"", ""活动受限""]",,"[""中药内服""]",,"[{""name"": ""紫石丸"", ""type"": ""方剂"", ""note"": ""治肾臓虚损、肌肤骨痿无力、腰脚疼痛""}]",1.0,肌肤骨痿无力腰脚疼痛,True,True,,"[{""classical_span"": ""骨痿无力"", ""why_supports"": ""明确出现“骨痿”这一高度相关古籍病名，直接指向骨弱萎软""}, {""classical_span"": ""腰脚疼痛"", ""why_supports"": ""符合骨质疏松常见的慢性腰背/下肢疼痛表现""}]",1,"[""文本未提供明确人群信息却强行推断年龄或性别"", ""未区分骨痿与外伤、痹证等其他骨病范畴"", ""在无现代诊断依据情况下过度细分现代表型""]",c72435a43e806392ba0008df75335c52,['紫石丸'],明,"['乏力', '活动受限', '腰背痛', '骨痛']"
ok,1250,2026-02-04 17:29:58,普济方（四库本1-60卷）,1406.0,骨痿,普济方卷三十二,牛膝丸【出圣恵方】治肾臓虚损骨痿无力坐而难起目视茫茫恍惚不定短气肌髓羸瘦,方药,[],,肾阳虚证,,[],,"[""活动受限"", ""乏力""]",,"[""中药内服""]",,"[{""name"": ""牛膝丸"", ""type"": ""方剂"", ""note"": ""出《圣恵方》，用于治疗肾脏虚损所致骨痿无力""}]",1.0,治肾臓虚损骨痿无力坐而难起,True,True,,"[{""classical_span"": ""骨痿无力"", ""why_supports"": ""“骨痿”为古籍中高度指向骨质衰弱、骨量不足的病名""}, {""classical_span"": ""坐而难起"", ""why_supports"": ""提示下肢及躯干功能受限，符合骨质疏松相关功能障碍""}]",3,"[""文本未提供明确年龄或性别信息，无法细分现代人群表型"", ""未记载骨折等现代诊断关键指标，存在语义映射局限"", ""仅依据单条方药主治进行判断，证据来源相对单一""]",5bdf8ff386d2e4f882442b7dd5b4ab31,['牛膝丸'],明,"['乏力', '活动受限']"
ok,1248,2026-02-04 17:29:59,普济方（四库本1-60卷）,1406.0,骨痿,普济方卷三十二,磁石丸【出圣恵方】治肾气虚损骨痿羸瘦耳鸣心烦小腹痛急气引膀胱连腰膝疼痛不欲饮食,方药,[],,脾胃虚弱证,,"[""其他""]",原文未指明年龄、性别或继发因素，仅述肾气虚损致骨痿，无法对应具体现代分型,"[""腰背痛"", ""活动受限"", ""乏力""]",,"[""中药内服""]",,"[{""name"": ""磁石丸"", ""type"": ""方剂"", ""note"": ""治肾气虚损所致骨痿、腰膝疼痛等""}]",1.0,治肾气虚损骨痿羸瘦……连腰膝疼痛,True,True,,"[{""classical_span"": ""骨痿"", ""why_supports"": ""为古籍中与骨量不足、骨弱高度相关的核心病名""}, {""classical_span"": ""连腰膝疼痛"", ""why_supports"": ""符合骨质疏松常见的腰背及下肢负重部位疼痛表现""}]",3,"[""未明确人群与年龄，现代分型映射存在不确定性"", ""症状未涉及骨折等客观结局，部分表现可见于他病"", ""仅据单条方药记载，缺乏多处文本互证""]",a7340682ebde60f2a63f5f6843e192e6,['磁石丸'],明,"['乏力', '活动受限', '腰背痛']"
ok,1251,2026-02-04 17:29:59,普济方（四库本1-60卷）,1406.0,骨痿,普济方卷三十二,鹿茸丸【圣济方】治肾臓虚损骨痿羸瘦心烦腹急腰重耳鸣行步无力,方药,[],,肾阳虚证,,[],,"[""活动受限"", ""乏力"", ""步态不稳""]",,"[""中药内服""]",,"[{""name"": ""鹿茸丸"", ""type"": ""方剂"", ""note"": ""治肾臓虚损骨痿羸瘦等""}]",1.0,治肾臓虚损骨痿羸瘦…行步无力,True,True,,"[{""classical_span"": ""骨痿"", ""why_supports"": ""骨痿为古籍中与骨量不足、骨弱高度对应的病名""}, {""classical_span"": ""行步无力"", ""why_supports"": ""提示下肢功能减退，与骨骼支持力下降相关""}]",1,"[""原文未提供明确年龄或性别，无法细分现代表型"", ""症状描述以功能减退为主，缺乏骨折等直接证据"", ""证型存在多项可能，仅能择其一而非全面覆盖""]",34d54b51b2417ddf808b6838533b66f0,['鹿茸丸'],明,"['乏力', '步态不稳', '活动受限']"
ok,1252,2026-02-04 17:30:01,普济方（四库本1-60卷）,1406.0,骨痿,普济方卷三十二,石斛饮【出圣济方】治肾气虚损骨痿体瘦无力两耳鸣甚即成聋短气不足,方药,[],,肾阳虚证,,[],,"[""乏力""]",,"[""中药内服""]",,"[{""name"": ""石斛饮"", ""type"": ""方剂"", ""note"": ""用于治疗肾气虚损所致骨痿、体瘦无力""}]",1.0,治肾气虚损骨痿体瘦无力,True,True,,"[{""classical_span"": ""肾气虚损骨痿"", ""why_supports"": ""明确出现“骨痿”病名，为古籍中与骨质疏松高度对应的范畴""}]",1,"[""原文未提供明确人群与年龄信息，无法细分现代表型"", ""未出现骨折等现代骨质疏松并发症描述"", ""治疗转归未在原文中记载""]",42e4155f505a6912661238b207a47067,['石斛饮'],明,['乏力']
ok,1253,2026-02-04 17:30:02,普济方（四库本1-60卷）,1406.0,骨痿,普济方卷三十二,干地黄丸【出圣恵方】治肾臓虚损肌体羸瘦骨痿无力腰脚痛小便滑数,方药,[],,肾阳虚证,,[],,"[""腰背痛"", ""乏力"", ""活动受限""]",,"[""中药内服""]",,"[{""name"": ""干地黄丸"", ""type"": ""方剂"", ""note"": ""治肾脏虚损、骨痿无力、腰脚痛""}]",1.0,治肾臓虚损肌体羸瘦骨痿无力腰脚痛,True,True,,"[{""classical_span"": ""骨痿无力"", ""why_supports"": ""骨痿为古籍中与骨质疏松高度对应的病名范畴""}, {""classical_span"": ""腰脚痛"", ""why_supports"": ""符合骨质疏松常见的慢性腰背痛表现""}]",1,"[""文本未提供人群与年龄信息却强行推断现代分型"", ""未出现脆性骨折等关键证据却过度扩展表型"", ""脱离原文加入未记载的治疗或转归信息""]",e36c4a74a1cb28108dff4453e5edb0c5,['干地黄丸'],明,"['乏力', '活动受限', '腰背痛']"
ok,1254,2026-02-04 17:30:05,普济方（四库本1-60卷）,1406.0,骨痿,普济方卷三十二,牛膝丸【出济生拔萃】治肾臓骨痿不能起筋缓不能自收特宜暖中,方药,[],,肾虚血瘀证,原文仅述“治肾臓骨痿”，未明确对应固定证型名称,"[""其他""]",描述为“骨痿、不能起”，与骨量减少致功能障碍相似，但未限定人群或病因,"[""活动受限""]",原文“不能起”“筋缓不能自收”提示活动能力受限,"[""中药内服""]",,"[{""name"": ""牛膝丸"", ""type"": ""方剂"", ""note"": ""用于治疗肾臓骨痿、不能起、筋缓不能自收""}]",1.0,治肾臓骨痿不能起筋缓不能自收,True,True,,"[{""classical_span"": ""肾臓骨痿"", ""why_supports"": ""“骨痿”为古籍中与骨质疏松高度对应的核心病名""}, {""classical_span"": ""不能起筋缓不能自收"", ""why_supports"": ""体现筋骨萎软、功能受限，符合骨质疏松相关表现""}]",1,"[""原文未提供明确现代分型，强行细分可能造成误判"", ""未出现年龄、性别信息，无法映射具体人群型骨质疏松"", ""证型仅述病位而非规范证名，存在对应不确定性""]",5802ff4e28ba60965fe9ac0bef4046a2,['牛膝丸'],明,['活动受限']
ok,1257,2026-02-04 17:30:13,普济方（四库本1-60卷）,1406.0,骨痿,普济方卷三十二,鹿茸丸【出圣济总録】治肾臓伤惫腰膝无力形瘦骨痿头目昏沈时忽发晕项背疼痛不得俛仰,方药,[],,肾阳虚证,,[],,"[""腰背痛"", ""乏力"", ""活动受限""]",,"[""中药内服""]",,"[{""name"": ""鹿茸丸"", ""type"": ""方剂"", ""note"": ""治肾脏伤惫、腰膝无力、骨痿""}]",1.0,治肾臓伤惫腰膝无力形瘦骨痿,True,True,,"[{""classical_span"": ""形瘦骨痿"", ""why_supports"": ""直接出现“骨痿”，为古籍中与骨质疏松高度对应的病名范畴""}, {""classical_span"": ""腰膝无力"", ""why_supports"": ""符合慢性骨量不足相关的腰膝酸软、功能减退表现""}]",3,"[""未提供明确人群年龄或性别，无法细分现代表型"", ""未涉及骨折等结局性证据，部分现代特征缺失"", ""原文为治疗条目，非系统性疾病论述""]",6514fd1e0e162219dec60152ea16c811,['鹿茸丸'],明,"['乏力', '活动受限', '腰背痛']"
ok,3223,2026-02-04 18:48:17,普济方（四库本1-60卷）,1406.0,骨虚,普济方卷三十三,补骨脂汤　治骨虚酸疼多倦,方药,[],,肾阳虚证,,[],,"[""骨痛"", ""乏力""]",,"[""中药内服""]",,"[{""name"": ""补骨脂汤"", ""type"": ""方剂"", ""note"": ""治骨虚酸疼、多倦""}, {""name"": ""补骨脂"", ""type"": ""单味药"", ""note"": ""炒用，为主药""}, {""name"": ""附子"", ""type"": ""单味药"", ""note"": ""炮去皮脐""}, {""name"": ""人参"", ""type"": ""单味药"", ""note"": """"}, {""name"": ""肉苁蓉"", ""type"": ""单味药"", ""note"": ""酒浸切焙""}, {""name"": ""五味子"", ""type"": ""单味药"", ""note"": """"}]",0.4,治骨虚酸疼。多倦。,True,True,,"[{""classical_span"": ""骨虚酸疼"", ""why_supports"": ""提示骨虚与慢性骨痛，符合骨量不足相关表现""}, {""classical_span"": ""多倦"", ""why_supports"": ""反映虚弱状态，常见于慢性骨病背景""}]",1,"[""文本未明确出现骨痿、骨折等高度特异病名"", ""未提供明确人群与年龄信息，限制现代分型映射"", ""症状描述偏简略，可能与其他虚证骨病混淆""]",bf7198c8780e83d45eab0b3f04cd16a3,"['五味子', '人参', '肉苁蓉', '补骨脂', '补骨脂汤', '附子']",明,"['乏力', '骨痛']"
ok,3225,2026-02-04 18:48:23,普济方（四库本1-60卷）,1406.0,骨虚,普济方卷三十三,虎骨酒　治骨虚酸痛不安好倦主膀胱寒,方药,[],,肾阳虚证,,[],,"[""骨痛"", ""乏力""]",,"[""中药内服""]",,"[{""name"": ""虎骨酒"", ""type"": ""方剂"", ""note"": ""治骨虚酸痛不安、好倦""}]",0.4,治骨虚酸痛不安。好倦。,True,True,,"[{""classical_span"": ""治骨虚酸痛不安"", ""why_supports"": ""直接描述骨虚与持续性骨痛，符合骨量不足相关表现""}]",1,"[""原文未涉及骨折或骨脆性，证据不足以判定高度相关"", ""缺乏明确人群与年龄信息，无法映射具体现代表型"", ""为方药条目，病名与诊断背景信息有限""]",d060d913735d871f36f0364d156852ba,['虎骨酒'],明,"['乏力', '骨痛']"
ok,3226,2026-02-04 18:48:25,普济方（四库本1-60卷）,1406.0,骨极；骨虚,普济方卷三十三,芍药散　治骨虚冷痛倦怠【方见本门骨极类】,方药,[],,肾阳虚证,,[],,"[""骨痛"", ""乏力"", ""活动受限""]",,"[""中药内服""]",,"[{""name"": ""芍药散"", ""type"": ""方剂"", ""note"": ""治骨虚冷痛、倦怠；方见芍药汤""}]",0.4,治骨虚冷痛，倦怠。,True,True,,"[{""classical_span"": ""骨虚冷痛"", ""why_supports"": ""提示骨虚为本，慢性骨痛，符合骨量不足相关表现""}]",1,"[""仅见骨虚骨痛，未述骨折等强指征"", ""缺乏人群与年龄信息，难以对应具体现代表型"", ""治疗效果未载，证据层级有限""]",276892d812fad7ec41143b83377847d3,['芍药散'],明,"['乏力', '活动受限', '骨痛']"
ok,3273,2026-02-04 18:50:15,普济方（四库本1-60卷）,1406.0,骨虚,普济方卷三十三,地黄散【出千金方】治骨虚髓冷痛无力,方药,[],,肾阳虚证,,[],,"[""骨痛"", ""乏力""]",,"[""中药内服""]",,"[{""name"": ""地黄散"", ""type"": ""方剂"", ""note"": ""出《千金方》，用于治骨虚髓冷痛无力""}]",0.4,治骨虚髓冷痛无力,True,True,,"[{""classical_span"": ""骨虚髓冷痛无力"", ""why_supports"": ""描述骨虚、骨痛、无力等慢性骨弱表现，与骨量不足相关症状部分吻合""}]",1,"[""未出现明确骨痿、骨折等高度特异病名，相关性有限"", ""未提供患者年龄或性别信息，无法映射具体现代表型"", ""症状描述较为概括，可能对应其他虚证骨病""]",7fa45818e506536440828bb068d75082,['地黄散'],明,"['乏力', '骨痛']"
ok,3272,2026-02-04 18:50:18,普济方（四库本1-60卷）,1406.0,骨虚,普济方卷三十三,地黄煎　治骨虚骨寒,方药,[],,肾阳虚证,,[],,[],,"[""中药内服""]",,"[{""name"": ""地黄煎"", ""type"": ""方剂"", ""note"": ""用于治疗骨虚骨寒""}]",0.4,治骨虚骨寒,True,True,,"[{""classical_span"": ""骨虚骨寒"", ""why_supports"": ""提示骨体虚弱、寒象，符合慢性骨量不足的中医表述""}]",1,"[""仅据“骨虚骨寒”推断，未见脆性骨折等关键证据"", ""缺乏明确人群与年龄信息，难以对应具体现代表型"", ""原文简略，症状体征与转归信息不足""]",9e794dc5c433301450cb436d84c747e6,['地黄煎'],明,[]
ok,3357,2026-02-04 18:53:45,普济方（四库本1-60卷）,1406.0,骨极,普济方卷三十三,鹿角胶丸　治骨极肌体羸瘦肾虚弱腰膝无力宜服,方药,[],,肾阳虚证,,[],,"[""乏力"", ""活动受限""]",,"[""中药内服""]",,"[{""name"": ""鹿角胶丸"", ""type"": ""方剂"", ""note"": ""治骨极、肌体羸瘦、肾虚弱、腰膝无力""}, {""name"": ""鹿角胶"", ""type"": ""单味药"", ""note"": ""方中主药，三两炒研""}, {""name"": ""破故纸"", ""type"": ""单味药"", ""note"": ""方中配伍""}, {""name"": ""熟地黄"", ""type"": ""单味药"", ""note"": ""方中配伍""}, {""name"": ""薯蓣"", ""type"": ""单味药"", ""note"": ""方中配伍""}, {""name"": ""人参"", ""type"": ""单味药"", ""note"": ""方中配伍，去芦""}]",0.4,治骨极肌体羸瘦，肾虚弱，腰膝无力,True,True,,"[{""classical_span"": ""骨极"", ""why_supports"": ""古籍病名，涉及骨之极虚状态，与骨弱相关""}, {""classical_span"": ""肌体羸瘦"", ""why_supports"": ""提示长期虚损、形体消瘦，符合慢性骨病背景""}, {""classical_span"": ""腰膝无力"", ""why_supports"": ""为骨质疏松常见的功能减退表现""}]",1,"[""未明确记载脆性骨折等现代骨质疏松特征，相关性可能被高估"", ""未提供明确人群或年龄信息，无法精确对应现代表型"", ""症状描述较为概括，可能指向其他肾虚相关骨病""]",c7cb5bb23b84e506428042e6a8bf789a,"['人参', '熟地黄', '破故纸', '薯蓣', '鹿角胶', '鹿角胶丸']",明,"['乏力', '活动受限']"
ok,3364,2026-02-04 18:53:58,普济方（四库本1-60卷）,1406.0,骨极,普济方卷三十三,干汤　疗骨极主肾实热则色炲隐曲膀胱不通大便壅塞四肢急疼,方药,[],,肝肾阴虚证,原文称“肾实热…四肢急疼”，属肾实热之证，未在给定枚举中,[],,"[""骨痛"", ""活动受限""]",原文“四肢急疼”，提示肢体疼痛与活动受限,"[""中药内服""]",,"[{""name"": ""地黄"", ""type"": ""单味药"", ""note"": ""先煎地黄汁为基质""}, {""name"": ""干枣"", ""type"": ""单味药"", ""note"": ""十枚去核，入汤送服""}, {""name"": ""大黄"", ""type"": ""单味药"", ""note"": ""方中组成药物之一""}, {""name"": ""大戟"", ""type"": ""单味药"", ""note"": ""方中组成药物之一""}, {""name"": ""甘草"", ""type"": ""单味药"", ""note"": ""炙用，调和诸药""}, {""name"": ""甘遂"", ""type"": ""单味药"", ""note"": ""方中组成药物之一""}, {""name"": ""黄芩"", ""type"": ""单味药"", ""note"": ""方中组成药物之一""}, {""name"": ""芫花"", ""type"": ""单味药"", ""note"": ""半两炒用""}]",0.4,疗骨极。主肾实热…四肢急疼,True,True,,"[{""classical_span"": ""疗骨极"", ""why_supports"": ""“骨极”为骨病相关古籍病名，涉及骨系疾患""}, {""classical_span"": ""四肢急疼"", ""why_supports"": ""提示骨或筋骨疼痛，与慢性骨病表现部分相符""}]",1,"[""仅见骨痛描述，缺乏骨弱或易折等关键证据"", ""证型为肾实热，与常见骨质疏松虚证不一致"", ""无明确人群与转归信息，映射存在不确定性""]",0a5d6b9e89dc3df26f1fd7a882f0037c,"['地黄', '大戟', '大黄', '干枣', '甘草', '甘遂', '芫花', '黄芩']",明,"['活动受限', '骨痛']"
ok,3362,2026-02-04 18:54:00,普济方（四库本1-60卷）,1406.0,骨极,普济方卷三十三,生地黄散【出圣恵方】治骨极头热肢节疼痛不得睡卧兼不思饮食宜服,病名,[],,肾虚血瘀证,原文仅述“骨极”病名及症状，未明确归属具体证型,[],,"[""骨痛"", ""活动受限""]",,"[""中药内服""]",,"[{""name"": ""生地黄散"", ""type"": ""方剂"", ""note"": ""出《圣惠方》，用于治疗骨极、肢节疼痛""}]",0.4,治骨极头热。肢节疼痛。不得睡卧。,True,True,,"[{""classical_span"": ""骨极"", ""why_supports"": ""为古籍中与骨病、骨损相关的病名，可能涵盖慢性骨痛表现""}, {""classical_span"": ""肢节疼痛。不得睡卧"", ""why_supports"": ""提示持续性骨关节疼痛及功能受限，符合部分骨质疏松表现""}]",1,"[""未明确出现骨痿、骨折等高度特异描述，相关性有限"", ""缺乏人群、年龄信息，难以对应具体现代分型"", ""证型与病机未明，存在被其他骨病涵盖的可能""]",849d19a40ccda36ed68436aab150076a,['生地黄散'],明,"['活动受限', '骨痛']"
ok,3363,2026-02-04 18:54:06,普济方（四库本1-60卷）,1406.0,骨极,普济方卷三十三,地黄煎【出圣恵方】治骨极强骨髓令人健,方药,[],,删除,,[],,[],,"[""中药内服""]",,"[{""name"": ""生地黄"", ""type"": ""单味药"", ""note"": ""方中主药，煎汁用""}, {""name"": ""防风"", ""type"": ""单味药"", ""note"": ""去芦""}, {""name"": ""当归"", ""type"": ""单味药"", ""note"": """"}, {""name"": ""丹参"", ""type"": ""单味药"", ""note"": """"}, {""name"": ""黄芪"", ""type"": ""单味药"", ""note"": """"}, {""name"": ""鹿角胶"", ""type"": ""单味药"", ""note"": ""捣碎炒黄""}, {""name"": ""桑寄生"", ""type"": ""单味药"", ""note"": """"}, {""name"": ""狗脊"", ""type"": ""单味药"", ""note"": """"}, {""name"": ""牛膝"", ""type"": ""单味药"", ""note"": """"}, {""name"": ""羊髓"", ""type"": ""单味药"", ""note"": """"}]",0.7,治骨极。强骨髓。令人健。,True,True,,"[{""classical_span"": ""治骨极"", ""why_supports"": ""“骨极”为古籍中指向骨病、骨弱的病名""}, {""classical_span"": ""强骨髓"", ""why_supports"": ""直接强调增强骨髓功能，与骨量不足相符""}]",3,"[""未明确记载患者年龄或性别，难以对应具体现代分型"", ""未出现骨折、驼背等直接表述，可能为其他骨病"", ""证型信息缺失，无法精确映射中医证型""]",2c905a14d38964864c3f0b10cf6101e5,"['丹参', '当归', '桑寄生', '牛膝', '狗脊', '生地黄', '羊髓', '防风', '鹿角胶', '黄芪']",明,[]
ok,3365,2026-02-04 18:54:09,普济方（四库本1-60卷）,1406.0,骨极,普济方卷三十三,大黄汤　治骨极色黒疼痛隐曲膀胱不通小便壅塞四肢拘急,病名,[],,删除,,[],,"[""骨痛"", ""活动受限""]",,"[""中药内服""]",,"[{""name"": ""半玄参汤"", ""type"": ""方剂"", ""note"": ""出《济生方》，治骨极耳鸣、手足酸疼等""}, {""name"": ""大黄汤"", ""type"": ""方剂"", ""note"": ""治骨极色黑疼痛、四肢拘急""}]",0.4,治骨极耳鸣…手足酸疼…四肢拘急,True,True,,"[{""classical_span"": ""骨极…手足酸疼"", ""why_supports"": ""提示慢性骨病伴疼痛，与骨质疏松骨痛表型部分相符""}, {""classical_span"": ""四肢拘急"", ""why_supports"": ""反映活动受限，符合骨病长期表现""}]",1,"[""未明确记载年老、骨折或骨弱等关键指征"", ""中医证型未清晰归类，难以精准映射"", ""症状可能归属其他骨病或痹证而非骨质疏松""]",826e63c771adaaf8ae7b9022acf246a3,"['半玄参汤', '大黄汤']",明,"['活动受限', '骨痛']"
ok,3368,2026-02-04 18:54:10,普济方（四库本1-60卷）,1406.0,骨极,普济方卷三十三,生地黄煎【出圣恵方】治骨极实热骨髓酸疼宜服,方药,[],,肝肾阴虚证,原文称“骨极实热”“骨髓中疼”，未能明确对应所列标准证型,"[""其他""]",仅记载骨髓疼痛等骨病表现，未提示绝经、老年或继发因素,"[""骨痛""]",,"[""中药内服""]",,"[{""name"": ""生地黄煎"", ""type"": ""方剂"", ""note"": ""治骨极实热、骨髓酸疼""}, {""name"": ""芍药汤"", ""type"": ""方剂"", ""note"": ""治骨极、骨髓中疼""}]",0.4,治骨极实热。骨髓酸疼,True,True,,"[{""classical_span"": ""骨极实热。骨髓酸疼"", ""why_supports"": ""描述慢性骨髓疼痛，符合骨质减退相关骨痛表现""}]",1,"[""未出现骨折或骨弱等强指向性描述"", ""证型与现代表型均无法精确对应"", ""可能为其他骨病疼痛而非骨质疏松""]",727babba911e9762035f45ae4be3e4dd,"['生地黄煎', '芍药汤']",明,['骨痛']
ok,3400,2026-02-04 18:55:33,普济方（四库本1-60卷）,1406.0,骨极,普济方卷三十三,干地黄丸【出圣恵方】治骨极羸瘦心神虚烦脚膝疼痛久立不得宜服,方药,[],,脾胃虚弱证,,[],,"[""骨痛"", ""活动受限"", ""乏力""]",,"[""中药内服""]",,"[{""name"": ""熟干地黄丸"", ""type"": ""方剂"", ""note"": ""用于治疗骨极所致羸瘦、脚膝疼痛、久立不得""}]",0.7,治骨极。羸瘦。心神虚烦。脚膝疼痛。久立不得。,True,True,,"[{""classical_span"": ""治骨极"", ""why_supports"": ""“骨极”为古籍中与骨衰弱、骨痿相关的重要病名""}, {""classical_span"": ""脚膝疼痛，久立不得"", ""why_supports"": ""提示慢性骨痛与功能受限，符合骨质疏松常见表现""}]",3,"[""未明确记载患者年龄，无法直接对应现代老年或绝经后人群"", ""未出现骨折、身高变矮等直接骨量减少证据"", ""证型判断依赖上下文标注而非原文明确辨证""]",a54b319047228e429b8e2002afbe91c2,['熟干地黄丸'],明,"['乏力', '活动受限', '骨痛']"
ok,3467,2026-02-04 18:58:17,普济方（四库本1-60卷）,1406.0,骨极,普济方卷三十三,凡骨髓虚实之应主于肾膀胱若其臓腑有病从骨生热则应臓寒则应腑故肾生骨髓若肾气之余其气虚则骨弱酸疼倦而无力其气实则骨热苦烦津液内燥当随证以治之夫骨髓之病应肝胆若其臓腑有病从髓生热则应臓寒则应腑故髓虚者脑痛不安身常青栗髓实者身体烦燥勇悍惊悸亦当随证治之人参饮治骨极虚寒面肿垢黒腰膝疼不能久立屈伸梦寐惊悸上气小腹急痛腰背四肢常冷小便白浊,方药,[],,肾阳虚证,,[],,"[""腰背痛"", ""骨痛"", ""活动受限"", ""乏力""]",,"[""中药内服""]",,"[{""name"": ""人参饮"", ""type"": ""方剂"", ""note"": ""治骨极虚寒、腰膝疼不能久立屈伸""}]",0.4,其气虚则骨弱酸疼倦而无力…人参饮治骨极虚寒…腰膝疼不能久立屈伸,True,True,,"[{""classical_span"": ""骨弱酸疼倦而无力"", ""why_supports"": ""提示骨弱、慢性骨痛，与骨量不足相符""}, {""classical_span"": ""腰膝疼不能久立屈伸"", ""why_supports"": ""符合骨质疏松常见的腰膝痛与功能受限""}]",3,"[""未明确记载脆性骨折等关键特征"", ""缺乏明确年龄或人群信息，难以对应具体现代表型"", ""证候描述可能涵盖其他骨病或虚劳范畴""]",17c9c4eb3306d9c90fa7e0315f32c187,['人参饮'],明,"['乏力', '活动受限', '腰背痛', '骨痛']"
ok,3471,2026-02-04 18:58:25,普济方（四库本1-60卷）,1406.0,骨极,普济方卷三十三,地黄煎丸　治骨极肾臓劳伤少气不足羸瘦无力肢节酸痛宜服,方药,[],,肾阳虚证,,[],,"[""骨痛"", ""乏力""]",,"[""中药内服""]",,"[{""name"": ""地黄煎丸"", ""type"": ""方剂"", ""note"": ""治骨极、肾臓劳伤、少气不足、羸瘦无力、肢节酸痛""}]",0.4,地黄煎丸　治骨极肾臓劳伤少气不足羸瘦无力肢节酸痛宜服,True,True,,"[{""classical_span"": ""骨极"", ""why_supports"": ""“骨极”属古籍中骨病范畴，常指骨弱、骨痛等慢性骨损表现""}, {""classical_span"": ""肢节酸痛"", ""why_supports"": ""提示非外伤性、慢性骨痛或关节功能不适，与骨量不足表型部分相符""}]",1,"[""未明确出现骨痿、骨枯等高度特异病名，相关性有限"", ""缺乏脆性骨折、身高变矮等关键现代诊断特征"", ""证型与现代骨质疏松映射主要基于症状相似而非直接描述""]",aa555d90a44a82ec44d2968bfc297964,['地黄煎丸'],明,"['乏力', '骨痛']"
ok,3473,2026-02-04 18:58:29,普济方（四库本1-60卷）,1406.0,骨极,普济方卷三十三,附子丸　治骨极肢节酸痛脚胫无力两耳虚鸣附子【二两炮去皮脐】肉苁蓉【二两酒浸一宿刮去皮炙令干】补骨脂【一两炒】鹿茸【一两去毛酥炙黄】黄耆【一两半】杜仲【一两去粗皮炙令黄】五味子【一两】牛膝【一两去芦】薯蓣【一两】山茱茰【一两】酸枣仁【一两】芎防【三钱】栢子仁【一两】肉桂【一两半去皮】,方药,[],,肾阳虚证,,[],,"[""骨痛"", ""活动受限"", ""乏力""]",,"[""中药内服""]",,"[{""name"": ""附子丸"", ""type"": ""方剂"", ""note"": ""治骨极肢节酸痛、脚胫无力、两耳虚鸣""}]",0.4,治骨极肢节酸痛脚胫无力,True,True,,"[{""classical_span"": ""骨极肢节酸痛"", ""why_supports"": ""提示骨部慢性疼痛，与骨量不足相关表现相符""}, {""classical_span"": ""脚胫无力"", ""why_supports"": ""反映下肢乏力、功能减退，常见于骨质减弱状态""}]",1,"[""未明确出现骨折或骨痿等强指向病名"", ""缺乏人群年龄与性别信息，无法细分现代表型"", ""症状可能与其他痹证或虚劳混杂，特异性有限""]",28afd5d0e8fc5c0b7b2db772090443e2,['附子丸'],明,"['乏力', '活动受限', '骨痛']"
ok,3477,2026-02-04 18:58:47,普济方（四库本1-60卷）,1406.0,骨极,普济方卷三十三,骨碎补丸　治骨极腰脊疼不能久立发堕齿槁手足疼甚,方药,[],,删除,,[],,"[""腰背痛"", ""骨痛"", ""活动受限""]",,"[""中药内服""]",,"[{""name"": ""骨碎补丸"", ""type"": ""方剂"", ""note"": ""用于治疗骨极所致腰脊疼痛、不能久立等""}]",0.4,治骨极腰脊疼不能久立,True,True,,"[{""classical_span"": ""骨极腰脊疼不能久立"", ""why_supports"": ""提示慢性骨病导致的腰背疼痛与功能受限，部分符合骨质疏松表现""}]",1,"[""原文未明确骨痿、骨枯或脆性骨折等高度特异病名"", ""症状可被其他慢性骨病或痹证解释，缺乏骨量减少直接证据"", ""未提供患者年龄、人群或病程信息，现代分型无法确定""]",3dd575f2cdec52a7798af99b058617aa,['骨碎补丸'],明,"['活动受限', '腰背痛', '骨痛']"
ok,3481,2026-02-04 18:58:58,普济方（四库本1-60卷）,1406.0,骨极,普济方卷三十三,元参汤【出济生方】治骨极耳鸣面色焦枯形瘦削膀胱不通牙齿脑髓苦痛手足酸疼大小便闭,方药,[],,脾胃虚弱证,,[],,"[""骨痛""]",,"[""中药内服""]",,"[{""name"": ""元参汤"", ""type"": ""方剂"", ""note"": ""治骨极所致手足酸疼等证""}]",0.4,治骨极……手足酸疼,True,True,,"[{""classical_span"": ""治骨极"", ""why_supports"": ""“骨极”提示骨病范畴，与骨质衰弱相关""}, {""classical_span"": ""手足酸疼"", ""why_supports"": ""表现为慢性骨痛，符合骨量不足的部分表现""}]",1,"[""仅凭骨痛症状，缺乏骨折或骨弱直接证据"", ""未明确患者年龄与人群，难以精确对应现代表型"", ""古籍病名与现代骨质疏松并非一一对应，存在泛化风险""]",e7bf10f54bf64ddc19f9376f1774127f,['元参汤'],明,['骨痛']
ok,3488,2026-02-04 18:59:18,普济方（四库本1-60卷）,1406.0,骨极,普济方卷三十三,虎骨酒方【出千金方】治骨极膝胫酸痛肢节多痛宜服【方见本门骨髓虚类】,方药,[],,肾虚血瘀证,原文仅称“骨极”“骨髓虚类”，未对应到给定六类证型,[],,"[""骨痛"", ""活动受限""]",,"[""中药内服""]",,"[{""name"": ""虎骨酒方"", ""type"": ""方剂"", ""note"": ""治骨极、膝胫酸痛、肢节多痛""}]",0.4,治骨极膝胫酸痛肢节多痛,True,True,,"[{""classical_span"": ""治骨极膝胫酸痛"", ""why_supports"": ""提示慢性骨痛、膝胫酸痛，符合骨质疏松常见疼痛表现但缺乏骨折等强证据""}]",1,"[""原文未见骨折、骨弱或年老等强指向证据却过度映射"", ""将未明确的证型强行归入固定六类之一"", ""未在原文出现的现代分型被臆断添加""]",66ab27693800ea2182252fda3f332bc7,['虎骨酒方'],明,"['活动受限', '骨痛']"
ok,3487,2026-02-04 18:59:18,普济方（四库本1-60卷）,1406.0,骨极,普济方卷三十三,三黄丸【一名金黄丸出三因方】治骨极热耳鸣面色焦枯隐曲膀胱不通牙齿脑髓苦痛手足酸疼大小便闭,方药,[],,肾虚血瘀证,原文仅述“骨极热”等病机与症状，未明确归属固定证型,[],,"[""骨痛""]",,"[""中药内服""]",,"[{""name"": ""三黄丸（金黄丸）"", ""type"": ""方剂"", ""note"": ""治骨极热、手足酸疼等症""}]",0.2,治骨极热…手足酸疼,True,True,,"[{""classical_span"": ""治骨极热"", ""why_supports"": ""出现以“骨”为核心的病理描述，提示骨病范畴""}, {""classical_span"": ""手足酸疼"", ""why_supports"": ""为慢性骨痛/酸痛表现之一""}]",1,"[""未出现骨痿、骨弱、易折等骨质疏松特异描述"", ""症状可能指向热证或其他骨病，非骨量减少"", ""缺乏人群、年龄或虚损背景信息""]",fe2b15692ea20ae81cd149b84e570501,['三黄丸'],明,['骨痛']
ok,3498,2026-02-04 18:59:39,普济方（四库本1-60卷）,1406.0,骨极,普济方卷三十三,芍药汤【出千金方】治骨极骨髓中疼,方药,[],,肝肾阴虚证,,[],,"[""骨痛""]",,"[""中药内服""]",,"[{""name"": ""三黄汤"", ""type"": ""方剂"", ""note"": ""用于治疗骨极，主肾热病相关表现""}]",0.7,三黄汤，治骨极,True,True,,"[{""classical_span"": ""治骨极"", ""why_supports"": ""“骨极”为古籍中指向骨病严重状态的病名，常被用于映射骨质衰弱类疾病""}]",1,"[""原文未明确描述脆性骨折，映射存在过度解释风险"", ""现代表型缺乏直接人群与年龄信息支持"", ""症状体征描述有限，可能对应其他骨病""]",3b68e07b4b7e33afcdaa9c3d7f738714,['三黄汤'],明,['骨痛']
ok,4730,2026-02-04 19:47:32,普济方（婴孩）,1406.0,骨枯,卷三百九十三·婴孩癖积胀满门 丁奚腹大（附论）,●十全丹　治丁奚哺露。由脾胃久虚。不能传化水穀。以荣血气。致骨肉消瘦。肾气不足。复为风冷所伤。使柴骨枯露。亦有胎中受毒而成此疾。,病名,[],小儿疾病，原文多次言“治小儿…”，属儿科范畴,脾胃虚弱证,,[],,"[""其他""]",骨枯、形体消瘦、柴骨枯露等体态异常描述,"[""中药内服""]",,"[{""name"": ""青皮"", ""type"": ""单味药"", ""note"": ""去穣""}, {""name"": ""陈皮"", ""type"": ""单味药"", ""note"": ""去白""}, {""name"": ""蓬术"", ""type"": ""单味药"", ""note"": ""煨""}, {""name"": ""川芎"", ""type"": ""单味药"", ""note"": """"}, {""name"": ""北五灵脂"", ""type"": ""单味药"", ""note"": """"}, {""name"": ""白豆蔻仁"", ""type"": ""单味药"", ""note"": """"}, {""name"": ""鸡心槟榔"", ""type"": ""单味药"", ""note"": """"}, {""name"": ""芦荟"", ""type"": ""单味药"", ""note"": """"}]",0.2,肾气不足，复为风冷所伤，柴骨枯露,True,False,,"[{""classical_span"": ""柴骨枯露"", ""why_supports"": ""出现骨枯、骨露等描述，提示骨质衰弱意象""}, {""classical_span"": ""肾气不足"", ""why_supports"": ""肾主骨的理论基础，与骨病相关""}]",1,"[""疾病对象为小儿，非骨质疏松典型人群"", ""缺乏脆性骨折或骨量减少的直接描述"", ""症候可由营养不良或其他儿科疾病解释""]",46c9cb4c45a6cb0195ec384a1695521b,"['北五灵脂', '川芎', '白豆蔻仁', '芦荟', '蓬术', '陈皮', '青皮', '鸡心槟榔']",明,['其他']
ok,2053,2026-02-04 18:00:30,齐氏医案,1760.0,骨空,卷三 痨瘵,曾治韩千总，每至夏月无阴，一到三伏之时，全无气力，悠悠忽忽，惟思睡眠，一睡不足，再睡不足，懒于言语，或梦遗不已，或夜热不休，问治于予。予曰：皆子不善保养，肾水泄于冬天，夏月阳盛，阴无以敌，所以如此。须用干熟地一两，山萸四钱，当归、白芍、麦冬、白术、芡实、生枣仁各三钱，茯苓、陈皮、北味子各一钱，水煎服。峻补其肾水，肾水充足则骨始有力，而气不下陷，神自上升矣。此方纯是补阴，盖骨空则软，补其骨中之髓，则骨不坚而坚也。此方治骨软、气软神验。,方药,[],,肝肾阴虚证,,[],,"[""乏力""]",,"[""中药内服""]",,"[{""name"": ""软坚汤"", ""type"": ""方剂"", ""note"": ""补肾水、充ivat骨髓以坚骨""}]",1.0,盖骨空则软，补其骨中之髓，则骨不坚而坚也,True,True,全愈,"[{""classical_span"": ""骨空则软"", ""why_supports"": ""直接描述骨空致骨软，为古籍中与骨量不足高度一致表述""}, {""classical_span"": ""补其骨中之髓，则骨不坚而坚也"", ""why_supports"": ""强调通过充骨髓改善骨软弱，符合骨质疏松核心机制映射""}]",1,"[""若忽略“骨空”原文而强行判定为其他骨病，则属证据误用"", ""若将其映射到具体现代人群或分型而无文本依据，属于臆测"", ""若未区分阴虚补法与一般壮阳治骨，可能导致证型不合规""]",9c37d87fb82c54655a4a0f0e22461d1d,['软坚汤'],清,['乏力']
ok,324,2026-02-04 16:53:15,清代名医医话精华,1985.0,骨痿,余听鸿医话精华,琴川小东门王姓，年约十七八，素有滑泄遗精，两足痿软，背驼腰屈，两手扶杖而行，皮枯肉削。彼云“我有湿气，已服三妙汤数十剂，罔效。予曰“瘦人以湿为宝，有湿则肥，无湿则瘦。观其两腿，大肉日削，诊脉两尺细软。难经曰“下损于上，一损于肾，骨痿不能起于床。精不足者，补之以味，损其肾者益其精。如再进苦燥利湿，阴分愈利愈虚，两足不能起矣。进以六味地黄汤，加虎骨、鱼版、鹿筋、苁蓉大剂，填下滋阴，服十余剂两足稍健。再将前方加鱼线胶，鹿角霜等，服十余剂，另服虎潜丸，每日五钱，两足肌肉渐充，步履安稳也。我习医已三年矣，余即劝其改业，不必习此小道。夫医之一业，功少过多，利小任重，有生计者，不必习也。,病名,[],年约十七八岁男性，属青少年人群（原文明确年龄）,脾胃虚弱证,,[],,"[""驼背"", ""活动受限"", ""乏力"", ""步态不稳""]",,"[""中药内服""]",,"[{""name"": ""六味地黄汤"", ""type"": ""方剂"", ""note"": ""填下滋阴为主方""}, {""name"": ""虎骨"", ""type"": ""单味药"", ""note"": ""加味以强筋骨""}, {""name"": ""鱼版"", ""type"": ""单味药"", ""note"": ""加味滋阴填精""}, {""name"": ""鹿筋"", ""type"": ""单味药"", ""note"": ""加味补筋骨""}, {""name"": ""苁蓉"", ""type"": ""单味药"", ""note"": ""加味补肾填精""}, {""name"": ""鱼线胶"", ""type"": ""单味药"", ""note"": ""续加以充养筋骨""}, {""name"": ""鹿角霜"", ""type"": ""单味药"", ""note"": ""续加温补肾精""}, {""name"": ""虎潜丸"", ""type"": ""方剂"", ""note"": ""后期长期服用以强筋骨""}]",1.0,难经曰“下损于上，一损于肾，骨痿不能起于床”。两足痿软，背驼腰屈,True,True,好转,"[{""classical_span"": ""骨痿不能起于床"", ""why_supports"": ""直接出现高度相关古籍病名“骨痿”""}, {""classical_span"": ""两足痿软，背驼腰屈"", ""why_supports"": ""符合骨弱、驼背、功能受限等表现""}, {""classical_span"": ""两足肌肉渐充，步履安稳"", ""why_supports"": ""治疗后筋骨功能改善""}]",1,"[""若未严格依据原文而推断其他未述症状"", ""若将成年或老年骨质疏松表型强行套用"", ""若忽略原文明示的骨痿病名而弱化相关性""]",017511e4074c9a54f5888e082afed86f,"['六味地黄汤', '苁蓉', '虎潜丸', '虎骨', '鱼版', '鱼线胶', '鹿筋', '鹿角霜']",近现代,"['乏力', '步态不稳', '活动受限', '驼背']"
ok,323,2026-02-04 16:53:17,清代名医医话精华,1985.0,骨痿,徐玉台医话精华,郡城徐华封女，病痿，两足不能相去以寸，脊间皮宽肉软，有如斗大，医用杂补气血之剂不效。予谓饮食如故，病属下焦，芪术守中，不能达下，四药诚为女科要药，若欲填实精髓，则又不胜任矣。考《内经》筋痿骨痿，皆属奇经络病，乃用生鹿角、龟板、海参、鱼胶、羊肉等血肉之味，配入熟地、枸杞、牛膝、归、芍，坚服三十余剂而全愈。,病名,"[""围绝经期""]",成年女性（“郡城徐华封女”），未提供年龄或生理阶段，无法对应固定人群枚举,脾胃虚弱证,,[],,"[""活动受限""]",,"[""中药内服""]",,"[{""name"": ""生鹿角"", ""type"": ""单味药"", ""note"": ""填精益骨，用于骨痿""}, {""name"": ""龟板"", ""type"": ""单味药"", ""note"": ""滋阴益骨，配合鹿角""}, {""name"": ""海参"", ""type"": ""单味药"", ""note"": ""血肉有情之品，补益精髓""}, {""name"": ""鱼胶"", ""type"": ""单味药"", ""note"": ""补血益精""}, {""name"": ""羊肉"", ""type"": ""其他"", ""note"": ""血肉之味以助填补""}, {""name"": ""熟地黄"", ""type"": ""单味药"", ""note"": ""补肾填精""}, {""name"": ""枸杞子"", ""type"": ""单味药"", ""note"": ""补肝肾""}, {""name"": ""牛膝"", ""type"": ""单味药"", ""note"": ""引药下行，强筋骨""}, {""name"": ""当归"", ""type"": ""单味药"", ""note"": ""养血""}, {""name"": ""芍药"", ""type"": ""单味药"", ""note"": ""养血和营""}]",1.0,考《内经》筋痿骨痿，皆属奇经络病,True,True,全愈,"[{""classical_span"": ""病痿，两足不能相去以寸"", ""why_supports"": ""表现为严重筋骨痿软与活动受限""}, {""classical_span"": ""筋痿骨痿"", ""why_supports"": ""明确出现与骨质疏松高度映射的古籍病名""}]",4,"[""文本未提供年龄信息却强行判定为绝经后或老年型"", ""将筋痿骨痿等同于急性外伤或风湿痹证"", ""未见骨相关证据仍赋予高相关评分""]",23be86343c7faa4cf483284d2914d8f7,"['当归', '枸杞子', '海参', '熟地黄', '牛膝', '生鹿角', '羊肉', '芍药', '鱼胶', '龟板']",近现代,['活动受限']
ok,2627,2026-02-04 18:22:38,清代名医医话精华,1985.0,骨空,齐有堂医话精华,曾治韩千总，每至夏月无阴，一到三伏之时，全无气力，悠悠忽忽，惟思睡眠，一睡不足，再睡不足，懒于言语；或梦遗不已，或夜热不休，问治于予。予曰“皆子不善保养。肾水泄于冬天，夏月阳盛，阴无以敌，所以如此。须用干熟地一两，山萸四钱，当归、白芍、麦冬、白术、芡实、生枣仁各三钱，茯苓、陈皮、北味子各一钱，水煎服，峻补其肾水。肾水充足，则骨始有力，而气不下陷，神自上升矣。此方纯是补阳，骨空则软，补其骨中之髓，则骨不坚而坚也。此方治骨软气软，神验。,方药,[],,删除非辨证文献,原文仅述“肾水泄、阴不足、骨空则软”，未明确对应固定证型名称,"[""其他""]",古籍病名“骨空”“骨软”，与现代骨质疏松骨量不足、骨强度下降语义对应,"[""乏力""]",,"[""中药内服""]",,"[{""name"": ""熟地黄"", ""type"": ""单味药"", ""note"": ""干熟地一两，峻补肾水""}, {""name"": ""山茱萸"", ""type"": ""单味药"", ""note"": ""四钱，补肾摄精""}, {""name"": ""当归"", ""type"": ""单味药"", ""note"": ""三钱，养血""}, {""name"": ""白芍"", ""type"": ""单味药"", ""note"": ""三钱，养阴柔筋""}, {""name"": ""麦冬"", ""type"": ""单味药"", ""note"": ""三钱，养阴""}, {""name"": ""白术"", ""type"": ""单味药"", ""note"": ""三钱，健脾""}, {""name"": ""芡实"", ""type"": ""单味药"", ""note"": ""三钱，固肾""}, {""name"": ""酸枣仁"", ""type"": ""单味药"", ""note"": ""三钱，安神""}, {""name"": ""茯苓"", ""type"": ""单味药"", ""note"": ""一钱，健脾渗湿""}, {""name"": ""陈皮"", ""type"": ""单味药"", ""note"": ""一钱，理气""}, {""name"": ""五味子"", ""type"": ""单味药"", ""note"": ""一钱，补肾敛阴""}]",1.0,骨空则软，补其骨中之髓，则骨不坚而坚也,True,True,显效,"[{""classical_span"": ""骨空则软"", ""why_supports"": ""直接出现古籍高相关病名范畴，指向骨质空虚、骨弱""}, {""classical_span"": ""补其骨中之髓"", ""why_supports"": ""强调骨髓充养以增强骨力，与现代骨量/骨强度概念相通""}]",1,"[""未出现现代诊断名称，存在古今概念映射偏差风险"", ""证型未明，若强行归入固定证型可能属臆测"", ""症状描述偏全身虚弱，缺乏骨折等现代强指标""]",31a2733eb363ff7f9610779f334ccb8f,"['五味子', '山茱萸', '当归', '熟地黄', '白术', '白芍', '芡实', '茯苓', '酸枣仁', '陈皮', '麦冬']",近现代,['乏力']
ok,1655,2026-02-04 17:45:29,全国名老中医秘方,1992.0,骨折,第一篇 中老年常见疾病防治秘方 五十六、跌打损伤,[制用法] 上药除冰片外，全部晒（烘）燥后，碾成粉末，拌人冰片细末和匀。用适量液状石腊油（或凡土林、鸡蛋清均可），将药末调成糊状（不松散为度），装人药罐内备用。根据伤痛部位大小，将软膏均匀地摊在棉垫上，表面再放人适量的冰片粉末。纱布外层最好衬上一层塑料薄膜，以免药液渗出污染被服。一般2-3天换药1次，直至病愈。骨折、脱位患者，应先行复位固定，再使用软膏为妥。,外治法,"[""老年后""]",,血瘀气滞证,原文仅述跌打损伤、骨折外用处理，未见辨证分型描述,[],,[],,"[""中药外用""]",,"[{""name"": ""冰片"", ""type"": ""外治"", ""note"": ""外用软膏辅料，敷贴患处""}, {""name"": ""液状石腊油"", ""type"": ""外治"", ""note"": ""调和药末成膏用""}, {""name"": ""凡士林"", ""type"": ""外治"", ""note"": ""可替代液状石腊油作基质""}, {""name"": ""鸡蛋清"", ""type"": ""外治"", ""note"": ""可替代基质调膏""}]",0.2,骨折、脱位患者，应先行复位固定，再使用软膏为妥,True,False,,"[{""classical_span"": ""跌打损伤"", ""why_supports"": ""提示为急性外伤范畴而非慢性骨弱""}, {""classical_span"": ""骨折、脱位患者"", ""why_supports"": ""涉及骨折处理，但未指向脆性或骨量减少""}]",1,"[""将急性跌打损伤等同于骨质疏松"", ""在无证据下强行判定脆性骨折或特定证型"", ""补充原文未出现的内服方药或疗效结论""]",717091c6f7504d2dec2f6ff9bee705d8,"['冰片', '凡士林', '液状石腊油', '鸡蛋清']",近现代,[]
ok,610,2026-02-04 17:04:24,全生指迷方,1046.0,骨痿；骨枯,卷三 诸痛,若腰脊不举，由远行劳倦，逢大热而渴，阳气内伐，热舍于肾，水不胜火，则骨枯而髓减，盖阳明并肾，则肾脂枯。而宗筋主束骨而利机关也，是谓骨痿，菟丝子丸、补肾散主之,病名,[],,肝肾阴虚证,,[],,"[""活动受限""]",,"[""中药内服""]",,"[{""name"": ""菟丝子丸"", ""type"": ""方剂"", ""note"": ""用于治疗骨痿""}, {""name"": ""补肾散"", ""type"": ""方剂"", ""note"": ""用于治疗骨痿""}]",1.0,水不胜火，则骨枯而髓减……是谓骨痿,True,True,,"[{""classical_span"": ""骨枯而髓减"", ""why_supports"": ""直接描述骨与骨髓枯减，符合骨量减少特征""}, {""classical_span"": ""是谓骨痿"", ""why_supports"": ""明确出现高度相关古籍病名“骨痿”""}]",4,"[""未明确人群或年龄却强行对应绝经或老年分型"", ""症状未出现骨折却过度推断脆性骨折"", ""脱离原文臆造未提及的治疗或证型""]",8541bd5523bc970ab2eb9e5a5fc9eb33,"['菟丝子丸', '补肾散']",宋金元,['活动受限']
ok,3736,2026-02-04 19:08:55,全生指迷方,1046.0,骨痹,卷二 痹证,论曰：若始觉肌肉不仁，久而变生他证，病名曰痹。此由风寒湿三气客于经络，舍于血脉，搏于荣卫，故令皮肤痹而不仁。有热则肌肉骨节烦疼，有寒则冷。以春得之在筋，夏得之在脉，秋得之在皮，冬得之在骨，四季得之在肌肉。又久而不去，各传其脏，筋痹不已，舍之于肝，夜卧则惊，饮食多，小便数，上为引如怀妊。脉痹不已，舍之于心，其脉不通，烦满，心下鼓，暴上气。肌痹不已，舍之于脾，其状四肢懈惰，发咳，呕汁，上为大塞。皮痹不已，舍之于肺，其状烦满而喘呕。骨痹不已，舍之于肾，其状善胀，尻以代踵，脊以代头。上证虽多，必先肌肉不仁。其始，治当以增损小续命汤，证状小不同者，当根据本法。病久入深，鲁公酒主之。,病名,[],,肾阳虚证,,"[""其他""]",属风寒湿痹中之骨痹，偏慢性骨病/痹证表现，非典型骨质疏松分型,"[""骨痛""]",,"[""中药内服""]",,"[{""name"": ""增损小续命汤"", ""type"": ""方剂"", ""note"": ""病初治法，随证增损""}, {""name"": ""鲁公酒"", ""type"": ""方剂"", ""note"": ""病久入深时主治""}]",0.2,骨痹不已，舍之于肾,True,True,,"[{""classical_span"": ""骨痹不已，舍之于肾"", ""why_supports"": ""涉及骨病并归属肾，提示慢性骨相关病变，与骨质疏松存在弱映射""}, {""classical_span"": ""有热则肌肉骨节烦疼"", ""why_supports"": ""出现骨节疼痛，为骨病常见表现""}]",1,"[""文本为痹证范畴，可能主要指风寒湿痹而非骨量减少"", ""未见骨折、骨弱、骨缩等骨质疏松强指征"", ""证型与现代表型映射依据有限，相关性偏弱""]",ad068c1bf26ca8fd2f6b625c7137ae8b,"['增损小续命汤', '鲁公酒']",宋金元,['骨痛']
ok,232,2026-02-04 16:49:38,全体病源类纂,610.0,骨痿,第五篇·皮肉筋骨病 骨病四,骨寒　骨蒸　骨痿　骨痛　骨伤　骨绝,方药,[],,肾虚血瘀证,原文仅述“肾积…骨痿”，未明确对应固定证型,"[""其他""]",仅见“骨痿”古籍病名，未指明年龄/性别/继发因素，难以对应具体现代分型,[],,"[""中药内服""]",,"[{""name"": ""奔豚汤"", ""type"": ""方剂"", ""note"": ""用于治疗肾积所致奔豚，并见骨痿等表现""}]",1.0,病喘逆，骨痿，少气，其脉沉而滑。,True,True,,"[{""classical_span"": ""骨痿"", ""why_supports"": ""“骨痿”为古籍中与骨质衰弱高度相关的核心病名""}]",1,"[""未提供明确人群信息却强行对应绝经或老年分型"", ""在无证据情况下推断具体中医证型"", ""将非骨病主诉误判为骨质疏松""]",b9024fa09f8fa614767c10fe11febd05,['奔豚汤'],隋唐以前,[]
ok,256,2026-02-04 16:50:39,全体病源类纂,610.0,骨痿；骨痹,第五篇·皮肉筋骨病 骨病四,沉氏曰：骨之撑架于身者，犹梁柱之于屋；然屋非梁柱不坚竖，人非骨骼不支持。《经》言肾主骨，又言骨者，髓之府。是惟肾气足，然后髓满而骨坚也。骨有本，颧骨也。故骨大则颧大，骨小颧亦小，而骨之最大者为脊，《经》言膂骨下至尾骶二十一椎，长三尺。脊节为椎，穷脊为骶，是不独为骨之最大，且居中丽正，一身之骨胥于是附，犹屋之正梁，且为诸骨之主也。而其为病，约有四端：一曰寒，人有寒甚至骨，汤火不能热，厚衣不能温，然不冻慄者，《经》名骨痹，非轻微恶寒之谓，宜温肾以壮阳。一曰热，其热从骨间蒸发，按之不烙手，然觉有蒸郁，不可耐状，非引水所能解，其板齿必乾燥，即《经》言髓涸齿乾为骨热病者是也，宜滋阴降火；其热甚，至四肢缓弱不举，则势将成骨痿之症矣。一曰痿，其症见后所录《内经》文中，由于骨热，非寻常疲弱之谓，宜虎潜丸等药。一曰痛，人身之痛，由六气七情者不一，浅者皮内间，深亦只于经藏，若入里彻骨，则损伤已极矣。宜酌其寒热治之。此外如久立伤骨，则痛痿无常。齿黄骨绝，则药石不救，且不出十日而死矣。,病名,"[""情志异常""]",,删除多复合证,文中并述寒宜温肾壮阳、热宜滋阴降火，属寒热两端并见，非单一证型,[],,"[""骨痛"", ""活动受限"", ""乏力""]",,"[""中药内服""]",,"[{""name"": ""虎潜丸"", ""type"": ""方剂"", ""note"": ""用于骨热成痿、四肢缓弱不举""}]",1.0,其热甚，至四肢缓弱不举，则势将成骨痿之症矣,True,True,,"[{""classical_span"": ""势将成骨痿之症"", ""why_supports"": ""明确出现骨痿病名，为骨弱痿软的核心表述""}, {""classical_span"": ""骨者，髓之府…髓满而骨坚"", ""why_supports"": ""强调肾髓不足则骨不坚，与骨量不足机理相符""}]",4,"[""未明确提及年龄或绝经背景，难以细分现代分型"", ""寒热并述，证型复杂，单一证型映射存在不确定性"", ""未出现明确骨折记载，部分表型需谨慎对应""]",35eecc3fa581f318daf36ff95978a73b,['虎潜丸'],隋唐以前,"['乏力', '活动受限', '骨痛']"
ok,2970,2026-02-04 18:37:20,医辨,1687.0,骨痿；骨枯,卷之上 腰痛,大抵诸腰痛，皆起肾虚，既挟邪气，则须除其邪。如无外邪积滞而自痛，则惟补肾而已。腰肢痿弱，身体疲倦，脚膝酸软，脉或洪或细而皆无力，痛亦攸攸隐隐而不甚，是其候也。亦分寒热二证。脉细而无力，怯怯短气，小便清利，是为阳虚，宜肾气丸、茴香丸、鹿茸、羊肾之属，或以大建中汤加川椒十粒，吞下腰肾丸，及生料鹿茸丸之类。仍以茴香，炒研末，破开猪腰子作薄片，勿令断，层层掺药末，水纸裹，煨熟，细嚼、酒咽。此皆所以补阳之不足也，其脉洪而无力，小便黄赤，虚火时炎，是谓阴虚。东垣所谓：膏粱之人，久服汤药，醉以入房，损其真气，则肾气热，肾气热则腰脊痛而不能举，久则髓减骨枯，发为骨痿，宜六味丸、滋肾丸、封髓丹、补阴丸之类。以补阴之不足也。,病名,"[""老年后"",""情志异常""]",,肾阳虚证,,"[""原发性-老年型""]",,"[""腰背痛"", ""乏力"", ""活动受限""]",,"[""中药内服"", ""中药外用""]",,"[{""name"": ""六味丸"", ""type"": ""方剂"", ""note"": ""用于肾气热、骨痿之补阴""}, {""name"": ""滋肾丸"", ""type"": ""方剂"", ""note"": ""补肾阴以治骨枯""}, {""name"": ""封髓丹"", ""type"": ""方剂"", ""note"": ""补阴潜阳，针对骨痿""}, {""name"": ""补阴丸"", ""type"": ""方剂"", ""note"": ""补阴不足，治疗骨枯""}]",1.0,久则髓减骨枯，发为骨痿,True,True,,"[{""classical_span"": ""髓减骨枯，发为骨痿"", ""why_supports"": ""直接描述骨枯骨痿，与骨量减少高度一致""}, {""classical_span"": ""腰脊痛而不能举"", ""why_supports"": ""符合骨质疏松相关慢性腰背痛""}]",1,"[""若忽略原文直接证据而臆测骨折风险"", ""若将急性外伤性腰痛误判为骨质疏松"", ""若证型枚举不合规仍强行选择""]",742fdbf450a47babb9594c2d86f7c67e,"['六味丸', '封髓丹', '滋肾丸', '补阴丸']",清,"['乏力', '活动受限', '腰背痛']"
ok,3215,2026-02-04 18:48:03,本草述钩元,1833.0,骨虚,卷三十一 兽部 鹿麋,〔论〕 鹿角生与熟并熬胶。俱应入肾。以角亦骨类。为骨之合也。即六极审属骨虚。,方药,[],,肾虚血瘀证,原文称“六极审属骨虚”，为骨虚范畴，未对应固定证型,[],,[],,"[""中药内服""]",,"[{""name"": ""鹿角"", ""type"": ""单味药"", ""note"": ""生、熟鹿角并可熬胶，原文称“俱应入肾”""}, {""name"": ""鹿角胶"", ""type"": ""单味药"", ""note"": ""由鹿角熬制，作为补骨之用""}]",0.4,以角亦骨类。为骨之合也。即六极审属骨虚。,True,True,,"[{""classical_span"": ""角亦骨类"", ""why_supports"": ""明确将鹿角视为骨类，用于骨相关虚损""}, {""classical_span"": ""六极审属骨虚"", ""why_supports"": ""直接出现“骨虚”概念，与骨量不足相通""}]",1,"[""未出现脆性骨折或年老易折等强指向特征"", ""未明确具体人群或发病阶段，难以对应现代分型"", ""仅为药性论述，缺乏完整病程与症状描述""]",d821f2c7691c85391c39ac1194d77e10,"['鹿角', '鹿角胶']",清,[]
ok,3213,2026-02-04 18:48:05,本草述钩元,1833.0,骨虚,卷三十一 兽部 鹿麋,x鹿角 x 生用则散热行血。消肿辟邪。熟用则入肾补肝。益阳和血。（至炼霜熬膏。则专气味咸温补阴气。与茸同。而功力少缓。（故之革不如鼎之新也）疗骨虚劳极。补绝伤。秘精髓。除腰脊痛。女子妊娠腰痛下血。又活瘀和血。大胜于茸。治留血在阴中。及少腹血急痛。除女子胞中留血不尽欲死。（或堕胎血瘀。或胎死腹中。）更主血闭无子。诸恶疮痈肿热毒。磨醋敷之。,方药,"[""胎产哺乳""]",,血瘀气滞证,,"[""妊娠-哺乳相关骨质疏松""]",,"[""腰背痛"", ""骨痛""]",,"[""中药内服"", ""中药外用""]",,"[{""name"": ""鹿角"", ""type"": ""单味药"", ""note"": ""生用散热行血，熟用补肝肾；磨醋外敷治疮痈""}]",0.7,疗骨虚劳极。补绝伤。秘精髓。除腰脊痛。,True,True,,"[{""classical_span"": ""疗骨虚劳极"", ""why_supports"": ""直接出现“骨虚劳”指向骨质亏虚状态""}, {""classical_span"": ""除腰脊痛"", ""why_supports"": ""对应现代骨质疏松常见腰背痛表现""}]",1,"[""文本以多种妇科与疮痈用途为主，骨病并非唯一核心"", ""未见明确脆性骨折或骨折反复描述"", ""现代分型映射主要基于妊娠线索，证据有限""]",13f2d4a69392f8ffe4688ae5ef933cab,['鹿角'],清,"['腰背痛', '骨痛']"
ok,3221,2026-02-04 18:48:17,秘传证治要诀及类方,1264.0,骨虚,卷之一 诸中门 中风,若中后体虚有痰。不可峻补。热燥者。宜四君子汤和星香饮或六君子汤和之。中而口眼斜者。先烧皂角烟熏之。以逐去外邪。次烧乳香熏之。以顺其血脉。若前证多怒。宜小续命汤加羚羊角。热而渴者。小续命汤去附子加秦艽半钱。恍惚错语者。加茯神远志各半钱。不得睡者。加炒酸枣仁半钱。不能言者。加竹沥一蚬壳许。人虚无力者。去麻黄加茯苓如其数若人自苏者。能言能食。惟身体不遂。急则挛蜷。缓则耽曳。经年累月。难以起止。加仙丹常服。若中饮食。坐卧如常。但失音不语。俗呼为哑风小续命汤。去附子加石菖蒲一筋骨疼者。俗呼为痛风。或痛而游走无定。俗呼为走注风。并宜乌药顺气散。利煎复元或青龙丸。未效。用大防风汤。或五积散调乳香末。胫细而膝肿者。俗呼为鹤膝风。宜感冒后四逆。手足不遂。牙关紧急。与霍乱后四逆。手足搐捻。欲成风者。草果饮和星各半帖煎服。有无故口眼 斜。投以中风药剂不效。盖缘骨虚中受风所致。当于此求之。不可例作寻常中风治之川乌一味。决不可少。宜炮熟用。,病名,"[""情志异常""]",,肾阳虚证,,[],,"[""骨痛"", ""活动受限""]",,"[""中药内服""]",,"[{""name"": ""乌药顺气散"", ""type"": ""方剂"", ""note"": ""用于筋骨疼痛、走注风""}, {""name"": ""大防风汤"", ""type"": ""方剂"", ""note"": ""前药未效时使用""}, {""name"": ""五积散"", ""type"": ""方剂"", ""note"": ""调乳香末以治筋骨疼""}, {""name"": ""川乌"", ""type"": ""单味药"", ""note"": ""用于骨虚中受风，强调不可少""}]",0.2,盖缘骨虚中受风所致，当于此求之,True,True,,"[{""classical_span"": ""骨虚中受风所致"", ""why_supports"": ""直接出现“骨虚”，提示骨本体虚弱""}, {""classical_span"": ""筋骨疼者"", ""why_supports"": ""涉及筋骨疼痛，属骨病相关表现""}]",1,"[""文本未明确出现骨痿或骨折等强指向骨质疏松的病名"", ""症状多与中风、风病相关，可能为其他骨病或风痹"", ""缺乏年龄、绝经或老年骨弱等关键信息""]",61a0f43e6955e3fe74f6c6682d1e5fd2,"['乌药顺气散', '五积散', '大防风汤', '川乌']",宋金元,"['活动受限', '骨痛']"
ok,3224,2026-02-04 18:48:25,普济方,1406.0,骨虚,卷三十三 肾脏门 骨髓虚实（附论）,同 x地黄煎 治骨虚骨寒。 x生地黄（五斤焙） 补骨脂 人参（各五两） 上为末。每服水二升。药末二两。猪髓一具 去筋 x地黄散 x（出千金方） x治骨髓虚。冷痛无力。 x生地黄（八斤） 豉（二升） 上同于甑上炊两次。曝干为散。每服二钱。温酒调下。,病名,[],,肾阳虚证,,[],,"[""骨痛"", ""乏力"", ""活动受限""]",,"[""中药内服""]",,"[{""name"": ""地黄煎"", ""type"": ""方剂"", ""note"": ""治骨虚骨寒""}, {""name"": ""地黄散"", ""type"": ""方剂"", ""note"": ""治骨髓虚、冷痛无力""}]",0.4,治骨虚骨寒；治骨髓虚，冷痛无力,True,True,,"[{""classical_span"": ""骨虚骨寒"", ""why_supports"": ""提示骨本不足、偏虚寒属性，与骨量不足相关""}, {""classical_span"": ""骨髓虚，冷痛无力"", ""why_supports"": ""符合慢性骨痛、无力等骨质疏松常见表现""}]",1,"[""未明确出现脆性骨折或骨折反复描述"", ""未提供患者年龄或性别，无法映射具体现代表型"", ""症状可能与其他慢性骨病共享，特异性有限""]",f174d945a2e8ab70083418f7e692695d,"['地黄散', '地黄煎']",明,"['乏力', '活动受限', '骨痛']"
ok,3228,2026-02-04 18:48:35,普济方（四库本61-120卷）,1406.0,骨虚,普济方卷九十五,独活散【出圣惠方】　治腲腿风肌骨虚满四肢不收骨节疼痛腰脚缓弱无力,方药,[],,肾阳虚证,,[],,"[""骨痛"", ""活动受限"", ""乏力""]",,"[""中药内服""]",,"[{""name"": ""独活散"", ""type"": ""方剂"", ""note"": ""出《圣惠方》，治腿风，肌骨虚满、骨节疼痛、腰脚缓弱无力""}, {""name"": ""独活"", ""type"": ""单味药"", ""note"": ""方中主药之一""}, {""name"": ""附子"", ""type"": ""单味药"", ""note"": ""炮裂去皮脐，用于温阳""}, {""name"": ""麻黄"", ""type"": ""单味药"", ""note"": ""去根节""}, {""name"": ""薏苡仁"", ""type"": ""单味药"", ""note"": ""方中配伍""}, {""name"": ""赤茯苓"", ""type"": ""单味药"", ""note"": ""方中配伍""}, {""name"": ""牛膝"", ""type"": ""单味药"", ""note"": ""引药下行，治腰脚""}, {""name"": ""防风"", ""type"": ""单味药"", ""note"": ""去芦""}]",0.4,治腿风，肌骨虚满，骨节疼痛，腰脚缓弱无力,True,True,,"[{""classical_span"": ""肌骨虚满"", ""why_supports"": ""提示骨与肌肉虚弱状态，符合慢性骨量不足的部分特征""}, {""classical_span"": ""骨节疼痛"", ""why_supports"": ""与骨质疏松相关的骨痛表现相符""}]",1,"[""文本未明确记载骨折或骨脆，可能仅为风湿痹证"", ""缺乏人群年龄信息，难以对应具体现代分型"", ""症状描述偏笼统，不能完全排除其他骨病""]",46d637a718a5d49cdab9b7f80b070c72,"['牛膝', '独活', '独活散', '薏苡仁', '赤茯苓', '防风', '附子', '麻黄']",明,"['乏力', '活动受限', '骨痛']"
ok,3227,2026-02-04 18:48:37,严氏济生方,1253.0,骨虚,诸虚门 五劳六极论治 鹿角丸,治骨虚极，面肿垢黑，脊痛不能久立，气衰发落齿槁，腰脊痛，甚则喜唾。,方药,[],,肾虚血瘀证,原文仅述“骨虚极/骨极”，未明确对应固定证型,[],,"[""腰背痛"", ""活动受限"", ""乏力""]",,"[""中药内服""]",,"[{""name"": ""鹿角丸"", ""type"": ""方剂"", ""note"": ""治骨虚极、脊痛不能久立""}, {""name"": ""鹿角"", ""type"": ""单味药"", ""note"": ""方中主药""}, {""name"": ""牛膝"", ""type"": ""单味药"", ""note"": ""酒浸去苗焙，用于腰脊痛""}]",0.7,治骨虚极。脊痛不能久立。,True,True,,"[{""classical_span"": ""治骨虚极"", ""why_supports"": ""直接指向骨虚、骨弱范畴""}, {""classical_span"": ""脊痛不能久立"", ""why_supports"": ""符合慢性腰背痛与功能受限表现""}]",3,"[""未给出明确人群与年龄信息却强行对应特定现代分型"", ""证型未明仍武断归入固定证型"", ""脱离原文添加不存在的骨折或绝经信息""]",6527b3854967a21bbe108cb6f07882d9,"['牛膝', '鹿角', '鹿角丸']",宋金元,"['乏力', '活动受限', '腰背痛']"
ok,3235,2026-02-04 18:48:46,外台秘要,752.0,骨极；骨虚,卷第十六 骨极虚方七首,千金疗骨虚酸疼不安好倦。主膀胱寒。虎骨酒方。,方药,[],,肾阳虚证,,[],,"[""骨痛"", ""乏力""]",,"[""中药内服""]",,"[{""name"": ""虎骨酒方"", ""type"": ""方剂"", ""note"": ""用于治疗骨虚酸疼、不安好倦""}]",0.4,千金疗骨虚酸疼不安好倦,True,True,,"[{""classical_span"": ""骨虚酸疼"", ""why_supports"": ""提示慢性骨虚与持续性骨痛，符合骨量不足相关表现""}, {""classical_span"": ""不安好倦"", ""why_supports"": ""反映久病乏力、功能受限的慢性虚损状态""}]",1,"[""未出现明确脆性骨折或骨折反复记载，相关性有限"", ""缺乏明确人群与年龄信息，难以对应具体现代表型"", ""症状描述偏泛，可能与其他慢性骨病混同""]",37df929a0cffa4cf6406c7c0b7ee2997,['虎骨酒方'],唐,"['乏力', '骨痛']"
ok,3236,2026-02-04 18:48:52,证治准绳·类方,1602.0,骨虚,第一册 虚劳,鹿角丸 治骨虚极，面肿垢黑，脊痛不能久立，血气衰惫，发落齿枯，甚则喜睡。,方药,[],,肾虚血瘀证,仅载“骨虚”“虚劳”，未明确归属所给六类证型之一,[],,"[""腰背痛"", ""活动受限""]",,"[""中药内服""]",,"[{""name"": ""鹿茸"", ""type"": ""单味药"", ""note"": ""方中主药，用于治骨虚""}, {""name"": ""牛膝"", ""type"": ""单味药"", ""note"": ""与鹿茸同用，酒浸焙干为末""}]",0.7,治骨虚面肿脊痛，不能久立,True,True,,"[{""classical_span"": ""骨虚"", ""why_supports"": ""直接指向骨体虚弱的古籍病名范畴""}, {""classical_span"": ""脊痛，不能久立"", ""why_supports"": ""符合慢性腰背痛与功能受限表现""}]",1,"[""未记载年龄或性别，难以对应具体现代表型"", ""未明确出现骨折或骨量减少描述"", ""中医证型未清晰标注，存在映射不确定性""]",d3925cd0e9e9ef779e22b3c4f04531c0,"['牛膝', '鹿茸']",明,"['活动受限', '腰背痛']"
ok,3244,2026-02-04 18:49:03,针灸大成,1601.0,骨虚,卷六 足少阴肾经,癸水之脏，脉居左尺。一脏而二形，左名肾，男子以藏精；右名命门，女子以系胞。元气之根，精神之舍。受病同归于膀胱，诊候两分于水火。实则脉实，小腹胀满而腰背急强，便黄舌燥者，泻肾汤可以广推；虚则脉虚，气寒阳痿而言音混浊，胫弱脉代者，苁蓉散宜加寻讨。肾气不和腰胁痛，散号异香；阳经郁滞背肩疼，汤名通气。腰痛散八角茴香，精泄末一升韭子。气滞腰间堪顺气，血凝臂痛，可舒经。五味能交心肾，须茯神远志川归，山药苁蓉枸杞；龙骨赡养精神，与益智茴香故纸，鹿茸牛膝黄耆。地黄补肾益阴，加当归而补髓；附子驱寒去湿，倍人参而壮阳。龙骨治骨虚酸痛，猪肾济肾弱腰亏。大抵咸能走肾，秋石须明配合；寒能败命，春茗要别陈新，渗淡泻水之剂宜慎，烧炼助火之丹勿餐。东垣曾谓肉桂独活报使，钱氏独用地黄枸杞引经。抑又闻竹破须将竹补，胞鸡还要卵为。谁知人人本有长生药，自是迷徒枉摆抛。甘露降时天地合，黄芽生处坎离交。井蛙应谓无龙窟，篱鹤争知有风巢。丹熟自然金满屋，何须寻草学烧茅。,病名,"[""老年后"",""情志异常""]",,肾虚血瘀证,,"[""原发性-老年型""]",,"[""腰背痛"", ""骨痛"", ""活动受限"", ""乏力""]",,"[""中药内服""]",,"[{""name"": ""泻肾汤"", ""type"": ""方剂"", ""note"": ""用于肾实、小腹胀满、腰背急强""}, {""name"": ""苁蓉散"", ""type"": ""方剂"", ""note"": ""用于肾虚、胫弱、阳痿""}, {""name"": ""地黄"", ""type"": ""单味药"", ""note"": ""补肾益阴，加当归以补髓""}, {""name"": ""龙骨"", ""type"": ""单味药"", ""note"": ""治骨虚酸痛""}, {""name"": ""猪肾"", ""type"": ""单味药"", ""note"": ""济肾弱腰亏""}]",0.7,龙骨治骨虚酸痛，猪肾济肾弱腰亏,True,True,,"[{""classical_span"": ""骨虚酸痛"", ""why_supports"": ""直接描述骨虚与疼痛，符合骨量不足表现""}, {""classical_span"": ""腰背急强"", ""why_supports"": ""慢性腰背症状常见于骨质疏松""}]",1,"[""若仅视为一般肾虚腰痛，未必对应骨量减少"", ""未明确记载骨折或身高变矮等强指征"", ""文本为综合论述，非专病专论""]",22bb1b5ed008eaa013145b7f1e94a79b,"['地黄', '泻肾汤', '猪肾', '苁蓉散', '龙骨']",明,"['乏力', '活动受限', '腰背痛', '骨痛']"
ok,3240,2026-02-04 18:49:03,医心方,982.0,骨虚,卷第六 治骨病方第二十四,《极要方》疗骨虚劳冷，骨节疼痛无力方∶豉（二升） 地黄（八两）,方药,[],,肾阳虚证,,[],,"[""骨痛"", ""乏力"", ""活动受限""]",,"[""中药内服""]",,"[{""name"": ""疗骨虚劳冷，骨节疼痛无力方"", ""type"": ""方剂"", ""note"": ""引自《极要方》，用于骨虚劳冷、骨节疼痛无力""}, {""name"": ""豉"", ""type"": ""单味药"", ""note"": ""方中用药，剂量二升""}, {""name"": ""地黄"", ""type"": ""单味药"", ""note"": ""方中用药，剂量八两""}]",0.4,疗骨虚劳冷，骨节疼痛无力,True,True,,"[{""classical_span"": ""骨虚劳冷"", ""why_supports"": ""提示骨虚为本的慢性病机，与骨量不足类疾病有部分相似""}, {""classical_span"": ""骨节疼痛无力"", ""why_supports"": ""符合慢性骨病常见的疼痛与功能减退表现""}]",3,"[""未出现骨痿、骨枯、易折等直接指向骨质疏松的强特征"", ""缺乏患者年龄、人群背景，无法对应现代表型分型"", ""症状描述较为概括，亦可能对应其他骨病或痹证""]",3e98f2bd39202354914fe89a4dfb7df8,"['地黄', '疗骨虚劳冷骨节疼痛无力方', '豉']",宋金元,"['乏力', '活动受限', '骨痛']"
ok,3241,2026-02-04 18:49:08,医学入门,1575.0,,外集·卷四 杂病 外感 疝气,软痹者，乃膏粱火乘肝肾，以致血气涩，则痹厥不仁，虚则软缓无力，或麻木不举，三妙丸、搜风顺气丸。然肾主骨，虚则骨软。阳虚，附虎四斤丸；阴虚，虎潜丸、肾气丸。脚软筋痛者，大补阴丸去地黄，加白芍、知母、甘草，倍牛膝。肝主筋，虚则脚膝顽麻，养真丹。肝肾脾俱虚者，五兽三匮丹。,病名,[],,删除多复合证,文中同时提及肝、肾、脾虚（如“肾主骨，虚则骨软”“肝主筋”“肝肾脾俱虚者”），非单一固定证型,[],,"[""骨痛"", ""活动受限"", ""乏力""]",原文“脚软筋痛”“软缓无力”“麻木不举”体现筋骨痿软与功能受限,"[""中药内服""]",,"[{""name"": ""三妙丸"", ""type"": ""方剂"", ""note"": ""用于软痹、痿软无力""}, {""name"": ""搜风顺气丸"", ""type"": ""方剂"", ""note"": ""用于麻木不举""}, {""name"": ""附虎四斤丸"", ""type"": ""方剂"", ""note"": ""阳虚用""}, {""name"": ""虎潜丸"", ""type"": ""方剂"", ""note"": ""阴虚用""}, {""name"": ""肾气丸"", ""type"": ""方剂"", ""note"": ""阴虚用""}, {""name"": ""大补阴丸"", ""type"": ""方剂"", ""note"": ""脚软筋痛者加减""}, {""name"": ""养真丹"", ""type"": ""方剂"", ""note"": ""肝虚脚膝顽麻""}, {""name"": ""五兽三匮丹"", ""type"": ""方剂"", ""note"": ""肝肾脾俱虚""}]",0.4,肾主骨，虚则骨软,True,True,,"[{""classical_span"": ""肾主骨，虚则骨软"", ""why_supports"": ""直接指向骨质虚弱、骨软的核心病机""}, {""classical_span"": ""脚软筋痛"", ""why_supports"": ""反映筋骨痿软与骨病相关表现""}]",1,"[""未出现明确脆性骨折或年老骨弱描述"", ""证型复杂，难以对应单一现代分型"", ""缺乏人群与预后信息，映射存在不确定性""]",20dbc2ef1e696581a6e6887b3ef73f5f,"['三妙丸', '五兽三匮丹', '养真丹', '大补阴丸', '搜风顺气丸', '肾气丸', '虎潜丸', '附虎四斤丸']",明,"['乏力', '活动受限', '骨痛']"
ok,3250,2026-02-04 18:49:24,古今图书集成医部全录008（175-210）,1934.0,,古今图书集成医部全录卷一百九十,软痹者，乃膏粱火乘肝肾，以致血气濇则痹厥不仁，虚则软缓无力，或麻木不举，三妙丸、搜风顺气丸。然肾主骨，虚则骨软。阳虚，附虎四斤丸，阴虚，虎潜丸、肾气丸。脚软筋痛者，大补阴丸去地黄加白芍、知母、甘草、倍牛膝。肝主筋，虚则脚膝顽麻，养真丹。肝肾脾俱虚者，五兽三匮丹。,病名,[],,删除多复合证,文中并列提及肾阳虚、肝肾阴虚、肝虚、肝肾脾俱虚等多种证候，无法单一定义,[],,"[""乏力"", ""活动受限""]",,"[""中药内服""]",,"[{""name"": ""三妙丸"", ""type"": ""方剂"", ""note"": ""用于软痹、麻木不举""}, {""name"": ""搜风顺气丸"", ""type"": ""方剂"", ""note"": ""用于软痹、气血不畅""}, {""name"": ""附虎四斤丸"", ""type"": ""方剂"", ""note"": ""阳虚者用""}, {""name"": ""虎潜丸"", ""type"": ""方剂"", ""note"": ""阴虚者用""}, {""name"": ""肾气丸"", ""type"": ""方剂"", ""note"": ""阴虚兼肾虚""}, {""name"": ""大补阴丸"", ""type"": ""方剂"", ""note"": ""脚软筋痛，加减用药""}, {""name"": ""养真丹"", ""type"": ""方剂"", ""note"": ""肝虚脚膝顽麻""}, {""name"": ""五兽三匮丹"", ""type"": ""方剂"", ""note"": ""肝肾脾俱虚""}]",0.4,然肾主骨，虚则骨软,True,True,,"[{""classical_span"": ""肾主骨，虚则骨软"", ""why_supports"": ""明确将肾虚与骨软相联系，符合骨量不足语义""}, {""classical_span"": ""虚则软缓无力"", ""why_supports"": ""描述筋骨痿软、无力的慢性表现""}]",1,"[""未见脆性骨折或明确老年人群，相关性可能被高估"", ""证型多并列出现，强行归入单一证型可能失真"", ""文本为痹证与虚证综合论述，未必专指骨质疏松""]",52234abb5105e3b8716d527c6d3a83ec,"['三妙丸', '五兽三匮丹', '养真丹', '大补阴丸', '搜风顺气丸', '肾气丸', '虎潜丸', '附虎四斤丸']",近现代,"['乏力', '活动受限']"
ok,3261,2026-02-04 18:49:48,历代本草药性汇解116种,2003.0,骨虚,五加皮（《本经》）,《本草崇原》：五加皮色备五行，花叶五出，乃五车星之精也，为修养家长生不老之药。主治心腹疝气，乃心病而为少腹有形之疝也。黄帝问曰：诊得心脉而急，此为何病？病形何如？岐伯曰：病名心疝，少腹当有形者是也。腹痛，乃脾病而致腹痛也。益气，乃肺病气虚，五加皮能益其气也。疗躄，乃肝病筋虚，五加皮能强筋疗躄也。小儿五岁不能行，乃肾病骨虚，五加皮补肾坚骨，故治小儿五岁不能行。治疽疮者，诸疮痛痒，皆属心火。五加皮助精水上滋，而能济其火也。治阴蚀者，虫乃阴类，阳虚则生，五加皮能益君火，而下济其阴也。夫五加皮、女贞实，咸禀五运之气化，女贞皆言养正，五加皆言治病，须知养正则病自除，治病则正自养。,方药,[],小儿：原文称“治小儿五岁不能行，乃肾病骨虚”,肾阳虚证,,[],,"[""活动受限"", ""步态不稳""]",,"[""中药内服""]",,"[{""name"": ""五加皮"", ""type"": ""单味药"", ""note"": ""补肾坚骨，治小儿骨虚不能行""}]",0.4,小儿五岁不能行，乃肾病骨虚，五加皮补肾坚骨,True,True,,"[{""classical_span"": ""肾病骨虚"", ""why_supports"": ""明确指出骨虚，与骨量不足概念相符""}, {""classical_span"": ""五岁不能行"", ""why_supports"": ""提示下肢负重及行走功能受限""}]",1,"[""证据主要来自儿科骨虚，未涉及老年或绝经后人群"", ""未出现骨折或骨疏等强指向术语"", ""药物功效为综合性补益，非专指骨病""]",156895b76e3f60ee7801dff20b6d56bd,['五加皮'],近现代,"['步态不稳', '活动受限']"
ok,3262,2026-02-04 18:49:51,历代本草药性汇解,2003.0,骨虚,去风湿类 五加皮(《本经》),《本草崇原》：五加皮色备五行，花叶五出，乃五车星之精也，为修养家长生不老之药。主治心腹疝气，乃心病而为少腹有形之疝也。黄帝问曰：诊得心脉而急，此为何病？病形何如？岐伯曰：病名心疝，少腹当有形者是也。腹痛，乃脾病而致腹痛也。益气，乃肺病气虚，五加皮能益其气也。疗躄，乃肝病筋虚，五加皮能强筋疗躄也。小儿五岁不能行，乃肾病骨虚，五加皮补肾坚骨，故治小儿五岁不能行。治疽疮者，诸疮痛痒，皆属心火。五加皮助精水上滋，而能济其火也。治阴蚀者，虫乃阴类，阳虚则生，五加皮能益君火，而下济其阴也。夫五加皮、女贞实，咸禀五运之气化，女贞皆言养正，五加皆言治病，须知养正则病自除，治病则正自养。,方药,[],,肾阳虚证,,[],,"[""活动受限""]",,"[""中药内服""]",,"[{""name"": ""五加皮"", ""type"": ""单味药"", ""note"": ""补肾坚骨，用于治小儿五岁不能行、筋骨痿软""}]",0.2,小儿五岁不能行，乃肾病骨虚，五加皮补肾坚骨,True,False,,"[{""classical_span"": ""肾病骨虚"", ""why_supports"": ""出现骨虚概念，提示骨量或骨强度不足的传统表述""}, {""classical_span"": ""小儿五岁不能行"", ""why_supports"": ""表现为活动受限、骨弱相关，但为小儿情境""}]",1,"[""证据主要针对小儿发育问题，非成人/老年骨质疏松语境"", ""未出现骨折、驼背、身高变矮等典型骨质疏松强指征"", ""药物功效描述偏广泛补益，难以直接对应现代骨量减少""]",22104460571aaa76428aea51cf17feaf,['五加皮'],近现代,['活动受限']
ok,3266,2026-02-04 18:49:59,本草简要方,1938.0,骨虚,卷之八 兽部 鹿,研末。蜜丸梧子大。每服七十丸。空腹盐汤下。治骨虚脊痛。气血衰惫。鹿角散。#鹿角屑鹿茸各一两。茯苓 七钱五分。人参 川芎 当归桑螵蛸补骨脂 龙骨（）韭子（微炒）各五钱。柏子仁 甘草各二钱五分。每服五钱。加生姜五片。大枣二枚。粳米百粒。水煎空腹服。,方药,[],,肾虚血瘀证,原文仅述“骨虚脊痛、气血衰惫”，未明确对应给定证型枚举,[],,"[""腰背痛"", ""骨痛""]",,"[""中药内服""]",,"[{""name"": ""鹿角散"", ""type"": ""方剂"", ""note"": ""原文用于“治骨虚脊痛，气血衰惫”""}]",0.4,治骨虚脊痛。气血衰惫。,True,True,,"[{""classical_span"": ""骨虚脊痛"", ""why_supports"": ""提示慢性骨虚与脊背疼痛，部分符合骨量不足相关表现""}]",1,"[""未明确出现骨痿、骨折等强指向性病名，相关性有限"", ""未提供人群年龄或性别信息，无法判定现代表型"", ""证型仅为描述性术语，难以精准映射到固定枚举""]",2634e0518fa2f8ef0d4c4c0e7dbce408,['鹿角散'],近现代,"['腰背痛', '骨痛']"
ok,3267,2026-02-04 18:50:11,赤水元珠（四库本）,1584.0,骨虚,赤水元珠卷十,脉虚者以牛膝红花川芎补之　骨虚者苁蓉阳虎骨补之　筋虚木杜仲破故纸龟板补之　肉虚山药大枣甘草　皮毛虚者括蒌桂枝黄茋　气虚人参黄茋附子　血虚当归地黄芍药　津虚天花粉参升麻麦冬　髓虚五味子地黄当归补之,方药,[],,肾虚血瘀证,原文以“骨虚”“髓虚”为核心分型，未对应给定枚举中的具体证型。,[],,[],,"[""中药内服""]",,"[{""name"": ""牛膝"", ""type"": ""单味药"", ""note"": ""用于脉虚者补益""}, {""name"": ""红花"", ""type"": ""单味药"", ""note"": ""用于脉虚者配伍""}, {""name"": ""川芎"", ""type"": ""单味药"", ""note"": ""用于脉虚者配伍""}, {""name"": ""苁蓉"", ""type"": ""单味药"", ""note"": ""用于骨虚者补之""}, {""name"": ""虎骨"", ""type"": ""单味药"", ""note"": ""用于骨虚者补之""}, {""name"": ""木瓜"", ""type"": ""单味药"", ""note"": ""用于筋虚者补之""}, {""name"": ""杜仲"", ""type"": ""单味药"", ""note"": ""用于筋虚者补之""}, {""name"": ""破故纸"", ""type"": ""单味药"", ""note"": ""用于筋虚者补之""}, {""name"": ""龟板"", ""type"": ""单味药"", ""note"": ""用于筋虚者补之""}, {""name"": ""山药"", ""type"": ""单味药"", ""note"": ""用于肉虚者补之""}, {""name"": ""大枣"", ""type"": ""单味药"", ""note"": ""用于肉虚者补之""}, {""name"": ""甘草"", ""type"": ""单味药"", ""note"": ""用于肉虚者补之""}, {""name"": ""括蒌"", ""type"": ""单味药"", ""note"": ""用于皮毛虚者补之""}, {""name"": ""桂枝"", ""type"": ""单味药"", ""note"": ""用于皮毛虚者补之""}, {""name"": ""黄茋"", ""type"": ""单味药"", ""note"": ""用于皮毛虚者补之""}, {""name"": ""人参"", ""type"": ""单味药"", ""note"": ""用于气虚者补之""}, {""name"": ""附子"", ""type"": ""单味药"", ""note"": ""用于气虚者补之""}, {""name"": ""当归"", ""type"": ""单味药"", ""note"": ""用于血虚/髓虚者补之""}, {""name"": ""地黄"", ""type"": ""单味药"", ""note"": ""用于血虚/髓虚者补之""}, {""name"": ""芍药"", ""type"": ""单味药"", ""note"": ""用于血虚者补之""}, {""name"": ""天花粉"", ""type"": ""单味药"", ""note"": ""用于津虚者补之""}, {""name"": ""玄参"", ""type"": ""单味药"", ""note"": ""用于津虚者补之""}, {""name"": ""升麻"", ""type"": ""单味药"", ""note"": ""用于津虚者补之""}, {""name"": ""麦冬"", ""type"": ""单味药"", ""note"": ""用于津虚者补之""}, {""name"": ""五味子"", ""type"": ""单味药"", ""note"": ""用于髓虚者补之""}]",0.4,骨虚者苁蓉虎骨补之；髓虚五味子地黄当归补之,True,True,,"[{""classical_span"": ""骨虚者苁蓉虎骨补之"", ""why_supports"": ""直接提出“骨虚”概念并以补骨药物治疗，与骨量不足类疾病相通""}, {""classical_span"": ""髓虚五味子地黄当归补之"", ""why_supports"": ""髓虚与骨髓、骨充养不足相关，符合骨质疏松的病机映射""}]",3,"[""原文未描述骨折、身高变矮等典型脆性表现，映射可能偏宽"", ""未提供明确人群与年龄背景，难以对应具体现代表型"", ""仅据“骨虚/髓虚”用药推断，缺乏症状层面的直接证据""]",9192a332ce8b76373674e5404e27aa95,"['五味子', '人参', '升麻', '地黄', '大枣', '天花粉', '山药', '川芎', '当归', '括蒌', '木瓜', '杜仲', '桂枝', '牛膝', '玄参', '甘草', '破故纸', '红花', '芍药', '苁蓉', '虎骨', '附子', '麦冬', '黄茋', '龟板']",明,[]
ok,3281,2026-02-04 18:50:36,千金要方（四库本）,652.0,骨虚,卷五十九,虎骨酒治骨虚酸疼不安好倦主膀胱寒方,方药,[],,肾阳虚证,,[],,"[""骨痛"", ""乏力""]",,"[""中药内服""]",,"[{""name"": ""虎骨酒"", ""type"": ""方剂"", ""note"": ""治骨虚酸疼不安、好倦""}]",0.4,治骨虚酸疼不安，好倦,True,True,,"[{""classical_span"": ""骨虚酸疼不安"", ""why_supports"": ""提示骨虚与慢性骨痛，符合骨质疏松的部分表现""}]",1,"[""原文未出现明确骨折或骨弱易折描述，相关性可能被高估"", ""未提供人群或年龄信息，无法对应具体现代表型"", ""仅凭症状与证型映射，缺乏直接骨量或结构性描述""]",01ed38709092f0130dcb3f41dafd439b,['虎骨酒'],唐,"['乏力', '骨痛']"
ok,3279,2026-02-04 18:50:39,普济方（四库本181-240卷）,1406.0,骨虚,普济方卷二百二十二,青娥丸【出徳生堂】能治肝肾虚腰腿重痛并治风湿脚气常服壮筋补虚填精益髓【方见本门补骨虚益髭髪类】,方药,[],,肝肾阴虚证,原文称“肝肾虚”，未区分阴虚或阳虚，故不对应既定证型,[],,"[""腰背痛"", ""活动受限""]",,"[""中药内服""]",,"[{""name"": ""青娥丸"", ""type"": ""方剂"", ""note"": ""治肝肾虚、腰腿重痛，常服壮筋补虚填精益髓""}]",0.7,能治肝肾虚腰腿重痛…常服壮筋补虚填精益髓,True,True,,"[{""classical_span"": ""骨虚"", ""why_supports"": ""明确出现骨虚概念，指向骨量/骨质不足范畴""}, {""classical_span"": ""腰腿重痛"", ""why_supports"": ""符合骨质疏松常见的慢性腰背及下肢疼痛表现""}, {""classical_span"": ""填精益髓"", ""why_supports"": ""补髓壮骨语义，与骨质减退的治疗思路相符""}]",3,"[""未见脆性骨折或形体改变描述，相关性可能被高估"", ""证型仅称肝肾虚，无法精确映射到既定枚举证型"", ""缺乏人群与结局信息，现代分型支持不足""]",7598ebb1f0bfe6d1248601854a74d568,['青娥丸'],明,"['活动受限', '腰背痛']"
ok,3284,2026-02-04 18:50:43,本草纲目（金陵本）,1593.0,骨虚,第五十一卷 兽部（二）,颂曰∶七月采角。以鹿年久者，其角更好。煮以为胶，入药弥佳。曰∶鹿角要黄色紧重尖好者。此鹿食灵草，所以异众鹿也。捣筛为末。或烧飞为丹，服之至妙。以角寸截，泥裹，于器中大火烧一日，如玉粉也。时珍曰∶按崔行功《纂要方》·鹿角粉法∶以鹿角寸截，炭火烧过，捣末，水和成团，以绢袋三五重盛之，再再和，如此五度，以牛乳和，再烧【气味】咸，温，无毒。杜仲为之使。【主治】恶疮痈肿，逐邪恶气，留血在阴中（《本经》）。除少腹血急痛，腰脊痛，折伤恶血，益气（《别录》）。猫鬼中恶，心腹疰痛（苏恭）。水磨汁服，治脱精尿血，夜梦鬼交。醋磨汁，涂疮疡痈肿热毒。火炙热，熨小儿重舌、鹅口疮（《日华》）。蜜炙研末酒服，轻身强骨髓，补阳道绝伤。又治妇人梦与鬼交者，清酒服一撮，即出鬼精。烧灰，治女子胞中余血不尽欲死，以酒服方寸匕，日三夜一，甚妙【发明】时珍曰∶鹿角，生用则散热行血，消肿辟邪；熟用则益肾补虚，强精活血；炼霜熬膏，则专于滋补矣。【附方】旧十六，新十九。服鹿角法∶鹿角屑十两，生附子三两（去皮脐），为末。每服二钱，空心温酒下。令人少睡，益气力，通神明。（彭祖方）肾消尿数∶鹿角一具，炙捣筛。温酒每服方寸匕，日二。（《外台》）骨虚劳极∶面肿垢黑，脊痛不能久立。血气衰惫，发落齿枯，甚则喜唾。用鹿角二两，牛膝（酒浸焙）一两半，为末，炼蜜丸梧桐子大。每服五十丸，空心盐酒下。（《济生》）肾虚腰痛，如锥刺不能动摇∶鹿角屑三两，炒黄研末。空心温酒服方寸匕，日三。（《肘后方》）猝腰脊痛不能转侧∶鹿角五寸烧赤，投二升酒中，浸一宿饮。（《梅师》）妇人腰痛∶鹿角屑熬黄研，酒服方寸匕，日五六服。（杨氏《产乳》）妊娠腰痛∶鹿角截五寸长，烧赤，投一升酒中。又烧又浸，如此数次，细研。空心酒服方寸匕。（《产宝》）产后腹痛，血不尽者∶鹿角烧研，豉汁服方寸匕，日二。（《子母秘录》）妊娠下血不止∶鹿角屑、当归各半两，水三盏，煎减半，顿服。不过二服。（《普济方》）胎死腹中∶鹿角屑三寸匕，煮葱豉汤和服，立出。（《百一方》）堕胎血瘀不下，狂闷寒热∶用鹿角屑一两为末，豉汤服一钱，日三。须臾血下。（《圣惠方》）胞衣不下∶鹿角屑三分为末，姜汤调下。（《产乳》）产后血晕∶鹿角一段，烧存性，出火毒，为末。酒调，灌下即醒。（杨拱《医方摘要》）妇人白浊，滑数虚冷者∶鹿角屑炒黄为末，酒服二钱。（《妇人良方》）筋骨疼痛∶鹿角烧存性，为末。酒服一钱，日二。食后喜呕∶鹿角（烧末）二两，人参一两，为末。姜汤服方寸匕，日三。（《肘后方》）小儿哕疾∶鹿角粉、大豆末等分，相和乳调，涂乳上饮之。（《古今录验》）小儿疟疾∶鹿角生研为末，先发时以乳调一字服。（《千金》）小儿滞下赤白者∶用鹿角灰、发灰等分，水服三钱，日二。《千金小儿重舌∶鹿角末涂舌下，日三。（姚和众方）小儿流涎∶脾热也。鹿角屑末，米饮服一字。（《普济方》）面上∶鹿角尖磨浓汁，浓涂之，神效。面上风疮∶鹿角尖磨酒涂之。（《圣惠》）咽喉骨鲠∶鹿角为末，含之咽津。（《斗门方》）蹉跌损伤，血瘀骨痛∶鹿角末，酒服方寸匕，日三。（《千金方》）竹木入肉不出者∶鹿角烧末，水和涂上，立出。久者不过一夕。（《千金方》）蠼尿疮∶鹿角烧末，苦酒调敷。（《外台》）五色丹毒∶鹿角烧末，猪脂和敷。（《肘后方》）发背初起∶鹿角烧灰，醋和涂之，日五六易。（《千金方》）乳发初起，不治杀人∶鹿角磨浓汁涂之，并令人嗍去黄水，随手即散。（《梅师方》）吹奶掀痛∶鹿角屑炒黄为末，酒服二钱。仍以梳梳之。（唐氏《经验方》）下注脚疮∶鹿角烧存性，入轻粉同研，油调涂之。（《集要》）疖毒肿毒∶鹿角尖磨浓汁涂之，甚妙。（濒湖方）痈疽有虫∶鹿角烧末，苦酒和涂。磨汁亦可。妖魅猫鬼，病患不肯言鬼∶以鹿角屑捣末，水服方寸匕，即言实也。（《录验》）,方药,[],,肾虚血瘀证,,[],,"[""腰背痛"", ""骨痛"", ""活动受限""]",,"[""中药内服"", ""中药外用""]",,"[{""name"": ""鹿角"", ""type"": ""单味药"", ""note"": ""多用于腰脊痛、骨虚劳极、强骨髓，内服或烧末外用""}]",0.4,骨虚劳极∶面肿垢黑，脊痛不能久立……强骨髓,True,True,,"[{""classical_span"": ""骨虚劳极"", ""why_supports"": ""直接指向骨虚衰惫的慢性状态，与骨量不足相符""}, {""classical_span"": ""脊痛不能久立"", ""why_supports"": ""慢性腰背痛和活动受限，符合骨质疏松常见表现""}, {""classical_span"": ""轻身强骨髓"", ""why_supports"": ""明确提及补益骨髓，为骨弱相关治疗指向""}]",3,"[""未出现明确脆性骨折或骨折反复的描述"", ""条目为药物总论，适应证广，非专病论述"", ""涉及多类人群与杂病，难以精准对应现代分型""]",5f3b8485e38f1b8ad9428e780bd4cb53,['鹿角'],明,"['活动受限', '腰背痛', '骨痛']"
ok,3285,2026-02-04 18:50:47,神农本草经疏（四库本）,1625.0,骨虚,神农本草经疏卷十七,济生方骨虚劳极面肿垢黑脊痛不能乆立血气衰惫发落齿槁甚则喜唾用鹿角屑二两牛膝一两半为末炼蜜丸梧子大每服五十丸空心盐汤下　肘后方肾虚腰痛如锥刺不能动揺鹿角屑三两炒黄研末空心温酒服方寸匕日三　子母秘录产后腹痛瘀血不尽者鹿角烧研豉汁服方寸匕日三并治产后血晕　千金方蹉跌损伤血瘀骨痛鹿角末酒服方寸匕　濒湖方痈疖肿痛毒鹿角尖磨浓汁涂之,病名,"[""胎产哺乳""]",,肾虚血瘀证,,"[""妊娠-哺乳相关骨质疏松""]",,"[""腰背痛"", ""骨痛"", ""活动受限""]",,"[""中药内服"", ""中药外用""]",,"[{""name"": ""鹿角屑"", ""type"": ""单味药"", ""note"": ""用于骨虚劳极、腰痛、骨痛，多方内服""}, {""name"": ""牛膝"", ""type"": ""单味药"", ""note"": ""配伍鹿角屑，治骨虚劳极""}, {""name"": ""鹿角尖"", ""type"": ""外治"", ""note"": ""磨浓汁外涂，治痈疖肿痛""}]",0.4,骨虚劳极…脊痛不能乆立…蹉跌损伤血瘀骨痛,True,True,,"[{""classical_span"": ""骨虚劳极…脊痛不能乆立"", ""why_supports"": ""提示慢性骨虚与腰背功能障碍，符合低骨量相关表现""}, {""classical_span"": ""蹉跌损伤血瘀骨痛"", ""why_supports"": ""反映骨痛与损伤后恢复差，提示骨质脆弱可能""}]",1,"[""文本未明确记载脆性骨折，相关性有限"", ""部分内容涉及痈疖外治，与骨质疏松关联弱"", ""古籍语义可能指其他骨病，存在映射不确定性""]",0d4d84366e0502fcf83ee8dada45fec4,"['牛膝', '鹿角尖', '鹿角屑']",明,"['活动受限', '腰背痛', '骨痛']"
ok,3329,2026-02-04 18:52:39,神仙济世良方,2005.0,骨缩,下卷 人久坐必使行动然后用药法,吕祖择，如人久坐，则血滞 疏，久卧则肉痿而骨缩，必使之行走于途中，而后以药继之也方用∶当归一两 白芍三钱 黄 一两 甘草一钱 陈皮五分 防风五分 半夏一钱。,治法,[],,脾胃虚弱证,,[],,"[""身高变矮""]",原文言“久卧则肉痿而骨缩”，属形体萎缩、骨缩之象,"[""中药内服"", ""其他""]",劳治法：行走、攀援等以身劳之，配合内服汤药,"[{""name"": ""当归"", ""type"": ""单味药"", ""note"": ""方中主药，补血""}, {""name"": ""白芍"", ""type"": ""单味药"", ""note"": ""养血和营""}, {""name"": ""黄芪"", ""type"": ""单味药"", ""note"": ""补气""}, {""name"": ""甘草"", ""type"": ""单味药"", ""note"": ""调和诸药""}, {""name"": ""陈皮"", ""type"": ""单味药"", ""note"": ""理气""}, {""name"": ""防风"", ""type"": ""单味药"", ""note"": ""祛风""}, {""name"": ""半夏"", ""type"": ""单味药"", ""note"": ""化痰""}]",1.0,久卧则肉痿而骨缩,True,True,,"[{""classical_span"": ""肉痿而骨缩"", ""why_supports"": ""直接出现“骨缩”，为骨量减退、骨萎缩的强指向描述""}]",1,"[""仅凭现代疾病名强行对应而忽视原文语义"", ""推断具体人群或现代表型但原文未载"", ""将一般痿证误当作急性外伤或痹证""]",fb9c179a2719e84746470ee1378f6fa3,"['半夏', '当归', '甘草', '白芍', '防风', '陈皮', '黄芪']",近现代,['身高变矮']
ok,3340,2026-02-04 18:53:02,本草品汇精要,1505.0,骨极,卷之二十九 虫鱼部上品 甲虫,x无毒 化生 x 海蛤（出神农本经）主咳逆上气喘急烦满胸痛寒热（以上朱字神农本经）疗阴痿（以 上黑字 名医所录）【名】魁蛤伏老【地】〔图经曰〕生东海今登莱沧州皆有之陶隐居以细如巨胜润泽 光净者为海蛤云经雁食之从粪中出过数多故有光泽也〔陈藏器云〕海蛤是海中烂壳久在泥沙 风波淘洗自然圆净此有大有小以小为久远者佳非雁腹中出也然海蛤难得真烂久者海人多以他 蛤壳经风涛摩荡莹滑者伪作之殊无力又有一种游波骨极类海蛤但少莹泽误食之令人狂眩用醋 蜜解之则愈按说文曰千岁燕化为海蛤是也〔衍义曰〕陈藏器所说是今海中无雁岂有食蛤粪出 者若蛤壳中有肉时尚可食肉既无焉得更有粪中过数多者必为其皆无廉棱乃有是说殊不知风浪 日久淘汰故如是也【时】〔生〕无时〔采〕四月五月取【用】壳【色】青白【味】苦咸【性】 平泄【气】味浓于气阴也【臭】腥【主】止消渴润五脏【助】蜀漆为之使【反】畏狗胆甘遂 芫花【制】〔雷公云〕此修事一两于浆水中煮一伏时却以地骨皮柏叶二味又煮一伏时后出于 东流水中淘三遍拭干细捣研如粉然后用凡一两用地骨皮二两并细锉以东流水淘取用之【治】 〔疗〕〔唐本注云〕去十二种水满急痛利膀胱大小肠〔药性论云〕消水气浮肿下小便及项下 瘿瘤〔日华子云〕止呕逆胸胁胀及腰痛五痔妇人崩中带下〔孟诜云〕止消渴润五脏及服丹石 人有疮【合治】二两先研三日合汉防己杏仁枣肉各二两葶苈子六两研成脂为丸一服十丸利水 主水 【赝】游波骨为伪误食之使人狂眩以醋蜜解之,方药,[],,肾阳虚证,,[],,"[""腰背痛""]",,"[""中药内服""]",,"[{""name"": ""海蛤"", ""type"": ""单味药"", ""note"": ""用壳，研粉内服，主止消渴、润五脏，并记载可治腰痛""}]",0.2,,True,False,,"[{""classical_span"": ""止呕逆胸胁胀及腰痛"", ""why_supports"": ""仅出现腰痛等非特异性症状，未涉及骨弱、骨折或骨痿范畴""}]",1,"[""原文未出现骨痿、骨弱、易折等直接指向骨质疏松的病名或描述"", ""腰痛为常见泛症，可由多种疾病导致，证据指向性弱"", ""药物主治集中于水肿、消渴等，与骨量减少缺乏直接关联""]",973bfd398a9adc3ca5eff317329d5a11,['海蛤'],明,['腰背痛']
ok,3339,2026-02-04 18:53:02,本草品汇精要,1505.0,骨极,卷之二十四 兽部中品 毛虫,x无毒附貊 胎生 x 豹肉主安五脏补绝伤轻身益气久服利人（名医所录）【地】〔图经曰〕本经不载所出州土 今河洛唐郢间或有之豹有数种有赤豹诗云赤豹黄罴陆机疏云尾赤而文黑谓之赤豹有玄豹山海 经云幽都之山有玄虎豹豹有白豹尔雅云貘（音与豹同）白豹也郭璞注云似熊小头卑脚黑白相 驳 能舐食铜铁及竹骨节强直中实少髓皮辟湿人寝其皮可以驱温疠或曰豹白色者别名貘古方鲜有 用者今黔蜀中时有豹象鼻犀目牛尾虎足土人鼎釜多为所食颇为山居之患亦捕以为药其齿骨极 坚以刀斧椎锻铁皆碎落火亦不能烧人得之诈为佛牙佛骨以诳俚俗唯羚羊角击之则碎〔衍义 曰〕毛赤黄其文黑如泉而中空比比相次此兽猛捷过虎故能安五脏续绝伤轻身又有土豹毛更无 纹色亦不赤其形亦小此各自有种也【时】〔生〕无时〔采〕无时【用】肉 头 骨 脂【味】 酸【性】平【气】味浓于气阴中之阳【臭】腥【主】强志益气【治】〔疗〕〔图经曰〕头骨烧 灰淋汁沐头去风屑○脂可合生发药朝涂而暮生〔唐本注云〕豹除鬼魅邪神〔补〕〔日华子云〕 肉壮筋骨强志气令人猛健〔孟诜云〕肉久食令人耐寒暑〔食疗云〕肉食之益人【合治】豹鼻 合狐鼻煮食之治狐魅【禁】正月食之伤神多食令人性粗,方药,[],,肾阳虚证,,[],,[],,"[""中药内服"", ""中药外用""]",,"[{""name"": ""豹肉"", ""type"": ""单味药"", ""note"": ""原文称“肉壮筋骨强志气”，以内服为主""}, {""name"": ""豹骨"", ""type"": ""单味药"", ""note"": ""原文载“其齿骨极坚”，并有骨灰外用法""}, {""name"": ""豹脂"", ""type"": ""外治"", ""note"": ""原文称“脂可合生发药”，为外用材料""}]",0.2,肉壮筋骨强志气,True,True,,"[{""classical_span"": ""肉壮筋骨"", ""why_supports"": ""直接提及增强筋骨，提示与骨强度相关但缺乏骨折等特征""}]",1,"[""仅有补益筋骨的泛称，未见骨痿、骨折等特异描述"", ""内容主要为本草性味与异兽记载，非骨病专论"", ""与现代骨质疏松关键表型对应证据不足""]",880a3e5ddba2e3ef956014bd7c19d869,"['豹肉', '豹脂', '豹骨']",明,[]
ok,3354,2026-02-04 18:53:35,普济方,1406.0,骨极,卷三十三 肾脏门 骨髓虚实（附论）,凡骨髓虚实之应。主于肾膀胱。若其脏腑有病。从骨生热则应脏。寒则应腑。故肾主骨髓。肾气之余。其气虚则骨弱酸疼。倦而无力。其气实则骨热苦烦。津液内燥。当随证以治之。夫骨髓之病应肝胆。若其脏腑有病。从髓生。盖热则应脏。寒则应腑。故髓虚者脑痛不安  x方 x x人参饮 治骨极虚寒。面肿垢黑。腰膝疼不能久立屈伸。梦寐惊悸。上气。小腹急 xx痛。腰背人参 五味子 熟地黄（焙） 赤芍药 甘草（炙） 麦门冬（去心） 白茯苓 桂（各 一两）,方药,[],,肾阳虚证,,[],,"[""腰背痛"", ""骨痛"", ""活动受限"", ""乏力""]",,"[""中药内服""]",,"[{""name"": ""人参饮"", ""type"": ""方剂"", ""note"": ""治骨极虚寒，腰膝疼不能久立屈伸""}, {""name"": ""人参"", ""type"": ""单味药"", ""note"": ""方中补气""}, {""name"": ""五味子"", ""type"": ""单味药"", ""note"": ""方中敛气""}, {""name"": ""熟地黄"", ""type"": ""单味药"", ""note"": ""方中补肾填髓""}, {""name"": ""赤芍药"", ""type"": ""单味药"", ""note"": ""方中调血""}, {""name"": ""甘草"", ""type"": ""单味药"", ""note"": ""方中调和诸药""}, {""name"": ""麦门冬"", ""type"": ""单味药"", ""note"": ""方中养阴""}, {""name"": ""白茯苓"", ""type"": ""单味药"", ""note"": ""方中健脾渗湿""}, {""name"": ""桂"", ""type"": ""单味药"", ""note"": ""方中温阳""}]",0.4,其气虚则骨弱酸疼，倦而无力；治骨极虚寒，腰膝疼不能久立屈伸,True,True,,"[{""classical_span"": ""其气虚则骨弱酸疼"", ""why_supports"": ""提示骨弱、酸疼，为慢性骨量不足相符表现""}, {""classical_span"": ""骨极虚寒"", ""why_supports"": ""骨之极虚寒，符合肾虚致骨弱的古典认识""}]",1,"[""文本未直接出现骨折或骨疏等明确病名，相关性有限"", ""未见明确年龄或绝经信息，难以映射具体现代表型"", ""症状可能与其他骨病或虚劳相关，存在非特异性""]",1282716436af2a36670ed35cb06a365d,"['五味子', '人参', '人参饮', '桂', '熟地黄', '甘草', '白茯苓', '赤芍药', '麦门冬']",明,"['乏力', '活动受限', '腰背痛', '骨痛']"
ok,3356,2026-02-04 18:53:41,圣济总录,1117.0,骨极；骨枯,卷第九十二&#183;虚劳门 骨极,论曰骨极之病，本于肾脏中风，肾主身之骨髓，风邪中其脏，则历骨，故为骨极，所谓骨极者，令人酸削，齿苦痛，手足烦疼，不可以立，不欲行动是也，然骨有极虚寒，有极实热，皆由肾受邪气，若气阴则虚，虚则寒，寒故面肿垢黑，腰脊痛，不能久立，屈伸不利，其气衰，则发堕齿槁，腰背相引而痛，痛甚即咳唾亦甚，气阳则实，实则热，热故面色 ，隐曲膀胱不通，牙齿脑髓苦痛，手足酸削，耳鸣色黑，是骨极之至也，宜随证补泻，当治其微，若甚则足少阴气绝，而骨枯发无膏泽，是为骨先死，骨绝者不可治，其 而切痛，伸缩不得者，不过十日则死矣。,病名,[],,肾阳虚证,,[],,"[""腰背痛"", ""骨痛"", ""活动受限"", ""乏力""]",,"[""中药内服""]",,"[{""name"": ""地黄煎丸"", ""type"": ""方剂"", ""note"": ""治骨极肾脏劳伤、少气不足、羸瘦无力、肢节酸疼""}]",0.4,腰脊痛不能久立。屈伸不利。其气衰则发堕齿槁。,True,True,,"[{""classical_span"": ""腰脊痛不能久立"", ""why_supports"": ""符合慢性腰背痛与活动受限，见于骨量不足相关表现""}, {""classical_span"": ""其气衰则发堕齿槁"", ""why_supports"": ""提示久虚衰老样改变，支持慢性骨病背景""}]",1,"[""未出现明确脆性骨折或骨折反复等强指向特征"", ""人群年龄与性别信息缺失，难以对应现代表型"", ""部分症状亦可解释为其他慢性痹证或肾虚病证""]",79dff1070a70855e289a4cc5666a6ca1,['地黄煎丸'],宋金元,"['乏力', '活动受限', '腰背痛', '骨痛']"
ok,3358,2026-02-04 18:53:43,普济方,1406.0,骨极,卷三十三 肾脏门 骨极（附论）,x附子丸 治骨极肢节酸痛。脚胫无力。两耳虚鸣。 x附子（二两炮去皮脐） 肉苁蓉（二两酒浸一宿刮去皮炙令干） 补骨脂（一两炒） 鹿 茸 （一两去毛酥炙黄） 黄 （一两半） 杜仲（一两去粗皮炙令黄） 五味子（一两） 牛 膝（一两 去芦） 薯蓣（二两） 山茱萸（一两） 酸枣仁（一两） 芎 （三钱） 柏子仁（一两）,方药,[],,肾阳虚证,,[],,"[""骨痛"", ""乏力"", ""活动受限""]",,"[""中药内服""]",,"[{""name"": ""附子丸"", ""type"": ""方剂"", ""note"": ""治骨极肢节酸痛、脚胫无力、两耳虚鸣""}]",0.4,治骨极肢节酸痛。脚胫无力。,True,True,,"[{""classical_span"": ""骨极肢节酸痛"", ""why_supports"": ""提示慢性骨病与肢体功能障碍，部分符合骨质疏松相关表现""}]",3,"[""未见明确骨折或骨脆弱描述，相关性可能被高估"", ""现代分型与人群信息缺失，映射存在不确定性"", ""症状可能源于其他骨痹或虚劳病证""]",c21a5ffb1c946a78d5ee774cc3e3e021,['附子丸'],明,"['乏力', '活动受限', '骨痛']"
ok,3359,2026-02-04 18:53:48,圣济总录,1117.0,骨极,卷第九十二&#183;虚劳门 骨极,治骨极腰脊痛，不能久立，发堕齿槁，手足疼甚，骨碎补丸方,方药,[],,删除,,[],,"[""腰背痛"", ""活动受限""]",,"[""中药内服""]",,"[{""name"": ""木瓜丸"", ""type"": ""方剂"", ""note"": ""治骨极腰脊痛，补虚壮元""}]",0.4,治骨极腰脊痛。风湿气衰。不能久立。,True,True,,"[{""classical_span"": ""骨极腰脊痛"", ""why_supports"": ""涉及骨病范畴并以腰脊慢性疼痛为主，符合骨量不足相关表现""}, {""classical_span"": ""不能久立"", ""why_supports"": ""提示功能受限，符合慢性骨病常见表现""}]",1,"[""未明确记载骨折或骨弱等直接指征，相关性可能被高估"", ""证型与人群信息缺失，难以精确映射现代分型"", ""症状可能由风湿痹证导致而非骨质疏松""]",3438f39802d24ab471c1febfc6dd7d02,['木瓜丸'],宋金元,"['活动受限', '腰背痛']"
ok,3361,2026-02-04 18:53:57,普济方,1406.0,骨极,卷三十三 肾脏门 骨极（附论）,x干地黄丸 x（出圣惠方） x治骨极羸瘦。心神虚烦。脚膝疼痛。久立不得。宜服。 x熟地黄（二两） 白茯苓（一两） 牛膝（一两） 羚羊角屑（三钱） 酸枣仁（一两 微炒） 萆 （三两） 黄 （三两） 桂心（三钱） 苁蓉（一两酒浸） 石斛（一两去根） 薯蓣 （一两） 人 参（一两去芦） 上为末。炼蜜和捣三二百杵。丸如梧桐子大。每服空心及晚食前以温酒下三 十 x骨碎补丸 治骨极腰脊疼。不能久立。发堕齿槁。手足疼甚。 x骨碎补（炒） 附子（炮去皮脐） 肉豆蔻（去壳各二两） 蒺藜（炒去角） 杜仲（去 粗皮炒）,方药,[],,脾胃虚弱证,,[],,"[""腰背痛"", ""骨痛"", ""活动受限"", ""乏力""]",,"[""中药内服""]",,"[{""name"": ""干地黄丸"", ""type"": ""方剂"", ""note"": ""治骨极羸瘦、脚膝疼痛、久立不得""}, {""name"": ""骨碎补丸"", ""type"": ""方剂"", ""note"": ""治骨极腰脊疼、不能久立""}]",0.4,治骨极腰脊疼，不能久立,True,True,,"[{""classical_span"": ""骨极腰脊疼，不能久立"", ""why_supports"": ""提示慢性腰脊疼痛与功能受限，符合骨量不足相关表现""}, {""classical_span"": ""骨极羸瘦"", ""why_supports"": ""描述骨病导致的形体羸弱，与骨质减退相符""}]",1,"[""未出现明确骨折或骨弱易折描述，相关性有限"", ""未提供明确人群或年龄信息，无法对应具体现代表型"", ""部分症状亦可见于其他慢性骨病，存在非特异性""]",5744192b15f7c2096ad76cd4817ee55b,"['干地黄丸', '骨碎补丸']",明,"['乏力', '活动受限', '腰背痛', '骨痛']"
ok,3366,2026-02-04 18:54:07,圣济总录,1117.0,骨极,卷第一百八十六&#183;补益门 补虚理腰膝,治骨极肾虚，脚膝骨髓酸疼，宜服补益。酸枣仁散方,方药,[],,肾虚血瘀证,原文仅述“骨极肾虚”，未明确阴虚或阳虚分型,[],,"[""骨痛"", ""活动受限""]",“脚膝骨髓酸疼”属慢性骨痛并影响活动,"[""中药内服""]",,"[{""name"": ""酸枣仁散"", ""type"": ""方剂"", ""note"": ""治骨极肾虚、脚膝骨髓酸疼""}, {""name"": ""酸枣仁"", ""type"": ""单味药"", ""note"": ""方中主药，炒用""}, {""name"": ""虎胫骨"", ""type"": ""单味药"", ""note"": ""方中用以强筋骨""}, {""name"": ""熟地黄"", ""type"": ""单味药"", ""note"": ""方中补益肾精""}, {""name"": ""杜仲"", ""type"": ""单味药"", ""note"": ""方中补肝肾、强筋骨""}, {""name"": ""桂心"", ""type"": ""单味药"", ""note"": ""方中温通助阳""}]",0.4,治骨极肾虚。脚膝骨髓酸疼。,True,True,,"[{""classical_span"": ""骨极肾虚"", ""why_supports"": ""“骨极”属古代骨病范畴，指向慢性骨弱""}, {""classical_span"": ""脚膝骨髓酸疼"", ""why_supports"": ""符合骨质减少相关的慢性骨痛表现""}]",1,"[""未明确记载脆性骨折等关键特征，相关性有限"", ""未提供患者年龄或性别，无法映射具体现代表型"", ""证型仅笼统称肾虚，缺乏细分依据""]",7987007b7c37e25a4b5decbfc64b1008,"['杜仲', '桂心', '熟地黄', '虎胫骨', '酸枣仁', '酸枣仁散']",宋金元,"['活动受限', '骨痛']"
ok,3369,2026-02-04 18:54:14,普济方,1406.0,骨极,卷三十三 肾脏门 骨极（附论）,再 x三黄丸 x（一名金黄丸出三因方） x治骨极热耳鸣。面色焦枯。隐曲膀胱不通。牙 x x齿脑髓苦痛。,病名,[],,肾虚血瘀证,原文仅述“骨极热”等病机表现，未明确归属固定证型,[],,"[""骨痛""]",原文载“齿脑髓苦痛”，属骨及髓痛范畴,"[""中药内服""]",,"[{""name"": ""三黄丸（金黄丸）"", ""type"": ""方剂"", ""note"": ""用于治疗骨极热、耳鸣等证""}]",0.2,治骨极热耳鸣……齿脑髓苦痛,True,True,,"[{""classical_span"": ""骨极"", ""why_supports"": ""属古籍中与骨病相关的病名""}, {""classical_span"": ""齿脑髓苦痛"", ""why_supports"": ""提示骨与髓的疼痛症状，弱关联骨质问题""}]",1,"[""文本未出现骨痿、骨折等强指向骨质疏松的描述"", ""证型与人群信息缺失，难以精确映射"", ""症状可能属于其他骨病或热证而非骨质疏松""]",bb88d977cdbfc62a96deddf29347939b,['三黄丸'],明,['骨痛']
ok,3370,2026-02-04 18:54:16,普济方,1406.0,骨极,卷三十三 肾脏门 骨极（附论）,空心 x虎骨酒方 x（出千金方） x治骨极膝胫酸痛。肢节多痛。宜服。 x,方药,[],,肾虚血瘀证,原文仅载“骨极膝胫酸痛，肢节多痛”，未明确归属具体证型,[],,"[""骨痛""]",,"[""中药内服""]",,"[{""name"": ""虎骨酒方"", ""type"": ""方剂"", ""note"": ""治骨极膝胫酸痛、肢节多痛，宜服（出《千金方》）""}]",0.4,治骨极膝胫酸痛，肢节多痛,True,True,,"[{""classical_span"": ""骨极膝胫酸痛"", ""why_supports"": ""慢性骨痛、下肢酸痛与骨量不足相关表现部分相符""}, {""classical_span"": ""肢节多痛"", ""why_supports"": ""提示非急性外伤的广泛骨关节疼痛""}]",3,"[""未见骨折、骨弱或年老等强指向骨质疏松的关键信息"", ""证型与人群信息缺失，难以进行明确古今对应"", ""症状可被其他痹证或风湿性疾病解释，存在歧义""]",482b6ae827b818414bd37e6cb0610f8f,['虎骨酒方'],明,['骨痛']
ok,3373,2026-02-04 18:54:25,普济方,1406.0,骨极,卷二百二十七 虚劳门 虚劳（附论）,x治男子五劳七伤。八风十二痹。伤中六极。一气极。则多寒痹腹痛。喘息惊恐。 xx头痛。二肺极。则寒痹腰痛。心下坚。有积聚。小便不利。手足不仁。三脉极。则颜 xx色枯青。逆噫善忘。恍惚失气。浑似悲泣之状。舌苦强。咽喉干。寒热恶风。不可动 xx。不嗜食。目眩。喜怒妄言。四筋极。则拘挛。小腹坚胀。心痛。膝寒冷。四肢骨节皆 xx疼痛。五骨极。则肢节厥逆。黄胆消渴。痈疽妄发。病重浮肿。如水病状。六肉极。则 xx发疰。如被击不复言。甚者至死复生。众医所不能治。此皆六极七伤所致。非独房室 xx之为也。忧患积思。喜怒悲欢。复随风湿结气。咳时呕吐食变。大小便不利。时泄利 xx。重下溺血。上气吐下。乍寒乍热。卧不安席。小便赤黄。时时恶梦。与死人共饮食。 xx人家神室。魂飞魄散。筋极则伤肝。伤肝则腰背相引。难可俯仰。气极则伤肺。伤肺则 xx小便有血。目不明。伤髓则阴萎不起。往而不交。骨极则伤肾。伤肾则短气。不可久立 xx。阴疼恶寒。甚者卵缩。阴下生疮。湿痒手搔不欲停。汁出。此皆为肾病。甚者且多遭 xx风毒。四肢顽痹。手足浮肿。名曰脚弱。一名脚气。医所不治。此悉主之。常服尤佳。 x天门冬（切三斗半压取汁） 生地黄（切三斗半压取汁） 白蜜（三升） 酥（用三升 炼） 枸 杞根 清）,方药,"[""情志异常""]",,肾阳虚证,,[],,"[""腰背痛"", ""骨痛"", ""活动受限""]",,"[""中药内服""]",,"[{""name"": ""天门冬"", ""type"": ""单味药"", ""note"": ""方中主药之一，切取汁用""}, {""name"": ""生地黄"", ""type"": ""单味药"", ""note"": ""与天门冬同用取汁""}, {""name"": ""白蜜"", ""type"": ""单味药"", ""note"": ""调和诸药""}, {""name"": ""酥"", ""type"": ""单味药"", ""note"": ""炼用以补虚""}, {""name"": ""枸杞根"", ""type"": ""单味药"", ""note"": ""方末所列药材""}]",0.4,五骨极。则肢节厥逆……骨极则伤肾……不可久立,True,True,,"[{""classical_span"": ""五骨极"", ""why_supports"": ""直接指涉骨之极损，为骨病核心概念""}, {""classical_span"": ""腰背相引。难可俯仰"", ""why_supports"": ""符合慢性腰背痛及活动受限表现""}]",3,"[""原文未明确记载脆性骨折，映射存在不确定性"", ""症候多为虚劳杂病，非专论骨病"", ""现代表型推断依赖语义相似而非直接描述""]",2271a9ac857b0cdb8c3a69c8a5082d91,"['天门冬', '枸杞根', '生地黄', '白蜜', '酥']",明,"['活动受限', '腰背痛', '骨痛']"
ok,3371,2026-02-04 18:54:28,普济方,1406.0,骨极,卷二百二十一 诸虚门 补虚理腰膝,桂 （去皮 汤下亦 x酸枣仁散 治骨极肾虚。脚膝骨髓疼痛。宜服补益。 x酸枣仁（八两微炒） 虎胫骨（八两涂酥炙令黄） 干地黄（八两） 杜仲（二两去粗 皮炒黄）,方药,[],,肾虚血瘀证,原文称“骨极肾虚”，为肾虚所致骨病范畴，但不完全对应给定证型枚举,[],,"[""骨痛""]",原文载“脚膝骨髓疼痛”,"[""中药内服""]",,"[{""name"": ""酸枣仁散"", ""type"": ""方剂"", ""note"": ""治骨极肾虚""}, {""name"": ""酸枣仁"", ""type"": ""单味药"", ""note"": ""方中主药，微炒""}, {""name"": ""虎胫骨"", ""type"": ""单味药"", ""note"": ""涂酥炙令黄""}, {""name"": ""干地黄"", ""type"": ""单味药"", ""note"": """"}, {""name"": ""杜仲"", ""type"": ""单味药"", ""note"": ""去粗皮炒黄""}]",0.4,治骨极肾虚。脚膝骨髓疼痛。,True,True,,"[{""classical_span"": ""骨极肾虚"", ""why_supports"": ""古籍中与骨本亏虚相关的病名，提示骨质衰弱""}, {""classical_span"": ""脚膝骨髓疼痛"", ""why_supports"": ""符合慢性骨痛表现，与骨量不足相关""}]",1,"[""未明确出现脆性骨折等关键特征，相关性有限"", ""未提供患者年龄或性别信息，无法对应具体现代表型"", ""证型与现代骨质疏松仅为部分语义映射""]",c48e5627e9531c9c051e305a199701cc,"['干地黄', '杜仲', '虎胫骨', '酸枣仁', '酸枣仁散']",明,['骨痛']
ok,3382,2026-02-04 18:54:41,圣济总录,1117.0,骨极；骨虚,卷第五十三&#183;肾脏门 骨虚实,治骨极虚寒。面肿垢黑，腰脊痛，不能久立屈伸，梦寐惊悸。上气小腹急痛，腰背四肢常冷，小便白浊，人参饮方。,方药,[],,肾阳虚证,,[],,"[""腰背痛"", ""活动受限""]",,"[""中药内服""]",,"[{""name"": ""人参饮方"", ""type"": ""方剂"", ""note"": ""用于治疗骨极虚寒所致腰脊痛、不能久立屈伸等""}]",0.4,治骨极虚寒。面肿垢黑，腰脊痛，不能久立屈伸,True,True,,"[{""classical_span"": ""骨极虚寒"", ""why_supports"": ""提示骨虚为核心病机，与骨量不足的慢性骨病有一定相似性""}, {""classical_span"": ""腰脊痛，不能久立屈伸"", ""why_supports"": ""符合慢性腰背痛及活动受限，为骨质疏松常见表现之一""}]",3,"[""未出现明确脆性骨折或骨弱易折描述，相关性有限"", ""缺乏明确人群年龄或性别信息，无法对应现代具体分型"", ""症状可能与其他骨病或虚寒痹证混淆""]",bebb6fb54c8f0b245bab066980dd2133,['人参饮方'],宋金元,"['活动受限', '腰背痛']"
ok,3378,2026-02-04 18:54:44,奇效良方,1449.0,骨极,卷之二十二 痨瘵门（附论） 痨瘵通治方,治男女五劳七伤，八风十二痹，伤中六极。一气极，则多寒痹，腹痛喘息二肺极，则寒痹腰痛，心下坚，有积聚，小便不利，手足不仁；三脉极，则颜恍惚失气，状似悲泣之候，苦舌强，咽喉干，寒热恶风，不可动，不嗜食，苦四筋极，则拘挛，小腹坚胀，心痛膝寒冷，四肢骨节皆疼痛；五骨极，则肢节渴，痈疽妄发，重病浮肿如水病状；六肉极，则发疰，如被击不复言，甚有至所不能治，此皆六极七伤所致，非独房室之所为也。忧患积思，喜怒悲欢，复咳时呕吐，食已变化，大小便不利，时泄利下重溺血，上气吐下，乍寒乍热，时恶梦，与死人共饮食，入冢神室，魂飞魄散。筋极则伤肝，伤肝则腰背引引气极则伤肺，伤肺则小便有血，目不明；髓极则阴痿不起，往而不交；骨极则伤肾，伤肾则短气，不可久立，阴疼恶寒，甚者卵缩，阴下生疮，湿痒手搔，不欲化汁出，者多遭风毒，四肢顽麻，手足浮肿，名曰脚弱，一名脚气。医所不治，此悉主天门冬（切，三斗半，捣压取汁） 生地黄（切，三斗半，捣压尽取汁） 白蜜（三升）,方药,"[""情志异常""]",,肾阳虚证,,[],,"[""腰背痛"", ""骨痛"", ""活动受限""]",,"[""中药内服""]",,"[{""name"": ""天门冬"", ""type"": ""单味药"", ""note"": ""主治六极七伤之骨极，原文列为主药""}, {""name"": ""生地黄"", ""type"": ""单味药"", ""note"": ""与天门冬同用，取汁内服""}, {""name"": ""白蜜"", ""type"": ""单味药"", ""note"": ""与药汁同服以调和""}]",0.4,五骨极，则肢节渴，四肢骨节皆疼痛；骨极则伤肾，不可久立,True,True,,"[{""classical_span"": ""四肢骨节皆疼痛"", ""why_supports"": ""提示慢性骨关节疼痛，符合骨量不足相关表现""}, {""classical_span"": ""不可久立"", ""why_supports"": ""反映负重耐受下降，见于骨弱或骨病""}, {""classical_span"": ""骨极则伤肾"", ""why_supports"": ""骨病与肾虚关联，为中医骨质减弱的重要理论依据""}]",1,"[""未出现明确骨折或骨痿病名，相关性可能被高估"", ""文本以痨瘵六极为主，骨病可能为并发而非核心"", ""古今疾病概念差异，直接对应骨质疏松存在不确定性""]",473617ff880dcdacfb62d13bb0a544c7,"['天门冬', '生地黄', '白蜜']",明,"['活动受限', '腰背痛', '骨痛']"
ok,3385,2026-02-04 18:54:51,圣济总录,1117.0,骨极,卷第九十二&#183;虚劳门 骨极,治骨极虚寒，面肿垢黑，腰脊痛，不能久立，屈伸不利，梦寐惊悸，上气，小腹里急，痛引腰脊，四肢常苦寒冷，小便或白，肾沥汤方,病名,[],,肾阳虚证,,[],,"[""腰背痛"", ""活动受限"", ""乏力""]",,"[""中药内服""]",,"[{""name"": ""肾沥汤"", ""type"": ""方剂"", ""note"": ""用于治疗骨极虚寒诸证""}]",0.4,治骨极虚寒，腰脊痛，不能久立，屈伸不利,True,True,,"[{""classical_span"": ""骨极虚寒"", ""why_supports"": ""骨极属骨病范畴，提示骨体虚弱，与骨质疏松部分相符""}, {""classical_span"": ""腰脊痛，不能久立"", ""why_supports"": ""慢性腰背痛及功能受限为骨质疏松常见表现""}]",3,"[""未出现明确骨折或骨脆描述，相关性有限"", ""无法确认患者年龄或性别，难以对应具体现代表型"", ""症状亦可见于其他虚劳或痹证骨病""]",e246d99f40e4aa9ec5efaba0223d6385,['肾沥汤'],宋金元,"['乏力', '活动受限', '腰背痛']"
ok,3386,2026-02-04 18:54:56,圣济总录,1117.0,骨极,卷第九十二&#183;虚劳门 骨极,治骨极骨髓中疼，酒浸芍药散方,方药,[],,删除,,[],,"[""骨痛""]",,"[""中药内服""]",,"[{""name"": ""酒浸芍药散"", ""type"": ""方剂"", ""note"": ""用于治疗骨极所致骨髓中疼""}]",0.4,治骨极骨髓中疼,True,True,,"[{""classical_span"": ""骨极骨髓中疼"", ""why_supports"": ""描述慢性骨病所致骨髓疼痛，与骨量不足相关骨痛表现部分吻合""}]",3,"[""仅有骨痛描述，缺乏骨弱或易折等关键信息"", ""未明确患者年龄或人群，难以对应具体现代表型"", ""中医证型未载，映射存在不完整性""]",771589264ffddcfd0fcff9e621ba9b46,['酒浸芍药散'],宋金元,['骨痛']
ok,3388,2026-02-04 18:55:01,圣济总录,1117.0,骨极,卷第九十二&#183;虚劳门 骨极,治骨极色黑 痛，隐曲膀胱不通，小便壅塞，四肢满急，大黄汤方,方药,[],,删除,,[],,"[""骨痛""]",,"[""中药内服""]",,"[{""name"": ""大黄汤"", ""type"": ""方剂"", ""note"": ""用于治疗骨极所致疼痛及相关症状""}]",0.2,治骨极色黑 痛,True,True,,"[{""classical_span"": ""骨极色黑 痛"", ""why_supports"": ""提示慢性骨病伴疼痛表现，与骨质疏松的骨痛特征有弱相关""}]",1,"[""原文未明确提及骨弱、易折等骨质疏松核心特征"", ""症状描述以疼痛和排尿不利为主，可能属于其他骨病范畴"", ""缺乏人群与证型信息，映射证据有限""]",ad1375ccc150a092fa51380f0ffb95ca,['大黄汤'],宋金元,['骨痛']
ok,3392,2026-02-04 18:55:21,圣济总录,1117.0,骨极,卷第一百八十六&#183;补益门 补虚理腰膝,治骨极肾虚，脚膝酸疼。酸枣仁散方,方药,[],,肾虚血瘀证,原文仅述“肾虚”，未区分阴阳或兼夹他证,[],,"[""骨痛""]",,"[""中药内服""]",,"[{""name"": ""酸枣仁散"", ""type"": ""方剂"", ""note"": ""用于治疗骨极肾虚所致脚膝酸疼""}]",0.4,治骨极肾虚，脚膝酸疼。酸枣仁散方,True,True,,"[{""classical_span"": ""骨极肾虚"", ""why_supports"": ""“骨极”为古籍中与骨衰弱相关的重要病名范畴""}, {""classical_span"": ""脚膝酸疼"", ""why_supports"": ""慢性骨痛、腰膝酸软常见于骨量不足相关表现""}]",3,"[""原文未提及骨折、骨脆等关键特征，相关性可能被高估"", ""肾虚未细分阴阳，证型映射存在不确定性"", ""缺乏人群与病程信息，难以排除其他骨病可能""]",ff385df1e96feb1d1fa989251eeedba5,['酸枣仁散'],宋金元,['骨痛']
ok,3397,2026-02-04 18:55:25,太平圣惠方,992.0,骨极,卷第二十六 治骨极诸方,x治骨极。宜服强骨髓。令人充健。地黄煎方。 x生地黄汁（三升） 防风（二两去芦头） 黄 （二两锉） 鹿角胶（二两捣碎炒令黄 燥） 当 归（ 上件药。捣细罗为散。先煎地黄汁。减一升。内前药末入汁中。次入髓。搅令匀。慢火煎如 x治骨极。肢节酸疼。脚胫无力。两耳虚鸣。宜服附子丸方。 x附子（二两炮裂去皮脐） 肉苁蓉（二两酒浸一宿刮去皱皮炙令干） 补骨脂（一两微 炒）,方药,[],,肾阳虚证,,[],,"[""骨痛"", ""活动受限"", ""乏力""]",,"[""中药内服""]",,"[{""name"": ""地黄煎方"", ""type"": ""方剂"", ""note"": ""治骨极，强骨髓，令人充健""}, {""name"": ""附子丸方"", ""type"": ""方剂"", ""note"": ""治骨极，肢节酸疼，脚胫无力""}]",0.4,治骨极。肢节酸疼。脚胫无力。,True,True,,"[{""classical_span"": ""治骨极"", ""why_supports"": ""骨极为古籍中指骨病、骨弱疼痛的范畴""}, {""classical_span"": ""肢节酸疼。脚胫无力"", ""why_supports"": ""符合慢性骨痛、无力等疑似骨量不足表现""}]",3,"[""原文未明确记载骨折或骨脆等直接证据"", ""未提供患者年龄与性别，无法对应具体现代表型"", ""症状可能与其他痹证或虚劳骨病混淆""]",1d6980893413a03c9020d1e08e5a3acf,"['地黄煎方', '附子丸方']",宋金元,"['乏力', '活动受限', '骨痛']"
ok,3398,2026-02-04 18:55:33,太平圣惠方,992.0,骨极,卷第二十六 治骨极诸方,肉 上件药。捣罗为末。炼蜜和捣三二百杵。丸如梧桐子大。每服。空心及晚食前。以温酒下三 x治骨极。肌体羸瘦。肾脏虚弱。腰脚无力。肢节烦疼。宜服鹿角胶丸方。 x鹿角胶（二两捣碎炒令黄燥） 补骨脂（一两微炒） 石斛（一两去根锉） 熟干地黄 （一两）,方药,[],,肾阳虚证,,[],,"[""骨痛"", ""乏力"", ""活动受限""]",,"[""中药内服""]",,"[{""name"": ""鹿角胶丸方"", ""type"": ""方剂"", ""note"": ""治骨极，肾脏虚弱、腰脚无力、肢节烦疼""}]",0.7,治骨极。肌体羸瘦。肾脏虚弱。腰脚无力。肢节烦疼,True,True,,"[{""classical_span"": ""治骨极"", ""why_supports"": ""骨极为骨病范畴，提示骨体衰弱，与骨量不足相近""}, {""classical_span"": ""腰脚无力。肢节烦疼"", ""why_supports"": ""符合慢性骨痛、功能减退等骨质疏松常见表现""}]",1,"[""未出现明确现代诊断，仍可能为其他慢性骨病"", ""缺乏骨折或身高改变等关键特征"", ""未标明患者年龄与性别，现代表型无法细分""]",ad887ad5822efdb0cdd891dfb2606f46,['鹿角胶丸方'],宋金元,"['乏力', '活动受限', '骨痛']"
ok,3399,2026-02-04 18:55:37,太平圣惠方,992.0,骨极,卷第二十六 治骨极诸方,薯 干别捣 为 两） 酸 枣 两） 肉 苁 上件药。捣罗为末。炼蜜和捣三五百杵。丸如梧桐子大。每服。以温酒下三十丸。空心及晚 x治骨极。肾脏劳伤。少气不足。羸瘦无力。肢节酸疼。腰脚多痛。不能久立。宜服 x x填骨髓。,方药,[],,肾阳虚证,,[],,"[""腰背痛"", ""骨痛"", ""活动受限"", ""乏力""]",,"[""中药内服""]",,"[{""name"": ""薯（原文作“薯干”）"", ""type"": ""单味药"", ""note"": ""为丸用药之一""}, {""name"": ""酸枣"", ""type"": ""单味药"", ""note"": ""为丸用药之一""}, {""name"": ""肉苁"", ""type"": ""单味药"", ""note"": ""为丸用药之一""}]",1.0,治骨极。肾脏劳伤……腰脚多痛。不能久立……宜服……填骨髓。,True,True,,"[{""classical_span"": ""治骨极"", ""why_supports"": ""“骨极”为古籍中高度指向骨质衰败、骨弱的重要病名""}, {""classical_span"": ""腰脚多痛，不能久立"", ""why_supports"": ""符合慢性骨弱所致疼痛与功能受限表现""}, {""classical_span"": ""填骨髓"", ""why_supports"": ""提示以补益骨髓为治则，与骨量不足语义相近""}]",1,"[""原文未提供患者年龄与性别，难以对应具体现代分型"", ""药物名称在原文中残缺，无法完全确认现代通行药名"", ""未记载明确疗效结局，转归信息不足""]",c65b7d9fac18c4c8d0ae7167fe9cf8f4,"['肉苁', '薯', '酸枣']",宋金元,"['乏力', '活动受限', '腰背痛', '骨痛']"
ok,3401,2026-02-04 18:55:40,太平圣惠方,992.0,骨极,卷第二十六 治骨极诸方,分） 石 斛（一 上件药。捣罗为末。炼蜜和捣三二百杵。丸如梧桐子大。每日空心及晚食前。以温酒下三十 x治骨极。膝胫酸疼。肢节多痛。服虎胫骨酒方。 x虎胫骨（一具涂酥炙令黄）,方药,[],,肾虚血瘀证,原文仅述“治骨极诸方”，未明确辨证分型,[],,"[""骨痛"", ""活动受限""]",原文述“膝胫酸疼，肢节多痛”,"[""中药内服""]",,"[{""name"": ""石斛丸（以炼蜜为丸）"", ""type"": ""单味药"", ""note"": ""捣末炼蜜为丸，治骨极、膝胫酸疼""}, {""name"": ""虎胫骨酒"", ""type"": ""方剂"", ""note"": ""服虎胫骨酒方以治肢节疼痛""}]",0.4,治骨极。膝胫酸疼，肢节多痛,True,True,,"[{""classical_span"": ""治骨极"", ""why_supports"": ""“骨极”为骨病范畴，常指骨弱、骨痛等慢性问题""}, {""classical_span"": ""膝胫酸疼，肢节多痛"", ""why_supports"": ""符合骨质疏松常见的慢性骨痛、活动受限表现""}]",1,"[""原文未提及年龄、骨折或骨弱程度，相关性可能被高估"", ""“骨极”亦可能指其他骨病，非特指骨质疏松"", ""未见现代影像或脆性骨折证据，仅能部分映射""]",5931dd4bdeea224b2686bbe35b70d9f9,"['石斛丸', '虎胫骨酒']",宋金元,"['活动受限', '骨痛']"
ok,3425,2026-02-04 18:56:39,医方考,1584.0,骨极,卷三 虚损劳瘵门第十八,肾主骨，骨极者，骨内空虚之极也，故令腰脊酸削。齿者，骨之余，故齿亦痛。手足烦疼，不欲行动，皆骨内空虚之征也。以骨治骨，求其类也。以虎骨治骨，取其壮也。酿之以酒者，取酒性善渍，直澈于骨也。褚澄云：男子天癸未至而御女，则四肢有未满之处，异日必有难状之疾。其骨极之类乎。,病名,[],,肾虚血瘀证,原文仅述“肾主骨”“骨内空虚”，未明确归属既定证型,[],,"[""腰背痛"", ""骨痛"", ""活动受限""]",,"[""中药内服""]",,"[{""name"": ""虎骨"", ""type"": ""单味药"", ""note"": ""以骨治骨，取其壮，用于骨内空虚、腰脊酸削""}]",1.0,肾主骨，骨极者，骨内空虚之极也，故令腰脊酸削,True,True,,"[{""classical_span"": ""骨极者，骨内空虚之极也"", ""why_supports"": ""直接描述骨内空虚，属骨量不足类核心表述""}, {""classical_span"": ""故令腰脊酸削"", ""why_supports"": ""对应骨质疏松常见的慢性腰背痛表现""}]",1,"[""若将其强行归入具体证型，可能构成证型臆断"", ""若推断具体现代分型（如老年或继发性），文本证据不足"", ""忽略原文“骨极”病名而仅作泛骨痛解释，可能低估相关性""]",a2066d6ef2dd2926b3f37668f88ab88d,['虎骨'],明,"['活动受限', '腰背痛', '骨痛']"
ok,4623,2026-02-04 19:43:00,本草纲目,1596.0,骨枯,石部第九卷 金石之三 丹砂,青霞子曰∶丹砂外包八石，内含金精，禀气于甲，受气于丙，出胎见壬，结块成庚，增光归戊，阴阳升降，各本其原，自然不死。若以气衰血败，体竭骨枯，八石之功，稍能添益。,症状,"[""老年后""]",,肝肾阴虚证,,"[""原发性-老年型""]",,"[""其他""]",原文出现“体竭骨枯”，属骨质枯槁之描述，非枚举中具体条目,"[""中药内服""]",,"[{""name"": ""丹砂"", ""type"": ""单味药"", ""note"": ""文中称“八石之功，稍能添益”，用于气衰血败、骨枯之体""}]",1.0,若以气衰血败，体竭骨枯，八石之功，稍能添益。,True,True,,"[{""classical_span"": ""体竭骨枯"", ""why_supports"": ""直接出现“骨枯”这一高度指向骨质衰败的古籍表述""}]",1,"[""若将丹砂功效夸大为明确治疗骨折，属于超出原文"", ""若强行推断具体人群（如绝经后女性），属证据不足"", ""若映射具体现代症状而原文未述，属于臆造""]",7633115a878994aa5a228365f6a47935,['丹砂'],明,['其他']
ok,3778,2026-02-04 19:10:37,全体病源类纂,610.0,骨痹,第五篇·皮肉筋骨病 骨病四,《气穴论》：积寒留舍，荣卫不居，卷肉缩筋，肋肘不得伸，内为骨痹，外为不仁。,外治法,[],,肾阳虚证,,[],,"[""骨痛"", ""活动受限""]",,"[""艾灸""]",,"[{""name"": ""附子"", ""type"": ""外治"", ""note"": ""用于灸法，以温阳散寒，治疗骨痹相关表现""}]",0.2,积寒留舍，营卫不养，肉缩筋肋肘不得伸，内为骨痹,True,True,,"[{""classical_span"": ""内为骨痹，外为不仁"", ""why_supports"": ""提示慢性骨病范畴，与骨质疏松的骨痛、功能障碍存在部分对应""}, {""classical_span"": ""肉缩筋肋肘不得伸"", ""why_supports"": ""反映肢体活动受限，为慢性骨关节或骨质衰弱常见表现""}]",3,"[""原文未明确记载骨折或骨弱，相关性有限"", ""古籍病机以寒痹为主，可能对应其他痹证而非骨质疏松"", ""现代表型无法从文本直接判定，映射证据较弱""]",c1f4c327da08177b7dfc39b4908778c2,['附子'],隋唐以前,"['活动受限', '骨痛']"
ok,3452,2026-02-04 18:57:40,历代本草药性汇解116种,2003.0,骨极,桑白皮（《本经》）,《本草崇原》：桑名白桑，落叶后望之，枝干皆白，根皮作纸，洁白而绵，蚕食桑精，吐丝如银，盖得阳明金精之气。阳明属金而兼土，故吐甘。阳明主燥而金气微寒，故气寒，主治伤中，续经脉也。五劳，志劳、思劳、烦劳、忧劳、恚劳也。六极，气极、血极、筋极、骨极、肌极、精极也。羸瘦者，肌肉消减。崩中者，血液下注。脉绝者，脉络不通。桑皮禀阳明土金之气，刈而复茂，生长之气最盛，故补续之功如此。,方药,"[""情志异常""]",,脾胃虚弱证,,[],,"[""乏力"", ""身高变矮""]",,"[""中药内服""]",,"[{""name"": ""桑白皮"", ""type"": ""单味药"", ""note"": ""补续经脉，主治五劳六极中之骨极、羸瘦""}]",0.4,六极，气极、血极、筋极、骨极也。羸瘦者，肌肉消减。,True,True,,"[{""classical_span"": ""六极……骨极也"", ""why_supports"": ""出现“骨极”概念，指骨之衰极，与骨量不足相近""}, {""classical_span"": ""羸瘦者，肌肉消减"", ""why_supports"": ""提示形体消瘦、肌肉减少，符合慢性骨病伴随表现""}]",3,"[""未出现明确骨折或骨枯等强指向病名"", ""症状描述偏整体虚损，非专指骨病"", ""无现代可比的明确人群与结局信息""]",5bad5d34b4aca5d63cd85df9df81fda0,['桑白皮'],近现代,"['乏力', '身高变矮']"
ok,3453,2026-02-04 18:57:43,历代本草药性汇解,2003.0,骨极,化痰止咳平喘 桑白皮(《本经》),《本草崇原》：桑名白桑，落叶后望之，枝干皆白，根皮作纸，洁白而绵，蚕食桑精，吐丝如银，盖得阳明金精之气。阳明属金而兼土，故吐甘。阳明主燥而金气微寒，故气寒，主治伤中，续经脉也。五劳，志劳、思劳、烦劳、忧劳、恚劳也。六极，气极、血极、筋极、骨极、肌极、精极也。羸瘦者，肌肉消减。崩中者，血液下注。脉绝者，脉络不通。桑皮禀阳明土金之气，刈而复茂，生长之气最盛，故补续之功如此。,方药,"[""情志异常""]",,脾胃虚弱证,,[],,"[""乏力""]",,"[""中药内服""]",,"[{""name"": ""桑白皮"", ""type"": ""单味药"", ""note"": ""禀阳明土金之气，主治五劳六极，具补续之功""}]",0.2,六极，气极、血极、筋极、骨极、肌极、精极也。,True,True,,"[{""classical_span"": ""骨极"", ""why_supports"": ""出现与骨虚衰相关的概念性表述，但未具体描述骨折或骨弱""}, {""classical_span"": ""羸瘦者，肌肉消减"", ""why_supports"": ""提示慢性虚损体态改变，与低骨量背景可能相关""}]",1,"[""仅出现概念性“骨极”，缺乏明确骨折或骨脆性描述"", ""条文为药性阐述，非针对具体骨病病名"", ""现代骨质疏松表型无法从文本中直接确认""]",cbae7ff355fa6f8b954f91f3b54214fe,['桑白皮'],近现代,['乏力']
ok,3460,2026-02-04 18:58:03,医方集解,1682.0,骨极,补养之剂 龟鹿二仙膏〔补气血〕,治瘦弱少气，梦遗泄精，目视不明，精极之证。｛五劳之外，又有六极，谓气极， 血极，精极，筋极，骨极，肌极也精生气，气生神，精极则无以生气，故瘦弱少气， 气弱则不能生神，故目眊不明，精气不固，水不能制火，故遗泄而精愈耗也。 鹿角〔十斤〕、龟板〔五斤〕、枸杞〔二斤〕、人参〔一斤〕、先将鹿角龟板， 锯截刮净，水浸，桑火熬炼成胶，再将人参枸杞熬膏和入，每晨酒服三钱。 此足少阴药也，龟为介虫之长，得阴气最全，〔介虫阴类〕鹿角遇夏至即解， 禀纯阳之性，〔阴生即解〕且不两月，长至一二十斤，骨之速生无过于此者， 〔人身惟骨难长〕故能峻补气血，两者皆用气血以补气血，所谓补之其类也， 人参大补元气，枸杞滋阴助阳，此血气阴阳交补之剂，气足则精固不遗， 血足则视听明了，久服可以益寿，岂第已疾而已哉。｛李时珍曰，龟鹿皆灵而寿， 龟首常藏向腹，能通任脉，故取其甲以补心补肾补血以养阴也，鹿首常返向尾， 能通督脉，故取其角以补命补精补气以养阳也。,方药,[],,脾胃虚弱证,,[],,"[""乏力""]",,"[""中药内服""]",,"[{""name"": ""龟鹿二仙膏"", ""type"": ""方剂"", ""note"": ""补气血、益精髓，用于瘦弱少气、精极之证""}, {""name"": ""鹿角"", ""type"": ""单味药"", ""note"": ""入方熬胶，取其骨速生之性以补骨""}, {""name"": ""龟板"", ""type"": ""单味药"", ""note"": ""入方熬胶，补肾养阴、补血""}]",0.4,五劳之外，又有六极……筋极，骨极也……人身惟骨难长,True,True,,"[{""classical_span"": ""骨极"", ""why_supports"": ""将“骨极”列为六极之一，指向骨虚损耗的病理状态""}, {""classical_span"": ""人身惟骨难长"", ""why_supports"": ""强调骨生长与充养困难，契合骨量不足的认识""}]",1,"[""未明确记载骨折或骨痛，难以判定为脆性骨折相关"", ""症候以精气虚弱为主，骨病表现间接"", ""缺乏年龄、人群等关键信息，现代分型难以对应""]",0240dd1e12d5ed0167312dfc779fe417,"['鹿角', '龟板', '龟鹿二仙膏']",清,['乏力']
ok,3489,2026-02-04 18:59:18,普济方（四库本241-300卷）,1406.0,骨极,普济方卷二百四十三,天门冬煎方　凡脚气之疾皆由气实而死终无一人以服药致虚而殂故脚气之人皆不得大补亦不可大泻终不得畏虚故预止汤不服也如此者皆死不疗忧恚思恋喜怒悲欢复随风湿结气欬时呕逆吐食以变大小便不利时泄利重下溺血上气吐乍寒乍热卧不安席小便赤黄时时恶梦与死人共食饮入塜神食魂飞魄散筋极则伤肝伤肝则腰背相引难以俛仰气极伤肺伤肺则小便赤目不明体极则阴痿不起住而不卒骨极则伤肾伤肾则短气不可乆立阴痛恶寒甚者卵缩阴下生疮湿痒搔之不欲止汗出此皆为肾病甚者多遭风毒四肢顽痹手足浮肿名曰弱脚一名脚气医不能疗此皆主之天门冬【二升半去心捣压取令汁尽】白蜜【三升】拘杞根【切三斗半净洗水二石五斗煮取一斗三升澄清用】酥【三升炼】生地黄【三斗半捣压如天门冬法】麞骨【一具研以水一石煮取五斗澄清用】,方药,"[""情志异常""]",,肾阳虚证,,[],,"[""腰背痛"", ""活动受限""]",,"[""中药内服""]",,"[{""name"": ""天门冬煎方"", ""type"": ""方剂"", ""note"": ""用于脚气属肾病、骨极伤肾等证""}, {""name"": ""天门冬"", ""type"": ""单味药"", ""note"": ""方中主药，煎取汁用""}, {""name"": ""白蜜"", ""type"": ""单味药"", ""note"": ""方中佐药""}, {""name"": ""拘杞根"", ""type"": ""单味药"", ""note"": ""方中佐药""}, {""name"": ""酥"", ""type"": ""单味药"", ""note"": ""方中佐药""}, {""name"": ""生地黄"", ""type"": ""单味药"", ""note"": ""方中佐药""}, {""name"": ""麞骨"", ""type"": ""单味药"", ""note"": ""方中用骨类药物""}]",0.2,骨极则伤肾伤肾则短气不可乆立,True,False,,"[{""classical_span"": ""骨极则伤肾"", ""why_supports"": ""出现“骨极”概念，提示骨与肾相关的衰极状态""}, {""classical_span"": ""腰背相引难以俛仰"", ""why_supports"": ""描述腰背功能受限，符合慢性筋骨问题表现""}]",1,"[""文本主病为脚气而非骨痿或骨弱"", ""未见脆性骨折或骨量减少的直接描述"", ""骨相关表述为附带病机推演，证据较弱""]",afa57be7f9d6988c1906c4d45a8d0484,"['天门冬', '天门冬煎方', '拘杞根', '生地黄', '白蜜', '酥', '麞骨']",明,"['活动受限', '腰背痛']"
ok,3490,2026-02-04 18:59:19,普济方（四库本181-240卷）,1406.0,骨极,普济方卷二百二十一,酸枣仁散　治骨极肾虚脚膝骨髓疼痛宜服补益酸枣仁【八两防炒】虎胫骨【八两涂酥炙令黄】干地黄【八两】杜仲【二两去粗皮炒黄】桂心【三两】牛膝【三两去苗】,方药,[],,肾虚血瘀证,原文仅述“骨极肾虚脚膝骨髓疼痛”，未明确对应固定证型名称,[],,"[""骨痛""]",,"[""中药内服""]",,"[{""name"": ""酸枣仁散"", ""type"": ""方剂"", ""note"": ""治骨极肾虚脚膝骨髓疼痛""}, {""name"": ""酸枣仁"", ""type"": ""单味药"", ""note"": ""方中用药，防炒""}, {""name"": ""虎胫骨"", ""type"": ""单味药"", ""note"": ""方中用药，涂酥炙令黄""}, {""name"": ""干地黄"", ""type"": ""单味药"", ""note"": ""方中用药""}, {""name"": ""杜仲"", ""type"": ""单味药"", ""note"": ""方中用药，去粗皮炒黄""}, {""name"": ""桂心"", ""type"": ""单味药"", ""note"": ""方中用药""}, {""name"": ""牛膝"", ""type"": ""单味药"", ""note"": ""方中用药，去苗""}]",0.4,治骨极肾虚脚膝骨髓疼痛,True,True,,"[{""classical_span"": ""骨极肾虚脚膝骨髓疼痛"", ""why_supports"": ""涉及骨极、骨髓与慢性骨痛，符合骨质疏松相关表现""}]",1,"[""未出现明确脆性骨折或骨弱易折描述，相关性可能被高估"", ""证型未在原文中以固定名称明确提出"", ""缺乏人群与年龄信息，难以对应具体现代表型""]",ade357a681b365e23f2f1f23a5e516b8,"['干地黄', '杜仲', '桂心', '牛膝', '虎胫骨', '酸枣仁', '酸枣仁散']",明,['骨痛']
ok,3492,2026-02-04 18:59:21,普济方（四库本181-240卷）,1406.0,骨极,普济方卷二百二十七,天门冬大煎【出千金方】治男子五劳七伤八风十二痹伤中六极一气极则令人内虚五脏不足邪气常多正气少多寒痹腹痛喘息惊恐头痛二肺极则寒痹腰痛心下坚有积聚小便不利手足不仁三脉极则颜色苦青逆噫多恍惚失气状似悲泣之后苦舌强咽喉干寒热恶风不可动不嗜食若喜怒妄言四筋极则拘挛小腹坚胀心痛膝寒冷四肢骨节皆疼痛五骨极则肢节厥逆黄疸消渇痈疽妄发病重浮肿如水病状六肉极则发疰如得击不复言甚者至死复生众医所不能治此皆六极七伤所致非独房室之为也忧患积思喜怒悲欢复随风湿结气欬时呕吐食变大小便不利时泄利重下溺血上气吐下乍寒乍热卧不安席小便赤黄时时恶梦与死人共饮食入塜神室魂飞魄散筋极则伤肝伤肝则腰背相引难可俛仰气极则伤肺伤肺则小便有血目不明髓极则阴痿不起入房不交骨极则伤肾伤肾则短气不可乆立阴疼恶寒甚者卵缩阴下生疮湿痒手搔不欲住汁出此皆为肾病甚者或多遭风毒四肢顽痹手足浮肿名曰脚弱一名脚气医所不治此悉主之常服尤佳天门冬【切三斗半压取汁】生地黄【切三斗半压取汁】白蜜【三升】酥【用三升炼】枸杞根【三斤净洗以水二石五斗煑取一斗二升澄清】鹿脑骨【一具捣碎以水一石煑取五斗澄清】,方药,[],文本明确“治男子五劳七伤”，指男性人群,肾阳虚证,,[],,"[""腰背痛"", ""骨痛"", ""活动受限""]",,"[""中药内服""]",,"[{""name"": ""天门冬大煎"", ""type"": ""方剂"", ""note"": ""原文主方，用于治男子五劳七伤、骨极诸证""}, {""name"": ""鹿脑骨"", ""type"": ""单味药"", ""note"": ""入方煎煮，用于骨极、肢节病变""}]",0.4,四肢骨节皆疼痛；五骨极则肢节厥逆,True,True,,"[{""classical_span"": ""四肢骨节皆疼痛"", ""why_supports"": ""提示慢性骨关节疼痛，与骨量不足相关表现部分相符""}, {""classical_span"": ""五骨极则肢节厥逆"", ""why_supports"": ""“骨极”反映骨系统衰败，可能对应骨质减弱""}]",1,"[""文本未出现明确脆性骨折或骨折反复描述"", ""症状可能由痹证或杂病引起，非特指骨质疏松"", ""存在痈疽等排除性病机，影响特异性判断""]",6689e273f64b9408f77b7db760e2c50a,"['天门冬大煎', '鹿脑骨']",明,"['活动受限', '腰背痛', '骨痛']"
ok,3495,2026-02-04 18:59:36,千金要方（四库本）,652.0,骨极,卷三十八,天门冬大煎治男子五劳七伤八风十二痹伤中六极一气极则多寒痹腹痛喘息惊恐头痛二肺极则寒痹腰痛心下坚有积聚小便不利手足不仁三脉极则颜色苦青逆意喜恍惚失气状似悲泣之后苦舌强咽喉干寒热恶风不可动不嗜食苦眩喜怒妄言四筋极则拘挛小腹坚胀心痛寒冷四肢骨节皆痛疼五骨极则肢节厥逆黄疸消渴痈疽妄发重病浮肿如水病状六肉极则发疰如得击不复言甚者至死复生众医所不能治此皆六极七伤所致非独房室之为也忧恚积思喜怒悲欢复随风湿结气欬时呕吐食已变大小便不利时泄利重下溺血上气吐下乍寒乍热卧不安席小便赤黄时时恶梦梦与死人共饮食入冡神室魂飞魄散筋极则伤肝伤肝则腰背相引难可俯仰气极则伤肺伤肺则小便有血目不明髓极则阴痿不起住而不交骨极则伤肾伤肾则短气不可久立阴痛恶寒甚者卵缩阴下生疮湿痒手搔不欲住汁出此皆为肾病甚者多遭风毒四肢顽痹手足浮肿名曰脚弱一名脚气医所不治此悉主之方,方药,"[""情志异常""]",,肾阳虚证,,[],,"[""骨痛"", ""活动受限"", ""乏力""]",,"[""中药内服""]",,"[{""name"": ""天门冬大煎"", ""type"": ""方剂"", ""note"": ""用于治疗五劳七伤、六极中之骨极等虚损病证""}]",0.4,五骨极，则肢节厥逆……四肢骨节皆痛疼……骨极则伤肾，伤肾则短气，不可久立,True,True,,"[{""classical_span"": ""四肢骨节皆痛疼"", ""why_supports"": ""提示慢性骨痛，符合骨量不足相关表现""}, {""classical_span"": ""不可久立"", ""why_supports"": ""反映骨与下肢功能减退，类似骨质疏松活动受限""}]",3,"[""未出现明确骨折或骨痿等高度特异病名"", ""症状可能由痹证或多脏虚损导致，非特指骨质疏松"", ""方剂主治范围广，骨相关仅为其中一部分""]",7b9d96e040565c668911ab9135464f8d,['天门冬大煎'],唐,"['乏力', '活动受限', '骨痛']"
ok,3493,2026-02-04 18:59:37,普济方（四库本181-240卷）,1406.0,骨极,普济方卷二百三十五,右患殗殜【上于却切下于摄切】等病必瘦脊骨自出以壮丈夫屈手头指及中指夹患人脊骨从大椎向下尽骨极揩复向上来去十二三回然以中指于两畔处极弹之若是此病应弹处起作多头可三十余头即以墨防上记之取三指大青竹筒长寸半一头留节无节头削令薄似劔煑此筒子数沸及热出筒笼墨处按之良久以刀弹破所角处又煑筒子重角之当出黄白赤水次有浓出亦有虫出者数数如此角之令恶物出尽乃即除当目明身轻也,外治法,[],,脾胃虚弱证,,[],,"[""驼背""]",,"[""中药外用"", ""其他""]",以青竹筒行角法（类似拔罐）外治,"[{""name"": ""青竹筒"", ""type"": ""外治"", ""note"": ""削薄煮热后按脊骨墨记处反复行角""}]",0.4,病必瘦脊骨自出,True,True,好转,"[{""classical_span"": ""瘦脊骨自出"", ""why_supports"": ""提示脊柱消瘦外突，属形体变化，与骨量不足表型部分相符""}, {""classical_span"": ""从大椎向下尽骨极揩"", ""why_supports"": ""反复描述脊柱骨体操作，强调病变部位在脊骨""}]",1,"[""未出现骨痿、骨折等明确高度相关病名"", ""症状以形体改变为主，缺乏脆性骨折证据"", ""治疗为外治法，未能直接反映骨量变化""]",8b2ec4082d37dfd1b9d898a3a71ddf0a,['青竹筒'],明,['驼背']
ok,781,2026-02-04 17:11:14,医学妙谛,1853.0,骨痿,卷中 杂症 虚损发热诸症章,阴虚 肾阳竭，午后发热少饮食。数天无力脉象明，干咳失血盗汗出。阳虚汗出并头疼。脉细迟弱午前热。阴虚血虚肾精亏，阳虚气虚劳倦得。阴虚四物苓柏丹，二冬柏（仁）味（五味）龟（版）知（母）甘（草）。清骨散可骨蒸用，枣仁 术自汗堪。咳嗽气急桑贝菀，栝蒌贝母治有痰。见血胶（阿胶）沙（参）丹（参）菀（紫菀）角（犀角），泄泻山药苓薏添。盗汗浮麦堪益伍，牡蛎黑豆用之妥。衄血栀芩茅草根，声哑喉干粉（花粉）桔（桔梗）可。阳虚益气与补中，散火升阳亦得所。外感寒伤阳则虚，阳虚阴盛虚损初。此损自上而及下，一损于肺皮毛枯。二损于心血脉少（不能荣于脏腑，女则月事不通），三损于胃宜急图（遇于胃则不治矣）。感热伤阴阴则虚，阴虚阳盛损却殊。此损自下而及上，二损于骨痿徂肾（不能起床）。,病名,"[""老年后""]",,肝肾阴虚证,,"[""原发性-老年型""]",,"[""乏力"", ""活动受限""]",,"[""中药内服""]",,"[{""name"": ""清骨散"", ""type"": ""方剂"", ""note"": ""用于骨蒸，原文称“清骨散可骨蒸用”""}]",1.0,二损于骨痿徂肾（不能起床）,True,True,,"[{""classical_span"": ""二损于骨痿徂肾"", ""why_supports"": ""直接出现“骨痿”病名，为骨质疏松高度相关古籍范畴""}]",1,"[""若忽略原文“骨痿”而强行降低相关性，属证据使用不充分"", ""若将未明确记载的人群（如绝经期）强行加入，属于臆造"", ""若将非原文提及的现代症状（如骨折）映射，属过度推断""]",020ed1143111b4d2c05852710af0372f,['清骨散'],清,"['乏力', '活动受限']"
ok,4673,2026-02-04 19:45:02,类证治裁,1839.0,骨枯,卷之五 厥症论治,吐蛔亦有阳症，口疮咽疼吐蛔，竟以冷剂取效者，不可专以胃冷概也。煎厥者，诸动属阳，烦劳则阳气暴张，劳火亢炎而精绝，迁延至夏，内外皆热，孤阳厥逆，如煎如熬。宜清心益肾，或咸寒降逆。人参固本丸加淡菜、阿胶、方诸水。薄厥者，肝本藏血，怒则火起于肝，迫血上行而厥。蒲黄酒降之。痿厥亦热厥症，厥从肝起，致四末不用，因水亏则阳风烁筋，络热沸腾，须血肉咸润之品，熬膏服以填其隙。鳖甲、龟板、阿胶、淡菜、生地、猪羊脊髓。痹厥脚气顽麻，初发必身痛，肢节肿。当归拈痛散。其自踝以下痛极者，五兽三匮丸、滋肾丸。风厥手足搐搦，身体强直，名痉厥。小续命汤。痫厥肝风发痉，肢掣液涸。固本丸加阿胶、鸡子黄、龙骨。喑厥乃类中风症，暴喑不语，经所谓内夺而厥，则为喑痱。地黄饮子加减。郁厥亦血厥症，平居无疾，忽默默无知，目闭口噤，恶闻人声，移时方寤，由热升风动，郁冒而厥，妇人多有之。羚羊角散。虚则填补奇经，杞子、当归、鹿角霜、茯苓、肉苁蓉。骨厥骨枯爪痛，六味丸。痛厥由胃阳久衰，肝木来乘，浊气攻胃。,病名,"[""老年后""]",,肝肾阴虚证,,"[""原发性-老年型""]",,"[""骨痛""]",,"[""中药内服""]",,"[{""name"": ""六味丸"", ""type"": ""方剂"", ""note"": ""用于骨厥骨枯爪痛""}]",1.0,骨厥骨枯爪痛，六味丸。,True,True,,"[{""classical_span"": ""骨厥骨枯爪痛"", ""why_supports"": ""直接出现“骨枯”病名，指向骨质衰败、骨弱""}]",1,"[""文本仅为提要，缺乏连续症候描述"", ""未见明确人群与年龄背景，现代表型推断有限"", ""治疗结局未载，无法评估疗效""]",fc6c1d12e3a06777e84ae9f41dbea299,['六味丸'],清,['骨痛']
ok,5152,2026-02-04 20:04:44,仁斋小儿方论,1271.0,骨枯,卷之三 疳,无辜疳者，脑后项边有核如弹，按之转动，软而不疼，其间有虫如米粉，不速破之，则虫随热气流散，淫蚀脏腑，以致肢体痈疮，便利脓血，壮热赢瘦，头露骨高是尔。针剌破，膏药贴。或浣濯儿衣，露于檐下为雌乌落羽所污，儿著此衣，虫入皮毛，亦致无辜之疾。儿衣已晒，须微火烘之。其若手足极细，项小骨高，尻削体痿，腹大脐突，号哭胸陷，或生谷症，是为丁奚。虚热来往，头骨分开，翻食吐虫，烦渴呕哕，是为哺露。丁奚、哺露，皆因脾胃久虚，不能化水谷以荣血气，故肌肉销烁，肾气不足，复为风冷所伤，使柴骨枯露，亦有胎中受毒，脏腑少血致之。此皆无辜种类之疾，病而至此，不几殆哉！,病名,"[""胎产哺乳""]",,脾胃虚弱证,,[],,"[""乏力"", ""其他""]",柴骨枯露、头露骨高、脊骨异常等，见于小儿疳病消瘦,"[""中药内服"", ""中药外用""]",,"[{""name"": ""钱氏地黄丸"", ""type"": ""方剂"", ""note"": ""用于小儿久患肾疳、天柱骨倒，加驱疳等剂""}, {""name"": ""贴项强筋"", ""type"": ""外治"", ""note"": ""用于天柱骨倒之强筋固项""}]",0.2,使柴骨枯露,True,False,,"[{""classical_span"": ""柴骨枯露"", ""why_supports"": ""出现骨枯、骨露等骨质耗损描述，但发生于小儿疳病""}, {""classical_span"": ""头露骨高"", ""why_supports"": ""形体异常与骨外观改变相关，非成人退行性骨病""}]",1,"[""文本所述为小儿疳病，非成人或老年骨质疏松范畴"", ""缺乏脆性骨折、腰背痛等现代骨质疏松核心特征"", ""骨枯描述可能源于营养不良或感染性消耗性疾病""]",6e7a2871e39dbad253f23e214d0c340f,"['贴项强筋', '钱氏地黄丸']",宋金元,"['乏力', '其他']"
ok,5189,2026-02-04 20:06:14,医学心悟杂症要义,1732.0,骨痿；骨枯,正文 腰痛,「腰涌，有风、有寒、有湿、有热、有瘀血、有气滞、有疾饮、皆标也，肾虚其本也。腰痛拘急，牵引腿足，脉浮弦者，风也。腰冷如冰，喜得热手熨，脉沉迟，或紧者，寒也，并用独活汤主之。腰痛如坐水中，身体沉重，腰间如带重物。脉濡细者，湿也，苍白二陈汤加独活主之。若腰重疼痛，腰间发热，痿软无力，脉弦数者，湿热也，恐成痿症。前方加黄柏主之。若因闪挫跌扑，瘀积于内，转侧若刀锥之刺，大便黑色，脉涩或芤者，瘀血也，泽兰汤主之。走注刺痛，忽聚忽散，脉弦急者，气滞也，橘核丸主之。腰间肿，按之濡软不痛，脉滑者，痰也，二陈汤加白术、萆薢、白芥子、竹沥、姜汁主之。腰痛以脱，重按稍止，脉细弱无力者，虚也，六君子汤加杜仲、续断主之。若兼阴冷，更佐以八味丸。大抵腰痛，悉属肾虚。既挟邪气，必须祛邪，如无外邪，则惟朴肾而已。然肾虚之中，又须分辨寒热二症，如脉虚软无力，溺清便唐，腰间冷痛，此为阳虚，须朴命门之火，则用八味丸。若脉细数无力，便结溺赤，虚火时炎，此肾气热髓减骨枯，恐成骨痿。斯为阴虚，须补先天之水，则用六味丸，合补阴丸之类。不可误用热药以灼其阴，治者审之。」,证型,"[""老年后""]",,肾虚血瘀证,,"[""原发性-老年型""]",,"[""腰背痛"", ""乏力"", ""活动受限""]",,"[""中药内服""]",,"[{""name"": ""独活汤"", ""type"": ""方剂"", ""note"": ""用于风寒所致腰痛""}, {""name"": ""苍白二陈汤"", ""type"": ""方剂"", ""note"": ""湿证腰痛加独活""}, {""name"": ""泽兰汤"", ""type"": ""方剂"", ""note"": ""瘀血腰痛""}, {""name"": ""橘核丸"", ""type"": ""方剂"", ""note"": ""气滞走注刺痛""}, {""name"": ""六君子汤"", ""type"": ""方剂"", ""note"": ""虚证腰痛加杜仲续断""}, {""name"": ""八味丸"", ""type"": ""方剂"", ""note"": ""肾阳虚或兼阴冷""}, {""name"": ""六味丸"", ""type"": ""方剂"", ""note"": ""肾阴虚骨痿骨枯""}]",1.0,此肾气热髓减骨枯，恐成骨痿,True,True,,"[{""classical_span"": ""骨枯，恐成骨痿"", ""why_supports"": ""直接出现骨痿、骨枯，为古籍中与骨质疏松高度对应的病名""}]",1,"[""若忽略原文仅以现代病名强行对应，可能构成过度映射"", ""若未区分外邪腰痛与肾虚骨痿，证据可能被误读"", ""若擅自推断具体年龄或性别人群，属于臆造信息""]",1d3d570d2574b8abb54b67cd12a1b38a,"['八味丸', '六君子汤', '六味丸', '橘核丸', '泽兰汤', '独活汤', '苍白二陈汤']",清,"['乏力', '活动受限', '腰背痛']"
ok,295,2026-02-04 16:52:05,任应秋讲黄帝内经素问,1981.0,骨痿,痿论篇第四十四,在今天的临床上，对于痿症的辨治原则，肺热叶焦、治取阳明的认识仍然在发挥作用。比如肺痿属燥热者，要用甘寒养肺的办法治疗；如“三才汤”，用天冬、石斛这类甘寒的药去润燥养肺。比如肉痿属气血不足者，那就要用甘温补虚法，补中、益气，如“黄芪建中汤”“保元汤”等，这些都是治痿症常用的方剂。特别是燥热伤肾精的骨痿，还是要用朱丹溪的“虎潜丸”，要用血肉之品去养，这里面有羊肉、虎骨、龟胶之类的药，用这些血肉之品去养骨益髓。治疗痿症，肺、胃、肾是三个重要的环节，注意观察肺燥的情况，中焦胃气虚弱的情况，下焦肾精虚衰的情况等。临床上“加味虎潜丸”是治疗痿症的常用处方，尤其是治疗下肢痿。还要注意分析痿症有没有热象？虽然痿症虚证多，但也有少数的湿热证，痿症不能说完全没有湿热，湿热证也是可以见到的，湿热重了更是要耗损津气，湿邪阻滞津气，热邪耗损津气，如朱丹溪的“二妙丸”是清湿热的方剂。痿症甚至还可见到痰湿证，痰湿阻滞经脉，经脉气血不能营养宗筋，这还要排痰，如肥胖人的湿热、痰湿体质的痿症等。但痿症多数还是津气不足或燥热伤津的问题，这里虽然是从针刺的角度来讲的，但其理论知识用于方药治疗也是适用的。总之肺热叶焦、独取阳明是治痿症的重要辨治思想。,方药,[],,肾阳虚证,,[],,[],,"[""中药内服""]",,"[{""name"": ""三才汤"", ""type"": ""方剂"", ""note"": ""用于肺痿属燥热者，甘寒养肺""}, {""name"": ""天冬"", ""type"": ""单味药"", ""note"": ""三才汤组成，润燥养肺""}, {""name"": ""石斛"", ""type"": ""单味药"", ""note"": ""三才汤组成，润燥养肺""}, {""name"": ""黄芪建中汤"", ""type"": ""方剂"", ""note"": ""用于肉痿属气血不足者，补中益气""}, {""name"": ""保元汤"", ""type"": ""方剂"", ""note"": ""用于肉痿属气血不足者，补虚""}, {""name"": ""虎潜丸"", ""type"": ""方剂"", ""note"": ""用于燥热伤肾精之骨痿，养骨益髓""}, {""name"": ""羊肉"", ""type"": ""单味药"", ""note"": ""虎潜丸血肉之品，养骨益髓""}, {""name"": ""虎骨"", ""type"": ""单味药"", ""note"": ""虎潜丸血肉之品，养骨益髓""}, {""name"": ""龟胶"", ""type"": ""单味药"", ""note"": ""虎潜丸血肉之品，养骨益髓""}, {""name"": ""加味虎潜丸"", ""type"": ""方剂"", ""note"": ""临床常用，尤治下肢痿""}, {""name"": ""二妙丸"", ""type"": ""方剂"", ""note"": ""用于痿症湿热证，清湿热""}]",1.0,燥热伤肾精的骨痿，还是要用朱丹溪的“虎潜丸”…用这些血肉之品去养骨益髓,True,True,,"[{""classical_span"": ""燥热伤肾精的骨痿"", ""why_supports"": ""明确出现“骨痿”这一高度指向骨质疏松的古籍病名""}, {""classical_span"": ""养骨益髓"", ""why_supports"": ""直接指向骨与髓的虚损修复，符合骨量不足语义""}]",1,"[""未提供具体人群与年龄信息，无法映射现代分型"", ""症状体征描述偏治疗原则，缺乏量化表现"", ""为讲解性文本，非原始古籍原文""]",1c0a190fdbe1753139f978b1c0874fa6,"['三才汤', '二妙丸', '保元汤', '加味虎潜丸', '天冬', '石斛', '羊肉', '虎潜丸', '虎骨', '黄芪建中汤', '龟胶']",近现代,[]
ok,4487,2026-02-04 19:37:40,任应秋讲黄帝内经素问,1981.0,骨痹,逆调论篇第三十四,大家可以看看《医方考》，吴崑的《医方考》里有个方子叫“猪膏酒”，只有三味药，猪膏、生姜汁、陈年老酒，把猪油放在陈年老酒、姜汁各半里面煎，不吃猪膏只喝煎出的汁，这是个润精燥、生骨髓的方子，治疗“骨痹”有效。骨痹或曰挛痹，就属精燥证。“精燥证”实质是阴精不足阳气也不足，“猪膏酒”用“猪膏”来润养，用酒、姜是来通阳、助阳，以此解决“身寒”的问题。“骨痹”属于伤精的燥证，与阳虚证还不一样。,方药,[],,肝肾阴虚证,,[],,"[""骨痛"", ""活动受限""]",,"[""中药内服""]",,"[{""name"": ""猪膏酒"", ""type"": ""方剂"", ""note"": ""吴崑《医方考》方；猪膏配姜汁、陈年老酒，取煎汁以润精燥、生骨髓，治骨痹""}]",0.2,猪膏酒……这是个润精燥、生骨髓的方子，治疗“骨痹”有效,True,True,,"[{""classical_span"": ""治疗“骨痹”有效"", ""why_supports"": ""骨痹属骨病范畴，可与慢性骨痛、功能障碍相通""}, {""classical_span"": ""润精燥、生骨髓"", ""why_supports"": ""涉及骨髓生养，弱指向骨量不足的理论关联""}]",1,"[""仅提骨痹，未明确骨弱或易折等关键特征"", ""未给出具体人群与年龄信息，难以对应现代表型"", ""方药功效为理论阐述，缺乏直接骨质疏松证据""]",789b51bc70fffa9ece4168e41343b9a5,['猪膏酒'],近现代,"['活动受限', '骨痛']"
ok,618,2026-02-04 17:04:44,三家医案合刻,1831.0,骨痿,卷三,此一损证也，从上损之下者，一损肺，肺再传心，传肝，传脾，脾损便溏，传至肾，则骨痿不能于床，断不可再投理肺药，以速其提，惟猪肚丸可服。,病名,[],,脾胃虚弱证,,[],,"[""活动受限""]",,"[""中药内服""]",,"[{""name"": ""猪肚丸"", ""type"": ""方剂"", ""note"": ""文中明确指出“惟猪肚丸可服”用于骨痿相关损证""}]",1.0,传至肾，则骨痿不能于床,True,True,,"[{""classical_span"": ""骨痿不能于床"", ""why_supports"": ""明确出现“骨痿”这一与骨质疏松高度对应的古籍病名，并描述功能受限""}]",3,"[""文本未提供现代医学检查或骨折证据，可能被质疑映射不足"", ""未明确患者年龄与性别，无法细分现代骨质疏松表型"", ""治疗效果与病程转归在原文中未交代""]",bece7a8179b45bbd8a6cd12118be4968,['猪肚丸'],清,['活动受限']
ok,3130,2026-02-04 18:43:57,怡堂散记,1785.0,骨痿,卷下 阴八味,生人之秉赋不齐，阴阳各有偏盛，药为补偏救弊而设。六味加桂附治相火不足，真阳衰惫，王冰所谓“益火之源，以消阴翳”，尺脉弱者宜之。桂附易知柏名“阴八味”，治阴虚火动、骨痿精枯，王冰所谓“壮水之主以制阳光”，尺脉旺者宜之。予体素多热，自少耳鸣、梦泄、五心常热，服知柏五十年，并无寒中之患。七旬后食减人瘦始停知柏，尚有目赤畏明、耳脓红肿之患，发时足心如烙，改服八仙长寿丸，体觉渐安。非予喜服苦寒，体性当如是耳，补偏救弊信然。,病名,"[""老年后""]",,肝肾阴虚证,,"[""原发性-老年型""]",,[],,"[""中药内服""]",,"[{""name"": ""阴八味（知柏地黄丸）"", ""type"": ""方剂"", ""note"": ""用于治阴虚火动、骨痿精枯""}, {""name"": ""八仙长寿丸"", ""type"": ""方剂"", ""note"": ""晚年改服，体觉渐安""}]",1.0,治阴虚火动、骨痿精枯,True,True,好转,"[{""classical_span"": ""治阴虚火动、骨痿精枯"", ""why_supports"": ""明确出现“骨痿”，为古籍中与骨质疏松高度对应的病名""}, {""classical_span"": ""七旬后食减人瘦"", ""why_supports"": ""提示老年阶段发病，符合老年型骨质疏松人群特征""}]",1,"[""原文未涉及骨痿或骨弱，仅为一般滋补论述"", ""将非老年人群或急性外伤误映射为骨质疏松"", ""在无文本依据情况下臆造症状或现代分型""]",e7722364c5e75859f7b2fde49aa49714,"['八仙长寿丸', '阴八味']",清,[]
ok,1502,2026-02-04 17:39:48,三因极一病证方论,1174.0,骨折,卷之十 五绝治法,上于新瓦上熬令香熟，勿令太过，为末。每服一钱，热酒调，仍入麝香半钱服。折处不可手触，药行良久，觉痛，折处渐痒，如蚁 之，遂要人捻揉骨折处相接，即用杉木皮夹缚，两三日去之，骨全矣。,外治法,[],,血瘀气滞证,原文未提及辨证分型，仅述骨折治法,[],,"[""骨痛""]",,"[""中药内服"", ""中药外用""]",,"[{""name"": ""麝香"", ""type"": ""单味药"", ""note"": ""内服调入，助药行止痛""}, {""name"": ""杉木皮"", ""type"": ""外治"", ""note"": ""夹缚骨折处以固定""}]",0.2,,True,False,骨全矣,"[{""classical_span"": ""折处渐痒，如蚁之"", ""why_supports"": ""明确描述骨折愈合过程，属外伤骨病而非骨弱""}]",1,"[""文本为急性外伤骨折治法，非慢性骨弱"", ""未出现骨痿、骨疏等高度相关病名"", ""不能据单次骨折推断骨质疏松""]",0ceb54b61907fd64723a465e64a6a095,"['杉木皮', '麝香']",宋金元,['骨痛']
ok,3149,2026-02-04 18:44:36,三因司天方,1174.0,骨痿,三因司天方 六气论原叙（以下地支六方）,四之气，太阳寒水加太阴湿土，民病谵妄少气，骨痿等症。加枣仁入心以育神，车前入肾以治痿；,病名,[],,肾阳虚证,,[],,"[""其他""]",原文载“骨痿”，属筋骨痿软、骨弱之象，未细化为现代枚举症状,"[""中药内服""]",,"[{""name"": ""枣仁"", ""type"": ""单味药"", ""note"": ""加用以入心育神""}, {""name"": ""车前"", ""type"": ""单味药"", ""note"": ""加用以入肾治痿""}]",1.0,民病谵妄少气，骨痿等症,True,True,,"[{""classical_span"": ""骨痿等症"", ""why_supports"": ""“骨痿”为古籍中与骨弱、骨萎缩高度相关的病名范畴""}]",1,"[""未给出具体人群与年龄背景，无法映射现代分型"", ""症状仅止于病名层面，缺乏骨折等进一步表现"", ""治疗为加味用药提示，非完整方剂记载""]",8150aea90b788cfb204aa52b46133a71,"['枣仁', '车前']",宋金元,['其他']
ok,4722,2026-02-04 19:47:14,痧疹辑要,1801.0,骨枯,卷四 选案,又云：一儿疹后干咳不已，余谓疹时过于解散，肺气虚耗，宜补脾肺为主。不信，只以清火止嗽药，其背渐驼，腿足细小，终身痼疾。亦有嗽久而胸高肿满，状如龟胸。启云先生曰：疹后久嗽则金衰，金衰不能生肾水，肾主骨髓，肾无生气，则骨枯而髓减，风寒乘虚而入于髓，其邪凝滞，故腰脊不举而为斯疾也。治法先以防风散驱其邪，又八味地黄丸加人参、杜仲、牛膝、当归、石斛、何首乌、米仁、菟丝子、萆 、鹿茸蜜丸，又以驱风壮筋活血膏贴其凸处，又灸肺俞穴、膈俞穴。一儿患此，余诊右脉缓弱，谓脾肺不足，先以人参、白术、茯苓、陈皮、甘草、贝母、当归、芍药、米仁、石斛，水煎服，脾土稍固，又以前方法治之，腿足渐而生肉，背驼稍愈，但不能脱然如故。,病名,[],一儿，疹后久嗽所致，为儿童人群，非老年或围绝经期,肝肾阴虚证,,[],,"[""驼背"", ""活动受限"", ""乏力""]",,"[""中药内服"", ""中药外用"", ""艾灸""]",,"[{""name"": ""防风散"", ""type"": ""方剂"", ""note"": ""先以驱邪""}, {""name"": ""八味地黄丸"", ""type"": ""方剂"", ""note"": ""加人参、杜仲、牛膝等补肾壮骨""}, {""name"": ""驱风壮筋活血膏"", ""type"": ""外治"", ""note"": ""贴其凸处""}, {""name"": ""人参"", ""type"": ""单味药"", ""note"": ""补脾肺""}, {""name"": ""杜仲"", ""type"": ""单味药"", ""note"": ""壮筋骨""}, {""name"": ""鹿茸"", ""type"": ""单味药"", ""note"": ""蜜丸入方补肾""}]",1.0,肾主骨髓，肾无生气，则骨枯而髓减，故腰脊不举,True,True,好转,"[{""classical_span"": ""骨枯而髓减"", ""why_supports"": ""直接描述骨与骨髓枯减，符合骨质疏松核心病理""}, {""classical_span"": ""其背渐驼，腿足细小"", ""why_supports"": ""出现驼背、肢体萎软等骨量不足表现""}]",4,"[""若将儿童病例强行等同老年性骨质疏松，可能不当"", ""若忽略疹后久嗽这一诱因，可能误判为原发骨病"", ""若未区分骨枯与一般痿证，映射可能过宽""]",2a8d04f469da3635eb989639b8daad0d,"['人参', '八味地黄丸', '杜仲', '防风散', '驱风壮筋活血膏', '鹿茸']",清,"['乏力', '活动受限', '驼背']"
ok,625,2026-02-04 17:05:00,删补名医方论,1682.0,骨痿,卷（二）,【按】五行皆一，惟火有二，君火、相火也。君火为心经之火，君主一身之火也。相火为肾中之火，宣布一身之火也。使君火无相火，则不能宣布诸火，以奉生身之本，相火无君火，则不能君主诸火，以制其妄行之灾，故李杲立“内伤劳倦，火乘土位”之论，以心火有余，用升阳气、泻阴火朱砂安神等药，而未及心火之不足者，以前人已有归脾、养心等方也。震亨立阳常有余，阴常不足之论，以肾火有余，用补阴、补天等药，而未及肾火之不足者，以前人己有肾气、桂附地黄汤丸也，根据本方加附子、肉桂，名桂附地黄丸，治两尺脉弱，相火不足，虚羸少气，王冰所谓“益火之原，以消阴翳”者是也。加黄柏、知母，名知柏地黄丸，治两尺脉旺，阴虚火动，午热骨痿，王冰所谓“壮水之主，以制阳光”者是也。经云：阴平阳秘，精神乃治。若阴阳偏胜，则疾病丛生。夫肾取象乎坎，阳藏于阴之藏也。不独阴盛阳衰，阳畏其阴而不敢附，即阴衰阳盛，阴难藏阳亦无可根据，虽同为火不归原，而其为病则异也。故于肾药中加桂、附，壮阳胜阴，使阳无所畏，而自归原矣。加知柏补阴秘阳，使阳有所贮，而自归藏矣。世人但知以桂、附引火归原，不知以知、柏平阴秘阳，举世皆蒙其误，故震汉特立补阴之论，以辟以火济火之非。而未达其旨者，从而诽之，良可叹也。,病名,[],,肝肾阴虚证,,[],,[],,"[""中药内服""]",,"[{""name"": ""桂附地黄丸"", ""type"": ""方剂"", ""note"": ""治两尺脉弱，相火不足，虚羸少气""}, {""name"": ""知柏地黄丸"", ""type"": ""方剂"", ""note"": ""治两尺脉旺，阴虚火动，午热骨痿""}]",1.0,治两尺脉旺，阴虚火动，午热骨痿,True,True,,"[{""classical_span"": ""午热骨痿"", ""why_supports"": ""直接出现“骨痿”，为古籍中与骨质疏松高度对应的病名范畴""}]",1,"[""未在原文中明确现代人群或年龄阶段，无法映射人群"", ""未出现骨折、身高变矮等现代表型特征，不能细分现代表型"", ""文本为理论与方药阐述，缺乏具体疗效结局描述""]",8f0d7e20f09af4359943c467a03f4cb8,"['桂附地黄丸', '知柏地黄丸']",清,[]
ok,626,2026-02-04 17:05:06,删补名医方论,1682.0,骨痿,卷（二）,【集注】王又原曰：肾为作强之官，有精血以为之强也。若肾虚精枯，而血必随之，精血交败，湿热风毒遂乘而袭焉。此不能步履、腰酸筋缩之证作矣。且肾兼水火，火胜烁阴，湿热相搏，筋骨不用宜也。方用黄柏清阴中之火，燥骨间之湿，且苦能坚肾，为治痿要药，故以为君。虎骨去风毒。健筋骨为臣。因高源之水不下，母虚而子亦虚，肝藏之血不归，子病而母愈病，故用知母清肺原，归芍养肝血，使归于肾。龟禀天地之阴独浓，茹而不吐，使之坐镇北方。更以熟地、牛膝、锁阳、羊肉群队补水之品，使精血交补。若陈皮者，疏血行气。兹又有气化血行之妙，其为筋骨壮盛，有力如虎也必矣。《道经》云：虎向水中生，以斯为潜之义焉夫！是以名之曰：虎潜丸叶仲坚曰：痿原虽分五脏，然其本在肾，其标在肺。《内经》云：五脏因肺热叶焦，发为痿 。又曰：阳气内伐，水不胜火，则骨痿髓虚，故足不任身。骨痿者生于大热也，若视为虚寒而投以桂、附，多致不救。是方以虎名者，虎于兽中禀金气之至刚，风生一啸，特为肺金取象焉。其潜之云者，金从水养，母隐子胎，故生金者必丽水，意在纳气归肾也。,方药,[],,肾阳虚证,,[],,"[""腰背痛"", ""活动受限"", ""乏力""]",,"[""中药内服""]",,"[{""name"": ""虎潜丸"", ""type"": ""方剂"", ""note"": ""治骨痿，纳气归肾，壮筋骨""}, {""name"": ""黄柏"", ""type"": ""单味药"", ""note"": ""清阴火，燥骨间湿，为君药""}, {""name"": ""虎骨"", ""type"": ""单味药"", ""note"": ""去风毒，健筋骨""}, {""name"": ""知母"", ""type"": ""单味药"", ""note"": ""清肺原，助养阴""}, {""name"": ""当归"", ""type"": ""单味药"", ""note"": ""养肝血，使血归肾""}, {""name"": ""白芍"", ""type"": ""单味药"", ""note"": ""养肝血""}, {""name"": ""龟板"", ""type"": ""单味药"", ""note"": ""禀阴独厚，镇北方""}, {""name"": ""熟地黄"", ""type"": ""单味药"", ""note"": ""补精血""}, {""name"": ""牛膝"", ""type"": ""单味药"", ""note"": ""引血下行，强筋骨""}, {""name"": ""锁阳"", ""type"": ""单味药"", ""note"": ""补肾助阳""}, {""name"": ""羊肉"", ""type"": ""单味药"", ""note"": ""补水助阳""}, {""name"": ""陈皮"", ""type"": ""单味药"", ""note"": ""行气行血""}]",1.0,阳气内伐，水不胜火，则骨痿髓虚，故足不任身。,True,True,,"[{""classical_span"": ""骨痿髓虚"", ""why_supports"": ""直接出现骨痿病名，指向骨弱萎软""}, {""classical_span"": ""足不任身"", ""why_supports"": ""提示骨力不足，功能承重下降""}]",1,"[""未出现明确骨痿等关键词却强行映射"", ""将急性外伤或痹证误判为骨质疏松"", ""现代分型臆断年龄或性别信息""]",f7f72103917976d8981d19f2099175e0,"['当归', '熟地黄', '牛膝', '白芍', '知母', '羊肉', '虎潜丸', '虎骨', '锁阳', '陈皮', '黄柏', '龟板']",清,"['乏力', '活动受限', '腰背痛']"
ok,3579,2026-02-04 19:03:06,备急千金要方,652.0,骨痹,卷二十六 食治方（凡五类） 谷米第四,粟米，味咸微寒无毒，养肾气，去骨痹热中，益气。,方药,[],,肾阳虚证,,[],,[],,"[""中药内服""]",,"[{""name"": ""粟米"", ""type"": ""单味药"", ""note"": ""食治用，养肾气，去骨痹热中""}]",0.2,去骨痹热中,True,True,,"[{""classical_span"": ""去骨痹热中"", ""why_supports"": ""出现“骨痹”属骨病范畴，但未及骨弱、骨折等，相关性较弱""}]",3,"[""仅提骨痹，未出现骨痿、骨弱或易折等核心证据"", ""为食疗单味药，缺乏针对骨量减少的直接描述"", ""无明确人群与症状体征，现代映射证据有限""]",8c981cb1c7cb1fa40b13b3462887a10d,['粟米'],唐,[]
ok,3583,2026-02-04 19:03:10,本草述钩元,1833.0,骨痹,卷十 毒草部 附子,人参芍药炙草陈皮砂仁。主小儿慢惊。加莲肉扁豆。治吐泻不止。 得术桂牛膝木瓜橘皮立止寒疝痛极。 得白术木瓜石斛萆 薏苡橘皮茯苓。治风湿麻痹肿痛。及脚气之无热证者。得人参橘皮。主久病呕哕。反胃虚而无热者。阳虚痹气。身非衣寒。中非受寒。气血不行。一身如从水中出。此阳虚阴盛。名曰痹气。附子丸主之。黑附子川乌（通锉碎炒黄） 官桂 。温酒下。 髓少骨痹身寒。重衣不能热。腰脊疼不得俯仰。脚冷受热不遂。此肾脂枯涸不行。髓少筋弱冻栗。故挛急。附子汤主之。黑附子独活防风各七分。川芎丹参萆 天麻白术菖蒲山萸牛膝甘菊各五分。官桂炙草细辛各三分。当归一钱。黄 七分。枳壳四分。生姜五片 再 熟 子 丸 捣 积 为寒痞隔。故水凝而不通。惟服沉附汤。用生附子一个。去皮脐切片。生姜十斤。沉香一钱。,方药,[],,肾阳虚证,,[],,"[""腰背痛"", ""骨痛"", ""活动受限""]",,"[""中药内服""]",,"[{""name"": ""附子汤"", ""type"": ""方剂"", ""note"": ""主治髓少骨痹、身寒、腰脊疼不得俯仰""}]",0.4,髓少骨痹身寒。重衣不能热。腰脊疼不得俯仰。,True,True,,"[{""classical_span"": ""髓少骨痹身寒"", ""why_supports"": ""提示骨髓不足、骨痹疼痛，与骨量不足类表现相似""}, {""classical_span"": ""腰脊疼不得俯仰"", ""why_supports"": ""符合慢性腰背痛与活动受限特征""}]",3,"[""未见明确记载骨折或年老骨弱，证据强度有限"", ""文本为痹证范畴，可能与风寒湿痹相关而非骨量减少"", ""未提供人群年龄信息，难以对应现代分型""]",70ce22d8e5849f5b231a4292860fa0d3,['附子汤'],清,"['活动受限', '腰背痛', '骨痛']"
ok,272,2026-02-04 16:51:13,伤寒温疫条辨,1784.0,骨痿,卷六,天门冬（去心，酒蒸。）　味甘苦，气寒，沉也，阴也。上达肺气，清金降火，益水之上源；下通少阴，滋肾润燥。治肺痿、肺痈、吐血，（痿为正虚，素感风寒，咳嗽短气，鼻塞胸胀，久而成痿。痈为邪实，热毒蕴结，咳嗽脓血，胸中隐痛。治痿宜养血补气，保肺清火。治痈宜泻热清痰，开提升散。痿重而痈轻也。）疗虚劳内热，定喘，除骨蒸，解烦渴，清痰嗽，并足下热疼及骨痿难行。（三才封髓丹降心火，益肾水，润而不燥，滋阴养血，治心火旺盛，肾精易于施泄。天冬二两，熟地二两，人参一两，黄柏三两，砂仁一两五钱，炙甘草七钱五分，为末，炼蜜丸。肉苁蓉五钱酒浸，煎汤送下。）,方药,[],,肝肾阴虚证,,[],,"[""活动受限""]",,"[""中药内服""]",,"[{""name"": ""天门冬"", ""type"": ""单味药"", ""note"": ""滋肾润燥，治骨痿难行、除骨蒸""}, {""name"": ""三才封髓丹"", ""type"": ""方剂"", ""note"": ""降心火，益肾水，治肾精不足、骨蒸""}]",1.0,并足下热疼及骨痿难行,True,True,,"[{""classical_span"": ""骨痿难行"", ""why_supports"": ""明确出现“骨痿”病名，属古籍中与骨质疏松高度对应的范畴""}]",1,"[""条文虽提骨痿，但为药物功效描述，非完整病案"", ""未见年龄、性别等信息，难以对应具体现代表型"", ""并存痈等他病描述，可能干扰单一骨病映射""]",200c14237f407ab2ac586b22a6932020,"['三才封髓丹', '天门冬']",清,['活动受限']
ok,3593,2026-02-04 19:03:34,冯氏锦囊秘录,1694.0,骨痹,杂症大小合参卷二十 锦囊治疗方论,奈何世人竟以风寒二字，连串称呼，认作外感有余之症，始而辛温发散，继而疏利开豁，终以寒凉清理，不论阳风阴寒，不究邪正虚实，不详火之真假。如是治法习成故套，不惟古人备药以卫生，今人用药以伤生，良可叹也。余治成章号唐友，忽然左足左手骨节疼痛，渐至势如刀割，旦夕呼号，继而移至右手右足皆遍矣。医用祛风活络之剂，而惧不效，见其口燥咽干，误作流火，投入凉药，幸而吐出，神气疲困，六脉洪弦，延余视之，余曰：要知筋骨中滋养充足，则血自荣于脉中，气自卫于脉外，继有强邪，何能深入？今脂膏不足，筋骨失其养矣。血气久虚，荣卫失其职矣。试不思目得血而能视，掌得血而能握，足得血而能步，人身上下大小，何物不仗此血？而各效乃职。今无此血，则百职各废，任其虚火冲烁，愈疼而火愈升，愈升而疼愈甚，叫号伤气，忍痛伤血，气血日伤，必至麻木瘫痪而后已。惟宜大用熟地、当归、白芍养血之药为君，以金银花、秦艽风中之润药为臣，少借风势以达药力于筋骨，以牛膝、续断、杜仲之类为佐，使以调筋骨忍痛受伤之所，更用桂枝松节为引，以鼓舞药性横行于两臂，后疼势稍减，精神日疲，更加参术以固中培元。如是调理半月之后，诸症渐轻，饮食渐进，更令早晨以生脉饮送八味丸之加牛膝、杜仲、鹿茸、五味子者四五钱、日中仍服前剂，调理两月而始能步履，后以大补气血强筋壮骨之药，以收全功，未几唐友令室，因日夜忱劳，亦患是症，六脉沉微，右手足疼痛未儿，不流于左之肢节，而竟攻于里之胸脘，痞闷恶心，疼痛欲绝，余知其为内伤日久、寒邪不为外达，而直中阴分矣。宜急温以保之，即用人参、白术各五钱、肉桂附子各二钱，煎汁一钟，徐徐温服，夜半再服其渣，次早诊视，六脉少起，胸中之疼痛痞闷已减大半，身有微热。而左略有疼之之意。余曰：此阳气还表，寒邪外散之机也。照方再服，内症渐平，惟有手足肢节疼楚，然亦不甚，余仍以参术补中之药为君，以归芍养血之药为臣，以杜仲、断续、牛膝、秦艽、桂枝，外达舒筋活络为佐使。如是调理，不月而愈，故于古方中求之。痛风止有五痹、皮痹、脉痹、肌痹、骨痹、筋痹，未闻有脏腑之痹也。殊不知，《经》曰：寒气胜者为痛痹。又曰：其留连筋骨间者疼久，其留皮肤间者易已，其入脏者死，可不慎与！,方药,[],,肾阳虚证,,[],,"[""骨痛"", ""活动受限"", ""乏力""]",,"[""中药内服""]",,"[{""name"": ""熟地"", ""type"": ""单味药"", ""note"": ""养血滋骨为君""}, {""name"": ""当归"", ""type"": ""单味药"", ""note"": ""养血和营""}, {""name"": ""白芍"", ""type"": ""单味药"", ""note"": ""养血柔筋""}, {""name"": ""金银花"", ""type"": ""单味药"", ""note"": ""风中润药为臣""}, {""name"": ""秦艽"", ""type"": ""单味药"", ""note"": ""祛风湿止痛""}, {""name"": ""牛膝"", ""type"": ""单味药"", ""note"": ""引血下行，强筋骨""}, {""name"": ""续断"", ""type"": ""单味药"", ""note"": ""补肝肾强筋骨""}, {""name"": ""杜仲"", ""type"": ""单味药"", ""note"": ""强筋壮骨""}, {""name"": ""桂枝"", ""type"": ""单味药"", ""note"": ""温经通络""}, {""name"": ""生脉饮"", ""type"": ""方剂"", ""note"": ""晨服益气养阴""}, {""name"": ""八味丸"", ""type"": ""方剂"", ""note"": ""加牛膝杜仲鹿茸五味子""}, {""name"": ""人参"", ""type"": ""单味药"", ""note"": ""补气固本""}, {""name"": ""白术"", ""type"": ""单味药"", ""note"": ""健脾益气""}, {""name"": ""附子"", ""type"": ""单味药"", ""note"": ""温阳散寒""}, {""name"": ""肉桂"", ""type"": ""单味药"", ""note"": ""温肾助阳""}]",0.2,今脂膏不足，筋骨失其养矣,True,True,愈,"[{""classical_span"": ""筋骨失其养矣"", ""why_supports"": ""提示骨失濡养、慢性骨病特征""}, {""classical_span"": ""骨节疼痛，渐至势如刀割"", ""why_supports"": ""持续骨痛，非急性外伤""}]",1,"[""仅见骨痹疼痛，未见骨折等强证据"", ""未提供年龄性别，难判现代分型"", ""属痹证范畴，可能为风湿性疾病""]",fcc79f10e69922021c2bb003c306ec35,"['人参', '八味丸', '当归', '杜仲', '桂枝', '熟地', '牛膝', '生脉饮', '白术', '白芍', '秦艽', '续断', '肉桂', '金银花', '附子']",清,"['乏力', '活动受限', '骨痛']"
ok,1157,2026-02-04 17:26:00,伤寒杂病论桂林古本,1956.0,骨痿,伤寒杂病论卷第五,风病，面目浮肿，脊痛不能正立，隐曲不利，甚则骨痿，脉沉而弦，此风邪乘肾也，柴胡桂枝汤主之。,病名,[],,肾阳虚证,,[],,"[""腰背痛"", ""活动受限""]",,"[""中药内服""]",,"[{""name"": ""柴胡桂枝汤"", ""type"": ""方剂"", ""note"": ""用于风邪乘肾所致骨痿、脊痛不能正立""}]",1.0,甚则骨痿，脉沉而弦，此风邪乘肾也,True,True,,"[{""classical_span"": ""甚则骨痿"", ""why_supports"": ""明确出现骨痿，为古籍中高度指向骨质疏松的病名范畴""}, {""classical_span"": ""脊痛不能正立"", ""why_supports"": ""提示脊柱疼痛及功能受限，符合骨质疏松相关表现""}]",1,"[""若将风病一概等同骨质疏松，可能扩大解释范围"", ""未提供人群与年龄信息，难以映射具体现代分型"", ""缺乏长期转归与骨折证据，可能为其他骨病""]",d6d0a2c2240ac379cefaf1c5663a956c,['柴胡桂枝汤'],近现代,"['活动受限', '腰背痛']"
ok,3595,2026-02-04 19:03:36,景岳全书,1624.0,骨痹,卷之六十一长集&#183;妇人规古方 妇人,当归没药丸：治血瘀作痛，及血风筋挛骨痹，手足麻木疼痛。,方药,[],,血瘀气滞证,,[],,"[""骨痛""]",,"[""中药内服""]",,"[{""name"": ""当归没药丸"", ""type"": ""方剂"", ""note"": ""治血瘀作痛及血风筋挛骨痹""}]",0.2,治血瘀作痛，及血风筋挛骨痹，手足麻木疼痛,True,True,,"[{""classical_span"": ""血风筋挛骨痹"", ""why_supports"": ""涉及骨痹与骨部疼痛，属慢性骨病范畴，弱指向骨质疏松相关表现""}]",1,"[""文本未出现骨痿、骨弱或易骨折等强指向骨质疏松的病名"", ""症状以痹痛为主，可能属于风湿痹证而非骨量减少"", ""缺乏人群年龄或绝经相关信息，难以对应现代表型""]",9a5954e14d183870b7ba5f9b74afc119,['当归没药丸'],明,['骨痛']
ok,277,2026-02-04 16:51:24,伤寒杂病心法集解,1998.0,骨痿,伤寒杂病医方　卷六,六味汤加酒炒黄柏、知母，治阴虚火动，骨痿髓枯者。王冰所谓壮水之主以制阳光，尺脉旺者宜之。,方药,[],,肝肾阴虚证,,[],,[],,"[""中药内服""]",,"[{""name"": ""六味汤"", ""type"": ""方剂"", ""note"": ""主方，治阴虚火动、骨痿髓枯""}, {""name"": ""黄柏（酒炒）"", ""type"": ""单味药"", ""note"": ""加味，用于清虚热""}, {""name"": ""知母"", ""type"": ""单味药"", ""note"": ""加味，用于滋阴降火""}]",1.0,治阴虚火动，骨痿髓枯者,True,True,,"[{""classical_span"": ""骨痿髓枯"", ""why_supports"": ""“骨痿”为古籍中与骨质疏松高度对应的核心病名，指骨失濡养、萎弱""}]",1,"[""原文未提供人群或年龄信息却强行映射具体人群"", ""未见明确症状却擅自补充现代临床表现"", ""证型为多项并列却未依据原文择一""]",87c378e2d7d67ff78572b7e40544dfe0,"['六味汤', '知母', '黄柏']",近现代,[]
ok,276,2026-02-04 16:51:24,伤寒杂病心法集解,1998.0,骨痿,伤寒杂病医方　卷六,经曰：卫虚则不用，营虚则不仁。中左者，加当归三钱；中右者，倍蜜耆；风中两腿胫膝，加牛膝、苡仁；筋软难屈伸，加木瓜；骨痿，加炙虎骨；经络不通兼里寒者，加附子。此方功专补外，故不用人参、炙草。,病名,[],,肾阳虚证,,[],,"[""活动受限""]",,"[""中药内服""]",,"[{""name"": ""当归"", ""type"": ""单味药"", ""note"": ""中左者加用""}, {""name"": ""黄耆（蜜炙）"", ""type"": ""单味药"", ""note"": ""中右者倍用""}, {""name"": ""牛膝"", ""type"": ""单味药"", ""note"": ""风中两腿胫膝加用""}, {""name"": ""薏苡仁"", ""type"": ""单味药"", ""note"": ""风中两腿胫膝加用""}, {""name"": ""木瓜"", ""type"": ""单味药"", ""note"": ""筋软难屈伸加用""}, {""name"": ""炙虎骨"", ""type"": ""单味药"", ""note"": ""骨痿加用""}, {""name"": ""附子"", ""type"": ""单味药"", ""note"": ""经络不通兼里寒者加用""}]",1.0,筋软难屈伸，加木瓜；骨痿，加炙虎骨,True,True,,"[{""classical_span"": ""骨痿，加炙虎骨"", ""why_supports"": ""“骨痿”为古籍中高度指向骨弱、骨萎的核心病名""}, {""classical_span"": ""筋软难屈伸"", ""why_supports"": ""提示筋骨痿软、功能受限，符合骨量不足表现""}]",3,"[""未明确出现年龄或性别信息，无法细分现代骨质疏松分型"", ""缺乏骨折或身高变矮等直接现代指标描述"", ""文本为方药加减说明，非系统性病程记载""]",fdf95a4868a40bd8a4e2e6f72cb44160,"['当归', '木瓜', '炙虎骨', '牛膝', '薏苡仁', '附子', '黄耆']",近现代,['活动受限']
ok,4465,2026-02-04 19:36:44,伤寒杂病心法集解,1998.0,骨痹,伤寒杂病医方　卷六,行痹走痛，以羌活、防风为主；痛痹苦痛，以麻黄、附子为主；著痹重痛，以羌活、防己为主；皮痹麻痒，以桂枝、黄耆为主；脉痹色变，以桂枝、红花为主；肌痹顽木，以白芷、葛根为主；筋痹牵强，以羚羊角末为主；骨痹酸痛，以醋炙虎骨为主。,病名,[],,肾阳虚证,,[],,"[""骨痛""]",,"[""中药内服""]",,"[{""name"": ""醋炙虎骨"", ""type"": ""单味药"", ""note"": ""用于骨痹酸痛""}]",0.2,骨痹酸痛，以醋炙虎骨为主。,True,True,,"[{""classical_span"": ""骨痹酸痛"", ""why_supports"": ""表现为慢性骨痛，与骨量不足相关症状存在弱对应""}]",1,"[""文本仅为痹证分型，未明确骨弱或易折"", ""未出现老年、绝经等骨质疏松高风险人群描述"", ""治疗以祛痹止痛为主，缺乏明确补骨生髓语义""]",4f99e51dd628967b49f134a9287fd651,['醋炙虎骨'],近现代,['骨痛']
ok,46,2026-02-04 16:42:24,伤科大成,1847.0,骨断,接骨入骱（骨之小笋也）用手巧法,鼻梁骨断者，先捏正断骨，掺以止血丹。如鼻已伤落下者，急趁血热，蘸发炭末粘贴，不可歪斜，加绢条扎紧，迟则血冷不能粘。服壮筋续骨丹。如骨未碎断，只贴损伤膏，服吉利散。骨碎内膜破者，口鼻流血者不治。,外治法,[],,肾阳虚证,,[],,[],,"[""中药内服"", ""中药外用"", ""其他""]",手法接骨、捏正断骨并绢条扎紧，属传统正骨外治,"[{""name"": ""止血丹"", ""type"": ""方剂"", ""note"": ""用于骨断后止血""}, {""name"": ""发炭末"", ""type"": ""外治"", ""note"": ""外敷以粘贴断骨""}, {""name"": ""壮筋续骨丹"", ""type"": ""方剂"", ""note"": ""内服以续骨壮筋""}, {""name"": ""吉利散"", ""type"": ""方剂"", ""note"": ""骨未碎断时内服""}, {""name"": ""损伤膏"", ""type"": ""外治"", ""note"": ""外贴治疗损伤""}]",0.2,,True,True,,"[{""classical_span"": ""鼻梁骨断者"", ""why_supports"": ""明确描述骨断，但为急性外伤性骨折""}, {""classical_span"": ""服壮筋续骨丹"", ""why_supports"": ""涉及续骨治疗，与骨病范畴存在弱关联""}]",1,"[""文本为急性外伤骨折，非骨量减少所致"", ""未见年老骨弱或脆性骨折反复描述"", ""证型与骨质疏松关联证据不足""]",f28df2e7b5fd373ac34fd5b6dfc696eb,"['发炭末', '吉利散', '壮筋续骨丹', '损伤膏', '止血丹']",清,[]
ok,48,2026-02-04 16:42:31,伤科大成,1847.0,骨折；骨断,接骨入骱（骨之小笋也）用手巧法,大腿骨骱脱者，一手擒住其膝，一手拿住其膀，上下拔直，将膝曲转，抵住臀瓣，骱内声，始为合拢。敷定痛散，服生血补髓药。腿骨折两段者，先煎宽筋散熏洗，令患者侧卧于床，患足拿与无患足齐，贴损伤膏。用布二条，长五寸、宽二寸、裹膏药上。外以纸包杉木板八片，长七寸。又用布三条，与木板和扎齐紧。先进活血止痛散，次投壮筋续骨丹。大小腿皮破骨断者，拿骨平正，贴损伤膏。用杉木板六片，长二寸半，上骨断板宽七分，下骨断板宽五分，加布扎紧，取其担力，不致歪走。此症痛极，先以止痛丹，后投壮筋续骨丹。,外治法,[],,血瘀气滞证,原文为跌仆外伤致骨折、脱骱，未见脏腑虚损辨证,[],,"[""骨痛"", ""活动受限""]",,"[""中药内服"", ""中药外用"", ""其他""]",手法复位、杉木板夹缚固定,"[{""name"": ""定痛散"", ""type"": ""方剂"", ""note"": ""复位后敷用止痛""}, {""name"": ""生血补髓药"", ""type"": ""其他"", ""note"": ""内服以助生血""}, {""name"": ""宽筋散"", ""type"": ""方剂"", ""note"": ""煎汤熏洗""}, {""name"": ""损伤膏"", ""type"": ""外治"", ""note"": ""贴敷骨折处""}, {""name"": ""活血止痛散"", ""type"": ""方剂"", ""note"": ""内服止痛""}, {""name"": ""壮筋续骨丹"", ""type"": ""方剂"", ""note"": ""内服续骨""}, {""name"": ""止痛丹"", ""type"": ""方剂"", ""note"": ""痛极时先服""}, {""name"": ""杉木板"", ""type"": ""外治"", ""note"": ""夹板固定骨折""}]",0.2,,True,False,,"[{""classical_span"": ""腿骨折两段者"", ""why_supports"": ""明确为外伤性骨折描述""}, {""classical_span"": ""大腿骨骱脱者"", ""why_supports"": ""属脱骱、跌仆损伤""}]",1,"[""文本为急性外伤骨折，非骨量减少所致"", ""未见年老骨弱或反复脆性骨折描述"", ""无骨痿、骨枯等与骨质疏松高度一致病名""]",2625abf6cbb42bd599f50ec1ab5ce9bd,"['壮筋续骨丹', '定痛散', '宽筋散', '损伤膏', '杉木板', '止痛丹', '活血止痛散', '生血补髓药']",清,"['活动受限', '骨痛']"
ok,124,2026-02-04 16:45:31,伤科方书,1840.0,骨断,秘传方,象皮膏(第十八) 凡跌打骨断皮破皆用 大黄(一两) 川归(一两) 肉桂(三钱) 生地(一两) 红花(三钱) 川连(三钱) 甘草(五钱) 荆芥(三钱) 白芨(五钱) 白蔹(五钱) 以上肉桂。白芨。白蔹。黄占。共研细末。余药油浸。照前熬法成膏。收用时加膏上末药。土鳖。血竭。龙骨。象皮。 硝。珍珠。乳香。没药。八味再帖。,外治法,[],,血瘀气滞证,属跌打损伤所致骨断，为外伤急症，非内虚证型,[],,"[""骨折""]",原文载“跌打骨断皮破”，为骨折表现,"[""中药外用""]",,"[{""name"": ""大黄"", ""type"": ""单味药"", ""note"": ""外用成膏""}, {""name"": ""川归"", ""type"": ""单味药"", ""note"": ""外用成膏""}, {""name"": ""肉桂"", ""type"": ""单味药"", ""note"": ""研末配膏""}, {""name"": ""生地"", ""type"": ""单味药"", ""note"": ""外用成膏""}, {""name"": ""红花"", ""type"": ""单味药"", ""note"": ""外用成膏""}, {""name"": ""川连"", ""type"": ""单味药"", ""note"": ""外用成膏""}, {""name"": ""甘草"", ""type"": ""单味药"", ""note"": ""外用成膏""}, {""name"": ""荆芥"", ""type"": ""单味药"", ""note"": ""外用成膏""}, {""name"": ""白芨"", ""type"": ""单味药"", ""note"": ""研末配膏""}, {""name"": ""白敛"", ""type"": ""单味药"", ""note"": ""研末配膏""}, {""name"": ""土鳖"", ""type"": ""单味药"", ""note"": ""加味外贴""}, {""name"": ""血竭"", ""type"": ""单味药"", ""note"": ""加味外贴""}, {""name"": ""龙骨"", ""type"": ""单味药"", ""note"": ""加味外贴""}, {""name"": ""象皮"", ""type"": ""单味药"", ""note"": ""加味外贴""}, {""name"": ""螵蛸"", ""type"": ""单味药"", ""note"": ""加味外贴""}, {""name"": ""珍珠"", ""type"": ""单味药"", ""note"": ""加味外贴""}, {""name"": ""乳香"", ""type"": ""单味药"", ""note"": ""加味外贴""}, {""name"": ""没药"", ""type"": ""单味药"", ""note"": ""加味外贴""}]",0.2,,True,False,,"[{""classical_span"": ""凡跌打骨断皮破皆用"", ""why_supports"": ""明确指向外伤性骨折而非内因骨弱""}]",1,"[""文本为外伤跌打骨折，非慢性骨弱疾病"", ""未见骨痿、骨枯等与骨质疏松高度相关病名"", ""缺乏老年、绝经后或反复骨折等背景""]",44335fb06b43bef820f5852c0f2f9796,"['乳香', '土鳖', '大黄', '川归', '川连', '没药', '珍珠', '甘草', '生地', '白敛', '白芨', '红花', '肉桂', '荆芥', '螵蛸', '血竭', '象皮', '龙骨']",清,['骨折']
ok,1506,2026-02-04 17:39:52,伤科方书,1840.0,骨折,受伤治法,凡肩KT 骨折。必先使骨平正。用十八号贴膏。以油纸扎好。内服六号接骨丹。,治法,[],,血瘀气滞证,原文仅述外伤骨折处置，未涉及内在证型辨析,[],,[],,"[""中药内服"", ""中药外用""]",,"[{""name"": ""十八号贴膏"", ""type"": ""外治"", ""note"": ""用于固定、外敷骨折处""}, {""name"": ""六号接骨丹"", ""type"": ""方剂"", ""note"": ""内服以促骨折接续""}]",0.2,,True,False,,"[{""classical_span"": ""凡肩KT骨折"", ""why_supports"": ""明确为外伤性骨折处置，非因骨弱或年老所致""}]",1,"[""仅描述急性外伤骨折治疗，缺乏骨弱或久病背景"", ""未见骨痿、骨枯等与骨质疏松高度对应的病名或表述"", ""证型与人群信息缺失，难以进行稳定映射""]",043b1e39ecfb79170552ba1234d2cfaa,"['六号接骨丹', '十八号贴膏']",清,[]
ok,51,2026-02-04 16:42:36,伤科汇纂,1852.0,骨断,正文 器具总论,耀山云：用水竹半边，长短阔狭，以患处为则，削去棱角，嵌入肩内，其肩下腋肢，再团一个，实其腋内，外以布带缚定系住，此治肩骨断碎之具，虽比板物较硬，然用之得法，缚之妥贴，则无动移之患矣。,外治法,[],,删除,,[],,[],,"[""其他""]",使用水竹削制成支具并以布带缚定，属外固定器具治疗骨折,"[{""name"": ""水竹支具"", ""type"": ""外治"", ""note"": ""削去棱角，嵌入肩内以固定肩骨断碎""}, {""name"": ""布带"", ""type"": ""外治"", ""note"": ""用于外缚固定支具""}]",0.2,此治肩骨断碎之具,True,False,,"[{""classical_span"": ""治肩骨断碎之具"", ""why_supports"": ""明确为急性外伤性骨折的固定器具描述，非骨量减少或骨弱所致""}]",1,"[""文本仅描述外伤骨折的器具治疗，非慢性骨病"", ""未出现骨痿、骨弱、年老易折等指向骨质疏松的证据"", ""强行映射为骨质疏松可能混淆急性外伤与代谢性骨病""]",57da6951c5d26b59be6014bef61a7689,"['布带', '水竹支具']",清,[]
ok,55,2026-02-04 16:42:45,伤科汇纂,1852.0,骨断,正文 内证,耀山云：若误服行气之药，而胸痞气促，食少体倦，患处色黯脓清者，用六君子汤加桔若误服下血之药而泻，患处色黯者，用十全大补倍加肉桂、麦冬、五味子。若误服寒凉之药，反致患处肿痛，胸腹痞闷者，内服六君加木香、当归，外敷回阳膏。若患处瘀血，误不砭去，深蓄烦热者，急宜砭出瘀血。若骨断筋连，急不剪去，侵及好肉者，则不治。若误感风邪，患处瘙痒者，用祛风消毒之剂。或腐而不痛，黑而不脱者，当大补元气，庶可保生。此又治伤家肿溃之法也。,治法,[],,血瘀气滞证,,[],,[],,"[""中药内服"", ""中药外用""]",,"[{""name"": ""六君子汤"", ""type"": ""方剂"", ""note"": ""误服行气或寒凉药后内服加减""}, {""name"": ""十全大补汤"", ""type"": ""方剂"", ""note"": ""误服下血药而泻者倍加肉桂、麦冬、五味子""}, {""name"": ""回阳膏"", ""type"": ""外治"", ""note"": ""寒凉误治致肿痛者外敷""}]",0.2,若骨断筋连，急不剪去，侵及好肉者，则不治。,True,False,,"[{""classical_span"": ""若骨断筋连"", ""why_supports"": ""仅提示外伤性骨断，属伤科急症，非骨量减少""}]",1,"[""文本以外伤与误治并发症为主，非慢性骨弱"", ""缺乏年老、骨痿或脆性骨折语义"", ""将外伤骨折强行等同骨质疏松存在偏差""]",6a2d18eb62e28ad77cd20285acaf253f,"['六君子汤', '十全大补汤', '回阳膏']",清,[]
ok,58,2026-02-04 16:42:51,伤科汇纂,1852.0,骨折；骨断,正文 用药总论,凡骨碎断或未碎断但皮破肉损者，先用补肌散填满疮口，次用散血膏敷贴。如骨折者，要接骨膏敷贴夹缚。或皮破骨断者，用补肉膏敷贴。,外治法,[],,血瘀气滞证,原文仅述外伤骨折处理，未提及内在虚损证型,[],,[],,"[""中药外用""]",,"[{""name"": ""补肌散"", ""type"": ""外治"", ""note"": ""填满疮口以助肌肉修复""}, {""name"": ""散血膏"", ""type"": ""外治"", ""note"": ""敷贴以散血消肿""}, {""name"": ""接骨膏"", ""type"": ""外治"", ""note"": ""骨折者敷贴并夹缚以接骨""}, {""name"": ""补肉膏"", ""type"": ""外治"", ""note"": ""皮破骨断者敷贴以补肉""}]",0.2,,True,False,,"[{""classical_span"": ""凡骨碎断或未碎断但皮破肉损者"", ""why_supports"": ""描述为外伤所致骨折与皮肉损伤，非骨弱自折""}]",1,"[""内容为急性外伤骨折处理，非骨量减少或骨弱范畴"", ""未见年老、久病或骨痿等慢性骨病描述"", ""不能据外伤骨折直接映射为骨质疏松""]",72b9be00bf7471f98dd5b3bdda344a80,"['接骨膏', '散血膏', '补肉膏', '补肌散']",清,[]
ok,185,2026-02-04 16:47:54,伤科汇纂,1852.0,骨折,正文 损伤总论,<span style='font-weight:bold;'>骨折伤,外治法,[],,血瘀气滞证,原文为外伤折伤之固定敷治，未论内在虚实证型,[],,"[""骨痛"", ""活动受限""]",,"[""中药外用""]",外敷药末、夹板固定,"[{""name"": ""没药"", ""type"": ""单味药"", ""note"": ""痛甚时加入以止痛""}, {""name"": ""姜汁"", ""type"": ""其他"", ""note"": ""调和药末外敷""}, {""name"": ""杉木片"", ""type"": ""外治"", ""note"": ""夹固定骨断处""}]",0.2,上为末，于折伤处揣定位入元位…贴骨断处，用杉木片子夹定,True,False,,"[{""classical_span"": ""折伤…贴骨断处"", ""why_supports"": ""明确为外伤性骨折处理，非骨弱或骨痿""}]",1,"[""文本为急性外伤骨折，缺乏骨弱或久病证据"", ""未出现老年、久损或反复易折等描述"", ""强行对应骨质疏松可能混淆外伤与代谢性骨病""]",218bd628a89e5f2095669182fcf87256,"['姜汁', '杉木片', '没药']",清,"['活动受限', '骨痛']"
ok,1510,2026-02-04 17:40:06,伤科汇纂,1852.0,骨折,正文 器具总论,陈远公曰：有跌打骨折，必用杉木或杉板，将折骨凑合端正，以绳缚定，勿偏斜曲，再扎，不可因疼痛心软，少致轻松，反为害事。后用内服药，如皮破血出，须用外治药，但骨折而外边之皮不破，即不用外治之药，然内外夹攻，未尝不更佳耳。内治法宜活血去瘀为先，血不活则瘀不去，瘀不去则骨不能接也。内治用接骨神丹煎服，外治贴全体神膏，再加末药胜金丹，掺伤处为妙。每膏一张用末药三钱，掺膏上贴之。凡接骨不须二个，至重则用二个。此绝奇绝异之方，倘未损伤，只贴膏药，不必用胜金丹掺药。内外治法三方，有不可形容之妙，医者患者得以旦夕奏功，故特为表出，方出《冰鉴》。,治法,[],,血瘀气滞证,,[],,[],,"[""中药内服"", ""中药外用""]",,"[{""name"": ""接骨神丹"", ""type"": ""方剂"", ""note"": ""内服，用于活血去瘀、接骨""}, {""name"": ""全体神膏"", ""type"": ""外治"", ""note"": ""外贴固定、辅助接骨""}, {""name"": ""胜金丹"", ""type"": ""方剂"", ""note"": ""末药掺膏外用，助接骨""}, {""name"": ""杉木/杉板"", ""type"": ""其他"", ""note"": ""外固定材料，用于骨折固定""}]",0.2,,True,False,,"[{""classical_span"": ""有跌打骨折，必用杉木或杉板"", ""why_supports"": ""明确为外伤性骨折处理，非骨弱或自发骨折""}, {""classical_span"": ""内治法宜活血去瘀为先"", ""why_supports"": ""治疗核心为血瘀外伤证候，而非骨量不足""}]",1,"[""文本为急性跌打骨折治疗，非慢性骨弱或脆性骨折"", ""未见年老、骨痿、骨枯等与骨质疏松高度相关表述"", ""若强行映射为骨质疏松将混淆外伤骨折与代谢性骨病""]",985502c3c830d7c5cb6eb4804f89a0bf,"['全体神膏', '接骨神丹', '杉木/杉板', '胜金丹']",清,[]
ok,3644,2026-02-04 19:05:33,黄帝素问宣明论方,1172.0,骨痹,卷一 诸证门 骨痹证,x附子汤 x 主之∶治肾藏风寒湿骨痹，腰脊痛，不得俯仰，两脚冷，受热不遂，头昏耳聋音浑。,方药,[],,肾阳虚证,,[],,"[""腰背痛"", ""活动受限""]",,"[""中药内服""]",,"[{""name"": ""附子汤"", ""type"": ""方剂"", ""note"": ""主治肾藏风寒湿骨痹，腰脊痛""}]",0.2,治肾藏风寒湿骨痹，腰脊痛，不得俯仰,True,True,,"[{""classical_span"": ""骨痹"", ""why_supports"": ""为骨病范畴，涉及慢性骨关节疼痛""}, {""classical_span"": ""腰脊痛，不得俯仰"", ""why_supports"": ""表现为慢性腰背痛与活动受限""}]",1,"[""原文为痹证风寒湿病机，非明确骨量减少"", ""未提及骨弱、易折等骨质疏松关键特征"", ""缺乏年龄或绝经等现代分型依据""]",968bcb536ab17f627ff658bad828c1fe,['附子汤'],宋金元,"['活动受限', '腰背痛']"
ok,3645,2026-02-04 19:05:36,急危重症疑难病经验专辑,2002.0,骨痹,足跟痛(跟骨骨刺),按：余经治各类骨增生病约300余例，资料散失，难作精确统计。肾主骨，治肾为本。肾四味、骨碎补，培元固本散，善后服之，可以根治。分部用药：颈椎病，遵仲景法，葛根汤类方专理颈项，疏通太阳经输，见效最速，主药葛根应60克以上。腰脊病，补肾督，强筋骨；四肢病，益气健脾化湿，以荣四末。寒湿骨痹，乌头汤用至止痛。胸椎病，瓜蒌薤白白酒汤合丹参饮。初治得效，以补阳还五汤太补气血，血肉有情补肾督，强筋壮骨，活血化瘀，虫类通络收功。,方药,[],,肾虚血瘀证,,[],,"[""骨痛"", ""活动受限""]",,"[""中药内服""]",,"[{""name"": ""肾四味"", ""type"": ""方剂"", ""note"": ""治肾为本，用于骨增生诸证""}, {""name"": ""骨碎补"", ""type"": ""单味药"", ""note"": ""配合培元固本，补肾强骨""}, {""name"": ""培元固本散"", ""type"": ""方剂"", ""note"": ""善后服之，以固本强骨""}, {""name"": ""葛根汤"", ""type"": ""方剂"", ""note"": ""遵仲景法，治颈项病，主药葛根""}, {""name"": ""乌头汤"", ""type"": ""方剂"", ""note"": ""用于寒湿骨痹止痛""}, {""name"": ""瓜蒌薤白白酒汤"", ""type"": ""方剂"", ""note"": ""治胸椎病，通阳活络""}, {""name"": ""丹参饮"", ""type"": ""方剂"", ""note"": ""活血化瘀，配合胸椎病治疗""}, {""name"": ""补阳还五汤"", ""type"": ""方剂"", ""note"": ""补气血、强筋骨、活血通络""}]",0.2,肾主骨，治肾为本,True,True,,"[{""classical_span"": ""肾主骨，治肾为本"", ""why_supports"": ""提示以肾与骨关系为核心，属慢性骨病理论基础""}, {""classical_span"": ""骨痹"", ""why_supports"": ""为慢性骨病范畴，但非直接骨质疏松病名""}]",1,"[""原文主要论骨增生与骨痹，未明确骨量减少或易折"", ""未提供患者年龄或绝经信息，难以对应现代表型"", ""若强行等同骨质疏松，可能混淆不同骨病机制""]",af5817e98a824cb664bbcfa2cdb2b0f9,"['丹参饮', '乌头汤', '培元固本散', '瓜蒌薤白白酒汤', '肾四味', '葛根汤', '补阳还五汤', '骨碎补']",近现代,"['活动受限', '骨痛']"
ok,1512,2026-02-04 17:40:12,伤科汇纂,1852.0,骨折,正文 接骨歌诀,身上骨若断而分，须用三指摩的当。内如脉动一般呵，骨折断碎无别何。整骨先服保命丹，,治法,[],,血瘀气滞证,原文为接骨整复歌诀，未涉及虚实寒热等证型辨析,[],,"[""其他""]",骨折（明确为外伤所致的断骨描述，非脆性骨折）,"[""其他""]",接骨整复手法配合内服药物,"[{""name"": ""保命丹"", ""type"": ""方剂"", ""note"": ""整骨前先服，用于骨折伤科救治""}]",0.2,,True,False,,"[{""classical_span"": ""身上骨若断而分"", ""why_supports"": ""明确描述外伤性骨折，属于伤科范畴，非骨量减少所致""}]",1,"[""文本为外伤接骨内容，非慢性骨病仍被误映射为骨质疏松"", ""未出现骨痿、骨弱、年老易折等关键信号却强行提高相关度"", ""在无证型信息情况下臆断虚证类型""]",502271b4a74a6d87715eabc2aec21dd6,['保命丹'],清,['其他']
ok,1519,2026-02-04 17:40:26,伤科汇纂,1852.0,骨折,正文 损伤总论,《百一方》：治损伤骨折，用夜合树皮（即合欢皮）四两（炒）白芥子一两（炒）为末，温酒每服二钱，卧时服，以滓敷之，接骨甚妙。,方药,[],,血瘀气滞证,原文为外伤损伤骨折用药，未涉及内在虚损证型辨析。,[],,[],,"[""中药内服"", ""中药外用""]",,"[{""name"": ""合欢皮（夜合树皮）"", ""type"": ""单味药"", ""note"": ""炒用，为内服散剂并外敷之组成""}, {""name"": ""白芥子"", ""type"": ""单味药"", ""note"": ""炒用，与合欢皮同为末，温酒送服并以滓外敷""}]",0.2,治损伤骨折，用夜合树皮……以滓敷之，接骨甚妙。,True,False,,"[{""classical_span"": ""治损伤骨折"", ""why_supports"": ""明确针对外伤性骨折，而非年老骨弱或脆性骨折。""}]",1,"[""文本仅述外伤骨折治法，缺乏骨痿或骨弱背景。"", ""未出现老年、久病或反复易折等骨质疏松关键信号。"", ""证型与现代表型若强行对应将构成过度推断。""]",338b185594ac467e879bb92d9736193b,"['合欢皮', '白芥子']",清,[]
ok,1521,2026-02-04 17:40:31,伤科汇纂,1852.0,骨折,正文 损伤总论,《纲目》：治筋断骨折，用骨碎补捣筛，煮黄米粥和裹伤处有效。如瘀痛，用续断煮汁内服，捣烂外敷。,方药,[],,血瘀气滞证,,[],,[],,"[""中药内服"", ""中药外用""]",,"[{""name"": ""骨碎补"", ""type"": ""单味药"", ""note"": ""捣筛，煮黄米粥和裹伤处，用于筋断骨折""}, {""name"": ""续断"", ""type"": ""单味药"", ""note"": ""煮汁内服，捣烂外敷，用于瘀痛""}]",0.2,,True,False,,"[{""classical_span"": ""治筋断骨折"", ""why_supports"": ""明确指向外伤性骨折治疗，而非骨量减少或骨弱""}, {""classical_span"": ""如瘀痛，用续断"", ""why_supports"": ""治疗重点为瘀痛，符合损伤后血瘀语境""}]",1,"[""文本为外伤骨折治法，非慢性骨弱或脆性骨折"", ""未出现骨痿、骨弱、年老易折等指向性描述"", ""若强行对应骨质疏松表型，证据不足""]",2907938c46c696562281373b588a65bb,"['续断', '骨碎补']",清,[]
ok,1523,2026-02-04 17:40:35,伤科汇纂,1852.0,骨折,正文 损伤总论,《澹寮方》：治折伤疼痛，用绿豆粉，新铫炒紫，新汲井水调敷，以杉木皮缚定，其效邵真人秘传神效散：治跌仆损伤，骨折骨碎，筋断筋伤，痛不可忍，此药极能理伤续断用累效。用路上墙脚下，往来人便溺处，久碎瓦片一块，洗净火 ，米醋淬五次，黄色为度，刀割下细末，每服三钱，好酒调下，随病上下分食前后服，不可轻易而贱之，诚神方也。,方药,[],,血瘀气滞证,属跌仆损伤、折伤范畴，未见脏腑虚损证候描述,[],,"[""骨折""]",文本言“跌仆损伤，骨折骨碎”，为外伤性骨折描述,"[""中药内服"", ""中药外用""]",,"[{""name"": ""绿豆粉敷法"", ""type"": ""外治"", ""note"": ""治折伤疼痛，绿豆粉炒紫，井水调敷""}, {""name"": ""秘传神效散"", ""type"": ""方剂"", ""note"": ""治跌仆损伤、骨折骨碎，好酒调服""}, {""name"": ""久碎瓦片（米醋淬制）"", ""type"": ""外治"", ""note"": ""火煅醋淬后研末内服，用于续断理伤""}]",0.2,,True,False,,"[{""classical_span"": ""治跌仆损伤，骨折骨碎"", ""why_supports"": ""明确为急性外伤性骨折，而非骨弱自折""}]",1,"[""文本为急性跌仆折伤，非慢性骨弱或年老易折"", ""未见骨痿、骨枯等与骨质疏松高度相关病名"", ""缺乏反复骨折或骨量不足的长期描述""]",67e648507e8b99d748c8194e22fe8fdf,"['久碎瓦片', '秘传神效散', '绿豆粉敷法']",清,['骨折']
ok,3680,2026-02-04 19:06:48,类证治裁,1839.0,骨痹,卷之五 痹症论治,〔骨痹〕即寒痹痛痹也，苦痛切骨，安肾丸。,病名,[],,肾阳虚证,,[],,"[""骨痛""]",,"[""中药内服""]",,"[{""name"": ""安肾丸"", ""type"": ""方剂"", ""note"": ""用于骨痹，缓解切骨疼痛""}]",0.2,〔骨痹〕即寒痹痛痹也，苦痛切骨，安肾丸。,True,True,,"[{""classical_span"": ""骨痹"", ""why_supports"": ""属骨病范畴，提示与骨相关的慢性疼痛""}, {""classical_span"": ""苦痛切骨"", ""why_supports"": ""描述疼痛深入骨骼，提示骨性疼痛特征""}]",1,"[""仅有疼痛描述，缺乏骨弱或骨折证据"", ""可能属于寒痹痛痹等其他骨病而非骨质疏松"", ""未提供人群或年龄相关线索，现代映射证据有限""]",a91a2524c0b830895c455ee8d5590bb6,['安肾丸'],清,['骨痛']
ok,2645,2026-02-04 18:23:14,伤燥论,1909.0,骨痿,伤燥论 病症,嗌干　嗜卧　舌干口燥　寝汗出　憎风　骨痿不能起于床　发堕,方药,[],,肝肾阴虚证,原文称“肾肝损”，不完全对应给定枚举证型,[],,"[""活动受限"", ""乏力""]",,"[""中药内服""]",,"[{""name"": ""牛膝丸"", ""type"": ""方剂"", ""note"": ""治肾肝损所致骨痿、筋弱不能起于床""}]",1.0,治肾肝损，骨痿不能起于床，筋弱不能收持,True,True,,"[{""classical_span"": ""骨痿不能起于床"", ""why_supports"": ""明确出现“骨痿”这一高度相关古籍病名，并描述功能受限""}]",4,"[""证型与现代表型对应不足，存在解释空间"", ""未提及骨折等现代特异指标，需谨慎映射"", ""古今概念差异可能导致过度类比风险""]",5c7fecd81d0479f407ed9a9f3bd0b253,['牛膝丸'],清,"['乏力', '活动受限']"
ok,3700,2026-02-04 19:07:39,名医类案,1549.0,骨痹,卷六 脚气（附肿痛）,魏德新，因赴冬选，犯寒而行，真元气衰，加之坐卧冷湿，食饮失节，以冬遇此，遂作骨痹。骨属肾，腰之高骨，坏而不用，两胯似折，面黑如炭，（面黑为气上浸。）前后臁痛，痿厥嗜卧。遍问诸医，皆作肾虚治之。乃先以玲珑灶熨蒸数日，次以苦剂上涌寒痰二三升，（汗吐兼用。）下虚上实明见矣，次以淡剂，使白术除脾湿，茯苓养肾水，官桂伐风木，（然后温补。）寒气偏胜，则加姜、附，否则不加，又刺肾俞（膀胱穴）、太溪（肾穴）二穴，二日一刺，前后一月半，平复如初。（薰法。）,病名,[],,肾阳虚证,,[],,"[""骨痛"", ""活动受限""]",,"[""中药内服"", ""针刺"", ""其他""]",熨蒸、薰法等外治,"[{""name"": ""白术"", ""type"": ""单味药"", ""note"": ""除脾湿""}, {""name"": ""茯苓"", ""type"": ""单味药"", ""note"": ""养肾水""}, {""name"": ""官桂"", ""type"": ""单味药"", ""note"": ""伐风木、温补""}, {""name"": ""姜"", ""type"": ""单味药"", ""note"": ""寒气偏胜时加用""}, {""name"": ""附子"", ""type"": ""单味药"", ""note"": ""寒气偏胜时加用""}]",0.4,遂作骨痹。骨属肾，腰之高骨，坏而不用，两胯似折,True,True,愈,"[{""classical_span"": ""遂作骨痹"", ""why_supports"": ""属慢性骨病范畴，与骨质减弱类疾病有部分对应""}, {""classical_span"": ""腰之高骨，坏而不用"", ""why_supports"": ""描述骨坏及功能障碍，提示骨结构受损""}]",1,"[""未明确出现骨折或骨量减少等强指向性描述"", ""症状可能属于痹证或寒湿骨病而非骨质疏松"", ""现代表型映射证据不足仍可能被过度解读""]",9c5c095c0b6d570d2a20a0742776dae3,"['姜', '官桂', '白术', '茯苓', '附子']",明,"['活动受限', '骨痛']"
ok,3714,2026-02-04 19:08:12,圣济总录,1117.0,骨痹,卷第二十&#183;诸痹门 骨痹,治肾虚骨痹，肌体羸瘦，腰脚酸痛，饮食无味，小便滑数。石斛丸方。,方药,[],,脾胃虚弱证,,[],,"[""骨痛"", ""活动受限"", ""乏力""]",,"[""中药内服""]",,"[{""name"": ""石斛丸"", ""type"": ""方剂"", ""note"": ""出《圣济》，治肾虚骨痹，脚酸痛""}]",0.2,治肾虚骨痹，肌体羸瘦，脚酸痛,True,True,,"[{""classical_span"": ""治肾虚骨痹"", ""why_supports"": ""涉及骨病与慢性骨痛，可能与骨量减弱相关""}, {""classical_span"": ""脚酸痛"", ""why_supports"": ""符合慢性骨痛/功能受限表现""}]",1,"[""仅见骨痹与酸痛描述，缺乏骨折或骨弱直接证据"", ""未提供明确人群与年龄信息，难以对应现代表型"", ""方药主治为痹证，可能为风湿性骨病而非骨质疏松""]",f28c5f4a252e47be1bd20bb2564c57db,['石斛丸'],宋金元,"['乏力', '活动受限', '骨痛']"
ok,3717,2026-02-04 19:08:14,普济方（四库本181-240卷）,1406.0,骨痹,普济方卷一百八十七,薤汁饮【出圣恵方】治胸脾骨痹不可触者已差更发,方药,[],,其它-风寒湿痹证,原文仅言“胸痹骨痹”，未辨明具体虚实寒热证型,[],,[],,"[""中药内服""]",,"[{""name"": ""薤汁散"", ""type"": ""方剂"", ""note"": ""以薤根捣绞取汁，温服，治胸痹骨痹""}, {""name"": ""薤根"", ""type"": ""单味药"", ""note"": ""方中主药，取汁内服""}]",0.2,治胸痹骨痹不可触者,True,True,立愈,"[{""classical_span"": ""骨痹不可触"", ""why_supports"": ""出现“骨痹”病名，但多属痹证疼痛，未指向骨量减少或骨折""}]",1,"[""原文为痹证疼痛描述，未见骨弱、骨折等关键特征"", ""未提供人群、证型与长期转归信息，证据不足"", ""若强行对应骨质疏松可能混淆风寒湿痹与代谢性骨病""]",80f5cebb2f935c21b7aee9a901206791,"['薤根', '薤汁散']",明,[]
ok,3719,2026-02-04 19:08:19,普济方,1406.0,骨痹,卷二百五十七 食治门 总论,粟米。味咸微寒无毒。养肾气。去骨痹。热中益气。,方药,[],,肾阳虚证,,[],,"[""骨痛""]",,"[""中药内服""]",,"[{""name"": ""粟米"", ""type"": ""单味药"", ""note"": ""食治用，养肾气，去骨痹""}]",0.2,粟米。味咸微寒无毒。养肾气。去骨痹。,True,True,,"[{""classical_span"": ""去骨痹"", ""why_supports"": ""骨痹为骨病范畴，提示慢性骨痛或骨弱相关表现""}]",1,"[""原文仅为食疗功效描述，未明确疾病诊断"", ""缺乏脆性骨折或骨量减少等强指向证据"", ""现代骨质疏松映射主要基于术语相似性，证据较弱""]",7b87b50d2c04085bad47e92748f1d66e,['粟米'],明,['骨痛']
ok,3716,2026-02-04 19:08:19,普济方,1406.0,骨痹,卷一百八十六 诸痹门 骨痹（附论）,天麻 桂 菊花 牛膝（酒 一盏，生姜三斤，煎x鹿茸天麻丸 x（出《圣济总录》） x治肾脏气虚，骨痹缓弱，腰脊酸疼，脐腹 xx虚冷，色不泽，志鹿茸（去毛酥炙二两） 天麻（一两半） 附子（炮去皮脐） 巴戟天（去心） 菖蒲 （各一两） 石 天雄（炮去皮脐） 独 浸切焙一两半） 磁石（煨醋 桐子大，每服二十丸，加至三x干漆丸 x（出《指南方》） x治骨痹皮肉寒。 x鹿茸 干地黄（各四两） 干漆（半两） 上为末，炼蜜丸如梧桐子大，每服三十丸，空心温酒,病名,[],,肾阳虚证,,[],,"[""腰背痛"", ""骨痛"", ""活动受限"", ""乏力""]",,"[""中药内服""]",,"[{""name"": ""鹿茸天麻丸"", ""type"": ""方剂"", ""note"": ""治肾脏气虚，骨痹缓弱，腰脊酸疼""}, {""name"": ""干漆丸"", ""type"": ""方剂"", ""note"": ""治骨痹皮肉寒""}]",0.2,治肾脏气虚，骨痹缓弱，腰脊酸疼,True,True,,"[{""classical_span"": ""骨痹缓弱"", ""why_supports"": ""提示慢性骨病、骨力减弱，与骨量不足有弱相关""}, {""classical_span"": ""腰脊酸疼"", ""why_supports"": ""符合骨质疏松常见的慢性腰背痛表现""}]",1,"[""文本未出现骨痿、骨折等强指向骨质疏松的病名"", ""症状可能属于痹证或风寒湿骨病而非骨量减少"", ""未提供人群年龄或易折等关键信息仍进行映射""]",72f7a68bc5245548d539741fefb45281,"['干漆丸', '鹿茸天麻丸']",明,"['乏力', '活动受限', '腰背痛', '骨痛']"
ok,3718,2026-02-04 19:08:20,普济方,1406.0,骨痹,卷二百五十七 食治门 总论,必得 面无 青粱米。味甘微寒无毒。主骨痹热中。除消渴。止泄痢。利小便。益气力。补中轻身。,方药,[],,肾阳虚证,,[],,"[""骨痛""]",,"[""中药内服""]",,"[{""name"": ""青粱米"", ""type"": ""单味药"", ""note"": ""食治用，原文称“主骨痹热中”""}]",0.2,主骨痹热中,True,True,,"[{""classical_span"": ""主骨痹热中"", ""why_supports"": ""出现“骨痹”属慢性骨病范畴，与骨质疏松存在弱相关可能""}]",1,"[""仅见“骨痹”泛称，未明确骨弱或易折"", ""缺乏人群与病程信息，难以精确映射现代表型"", ""未提供治疗转归与剂量，证据层级较低""]",8ef87605be31f987e401778386e3185d,['青粱米'],明,['骨痛']
ok,3739,2026-02-04 19:09:05,医学纲目,1565.0,骨痹,卷之二十八·肾膀胱部 厥,〔子和〕魏德新因赴冬选，犯寒而行，真元气衰，加之坐卧冷湿，饮食失节，以冬遇此，遂作骨痹。骨属肾也，腰之高骨，坏而不用，两胯似折，面黑如炭，前后 痛，痿厥嗜卧。遍问诸医，皆作肾虚治之。予先以玲珑灶熨蒸数日，次以苦剂上涌寒痰三二升，上实下虚，明可见矣。次以淡剂使白术除脾湿，茯苓养肾水，又刺肾 、太溪二穴，二日一刺。前后一月，平复如故。,病名,[],,肾阳虚证,,[],,"[""腰背痛"", ""骨痛"", ""活动受限""]",,"[""中药内服"", ""中药外用"", ""针刺""]",熨蒸属外治法,"[{""name"": ""白术"", ""type"": ""单味药"", ""note"": ""除脾湿""}, {""name"": ""茯苓"", ""type"": ""单味药"", ""note"": ""养肾水""}, {""name"": ""官桂"", ""type"": ""单味药"", ""note"": ""伐风木""}, {""name"": ""姜"", ""type"": ""单味药"", ""note"": ""寒气偏胜时加""}, {""name"": ""附子"", ""type"": ""单味药"", ""note"": ""寒气偏胜时加""}, {""name"": ""玲珑灶熨蒸"", ""type"": ""外治"", ""note"": ""先行熨蒸数日""}]",0.4,遂作骨痹。骨属肾也。腰之高骨坏而不用，两胯似折,True,True,愈,"[{""classical_span"": ""遂作骨痹"", ""why_supports"": ""明确骨病病名，涉及骨体失用""}, {""classical_span"": ""腰之高骨坏而不用"", ""why_supports"": ""提示腰骨功能受损，符合慢性骨弱表现""}]",4,"[""未出现明确脆性骨折描述，可能为其他骨痹类疾病"", ""现代表型为推断，缺乏直接年龄与骨折证据"", ""治疗药物未成方名，可能影响对应稳定性""]",e023bf78a6fc875357e4d15198a2baa2,"['姜', '官桂', '玲珑灶熨蒸', '白术', '茯苓', '附子']",明,"['活动受限', '腰背痛', '骨痛']"
ok,3747,2026-02-04 19:09:19,圣济总录,1117.0,骨痹,卷第二十&#183;诸痹门 骨痹,治肾虚骨痹，面色萎黑，足冷耳鸣，四肢羸瘦，脚膝缓弱，小便滑数。补肾熟干地黄丸方。,方药,[],,肾阳虚证,,[],,"[""乏力"", ""活动受限""]",原文“脚膝缓弱、四肢羸瘦”提示肢体无力与功能减退,"[""中药内服""]",,"[{""name"": ""补肾熟干地黄丸方"", ""type"": ""方剂"", ""note"": ""用于治疗肾虚骨痹""}]",0.2,治肾虚骨痹，脚膝缓弱，四肢羸瘦,True,True,,"[{""classical_span"": ""治肾虚骨痹"", ""why_supports"": ""骨痹属慢性骨病范畴，可与骨量不足类疾病弱相关""}, {""classical_span"": ""脚膝缓弱"", ""why_supports"": ""提示下肢无力与功能减退，符合骨病的非特异表现""}]",1,"[""仅为痹证记载，未出现骨折或骨弱等强指征"", ""缺乏年龄、人群信息，无法对应具体现代分型"", ""症状偏功能障碍，骨质疏松特异性不足""]",602c15c45cce6c96da378899be27bbef,['补肾熟干地黄丸方'],宋金元,"['乏力', '活动受限']"
ok,3749,2026-02-04 19:09:25,圣济总录,1117.0,骨痹,卷第二十&#183;诸痹门 骨痹,治肾脏气虚，骨痹缓弱，腰脊酸痛，脐腹虚冷，颜色不泽，志意昏愦。鹿茸天麻丸方。,病名,[],,肾阳虚证,,[],,"[""腰背痛"", ""活动受限"", ""乏力""]",,"[""中药内服""]",,"[{""name"": ""鹿茸天麻丸"", ""type"": ""方剂"", ""note"": ""用于治疗肾脏气虚所致骨痹缓弱、腰脊酸痛""}]",0.2,治肾脏气虚，骨痹缓弱，腰脊酸痛,True,True,,"[{""classical_span"": ""骨痹缓弱"", ""why_supports"": ""提示慢性骨病、骨力减弱，与骨质疏松的骨弱特征部分相符""}, {""classical_span"": ""腰脊酸痛"", ""why_supports"": ""为骨质疏松常见症状之一，但缺乏骨折等强指征""}]",1,"[""仅见骨痹与腰脊酸痛，未出现骨折或骨枯等强指征"", ""未提供明确年龄或人群背景，难以对应具体现代表型"", ""文本为痹证范畴，可能指向其他慢性骨关节疾病""]",049414485d56af16481d117fda6efb2b,['鹿茸天麻丸'],宋金元,"['乏力', '活动受限', '腰背痛']"
ok,322,2026-02-04 16:53:08,神灸经纶,1851.0,骨痿；骨枯,卷之四,手足为诸阳之本阳之气主动以应天经曰天有十日人有手十指以应之天有十二行人有足十指茎垂以应之又曰足受血而能步掌受血而能握指受血而能摄故凡人之日用动作无不藉力于手足血气盛者则健举轻便血气衰者则委顿沉重其中于病也或伤于风或伤于寒或伤于湿所伤之因有不同而手足上下之病亦有异经云风为百病之长其变无常湿留关节令人四肢不仁风邪从阳而亲上湿邪从阴而亲下惟阴寒之气挟风湿而来因人之虚隙以乘之上下中外无定处故寒气积而不泻则温气去血凝涩脉不通手足为之挛痛经所谓冬气满在四肢是也又肺心有邪其气留于两肘肝有邪其气留于两股脾有邪其气留于两髀肾有邪其气留于两膝此五脏有邪留为手足之病而其要皆统于脾盖脾主四肢脾脉太过为病在外则令人四肢不举脾藏在体为肉形不足则四肢不用此可以验脾之虚实而知手足致病之大略也一臂痛人皆谓风寒袭臂而然不知邪之所凑其气必虚宜分别经络而治之先令病者以两手伸直其臂贴身垂下大指居前小指居后其臂 之前廉痛者属阳明经后廉痛者属太阳经外廉痛者属少阳经内廉痛者属厥阴经内前廉痛者属太阴经内后廉痛者属少阴经视其何经受病按经取穴以行灸法庶无南辕北辙之误若手肿痛或指掌连臂膊痛谓之手气或臂痛不举或痈毒仆伤皆是气血凝滞臂连肩背酸痛两手软痹由痰饮流入四肢又有血不荣筋而致臂痛者当养其血痛自止也又血燥筋挛遇寒则剧此肝气虚弱风寒客于经络故也若手足拘挛麻木又为脾肺气亏湿邪不化以致此耳一痹之为言闭也经云风寒湿三气杂至合而为痹其风气胜者为行痹寒气胜者为痛痹湿气胜者为着痹其有筋脉肌皮骨五痹之目以明春夏四季秋冬五气之所感受各主一脏也非三气之外又别有此五症也所谓行痹者痛无定处俗名鬼箭风又名流火古云历节风又曰白虎历节风昼则静夜则动其痛彻骨如虎啮之状风痹痛有定处或四肢拘挛关节疼痛名曰痛风着痹者麻木不仁素问云营气虚则不仁卫气虚则不用营卫俱虚则不仁且不用灵枢曰卫气不行则为麻木东垣宗之以麻痹之症必补卫气而行之景岳云治痹之法祗峻补其阴宣通脉络不宜过用风燥之剂亦内经之旨也又风痹流行上中下三部乘人脏腑之虚与血气相搏聚于关节而作痛若腿脚生疮浑身瘙痒是其人本血虚因风湿伤脾主肌肉肌肉腠理为邪壅闭不得宣达而作痒此二者专主风湿而言然又有冷痹热痹痰痹血痹胸痹胞痹肠痹周痹当详症脉分别治之要不外刘李二氏所论一以攻邪为主邪去则正气自安一以补正为要正复则邪气自却当攻当补左执经者善行其权也一腿叉风憎寒发热或筋挛肿痛当阴股HT 间足厥阴之脉上 内廉循股阴入毛中人有郁怒肝气积而不行下注于腿叉而作痛或风寒内犯肝肾阳气留止亦有此症人多以为湿热下流是知其一而不知其二也一鹤膝风两膝肿大 腿枯细象如鹤膝之形俗谓之鼓槌风总不过风寒湿三气之为病然肿病必有邪滞枯细者必因血虚初起可用葱熨消法久宜养气滋血为主再视其外症何如兼治之可也一足发热多属阴虚如肾水亏耗胫膝酸软而足热肝血不足筋脉隐痛而足热脾阳下陷腹胀腿酸而足热虚劳之人每有此症然亦有湿热下注壅遏营卫常行之道两不相下其气蒸腾而发热是又不可视为阴虚而一例治之也一香港脚之疾东垣谓实水湿之所为也初 即灸患处二三十壮以道引湿气外出遂不至成大患按古无是名称自晋苏敬始其顽麻肿痛者即经所谓痹厥也痿软不收者即经所谓痿厥也其冲心者即经所谓厥逆也自东垣发寒湿湿热之论后学泥之遂成南北二派不知人在气交之中正变邪感何地不然非南人不患北病北人不患南病也在善治者察明经络所起更审六气中何气当之如病者头痛目眩项强腰脊身体经络外踝之后循京骨至小指外皆痛太阳经症也如翕翕寒热呻欠口鼻干腹胀髀膝膑中循 外 下足跗入中指内间皆痛阳明经症也如口苦上喘胁痛面垢体无光泽头目痛缺盆并腋下如马刀肿自汗振寒发热胸中胁肋髀膝外至 绝骨外踝及诸节指皆痛少阳经症也如腹满夹咽连舌系急胸膈痞满循 骨下股膝内前廉内踝过核骨后连足大指之端内侧皆痛太阴经症也如腰脊痛小指之下连足心循内踝入跟中上 内出 中内廉股肉皆痛上冲胸咽饥不能食面黑小便淋闭咳唾不已善恐心惕惕如人将捕之小腹不仁者难治此少阴经症也如腰胁偏疼从足大指连足趺上廉上 至内廉循股环阴抵小腹夹脐诸处胀痛两脚挛急嗌干呕逆洞泄厥阴经症也以上六经各随其气所胜者而调之庶无有误一痿症又名软风手足痿软而无力百节缓纵而不收经分五脏之热名病其所属皮脉筋肉骨五痿是也肺热叶焦则皮毛虚弱急薄着则生痿 心气热则下脉厥而上上则下脉虚虚则生脉痿肝气热则胆泄口苦筋膜干筋膜干则筋急而挛发为筋痿脾气热则干而渴肌肉不仁发为肉痿肾气热则腰脊不举骨枯而髓减发为骨痿此五痿者经从脏气所要者各举其一以为例会而通之则五劳五志六淫尽得成五脏之热以为痿也丹溪会合经旨谓泻南方则肺金清而东方不实何脾伤之有补北方则心火降而西方不虚何肺热之有诚为治痿之大法又诸痿之病未有不因阳明虚而得者治痿独取阳明确有真见外此无余义矣一转筋病仲景谓其臂脚直脉上下行微弦足太阳之下血气皆少则善转筋踵下痛又云诸筋者皆属于节又云肝血虚筋无所养转结而痛此与伤寒异也夫伤寒霍乱者其本在于阳明胃经也阴阳反戾清浊相干上下相离营卫不能相维故转筋挛痛经络乱行暴热吐泻中焦卫气所主也有从标而得之者有从本而得之者有从标本而得之者六经之变治各不同察其脉色知犯何经随经标本各施其治则拨乱反正之功可收效于须臾之顷也,病名,[],,脾肾阳虚,,[],,"[""乏力"", ""活动受限""]",,"[""中药内服""]",,"[{""name"": ""清暑益气汤"", ""type"": ""方剂"", ""note"": ""先服，苍术改生白术，去泽泻、升麻、干葛，加归、芍、半夏、石斛、茯补""}, {""name"": ""生脉散"", ""type"": ""方剂"", ""note"": ""继清暑益气汤后服""}, {""name"": ""大补元煎"", ""type"": ""方剂"", ""note"": ""后服，加橘络桑枝膏""}, {""name"": ""橘络桑枝膏"", ""type"": ""其他"", ""note"": ""入大补元煎以善后调补""}]",1.0,久热伤元气，久则水不胜火，发为骨痿,True,True,愈,"[{""classical_span"": ""发为骨痿"", ""why_supports"": ""直接出现高度相关古籍病名“骨痿”，为骨质疏松强指向范畴""}, {""classical_span"": ""足痿软"", ""why_supports"": ""提示筋骨萎软、功能减退，符合骨量不足相关表现""}]",1,"[""原文未涉及筋骨萎软或骨痿，仅为他病症状"", ""证型或治疗被臆造，未见于提供文本"", ""无骨病相关描述却强行映射为骨质疏松""]",058fb995ea1dfaed91b022c7e681b141,"['大补元煎', '橘络桑枝膏', '清暑益气汤', '生脉散']",清,"['乏力', '活动受限']"
ok,2975,2026-02-04 18:37:31,神农本草经疏,1625.0,骨痿,卷之三 玉石部上品,疏：矾石味酸，气寒而无毒。其性燥急，收涩解毒，除热坠浊。盖寒热泄痢，皆湿热所为；妇人白沃，多由虚脱，涩以止脱故也。阴蚀恶疮，亦缘湿火。目痛多由风热，除固热在骨髓，坚齿者，髓为热所劫则空，故骨痿而齿浮。矾性入骨除热，故亦主之。去鼻中息肉者，消毒除热燥湿之功也。,方药,[],,删除,,[],,[],,"[""中药内服""]",,"[{""name"": ""矾石"", ""type"": ""单味药"", ""note"": ""性入骨除热，用以治疗骨痿、坚齿""}]",1.0,髓为热所劫则空，故骨痿而齿浮。矾性入骨除热，故亦主之。,True,True,,"[{""classical_span"": ""骨痿而齿浮"", ""why_supports"": ""明确出现骨痿病名，指向骨髓空虚、骨弱表现""}]",1,"[""原文未明确说明具体人群，若强行标注将构成臆测"", ""未直接对应现代分型，若指定具体骨质疏松类型证据不足"", ""症状未用现代术语描述，过度映射可能失真""]",68de8fac6ae692d92809d36e06967db9,['矾石'],明,[]
ok,2977,2026-02-04 18:37:33,神农本草经疏,1625.0,骨痿,卷之六 草部上品之上,疏：天门冬正禀大寒初之气以生，得地之阴精独厚。味虽微苦甘而带辛，其气大寒，其性无毒。要以甘多者为胜。味厚于气，阴也降也，除肺肾虚热之要药也。其主诸暴风湿偏痹，杀三虫，去伏尸，保定肺气，去寒热者，盖以热则生风，暴则属火。其言湿者，乃湿热之谓。苦以泄湿，寒以除热。热去则风止，湿泄则痹瘳。偏痹者，湿热所致也。强骨髓者，肾为作强之官而主骨，湿热不去，下流客肾，能使人骨痿。肾欲坚，急食苦以坚之，天门冬、黄檗之属是已。且肾者水脏也，平则温而坚，虚则热而软。味苦气寒，正入肾而除热坚软，故强骨也。三虫伏尸，必生于脾肾俱虚、内热气弱之人。若能杀虫，辛能散结，故杀三虫而除伏尸也。肺为华盖之脏，喜清肃而恶烦热，亦畏湿热。平则安和，发声清亮。一受火热，则为贼邪所干，而痰壅咳逆、气喘吐血、寒热声哑之证出焉。热泄则痰散而肝清，肺清则津液流通，气得下降，而诸证自止矣。养肌肤，益气力，利小便者，肺主皮毛，脾气散精，上归于肺，通调水道，下输膀胱。又肺为水之上源，朝百脉而主气，热邪退则肺得所养，故能养肌肤，益气力，利小便也。冷而能补者，热盛则肺肾俱虚，除虚热即补肺肾也。久服轻身益气、延年不饥者，热退则水足，水足则精固，精固则肾气益实。肾为先天真气之源，肾实骨强，延龄可知已。要之道书所录，皆指遗世独立、辟谷服饵之流者设，非谓恒人亦可望此也。,方药,[],,肝肾阴虚证,,[],,[],,"[""中药内服""]",,"[{""name"": ""天门冬"", ""type"": ""单味药"", ""note"": ""味苦气寒，入肾除热而坚软，用以强骨髓、治骨痿""}]",1.0,湿热不去，下流客肾，能使人骨痿……味苦气寒，正入肾而除热坚软，故强骨也。,True,True,,"[{""classical_span"": ""能使人骨痿"", ""why_supports"": ""直接出现“骨痿”这一高度相关的骨病病名""}, {""classical_span"": ""肾为作强之官而主骨"", ""why_supports"": ""明确骨病病机与肾虚相关，契合骨质疏松的中医认识""}]",1,"[""文本未明确对应任何现代影像或骨折证据，属古代病名映射"", ""未提及具体人群与年龄分层，现代分型难以精确对应"", ""药物作用多为理论阐述，缺乏直接疗效结果描述""]",798a8a8b5dba70c940f7b9e868bd3df1,['天门冬'],明,[]
ok,321,2026-02-04 16:53:07,神农本草经译注,1982.0,骨痿,上经,按：石斛除痹很有临床价值。痹久，津伤血少，其状如羸，关节疼痛，甚至痿痹。石斛养阴益精，强阴补虚，所以能主治。热痹更易津伤化燥。石斛“运清虚之气，而使肾阴上济，肺阴下输也”（《本草思辨录》），自有除痹之效。石斛咸能益肾，益阴精而固元气，强腰膝，坚筋骨，凡骨痿痹弱，用石斛能益壮。脾虚则肉不荣，肌肤不滑泽，纹理痹，而为肉痹。石斛培脾土，长肌肉，所以能主治。,方药,[],,脾胃虚弱证,,[],,"[""骨痛"", ""活动受限""]",,"[""中药内服""]",,"[{""name"": ""石斛"", ""type"": ""单味药"", ""note"": ""养阴益精，强腰膝，坚筋骨，用于骨痿痹弱""}]",1.0,凡骨痿痹弱，用石斛能益壮,True,True,,"[{""classical_span"": ""骨痿"", ""why_supports"": ""明确出现古籍中与骨质疏松高度对应的病名""}, {""classical_span"": ""强腰膝，坚筋骨"", ""why_supports"": ""直接指向骨弱、筋骨萎软的改善""}]",3,"[""原文未涉及现代骨密度或骨折，存在古今概念差异"", ""未明确患者年龄或性别，无法对应具体现代表型"", ""症状描述以痹证为主，可能混杂其他骨病""]",1337bcc37f1a1a83f8ea4a7f3a4d7789,['石斛'],近现代,"['活动受限', '骨痛']"
ok,1924,2026-02-04 17:55:20,神农本草经译注,1982.0,骨折,上经,干地黄，味甘性寒，治疗跌打损伤、骨折、断筋，以及内伤五脏，精血亏虚。可逐瘀血以疗血痹，滋补肾气以增填骨髓、助长肌肉。煎汤服能除寒热所致的腹内肿物或胀满，能消除肢体痹痛，使用生地黄效果更好。长期服用可轻健身体，延缓衰老。又名地髓。生长在川泽中。,方药,"[""老年后""]",,肾虚血瘀证,,"[""原发性-老年型""]",,"[""骨痛"", ""骨折""]",,"[""中药内服""]",,"[{""name"": ""干地黄（生地黄）"", ""type"": ""单味药"", ""note"": ""滋补肾气、填骨髓，逐瘀血，文中提示生用效果更佳""}]",0.4,滋补肾气以增填骨髓、助长肌肉，治疗骨折、断筋,True,True,,"[{""classical_span"": ""增填骨髓"", ""why_supports"": ""骨髓亏虚与骨量不足的核心病机相通""}, {""classical_span"": ""治疗骨折"", ""why_supports"": ""提示骨强度不足后的损伤修复""}]",1,"[""原文以跌打损伤为主，可能属于急性外伤而非骨质疏松"", ""未出现明确骨痿或年老骨弱病名"", ""骨折是否为脆性骨折无法完全确认""]",eb21e01e54646483c938c2e6588febfc,['干地黄'],近现代,"['骨折', '骨痛']"
ok,1925,2026-02-04 17:55:21,神农本草经译注,1982.0,骨折,上经,槐实，味苦，性寒。主治五脏热邪发热，止流涎多唾，治疗骨折及筋脉绝伤，五痔，火疮，妇人乳房瘕块，小腹胞宫拘急挛痛。生长在平原湿润的土壤里。,方药,[],,肾阳虚证,,[],,"[""骨折""]",原文载“治疗骨折及筋脉绝伤”，仅能对应骨折表现，未提示慢性骨弱,"[""中药内服""]",,"[{""name"": ""槐实"", ""type"": ""单味药"", ""note"": ""用于治疗骨折及筋脉绝伤""}]",0.2,治疗骨折及筋脉绝伤,True,True,,"[{""classical_span"": ""治疗骨折及筋脉绝伤"", ""why_supports"": ""出现骨折相关治疗，但未体现骨量减少或脆性反复骨折""}]",1,"[""原文仅记载急性骨折治疗，缺乏骨弱或久病证据"", ""未出现骨痿、骨枯等高度指向骨质疏松的病名"", ""证型与现代表型的对应主要依赖推断，证据有限""]",e6c521bed2df3571b294da0d5be6cb97,['槐实'],近现代,['骨折']
ok,3178,2026-02-04 18:46:43,沈氏尊生书,1773.0,骨痿,卷十七 火病源流,火有三：一曰君火，一曰相火，一曰龙雷之火。人之心为君，以照临为德，故居神之物，惟火为之，所谓君火也。君火不以火用，惟建极于广明。广明即膻中，为神明喜乐之官。广大清明之地，君主居之，以照临十二官，为生之本，荣之居，初非以燔灼为令也。经故曰：君火以明。以明者，言照临之不爽也。后人昧乎明字之义，因改曰君火以名，亦可发一笑矣。然君火虽不用，有时无精以养，则神空飞而有自焚之患，则亦有灼热之时。相火者，心包代君行事，在三焦之中，处两阳合明之地，所以应天之夏令，而主乎腐熟水谷。故经曰：阳明者，午也。经以阳明当棉火夏令，不言心包，而心包在其中矣。说人之相火，起少阳胆，游行三焦，督署于心包，为阳明胃腐熟水谷之主。故曰少阳相火，火之能相在少阳耳。丹溪诸公，乃以龙雷之阴火为相火，后人多承袭其讹，其不知相火，先不知龙雷之阴火矣。所谓龙雷者何？昙氏曰：性火真空，性空真火，遍满法界。阴符曰：火生于木，祸发必尅。说阳隧真形，即在阴物奠宅之中，故此火则隐胎坎水，朕兆风木，实在乎君相有形之外。是谓龙雷，无故则不现，虽激之亦不起，惟水涸木活，气逆血沸，则势将焚巢燎原而不可止。此火若起，则反君灭相，岂君相治平之火乎。缘此火不起于子半，不循行于少阳胆，猝犯之而猝起，所谓火生于木，祸发必尅者也。何前人竟谓之相火哉，然而相火之为害亦大矣。甚则为元气之贼，又能煎熬真阴，阴虚则病，阴绝则死，皆相火之为也。夫火主动，凡动皆属火，醉饱胃火动，恚怒肝火动，悲哀肺火动，房劳肾火动，心火能自焚，是五脏又皆有火也。且火动即身热，其因于五脏者各不同。如按至肌肉之下，至骨上，乃肝之热，寅卯时尤甚，其症必兼四肢满闷，便难，转筋，多怒多惊，筋疲，不能起于床（宜柴胡饮子）。如按至皮肤之下，肌肉之上，轻手乃得，微按至皮毛之下，则热，少加力按之，则全不热，是热在血脉也，乃心之热，日中尤甚，其症必兼烦心，心痛，掌中热而啘（宜导赤汤）。如轻手按不热，重按至筋骨亦不热，在不轻不重间，此热在肌肉也，乃脾之热，夜尤重，其症必兼怠惰嗜卧，四肢不收，无气以动，宜分虚实（虚宜补中益气汤，实宜泻黄散）。如轻按不热，重按至骨，其热炙手，乃肾之热，亥子时尤甚，其症必兼骨苏苏然如虫蚀，其骨因热不任，亦不能起于床（宜滋肾丸）。如轻手乃得，略按全无，此热在皮毛也，乃肺之热，日西尤甚，宜分轻重（轻者泻白散，重者凉膈散）。是五脏之热所宜审也。且火动则热壅，其见于三焦者又各不同。如热在上焦，因咳而为肺萎，或口舌生疮，眼目赤肿，头项肿痛（宜凉膈散加减、凉膈散、清心汤）。如热在中焦，大便坚结，或胸膈烦躁，饮食不美（宜四顺清凉饮、桃仁承气汤）。如热在下焦，尿血淋闭，或小便赤涩，大便秘结（宜立效散、防风当归饮子）。是三焦之热所宜审也。然而火之虚实又宜辨，如遇发热，脉沉实而大者为实，浮而虚数者为虚也。火之燥湿又宜辨，燥火疼而不肿，湿火肿而不疼；又燥火筋缩而疼，湿火肿胀而疼；又燥火口渴便闭，湿火口不渴而大便滑也。痰与火又宜辨，如病之有形者总是痰，红肿结核，或疼或不疼是也；病之无形者总是火，但疼不肿是也。火变病又宜辨，如睡觉忽腰背重滞，转侧不便；如隆冬薄衣不冷，非关壮盛；如平时筋不缩，偶直足一曲即缩；如食时有涕无痰，不食时有痰无涕；如弱症左侧睡，心左坠一响，右侧睡，心有坠一响；如心中滴滴噹噹若有响声；如头眩耳鸣目晕。皆火之变幻也。治火之药又宜辨，如心火（宜黄连、生地、麦冬、木通）。小肠火（宜赤苓、木通）。肝火（宜柴胡、黄芩）。胆火（宜连翘、龙胆草）。脾火（宜白芍、生地）。胃火（宜石膏、葛根、大黄。肺火（宜山栀、黄芩、桑皮、石膏）。大肠火（宜大黄、黄芩）。肾火（宜黄柏、知母）。膀胱火（宜黄柏、滑石）。三焦火（上宜山栀，中宜地骨皮）。心包络（宜麦冬、丹皮）。燥火（宜生地、当归、麦冬）。湿火（宜苍术、木通、茯苓、猪苓）。实火（宜大黄、芒硝）。实火热甚（宜黄连、黄柏、黄芩、山栀，如欲下之，宜加大黄）。虚火（宜姜皮、竹叶、麦冬、童便、甘草、生姜）。虚火宜补（宜人参、黄芪、白术、炙草、生姜）。郁火（宜青黛）。郁火重按烙手，轻按不觉，此热在肌肉之内，取汗则愈（宜升麻、葛根、羌活以发热郁之火，青黛以宣五脏郁火，山栀以利小便而解郁火）。血中火（宜生地）。血虚发热（宜当归、生地、熟地）。气如火从足下起入腹，为虚热之极，十不救一（宜六味加肉桂，大剂作汤，夕用附子末，津调涂涌泉穴，或愈）。无根之火，游行作热（宜元参、麦冬）。肾水受伤，为真阴失守（宜六味加元参作汤服）。痰结热火（宜竹茹、竹沥、花粉、天冬）。过食生冷，遏抑少阳之火于脾部（宜加减发郁汤）。是皆火之为病，所当悉心究之者。火之见症又宜辨，二便忽闭，火也，以利小便为先（宜赤苓、猪苓、泽泻、通草、车前孔、滑石、海金沙、防己、扁畜、瞿麦）。气逆冲上，火也，以降气清热为先（宜郁金、苏子、麦冬、枇杷叶）。躁扰狂越，詈骂惊骇，火也，以清镇凉解为先（宜牛黄、黄连、黄芩、山栀、滑石、知母、童便、石膏，大便秘加大黄，不行再加芒硝）。猝眩仆，九窍流血，火也，以降折清凉为先，然多不治（宜犀角汁、童便、竹沥、盐汤、蓝汁、梨汁、蔗汁）。猝心痛，火也，以凉心解毒为先（宜山栀、白芍、生甘草、元胡索、苏子、盐汤）。目暴赤肿痛甚，火也，以凉血清热为先（宜生地、赤芍、黄柏、荆芥、山栀、木通、黄连、大黄、元参、连翘、龙胆章、童便）。头面忽然赤肿或痛，火也，以清热消毒为先（宜甘菊、牛蒡子、连翘、荆芥、石膏、竹叶、薄荷、蝉退、元参、知母、甘草、大黄）。口乾舌苦，忽大渴思冰水，火也，以清润生津为先（宜石膏、知母、元参、麦冬、竹叶、花粉、五味子、梨汁、蔗汁、童便）。暴喑，火也，以降气发音为先（宜苏子、贝母、桔梗、百部、竹沥、天冬、麦冬、薄荷、元参、桑皮、梨汁、枇杷叶）。暴注，火也，以利水泄热为先（宜茯苓、黄连、黄芩、滑石、白芍、葛根、木通、甘草）。禁栗如丧神守，火也，以清热镇神为先（宜朱砂、黄芩、山栀、知母、牛黄、黄连、童便、石膏）。瞤瘛瞀乱，火也，以和肝涤热为先（宜白芍、竹叶、元参、黄连、石膏、黄柏、知母、甘菊、生地、麦冬）。症状不同，而各有所以治之如此。总之，治火切不可久任寒凉之品，重伤脾胃，便不可救，故化而裁之因乎变，神而明之存乎人。　〔脉　法〕　《脉经》曰：火脉洪数，虚则浮。《脉诀》曰：骨痿劳熟，脉数而虚，热而涩小，必捐其躯，加汗加咳，非药可治。丹溪日︰脉实数者有实热。《正传》曰：脉浮而洪数，虚火。沉而实大，实火。洪数见左寸，心火。有寸肺火。左关肝火。右关脾火。两尺肾经命门之火。男子两尺洪大，必遗精，阴火盛也。　〔火论四条〕缪仲淳曰：夫火者，阳也，气也，与水为对待者也。水为阴精，火为阳气，二物匹配，名曰阴阳和平，亦名少火生气，如是则诸病不作矣。倘不善摄养，以致阴亏水涸，则火偏胜阴，不足则阳必凑之，是谓阳盛阴虚，亦曰旺火食气，是知火即气也，气即火也。东垣亦曰火与元气不两立，亦指此也。譬诸水性本流，过极即凝为冰，解则复常，非二物也。说平则为水火既济。火即真阳之气，及其偏，则即阳气而为火也，始与元气不两立矣。故戴人日︰莫治风，莫治燥，治得火时风便了。正指火之变态多端，为病不一，了此，则皆可辨也。人身之有阴阳，水一而已，火则二焉，是禀受之始，阳常有馀，阴常不足也。故自少至老，所生疾病，由于真阴不足者恒也。若真阳不足之病，千百中一二矣。阳者，气也、火也、神也。阴者，血也、水也、精也。阴阳和平，是为常候。若纵恣房室，或肆情喜怒，或轻犯阴阳，或嗜好辛热，以致肾水真阴不足，不能匹配阳火，遂使阳气有馀，气有馀即是火，故火愈盛而水愈涸，于是而吐血、咳嗽、吐痰、内热、骨蒸、盗汗，种种阴虚之病。医者又不明，凡见前症，不分阴阳，概施温补，参芪二术，还佐姜桂。倘遇卢剧，辄投附子，死犹不悟，良可悯也。虽然，亦病家不明有以致之，何则，难成易亏者，阴也。益阴之药，必无旦夕之效，助阳之药，能使胃气一时暂壮，饮食加增，或阳道兴举，有似神旺。医者病者，利其速效，宜乎服药者多毙，勿药者反得存也。人身以阴阳两称为平，偏胜则病，此大较也。水不足，则火有馀，阴既亏，则阳独盛。说阴阳之精，互藏其宅，是阳中有阴，阴中有阳也。故心，火也，而生赤液。肾，水也，而藏白气。赤液为阴，白气为阳，循环不息，此常度也。苟不知摄养，亏损真阴，阳无所附，而发越上升，此火空则发，周身之气并于阳也。并于阳则阳盛，故上焦热而咳嗽生痰，迫血上行，而为吐衄，为烦躁，为头痛，为不得眠，为胸前骨痛，为口乾舌苦，此其候也。阳愈盛，则阴虚，阴愈虚则为五心烦热，为潮热骨蒸，为遗精，为骨乏少力，为小水短赤，丹田不暖，则饮食不化，为泻泄，为卒僵仆，此其候也。　治之之要，当亟降气，当急益精。气降则阳交于阴，是火下降也。精血生，则肾阴来复，是水上升也。此坎离而既济也。至此则阴阴二气复得其平矣。经曰：形不足，补之以气。人参、黄芪、人胞、羊肉、红铅之属是已，益阳气也，乃可以却沉寒。经曰：精不足，补之以味。人乳、鳖甲、地黄、黄柏、杞子、牛膝、天冬之属是已，补阴精也，乃可以除伏热。　〔火病原由症治〕　《内经》日︰心热病者，颜先赤。颜即额也。脾热病者，鼻先赤。肝热病者，左颊先赤。肺热病者，有颊先赤。肾热病者，颐先赤。《纲目》曰：心肺居胸背，心热则胸热，肺热则背热。肝胆居胁，肝胆热则当胁热。肾居腰，肾热则当腰热。胃居脐上，胃热脐以上热。肠居脐下，肠热则脐以下热。（以上言脏腑发热部分）。东垣曰：凡病，昼病在气，夜病在血。昼发少而夜发多者，足太阳膀胱血中浮热，微有气也。有时发，有时止，知邪气不在表，不在里，而在经络中也。夜发多者，是邪气下陷之深，当从热入血室而论之，宜泻血汤、退热汤。海藏日︰昼热则行阳二十五度，宜柴胡饮子。夜热则行阴二十五度，宜四顺清凉饮。平旦发热，热在行阳之分，肺气主之，故宜白虎汤以泻气中之火。日晡潮热，热在行阴之分，肾气主之，故宜地骨皮散以泻血中之火。《入门》曰：气分实热，白虎汤。血分实热，四顺清凉饮。气分虚热，清心莲子饮。血分虚热，滋阴降火汤。（以上言昼夜发热之异）。丹溪曰：火能消物，凡烁金亏土，旺木涸水者，皆火也。河间曰：火之为病，其害甚大，其变甚速，其热甚张，其死甚暴。人身有二火，一君火，一相火，在气交中，多动少静，凡动皆属火化，动之极也，病则死矣。又有脏腑阴阳之火，根于五志之内，六欲七情激之，其火随起。东垣曰：相火易起，五性厥阳之火相扇，则妄动矣。火起于妄，变化不测，无时不有煎熬真阴，阴虚则病，阴绝则死。又曰：火者，元气、谷气、真气之贼也。（以上言火为元气贼）。丹溪曰：病人自言冷气从下而上，非真冷气也，此上升之气自肝而出，中挟相火，自下而上，其热为甚。自觉其冷者，火极似水，积热之甚也，阳亢阴微，故见此症。冷生气者，高阳生之谬言也。又曰：气从左边起，肝火也，宜回金丸。气从脐下起，阴火也，宜黄柏丸、坎离丸。气从足下起，入腹，乃虚之极也，宜滋阴降火汤，外用津调附子末涂涌泉穴，引热下行。说火起于九泉之下，十不救一。（以上言上升之气属火）。东坦日︰能食而热，口舌乾燥，大便难者，实热也，以辛苦大寒之剂下之，泻热补阴，脉洪盛而有力者是也。不能食而热，自汗气短者，虚热也，以甘寒之剂泻热补气，脉虚而无力者是也。海藏曰：五脏阴也，所主皆有形，骨肉筋血皮毛是也。此五脏皆阴足，阴足而热反胜之，是为实热。若骨痿肉烁，筋缓血活，皮聚毛落者，阴不足。阴不足而有热，乃虚热也。丹溪曰：实火可泻，黄连解毒汤之类。虚火可补，四君子汤之类。（以言火热有虚实）。《内经》曰：阴虚则发热，阳在外为阴之卫，阴在内为阳之守。精神外驰，嗜欲无节，阴气耗散，阳无所附，遂致浮散于肌表之间而恶热，当作阴虚治之。又曰：恶寒战栗，皆属于热。又曰：病热而反觉自冷，实非寒也。古人遇战寒之症，有以大承气汤下燥粪而愈者，明是热症耳。丹溪日；恶热非热，明是虚症；恶寒非寒，明是实症。仲景曰：其人亡血，必恶寒，后乃发热无休止，其阴脉必迟涩，或微涩。（以上言恶热恶寒）。阳虚外寒，阳盛外热者，《内经》曰阳受气于上焦，以温皮肤分肉之间。今寒气在外，则上焦不通。上焦不通，则寒气独留于外，故寒栗。又曰：上焦不通利，则皮肤密致，腠理闭寒，玄府不通，卫气不得泄越，故外热。阴虚内实，阴盛外寒者，《内经》曰有所劳倦，形气衰少，谷气不盛，上焦不行，下脘不通，胃气热，热气燻胸中，故内热。又曰：厥气上逆，寒气积于胸中而不泻，不泻则温气去，寒独留而血凝涩，涩则脉不通，其脉盛大以涩，故中寒。（以上言阴阳虚盛而致内外寒热。方广曰：阴虚阳虚，丹溪辩之明矣，何则？日夜发热，日重夜轻，口中无味，阳虚症也。午后发热，夜半则止，口中有味，阴虚症也。阳虚之症责在胃，阴虚之症责在肾。说饥饱伤胃，则阳虚矣。房劳伤肾，则阴虚矣。以药论之，甘温则能补阳气，苦寒则能补阴血。如四君子补阳气，四物补阴血是也。若气血两虚，但以甘温补气，气旺则能生血也。若只血虚而气不虚，亦用甘温补气，气旺而阴血愈作矣。故阳虚与阴虚，甘药与苦药，不可不慎也。《入门》曰：气虚热，升阳以散之，宜补中益气汤、益胃升阳汤。血虚热，滋阴以降之，宜滋阴降火汤、坎离丸。气血俱虚热，升阳滋阴兼用之，宜十全大补汤、人参养荣汤加知母、黄柏。（以上辨阴虚阳虚）。丹溪曰：饮酒人发热者难治，不饮酒人因酒发热者，亦难治也。仲景曰：饮酒发热，黄连解毒汤加葛根主之。（以上言饮酒发热）。《直指》曰：其人血滞而发热者，脉涩，必有漱水之症，必有呕恶之症，必有两足厥冷之症，必有小腹结急之症，或吐血，或鼻衄，宜用柴、芩，佐以川芎、白芷、桃仁、五灵脂，更加大黄、蜂蜜，使滞血宣通，黑物利去，则热不复作矣。（以上言滞血发热）。《入门》曰：火不妄动，动由于心。静之一字，其心中之水平。又曰：神静则心火自降，欲断则肾水自升。（以上言制火有方）。丹溪曰：退热之法，全在清心，必用麦冬、灯心、白术、茯苓。说心者，一身之宰，心不清，则妄动而热不退。热能伤血，血滞则气郁，而热愈不退。退热之法，又在调血，宜用芎、归。若阳浮于外，则当敛以降之，宜参苓白术散。《直指》曰：凡壮热烦躁，用柴、芩、大黄解利之。其热不退，宜用黄芩、川芎、乌梅作剂，入黄连、生地、赤苓、灯草煎汤，其效甚速。说芎地皆能调血，心血一调，其热自退。骆隆古曰：风火既炽，当滋肾水可耳。（以上言退热有法）。海藏曰：君火者，心火也，可以湿伏，可以水灭，黄连之属可以制之。相火者，龙火也，不可以水灭，惟从其性而伏之，黄柏之属可以降之。又曰：上焦热，栀子、片芩；中焦热，黄连、白芍；下焦热，黄柏、大黄。东垣曰：黄连泻心火。黄芩泻肺火。白芍泻脾火。柴胡泻肝火，黄连佐之。知母泻肾火。木通泻小汤火。条芩泻大肠火。柴胡泻胆火，黄连佐之。（鳌按：泻胆火龙胆草为最）。石膏泻胃火。黄柏泻膀胱火。《入门》曰：主治各经热药，肝之气柴胡，血黄芩；心之气麦冬，血黄连；脾之气白芍，血大黄；肺之气石膏，血栀子；肾之气元参，血黄柏；胆之气连翘，血柴胡；胃之气葛根，血大黄；大肠之气连翘，血大黄；小肠之气赤苓，血木通；膀胱之气滑石，血黄柏；心包之气麦冬，血丹皮；三焦之气连翘，血地骨皮。（以上言脏腑泻火清热药）。丹溪曰：除热泻火，非甘寒不可。有大热脉洪大，服苦寒剂而不退者，加石膏。火妄动，夏月用益元散镇坠之。虚热用荆芥、薄荷、山栀、黄芩，实热用大黄、芒硝。实火可泻，黄连解毒汤之类；虚火可补，参、术、甘草之类。火盛者不可骤用寒凉，必兼温散。火急甚者必缓之，生甘草兼泻兼缓，参术亦可。火盛发狂，人壮气实者，可用正治，冰水之类饮之。虚者用生姜汤，若投冰水立死。补阴则火自降，黄柏、生地之类。又曰：芩、连、白芍、知母、柴胡，皆苦寒能泻五脏有馀之火。若内伤劳倦，为阳虚之病，以甘温除之，如参、芪、甘草之属。相火炽盛，日渐煎，为血虚之病，以甘寒降之，如归、地之属。心火亢极，为阳强之病，以咸冷折之，如硝、黄之属。肾水受伤，真阴失守，为阴虚之病，以壮水之主制之，如生地、元参之属。命门火衰，为阳脱之病，以温热济之，如附、桂之属。胃虚食冷，遏抑阳气，为火郁之病，以升散发之，如升麻、葛根之属。（以上言通治火热之药）。治火病方四十八方 　六味丸　〔虚热〕　熟地　山萸　山药　丹皮　茯苓　泽泻 　加减发郁汤　〔火遏〕　升麻　葛根羌活　柴胡　细辛　香附　葱白 　泻血汤　〔夜热〕　酒生地　柴胡各一钱　熟地　蒲黄　丹参　酒当归　酒防 己羌活　炙甘草各七分　桃仁泥二分 　退热汤　〔又〕　黄芪钱三分　柴胡一钱　酒黄连　黄芩　甘草　赤芍　地骨皮 生地　苍术各七分　归身　升麻各五分 　柴胡饮子　〔昼热〕　柴胡　黄芩人参　当归　赤芍　大黄　甘草各一钱　姜三 片 　四顺清凉饮　〔积热〕　蒸大黄　赤芍　当归　炙草各一钱二分　薄荷汁 　白虎汤　〔朝热〕　石膏　知母　甘草　粳米 　地骨皮散　〔骨蒸〕　石膏二钱　柴胡　黄芩　知母　生地各一钱　羌活　麻黄 各七分半　赤苓　地骨皮各五分　姜三片 　清心莲子饮　〔心火〕　莲子二钱赤苓　人参　黄芪各一钱　黄芩　麦冬　地骨 皮　车前子　甘草各七分 　滋阴降火汤　〔血热〕　白芍钱三分当归钱二分　熟地　麦冬　白术各一钱　酒生 地八分　陈皮七分　盐知母　盐黄柏　炙草各五分　姜三片　枣二枚 　黄连解毒汤　〔实火〕　黄连　黄芩黄柏　山栀各钱二分半　加连翘、柴胡、赤芍各一钱。　四君子汤　〔虚火〕　人参　茯苓白芍　甘草 　凉膈散　〔积热〕　连翘二钱　大黄芒硝　甘草各一钱　薄荷　黄芩　山栀各五分 竹叶七片　蜜少部　煎至半入硝。　清心汤　〔上焦热〕　甘草钱七分连翘　山栀　酒蒸大黄　薄荷　黄连　黄芩 各七分　朴硝五分　竹叶七片　蜜少部 　加减凉膈散　〔又〕　连翘二钱　甘草钱半　山栀　黄芩　桔梗　薄荷各五分竹 叶七片 　桃仁承气汤　〔中焦热〕　桃仁　大黄　芒硝　甘草　桂枝 　立效散　〔下焦热〕　瞿麦四钱　山栀二钱　甘草一钱　姜　灯心 　防风当归饮子　〔又〕　滑石三钱柴胡　人参　赤苓　甘草各一钱　大黄　当归 　赤芍　防风各七分　姜三片 　此方乃专治风热、燥热、湿热，补虚之妙剂。　五蒸汤　〔诸蒸〕　石膏二钱　生地葛根各钱半　知母　黄芩　赤苓各一钱　甘 草五分　竹叶七片　粳米一撮　小麦二撮 　五蒸丸　〔又〕　青蒿童便浸　地骨皮　生地　石膏各一两　当归七钱　胡黄连五 钱　醋鳖甲一片　蜜丸，小麦汤下七十丸。　荆蓬煎丸　〔骨蒸〕　三棱　蓬术俱酒浸三日夏一日同巴豆二十八粒炒去豆汤浸 去自各二两　木香　枳壳　青皮　茴香　槟榔各一两　糊丸，姜汤下三五十丸。　清骨散　〔又〕　生地　柴胡各二钱熟地　人参　防风各一钱　薄荷七分　胡黄 连　秦艽　赤苓各五分 　柴前梅连散　〔又〕　柴胡　前胡乌梅　黄连各一钱　童尿二盏　猪胆一个猪脊 髓一条　韭白五分　煎至一盏服。　此劫剂也，胃虚人忌用。　加减小柴胡汤　〔五心热〕　柴胡黄芩　人参　甘草　加香附、黄连、前胡。　升阳散火汤　〔又〕　升麻　葛根羌活　独活　人参　白芍各一钱　柴胡　甘草 各七分　防风五分　甘草三分 　火郁汤　〔又〕　羌活　升麻　葛根白芍　人参　银柴胡　甘草各一钱　防风五 分　葱白 　四七汤　〔骨厥〕　半夏曲　茯苓苏叶　厚朴　姜　大枣 　补中益气汤　〔潮热〕　黄芪钱半人参　白术　炙草各一钱　归身　陈皮各五分 　升麻　柴胡各三分 　茯苓补心汤　〔劳心〕　白芍二钱熟地钱半　当归一钱二分　川芎　茯苓　人 参　前胡　半夏各七分　陈皮　枳壳　葛根桔梗　苏叶　甘草各五分　姜三　枣二 　加减逍遥散　〔又〕　当归　白芍柴胡　茯苓　白术　甘草　煨姜　薄荷　加胡 黄连、麦冬、地骨皮、黄芩、秦艽、木通、车前子，等分，入灯心。　四物二连汤　〔又〕　川芎　当归白芍　熟地　胡黄连　黄连 　参苏饮　〔又〕　人参　苏叶　葛根半夏　前胡　桔梗　枳壳　陈皮　茯苓　甘 草　木香　生姜　大枣 　三黄丸　〔积热〕　煨大黄　黄芩黄连　等分，蜜丸，热水下三五十丸。　三黄汤　〔又〕　取三黄丸料，每用一钱半，水煎服。　洗心散　〔又〕　麻黄　大黄　当归荆芥穗　赤芍　甘草各一钱　白术五分　薄荷 七叶 　四金丸　〔肝火〕　黄连六两　吴萸一两　蒸饼丸，空心，白汤下三五十丸。一名左金丸，又名萸连丸。　黄柏丸　〔阴火〕　黄柏一味，炒为末，水丸，空心服。　坎离既济丸　〔又〕　酒当归二两熟地　酒生地　山萸　酒牛膝　天冬　麦冬各 四两　酒白芍　五味子　山药　酥炙龟板各三两　酒知母　盐知母各二两　酒川柏 盐川柏各三两　川芎一两　蜜丸，盐汤下三五十丸。　四物汤　〔阴虚血〕　川芎　当归白芍　地黄 　益胃升阳汤　〔内伤〕　白术一钱半人参　神曲各七分半　黄芪一钱　归身　陈皮　炙甘草各五分　升麻　柴胡各三分　黄芩二分 　十全大补汤　〔升阳滋阴〕　人参白术　茯苓　甘草　川芎　当归　白芍　地 黄　黄芪　肉桂各一钱　姜三　枣二 　人参养荣汤　〔又〕　酒白芍二钱人参　当归　黄芪　白术　陈皮　肉桂　炙草各 一钱　五味子　熟地　防风各七分半远志五分　姜三　枣二 　橘皮汤　〔虚损〕　橘皮三钱　竹茹甘草各一钱　人参五分　姜三　枣二 　人参竹叶汤　〔又〕　石膏　麦冬各二钱　半夏一钱　炙甘草　人参各五分　竹 叶七片　粳米一撮　姜三片 　淡竹茹汤　〔又〕麦冬　小麦各二钱　半夏钱半　白茯苓　人参各一钱　甘草五分 　竹茹一钱二分　姜三　枣二 　既济汤　〔又〕　竹叶　人参　麦冬半夏　甘草　生姜　粳米　附子 　此即竹叶石膏汤去石膏加附子。　竹叶石膏汤　〔又〕　竹叶　石膏人参　麦冬　半夏　生甘草　生姜　粳米 　阴虚生内热汤　〔又〕　川芎　当归苍术　陈皮各八分　白术　麦冬　沙参各七 分　白芍　花粉各六分　元参五分　黄柏三分　甘草二分　姜三片　久服去川芎，冬月加补骨脂。,病名,"[""情志异常""]",,肝肾阴虚证,,"[""其他""]",文本侧重骨痿、骨蒸、久劳阴虚所致骨弱，未明确绝经或老年背景,"[""骨痛"", ""活动受限"", ""乏力""]",,"[""中药内服""]",,"[{""name"": ""地骨皮散"", ""type"": ""方剂"", ""note"": ""标注〔骨蒸〕，用于骨蒸发热、骨弱相关表现""}, {""name"": ""清骨散"", ""type"": ""方剂"", ""note"": ""标注〔骨蒸〕，用于清虚热、治骨蒸""}, {""name"": ""五蒸丸"", ""type"": ""方剂"", ""note"": ""标注〔诸蒸〕，用于骨蒸劳热类病""}]",0.7,《脉诀》曰：骨痿劳熟，脉数而虚，热而涩小,True,True,,"[{""classical_span"": ""骨痿劳熟"", ""why_supports"": ""直接出现“骨痿”病名，指向骨弱、骨萎的慢性状态""}, {""classical_span"": ""骨蒸"", ""why_supports"": ""骨蒸为阴虚骨热，常与骨质衰弱、久劳相关""}]",1,"[""未明确区分骨痿与其他劳热病仍强行细分证型"", ""现代表型推断超出原文直接信息"", ""多方剂并列但未限定具体主治骨病者""]",cbd96559b0bdd95b722bc4b6ab18d6bf,"['五蒸丸', '地骨皮散', '清骨散']",清,"['乏力', '活动受限', '骨痛']"
ok,4960,2026-02-04 19:57:07,玉机辨症,1700.0,骨痿；骨枯,玉机辨症下（一） 暑,东垣曰：脾胃虚弱，必上焦之气不足，遇夏天热盛，损伤元气，怠惰嗜卧，四肢不收，精神不足，两脚痿软，遇早晚寒厥，日高之后，阳气将旺，复热如火，乃阴阳气血俱不足也。或四肢困倦，精神短少，懒于动作，胸满气促，肢节沉疼。或气高而喘，身热而烦，心下膨痞，小便黄而少，大便溏而濒。或利出黄糜，或如泔色，或渴，或不渴，不思饮食，自汗体重。或汗少者，血先病而气不病也，其脉中得洪缓。若湿气相搏，必加之于迟迟。病虽互换少差，其天暑湿令则一也，宜以清燥之剂治之。或有所远行劳倦，逢大热而渴，渴则阳气内伐，内伐则热舍于肾。肾者，水脏也，今水不能胜火，则骨枯髓虚，足不任身，发为骨痿者，生于火热也。此湿热成痿，令人骨乏无力。或热厥而阴虚，或寒厥而气虚。厥者，四肢如在火中为热厥，四肢寒冷者为寒厥，寒厥则腹中有寒，热厥则腹中有热，为脾主四肢故也。,病名,"[""情志异常"", ""老年后""]",,肝肾阴虚证,,"[""原发性-老年型""]",,"[""乏力"", ""活动受限"", ""步态不稳""]",,"[""中药内服""]",,"[{""name"": ""清暑益气汤"", ""type"": ""方剂"", ""note"": ""用于暑热伤气、骨乏无力、骨痿之证""}]",1.0,今水不胜火则骨枯髓虚足不任身发为骨痿者生于大热也,True,True,,"[{""classical_span"": ""骨枯髓虚足不任身发为骨痿"", ""why_supports"": ""直接出现骨痿、骨枯、髓虚，明确指向骨量不足与骨弱状态""}]",1,"[""文本虽长但核心证据集中，若忽略骨痿原句可能误判"", ""证型众多，若强行并列多证型将违反单选规则"", ""若脱离原文语境引入现代影像或骨折信息属臆造""]",584d5d108b43989e7eec738f0d420e5a,['清暑益气汤'],清,"['乏力', '步态不稳', '活动受限']"
ok,3319,2026-02-04 18:52:19,沈氏尊生书,1773.0,骨痿；骨痹；骨虚,卷二十五·身形门 筋骨皮肉毛发病源流,筋也者，所以束节络骨，绊肉弸皮，为一身之关纽，利全体之运动者也。其主则属于肝，故曰：筋者，肝之合。按人身之筋，到处皆有，纵横无算，而又有为诸筋之主者曰宗筋。《内经》注谓：阴毛横骨上下之坚筋，上络胸腹，下贯髋尻，又经于背腹，上头项者是也。筋之总聚处，则在于膝。《灵枢》云：诸筋者，皆属于节。节即膝也，所以屈伸行动，皆筋为之。然则筋之有关于人身，岂浅鲜哉，试详言筋病。曰筋急，曰筋缓，曰筋挛，曰筋痿，曰筋惕，曰筋伤，曰筋结，曰转筋，曰筋绝，其名目如此。《灵枢》皆以寒热分急缓之由，谓寒则反折而急，热则弛纵而缓。《得效》又以筋急为寒，急者坚强；筋缩为热，缩者短促；弛缓为湿，缓者宽长。又言但热不会受寒，亦使人筋缓，是其意实以缩即为拘挛之义。而但热之缓不过舒长，受湿之缓乃竟舒长无力，分析尤为细密。若仲景言血虚则筋急，此又筋急之原，由血脉不荣于筋之故也。丹溪以四物汤治筋急，《本事方》以养血地黄汤治筋急，说B本乎此。然观于筋急之原血虚，即可知筋缓之原血热，无足疑者（筋急宜酒煮木瓜粥，筋缓宜五加皮散）。若夫热胜风搏，并于经络，风火相乘，是以瞀瘈，此即筋挛之由也，故筋挛亦曰筋瘈。瘈者瘈瘲，即俗云搐是也，其症亦往往作痛（宜祛风涤热汤）。经曰：肝气热则胆泄口苦，筋膜乾，筋膜乾则筋急而挛，发为筋痿，思想无穷，所愿不得，意淫于外，入房太甚，宗筋弛纵，发为筋痿。则是筋痿实生于肝热也。胆附肝，惟肝热，故胆泄。筋膜乾而成痿者，血液藁也（宜紫葳汤）。伤寒发汗过多，则伤其血，血虚无以荣筋，因拘急而惕惕然跳，且四体百骸，亦瞤瞤然动，是筋惕肉瞤，由于筋肉失养。陶节庵谓宜用四物汤去地黄，加人参、茯苓、半夏、甘草作剂，佐以五灵脂，入生姜、乌梅煎服，自有神效。以药专主生血，生血乃所以收汗（宜真武汤，此仲景法）。久行伤筋者，筋主运动，久行则太劳而致伤也（宜养肝丸）。肝之经脉不调，气血失节，往往有筋结之患，不论骸体间，累累然若胡桃块状是也（宜以木杓打之三下，自散）。丹溪以转筋属血热，恐但血热犹不至患转筋，必先血热于内，而又感风寒之战，其症并有始转于足大指，转上至大腿，且近腰者（宜四物汤加酒芩、红花、南星、苍术）。霍乱后转筋，缘胃大肠皆以荣宗筋，暴吐暴泻，则胃大肠之津液骤亡，宗筋失养，故轻则两脚转筋，重则至于遍体且入腹，手足逆冷，危在顷刻也（宜木瓜汤、理中汤加石膏）。《灵枢》曰︰筋绝九日死。何以知之？手足爪甲青，呼骂不休。手足爪甲色青者，肝色也，则知筋绝肝亦绝矣。审是而筋之为病，其可忽哉。〔舒筋法〕《得效》曰：此法治破伤后，筋挛缩不能伸，他病筋缩亦可。大竹管长尺馀，两头钻一窍，系以绳，挂于腰间，每坐举足搓衮之，勿计工程，久当有效。一人坠马折胫，脚筋挛缩，不能行步，遇道人传以此法，数日便愈如常。骨也者，所以为一身之撑架，犹屋之有梁柱然也。屋非梁柱不能竖，人非有骨不能立也。经言肾主骨，又言骨者髓之府，是惟肾气足，故髓充满，髓充满，故骨坚强也。骨有本，颧骨也。凡人一身骨格，有大有小，骨大者颧必大，骨小者颧必小，验之人人。而《灵枢》之言益足信也。凡人一身之骨，最大者脊骨也。经言膂骨以下至尾骶，二十一颧，长三尺，脊节谓之颧，脊穷谓之骶，是不但为骨之最大，且居中丽正，一身之骨胥于是附，犹屋之正梁，且为一身之骨之主也。而其为病，约有四端︰一曰寒，《内经》言：人有身寒，汤火不能热，厚衣不能温。然不冻栗者，以是人素肾气胜，以水为事。太阳气衰，肾脂活B不长，一水不能胜两火。肾者水也，而生于骨，肾不生，则髓不能满，故寒甚至骨也。所以不能冻栗者，肝一阳也，心二阳也，肾孤脏也，一水不能胜二火，故不能冻栗。病名骨痹，是人当挛节也。据经之言，骨寒之病甚深，非但浮浅恶寒之谓也（宜温肾散加附子、肉桂、虎骨）。一曰热，其热从骨间蒸发，按之虽不甚烙手，然觉有郁蒸不可耐状，有非饮汤引水所能解，其板齿必乾燥，以齿者骨之馀，板齿尤诸齿之门户，骨热故板齿乾燥，即经言髓涸齿乾，乃为骨热病者是也（宜滋阴降火汤加鳖甲、地骨皮）。其或因骨热至四肢，缓弱不举，駸駸成骨痿之症矣。一曰痿，《内经》言︰肾气热则腰脊不举，骨活B而髓减，发为骨痿。有所远行劳倦，逢大热而渴，渴则阳气内伐，内伐则热舍于肾。肾者水脏也，今水不胜火，则骨活B而髓虚，故足不任身，发为骨痿也。据经之言，骨痿之病，由于骨热，非但寻常疲弱之谓也（宜虎潜丸）。一曰痛，人身之痛，或由风淫湿滞，或由血刺痰攻，浅不过肌肉皮毛，深亦止经格脏腑。若入里彻骨，作酸作疼，虽因寒因热有不同，要其损伤劳极，为至甚而无加矣（宜虎骨散、二妙散）。他如久立伤骨，骨伤之病，或亦有痛者，或渐至成痿者，当受伤之初，不可不急救也（宜补骨脂、牛骨髓、鹿茸、骨碎补）。迨至骨绝，齿必黄落，虽有药饵，不可救矣，经故断之为十日死。〔骨病症治〕《难经》曰︰少阴者，冬脉也，伏行而濡骨髓者也。《直指》曰：骨为髓之藏，髓者，饮食五味之实秀也，髓虚则骨虚，势所必至也。又曰：骨热病，当与骨蒸门参看。《资生》曰：扁鹊云：病在腠理，汤熨之所及也；在血脉，针石之所及也；在肠胃，酒醴之所及也；其在骨髓，虽司命无奈之何矣。夫病在骨髓，扁鹊以为难，则骨髓有病，病亦惙矣。皮也者，所以包涵肌肉，防卫筋骨者也。皮之外，又有薄皮曰肤，俗谓之活B皮。经言皮肤亦曰腠理，津液渗泄之所曰腠，文理缝会之中曰理，腠理亦曰玄府。玄府者，汗孔也。汗液色玄，从空而出，以汗聚于里，故渭之玄府。府，聚也。皮之所主为肺，故凡风寒之邪袭人，肺先受之，以其先入皮毛也。邪著皮毛，腠理开泄，然后入于络脉，侵及于经，发而为病，其理然也。皮之为病，若㿀痧（另详本条），若瘾疹（另详本条），若痤痱（另详本条），若麻木（另详本条），若靥痣（另详本条），皆皮之病。前既详言，玆可勿赘。其所常有者，无过痛痒两端，故经曰︰痒痛生于皮毛。又曰：诸痒为虚，血不荣肌。又曰：诸痛皆属于火也。血虚之痒，如虫行皮中（宜大料四物汤，兼用澡洗药）。反虚之痒，淫淫不已（宜四物汤加黄芩煎水，调浮萍末服之）。风邪之痒，痒甚难忍（宜菊花散去石膏加薄荷）。酒后之痒，痒如风疮，常搔至血出（宜蝉脱散）。心实之痛，深至肉间（宜导赤散加减）。火灼之痛，如欲炙手（宜加减凉膈散）。风热之痛，痒痛相间（宜上清散）。肺经火郁之痛，不可抚按（宜泻肺汤）。痒痛之因，内外各异如此。然为痒为痛，又有因于火之微甚者。河间云：人近火，微热则痒，热甚则痛，附近则灼而为疮，皆火之用。或云痛为实，痒为虚，非谓虚为寒，正谓热之微甚。此河间之论，又于痒痛所因之外，就火之一端以析痒痛者也。若乃丹毒者，亦皮之病。人身忽然变赤如丹涂，名赤瘤。或因疮而得琚B赤者，名疮瘤。皆游走无定，状如云气，总缘恶毒热血，蕴结命门，遇君相二火合起，致发此症，其轻者亦缘风热所致（总治宜四顺清凉饮，外涂拨毒散）。又有皮肤忽起赤晕，或发热作痒，或搔破出水，名赤游风，亦谓之丹毒。然其症状，毕竟与丹毒稍异，宜临症分辨。而游风之因，起于脾肺气虚，腠理不蜜，风热相搏（宜荆防败毒散）。或专由风热（宜小柴胡汤加防风、连翘）。或专由血热所致（宜四物汤加柴胡、山栀、丹皮）。治之但宜凉血消风，清肝养血，则火自息，痒自止，切不可单用祛风之药，反燥肝血，使元气虚而别生他症。若素有病，面上忽见红点，多死。玆试举毒游风之属条列言之：有赤瘤丹毒者（宜无名异末，葱汁调涂立消）。有赤黑丹疥，或痒或燥，不急治，遍身即死者（宜白瓷研末，猪脂调涂）。有五色丹毒，俗名游肿，犯之多死者（宜榆白皮末，鸡子清调涂）。有火丹赤肿遍身著（宜磨大黄汁频涂）。有火焰丹毒从头起者（宜生葱汁涂）。有火丹发足胫以上者（宜镜面草打汁服并敷）。有火霞丹毒，从两脚起如火烧者（宜五加皮根叶烧灰，煅铁槽中水和涂）。有不拘何处，火丹发，而疼肿难忍者（宜鳝头血涂）。有烟火丹发从背起，或两胁及两足，其赤如火者（宜景天草、珍珠各一两，和捣如泥，涂之）。有萤火丹从头起，亦名热毒丹疮者（宜慎火草捣和苦酒涂）。有幼小火丹者（宜黄芩末水调涂）。有一切热毒丹肿腮痛者（宜赤小豆末鸡子白和涂）。有丹从脐起者（宜槟榔末醋调涂）。有身面卒得赤斑，或瘭子肿起，不治即死者（宜羊角烧灰，鸡子白和涂）。有身面丹肿如蛇缠状者（宜马兰草和醋捣涂）。有赤游丹发肿痛者（宜瓜蒌末醋调敷）。虽然丹毒之发又有辨焉，其痛者为丹毒，其痒者为风丹。有一切风丹发痒不止者（宜炙穿山甲末一两，生甘草末三钱，米饮调涂）。有冷风丹者（宜白姜蚕散）。有遍身风痒如瘾疹者（宜凌霄花末，酒下一钱立效）。有皮肤风热，遍身生如粟米者（宜牛蒡子、浮萍等分，薄荷汁调，酒下二钱，日二次）。有遍身本发瘾疹，后变成疮，又痒又痛者（宜姜蚕焙末，二钱立愈）。有血风丹肿起疙瘩者（宜浮萍汁和豆淋酒下）。有因酒而得风丹，遍身痒者（宜浮萍散）。且夫丹毒之发，更有辨焉，其色赤者为丹，其色白者为瘼。如前言冷风丹，其色亦白，即瘼之类也。治瘼之法，前人以酒调土朱服之，得愈。说B瘼为脾病，土能入脾，朱能除白也（白瘼宜消风散）。至若小儿血热肌虚，风邪相凑，易发丹毒，得之百日内者，尤为危急（宜消风散、黑神散二方兼服，外以金花散涂）。总之丹毒游风之发，不问大人小儿，或发手足，或发腹上，总以自腹生出四肢者，为顺而易治，自四肢生入腹者，为逆而难治，不可不治也。夫丹毒之发甚暴，治丹毒之方甚多。古人有十二种单方，治一切丹毒，但得于十二味中（水苔、生地、生松毛、蒴藿叶、慎火草、浮萍、硝石、豆叶，以上皆捣烂敷；豆豉、大黄、黄芩、山栀，以上皆为末水和敷，用一二味即能取效，良为简便，又不可不知也。然而皮之为病，且不特此也。如人身体皮肉变色赤者为紫癜风，白者为白癜风。紫由风与血搏，血不调和所生（宜紫癜风方）。白由风与气搏，气不调和所生（宜追风丸、三黄散，总治紫白癜，宜加减何首乌散）。又如面及颈项身体皮肉色变与肉色不同，不痛不痒，由肺风流注皮肤之间，久之不去，遂致浸淫遍体，为白驳（宜白驳方）。又如颈项胸前腋下，自生斑点相连，色微白而圆，或紫，不痛不痒，由风邪积热，居于肺腑，久之不散，流溢皮肤，为疬疡风（宜乌蛇散）。又如心常惊恐，言语无定，眼前见物如垂丝，皮肉中或如桃李瘾疹，色赤黑，手足顽麻，刺之不痛，身体生疮，痛痒如虫行，由恶风相触，及犯忌害，初即觉皮毛变黑，为乌癞，又名黑癞（宜大黑神膏）。又如语声嘶嗄，目视不明，四肢顽痛，身体发热，手足缓纵，背膂拘急，皮肉之内，似生瘾疹，其色正白，亦由风邪毒气，积久为白癞（宜白花蛇散、苦参酒）。又如肺气不荣，津液活B涸，皮聚毛落，爪活B甲错，肌肤乾涩而不滑润，为索泽（宜八珍汤）。凡若此者，皆皮之病。凡属司命，所当一一详审者也。〔脉　法〕仲景曰：脉浮而大，浮为风虚，大为气强，风气相搏，以成瘾疹。身体为痒，痒者名泄风，久久为痂癞。《正传》曰︰脉浮而缓属湿，为麻痹；脉紧而浮，属寒，为痛痹；脉涩而芤，属死血，为木不知痛痒。滑伯仁曰：脉者，血之波澜，发斑者，血散于皮肤，故脉伏也。〔皮病症治〕河间曰：痒得爬而解者，爬为火化，微则亦能痒，甚则痒去者，谓令皮肤辛辣而属金化，辛能散火，故金化见，则火化解矣。《入门》曰：丹毒入里，腹胀则死，毒气所走之处，急以细针刺出恶血即消。又曰：沟渠中小虾捣敷妙，或伏龙肝鸡子白调涂，或鲤鱼血、鳝鱼血、芭蕉根汁、蓝叶汁、水中苔，涂之皆可。肉也者，所以主一身之肥瘦，而验气血之盛衰者也。《内经》曰︰肥而泽者，气血有馀；肥而不泽者，气有馀，血不足；瘦而无泽者，气血俱不足。此经但言其概也。其实人之肥者，血则实，而气必虚，故行动多喘促，气虚也，能耐寒而不能耐热，热伤气，损其不足之气，则阳愈弱而偏于阴，故不能耐热也。人之瘦者，气则实，而血必虚，故皮肤多燥涩，血虚也，能耐热而不能耐寒，寒伤血，损其不足之血，则阴愈亏而偏于阳，故不能耐寒也。此肥瘦之所以分也。肉之为病，最重者曰食㑊，饮食多而易饥，不生肌肉，如死人也，由胃中结热，消谷之故（宜参苓元）。其次曰肉苛，苛者，[巾君]重也，由荣气虚，卫气实之故（宜前胡散）。其次曰肉痿，胃乾而渴，肌肉不仁，无力以运，由脾经伤热之故（宜清燥汤）。其次曰肉脱，形肉瘦削而脱尽，不能行动。说B脱者，空也，谓肉消而皮与骨著，中空无有也，此亦死症，由真元内竭，谷气外衰之故（宜谷灵丸）。至如疮疡虽愈，有肉凸出，小如豆，大如李，长至数寸，名曰赘肉，亦曰蘽B肉（宜乌梅肉捣作饼，贴肉上，即消去）。又如手足忽生如豆，甚至三个五个，相连而生，由风邪搏于肌肉所致，名曰疣目（宜乌鸡胆汁，日三涂之，或杏仁烧研涂之）。又如肌肉间忽生红粒，抚之则痛如锥刺，血虚袭风所致，名曰肉刺，可不必治。以上皆肉病所及也，若夫耳聋舌短，背肿尿血，大便赤泄，则为肉绝之候矣，经故断之为六日死也。〔肉病症治〕《内经》曰：䐃为肉标，䐃，膝后肉如块者。《资生》曰：赢瘦固瘵疾，若素来清臞者，非有疾也。惟病后瘦甚，久不复常，谓之形脱，与夫平昔充肥，忽尔赢瘦，饮食减少，此为五劳六极之疾，宜服滋补药。毛发也者，所以为一身之仪表，而可验盛衰于冲任二脉者也。夫毛发为血之馀似已，然冲为血海，任为阴脉之海，二脉皆起胞中，上循腹里，其浮而外者循腹右上行，会于咽候，列而络唇口。血气盛，则充肤热肉。血独盛，则渗皮肤，生毫毛。然则毛发之生，皆由二脉之盛也明矣。《内经》独以属肾者，肾主精，精即血也。毛者，统词，一身之毛及眉须髭髯，前后二阴之毛皆是。发者，专指但即生于头者言也。须发之有无荣悴，前人论之甚详，故不赘。其有左右发际疮起如粟米，头白肉赤，痛如锥刺者，为发际疡，皆因风热上攻之故，虽脓出无伤也（宜防风通圣散）。然妇人多患之，男子则少。鬓疽者，亦名鬓发，生鬃发中，初如虫咬瘾疹，肿痛难见，或由肝胆二经怒火，或由三焦相火，或由风热血虚，皆能生此症。但由三焦相火者，尤忌出脓，以是经血少气多也。甚则发热作渴（宜柴胡清肝汤），肿高痛极（宜仙方活命饮），迨大势已定，馀毒未除，以参芪归术为主，佐以川芎、白芷、金银花，速成其脓。脓成，仍以参、芪等托而溃之。至生肌收敛，则全用补益（脾虚加四君子汤，血虚宜四物汤加参、芪，气虚宜补中益气汤）。小儿癞头白秃疮，亦生发中（宜松脂膏）。其一种状如葡萄，久而不脓者，名鬈毛疮（宜苦楝根灰，猪油调搽）。然若中陷，四边高，色如黄蜡者，乃是广疮，不可作鬈毛疮治也。〔毛发原由症治〕《医说》曰：发属心，故上生，禀火气也。眉属肝，故横生，禀木气也。须属肾，故下生，禀水气也，《入门》曰：胆荣于须，肾华于发，精气上升，则须润而黑。六八以后，精华不能上升，秋冬令行，金削水活B，以致须发焦藁，如灰白色。养生者，宜预服补精血药以防之，如张天师草还丹、四物坎离丸、五老还童丹之类，染掠亦非上策。治筋病方十 酒煮木瓜粥〔筋急〕大木瓜，酒 水煮烂，研作膏，势裹痛处，冷即易，一宿三五度，便差。五加皮散〔筋缓〕五加皮　油松节　木瓜　每末二三钱，酒下。祛风涤热汤〔筋瘈〕薄荷　甘菊牛蒡子　防风　荆芥穗　连翘　竹叶 紫葳汤　〔筋痿〕　紫葳　天冬　百合　杜仲　黄芩　黄连　萆薢　牛膝　防风 蒺藜　菟丝子　四物汤〔筋惕〕川芎　当归　白芍　生地 养血地黄汤〔筋急〕熟地　生地白荷　当归　阿胶　麦冬　白术 真武汤〔筋惕〕附子　生姜　白芍　白术　茯苓 养肝丸　〔筋伤〕　川芎　当归　白芍　熟地　防风　羌活　蜜丸。木瓜汤〔转筋〕木瓜四钱　吴萸二钱　茴香一钱　秋草四分　紫苏十叶　姜三片 盐一撮　乌梅一个 理中汤〔又〕人参　白术　甘草乾姜治骨病方五 温肾散〔骨寒〕熟地钱半　牛膝肉苁蓉　巴戟　麦冬　五味子　炙草各八分茯神　炒 杜仲　乾姜各五分　水煎服，或为末，酒下二钱亦可。滋阴降火汤〔骨热〕白芍钱三分当归钱二分　熟地　白术　天冬　麦冬各一钱 生地八分　陈皮七分　蜜知母　蜜黄柏炙草各五分　姜三　枣二 虎潜丸〔骨痿〕龟板　黄柏各四两　知母　熟地各二两　牛膝三两半　陈皮七钱　白 芍一两半　乾姜五钱　锁阳　虎骨当归各一两　酒糊丸。加附子尤妙。虎骨散〔骨痛〕虎骨二两　白花蛇肉　天麻　白姜蚕　牛膝　防风　酒当归乳香　肉 桂各一两　全蝎　炙草各五钱　麝香一钱　每末二钱，酒下。一方有自然铜、白附子、槟榔、羌活、白芷、川芎各一两，地龙、没药、雄黄各五钱，治白虎历节风走痛，如神。二妙散〔又〕制苍术　酒黄柏等分　姜汤下一钱。治皮病方二十六 四物汤 〔皮痒〕川芎　当归　白芍　地黄 菊花散 〔又〕甘菊　防风　枳壳羌活　旋覆花　石膏　甘草　蔓荆子 蝉脱散　〔又〕　蝉脱　薄荷等分每末二钱，酒水调下。上清散 〔皮痛〕　元参　薄荷　荆芥　甘草　归尾　桔梗　陈皮　黄芩　川芎 枳壳　或加制大黄亦可。导赤散 〔又〕加减凉膈散〔又〕连翘二钱　甘草钱半　山栀　黄芩　薄荷　桔 梗　竹叶各五分 泻肺汤　〔又〕地骨皮　桑皮各二钱　知母　贝母　山栀　桔梗　麦冬　生地甘 草各一钱 四顺清凉饮〔丹毒〕蒸大黄　当归　赤芍　炙草各钱二分　薄荷十叶 拨毒散〔又〕寒水石二两三钱石膏一两　黄柏　甘草各二钱　水调涂之，芭蕉汁尤妙。荆防败毒散〔又〕荆芥　防风羌活　独活　柴胡　前胡　人参　赤芍　桔梗　枳 壳　川芎　甘草 小柴胡汤〔又〕柴胡　黄芩　人参　半夏　甘草 白姜蚕散〔又〕姜蚕　蝉退　防风　甘草　苍耳子　白芷　川芎　茯苓　荆芥　厚 朴　陈皮　人参　等分，每末二钱，豆淋酒下。浮萍散〔又〕浮萍五钱　防风黄芪　羌活各三钱　当归二钱　乾葛一钱麻黄五分 生草四分　量疾重轻，分二三服，水煎。消风散　〔白瘼〕 黑神散　〔小儿〕 金花散　〔又〕　郁金　黄芩　山栀甘草　大黄　黄连　糯米　等分，为末，蜜水调敷。紫癜风方〔紫癜〕官粉五钱　硫黄二钱　为末，鸡子白调搽。追风丸　〔白癜〕首乌　苦参　苍术　荆芥穗各四两　共为末，用皂角二斤去皮弦子，水煎膏，和丸，空心，酒茶任下三五十丸。三黄散　〔又〕雄黄　硫黄各五钱黄丹　天南星　活B矾　密陀僧各三钱　先以姜汁 擦患处，再以姜片蘸药擦，后渐黑，次日再擦，黑散则无矣。加减何首乌散 〔紫白癜〕首乌石菖蒲　蔓荆子　苦参　荆芥穗　威灵仙甘菊　杞 子等分　每末三钱，蜜、茶调下。此方兼治疬疡风，白驳，一切疥癣。白驳方〔白驳〕硫黄　草决明生半夏　槲皮各一两　蛇脱一条二味烧研共为末，清漆和调，薄涂患处，先用巴豆一粒，中截擦白处，再用药。乌蛇散 〔疬疡风〕乌蛇三两　犀角一两　防风　羌活　黄芩　苦参各二两人参 丹参　元参　沙参　肉桂　秦艽　川芎　山栀　升麻　通草　枳壳　白蒺藜　白鲜皮各 一两　每末二钱，酒下。大黑神膏　〔乌癞〕　川乌　川芎升麻　防己　黄柏　藜芦　黄连　明矾　雄黄 雌黄　胡粉各五钱　巴豆　杏仁各十四粒　松脂乱发各如鸡子大一块　上锉如豆，用猪油二升同煎，以发烊为度，棉滤去渣，入雌雄黄、矾、胡粉搅匀，收瓷器中，每用涂疮，一日三四次，每用药以热盐汤洗过，然后涂之，毋及口眼。白花蛇散〔白癞〕 白花蛇酒浸晚蚕蛾去头足翅　威灵仙　天麻　槐子　羌活　防 风　枳壳　白鲜皮　蔓荆子各一两炙草五钱　每末二钱，酒下，日二次，不拘时。苦参酒〔又〕苦参五斤　蜂房五两　猬皮一具　水三斗，煮一斗，去渣，浸细面五斤，炊饭三斗，如常作酒，温饮一二杯。八珍汤　〔索泽症〕　人参　白茯苓白术　炙甘草　川芎　当归　白芍　地黄治 肉病方四 参苓元〔食㑊〕人参　远志　赤苓　菖蒲　牛膝酒浸　地骨皮各一两　蜜丸，不拘时，米饮下。前胡散〔肉苛〕前胡　白芷　细辛　官桂　白术　川芎各三两　吴萸　附子当归各 二两　川椒三钱　上锉，以酒茶三升拌匀，窨一宿，以猪油五斤，入药微煎，候白芷黄色，去渣煎成膏，摩病处，以热为度。清燥汤〔肉痿〕黄芪　白术各钱半　苍术一钱　陈皮　泽泻各七分　赤苓人参　升 麻各五分　生地　当归　猪苓　麦冬　神麴　甘草各三分　黄连　黄柏　柴胡各二分 五味子九粒 谷灵丸〔肉脱〕黄芪　人参　牛膝　当归各一两　附子炮一个　熟地　茯苓各五钱 杜仲　苍术　白术　肉桂　杞子各三钱　酒糊丸，参汤下百丸。治毛发病方十 防风通圣散〔发际疡〕滑石钱七分　甘草钱二分　石膏　黄芩　桔梗各七分防风 当归身　川芎　赤芍　大黄　麻黄薄荷　连翘　芒硝各四分半　白术　荆芥山栀各三 分五厘　姜三片 柴胡清肝汤〔鬓疽〕柴胡　山栀各钱半　川芎　黄芩　人参各一钱　桔梗连翘各八 分　甘草五分　食后温服。仙方活命饮〔又〕穿山甲　白芷防风　赤芍　甘草　归尾　花粉　贝母　角刺各一钱 陈皮　金银花各三钱　没药　乳香各一钱二味另研　水、酒各半煎，送乳没二末。四君子汤　〔又〕　人参　茯苓　白术　炙草 四物汤〔又〕川芎　当归　白芍地黄 补中益气汤〔又〕人参　黄芪当归　白术　升麻　柴胡　陈皮　甘草 松脂膏〔白秃〕松脂　黄连各七钱半　黄芩　苦参各一两　蛇床子二钱半大黄　活B 矾各五钱　水银两半　胡粉五钱合水银入少水同研令无星为度　共研匀，腊猪油调涂疮上。张天师草还丹〔预防〕地骨皮生地　石菖蒲　酒煮菟丝子　牛膝　远志等分，蜜丸，空心盐汤下三五十丸。 修合忌铁器。四物坎离丸〔又〕熟地三两　生地两半同酒浸打膏　当归二两　白芍两半同酒炒 知母一两　黄柏二两同盐酒浸炒　侧柏叶　槐子各一两同炒　连翘六钱　蜜丸，盛磁盒内，放地上七日，晒乾收之，酒下五六十丸。五老还童丹〔又〕茯神　赤石脂川椒炒出汗各一两　朱砂水飞　乳香灯心同研各一两 俱另为末，用鸡子二个，去清黄，只将朱砂、乳香各装一壳内，纸糊七重，清绢袋盛之，令人怀肚上，常令温暖，朱砂怀三十五日，乳香怀四十九日取出，再研前三药亦为末，和匀，蒸枣肉和丸，空心，酒下三十丸，参汤下尤妙，一月外加至四十丸。又名遐龄万寿丹。附录毛发杂方 眉毛不生方　芥菜子　半夏等分　为末，姜汁调搽，数次即生。治人无发方　甜瓜叶捣汁涂之，即生。病后发落方　鲜猴姜、野蔷薇嫩枝，煎汁刷之。令发长黑方　桑叶　生麻油　煎过去渣，沐发令长数尺。须发黄赤方　生地一斤，生姜半斤，各洗捣汁留渣用。不蛀皂荚十条，去皮弦蘸二汁炙，汁尽为度，同渣入罐，泥固煅存性，研末，铁器盛之。每末三钱，汤调，停二日，临卧刷染须发即黑。秘传乌发方　五倍子半斤，研末，铜锅炒之，勿令成块，如有烟起，即提下搅之，从容上火慢炒，色黑为度，以湿青布包扎，足踏成饼，收贮听用。每用时，先以皂角水洗净须发，用五倍子末二两、酒炒红铜末钱六分、生矾六分、诃子肉四分、没石子四分、硼砂一分，共研极细，乌梅，酸榴皮煎汤调匀，碗盛，重汤煮四五十沸，待如饴状，以眉掠刷于须发上一时，洗去再上，包住，次日洗去，以桃核油润之，半月一染甚妙。巫灵散　胆矾　五倍子　百药煎　青胡桃皮　酸石榴皮　诃子皮　木瓜皮　猪牙 皂角 何首乌　细辛等分　为末，蜜和如钱大，常放木炭内培养，勿令离炭，用时以热酒化开涂之。金主绿云油　蔓荆子　没石子　踯躅花　诃子皮　覆盆子　白芷　沉香　防风附子 零陵香　生地　芒硝　公丁香　旱莲草各一钱半　卷柏三钱　上锉，绢袋盛，将清香油八两浸入，封过七日，取擦头上，日三次。巫灵散，治须发黄白不泽，此绿云油能生发。,症状,[],,删除,,[],,"[""骨痛"", ""活动受限""]",,"[""中药内服""]",,"[{""name"": ""虎潜丸"", ""type"": ""方剂"", ""note"": ""用于骨痿，补肾填髓""}, {""name"": ""温肾散"", ""type"": ""方剂"", ""note"": ""用于骨寒、骨痹""}, {""name"": ""滋阴降火汤"", ""type"": ""方剂"", ""note"": ""用于骨热病""}, {""name"": ""虎骨散"", ""type"": ""方剂"", ""note"": ""用于骨痛""}, {""name"": ""补骨脂"", ""type"": ""单味药"", ""note"": ""用于久立伤骨""}]",1.0,其或因骨热至四肢，缓弱不举，駸駸成骨痿之症矣。……髓虚则骨虚，势所必至也。,True,True,,"[{""classical_span"": ""发为骨痿"", ""why_supports"": ""明确出现骨痿，为骨质衰弱核心范畴""}, {""classical_span"": ""髓虚则骨虚"", ""why_supports"": ""与现代骨量减少机制高度相符""}]",1,"[""未明确现代分型仍强行对应"", ""证型可能多样但仅能确认骨病层面"", ""部分内容涉及他病，需防过度映射""]",43a931b34e608b721da3bbbd1bcc2be8,"['温肾散', '滋阴降火汤', '虎潜丸', '虎骨散', '补骨脂']",清,"['活动受限', '骨痛']"
ok,3563,2026-02-04 19:02:24,沈氏尊生书,1773.0,骨极,卷八 虚损痨瘵源流,大五补丸　〔心劳〕　天冬　麦冬　茯神　菖蒲　人参　杞子　远志　熟地　益 智仁　地骨皮 　黑元　〔肝劳〕　酒当归　鹿茸各一两　乌梅肉为膏丸，酒下五七十丸。　橘皮煎元　〔脾劳〕　橘皮五两　甘草三两三钱　当归　萆薢　苁蓉　吴萸　厚 朴　肉桂　巴戟　石斛　附子　牛膝　鹿茸　杜仲　乾姜　阳起石　菟丝子各一两 酒一升半。沙锅内入橘皮末熬如饴，再入诸药末搅匀为丸，空心，温酒、盐汤任下五七十丸。人参黄耆散　〔肺劳〕　鳖甲钱半　天冬一钱　秦艽　地骨皮　柴胡　生地各七 分　桑皮　半夏　知母　紫菀　黄耆　赤芍　甘草各五分　人参　茯苓　桔梗各三分 　肾气丸　〔肾劳〕　熟地八两　山药　山萸　五味子各四两　丹皮　茯苓　泽泻 各三两　此乃水泛为痰之圣药，血虚发热之神剂，又能补肝。说肝肾之病，同一治也。　滋补养荣丸　〔筋极〕　远志　白芍　黄耆　当归　山药各二两　陈皮八钱　茯 苓七钱　生地五钱　山萸四钱　蜜丸。此方专补肝血，并治虚劳，气血不足，精神短少，脾胃虚弱。　酒煮木瓜粥　〔又〕　大木瓜　酒水煮烂，研作膏，热裹转筋处，冷即易，一宿三五度。即差。此方并治脚膝筋急痛。　茸珠丸　〔骨极〕　鹿茸　鹿角霜　鹿角胶　熟地　当归各两半　苁蓉　枣仁 柏子仁　黄耆各七钱　附子　阳起石　朱砂各三钱　酒糊丸。此方专冶肾损，兼补命门阳衰。　补荣汤　〔血极〕　当归　白芍　生地　熟地　赤苓　山栀　麦冬　陈皮各一 钱　人参　甘草各五分　枣二 乌梅一 　参苓元　〔肉极〕　人参　菖蒲　远志　赤苓　牛膝　地骨皮各一两　蜜丸，米饮下。　巴戟元　〔精极〕　五味子　巴戟　苁蓉　菟丝子　人参　白术　熟地　骨碎 补　茴香　牡蛎　龙骨　覆盆子　益智仁　等分，蜜丸，每三十丸，米汤下，日二服，虚甚八物汤下。此方专治面色白而不泽，悲愁欲哭，脉空虚，是为脱精脱神，宜峻补肝肾，收敛精气，补益元阳。　益气丸　〔气极〕　人参　麦冬各七钱　陈皮　桔梗　炙草各五钱　五味二十 一粒　水浸油饼丸，芡子大，每一丸，细嚼津唾咽下。　镇阳丹　〔七伤总〕　桑螵蛸三两　龙骨　茯苓各一两　糊丸，茯苓盐汤下。专治脱精滑泄。　九龙丹　〔又〕　金樱子　杞子　山楂　莲子　莲须　熟地　芡实　茯苓　当归 等分，酒糊丸。如精滑便浊者，服二三日尿清如水，饮食倍常，行步轻健。,方药,[],,肾阳虚证,,[],,"[""骨痛"", ""活动受限""]",,"[""中药内服""]",,"[{""name"": ""茸珠丸"", ""type"": ""方剂"", ""note"": ""原文标注〔骨极〕，专治肾损，兼补命门阳衰""}]",0.4,茸珠丸　〔骨极〕　此方专冶肾损，兼补命门阳衰。,True,True,,"[{""classical_span"": ""〔骨极〕"", ""why_supports"": ""古籍中“骨极”常指骨之虚损、衰极状态，与骨弱相关""}, {""classical_span"": ""专冶肾损，兼补命门阳衰"", ""why_supports"": ""肾主骨，肾损与命门阳衰为骨失所养的重要病机""}]",1,"[""未出现骨折、身高变矮等现代骨质疏松特异性强指征"", ""整体章节属虚损痨瘵，可能为系统性虚劳而非专指骨病"", ""现代表型需推断，文本未直接对应现代分型""]",fef27c6de5ede25e8740d73ce5306e46,['茸珠丸'],清,"['活动受限', '骨痛']"
ok,4895,2026-02-04 19:53:55,历代本草药性汇解,2003.0,骨痿；骨枯,补益类 麦冬(《本经》),麦冬专入心、肺。有类天冬，然麦冬甘味甚多，寒性差少。天冬所主在肺，而麦冬所主，则更在肺而在心。是以书载功能消痰止嗽，治嗽须分外感内伤。如外感则声盛而浊，先缓后急，日夜无度，痰涎稠粘而喘急；内伤则声怯而槁，先急后缓，或早甚，或暮甚，清痰少气而喘乏。外感则其发必暴，或为寒热，或为气逆，或为鼻塞声重头痛，轻者脉亦和缓，重者脉见弦洪；内伤其发有渐，或素有劳积虚损，日渐以甚，其症或为寒热潮热，或为形容瘦减，或两颧常赤，或气短喉干，其脉轻亦微数，重必细数弦紧。解热除烦，去痿除呕。痿，按经言肺热叶焦，皮毛虚弱，急薄以着，则生为足弱不能以行之症；心热火枓厥，而生胫纵不能任地之症；肝热口苦血干，而成拘挛筋痿之症；脾热胃干而渴，肌肉不仁，发为肉痿之症；肾热腰脊不举，骨枯髓减，发为骨痿之症。独肺热而叶焦，高源化绝，而诸脏不得仰肺灌溉，故痿独推于肺，而治痿又责重于阳明。而又载同人参则能复脉生津，名生脉散。非合心肺百皆治乎。盖肺朝于百脉，脉属心，心燥则肺失养而脉绝，心清则气即充而脉复。麦冬气禀清肃，能于心中除烦。肺清则水得生而心不烦。譬如人当盛暑，则燔灼不宁，若值秋风一至，则炎热顿服，而无燥郁不堪之候矣。东垣曰：人参甘寒，泻火热而益元气；麦冬苦寒，滋燥金而清水源；五味酸温，泻丙火而补庚金，益五脏之气也。至于乳汁不开，用此则能通活；热血妄行，用此是能即止；他如膈上之稠痰，得此则消；心下之支满，得此则除。脾有积热则化，胃有火呕则止，色因血枯即润，嗽久不止即愈。诚保肺之津梁，清心之指南也。但气寒而虚人禁用。,方药,"[""老年后""]",,肝肾阴虚证,,"[""原发性-老年型""]",,"[""活动受限"", ""乏力""]",,"[""中药内服""]",,"[{""name"": ""麦冬"", ""type"": ""单味药"", ""note"": ""用于清心肺热、去痿，文中提及可对应骨痿相关表现""}]",1.0,肾热腰脊不举，骨枯髓减，发为骨痿之症,True,True,,"[{""classical_span"": ""骨枯髓减，发为骨痿之症"", ""why_supports"": ""直接出现骨痿、骨枯等高度指向骨质疏松的古籍病名与病机描述""}]",4,"[""文本未记载具体患者人群，无法映射特定人群特征"", ""现代骨折等结局性指标未直接出现，仅能做病机层面映射"", ""药物为单味本草论述，非专论骨病，存在适应证外推风险""]",4b618aed3ca8783f2a6d066b1a0523de,['麦冬'],近现代,"['乏力', '活动受限']"
ok,4341,2026-02-04 19:31:49,沈氏尊生书,1773.0,骨痹,卷十三 诸痹源流（白虎历节风）,诸痹，风、寒、湿三气，犯其经络之阴而成病也。故经曰：病在阳曰风，病在阴曰痹。痹者，闭也。三气杂至，壅蔽经络，血气不行，不能随时祛散，故久而为痹，或遍身或四肢挛急而痛，或有不痛者，病久入深也。入于骨，则重而不举为骨痹；入于血，则凝而不流为脉痹；入于筋，则屈而不伸为筋痹；入于肉，则肌肉不仁为肉痹；入于皮，则寒在皮毛为皮痹。说筋骨皮脉肉间，得邪则气缓，故虽痹而不痛。然痹之为病，每各以时遇。如冬气在骨，遇三气故成骨痹；春气在筋，遇三气故成筋痹；夏气在脉，遇三气故成脉痹；季夏气在肉，遇三气成，肉痹；秋气在皮，遇三气故成皮痹。皆各以主时受之也。而筋骨皮肉脉又各有五脏之合，苟五者受而不去，则必内舍于合，而五脏之痹起。何言之？骨痹久，复感三气内舍于肾，则善胀，尻以代踵，脊以代头。说胃气下行，而肾为胃关，肾既痹，则肾气不行，是阳明逆也，故善胀。肾为作强之官，痹则足挛而不能伸，故尻代踵，身偻而不能直，故脊代头也。筋痹久，复感三气内舍于肝，则多饮溲数，夜卧易惊，上为引如怀。说肝内热，脾不淫精于肝，故渴而多饮。肝热下乘膀胱，故溲数。肝藏魂，肝痹则气血两衰，故魂不归而易惊。经络有气无血，故上下相引而血不得赴，若结于中而如怀也。脉痹久，复感三气内舍于心，则脉不通，烦则心下鼓暴，上气，咽乾善噫，厥气上而恐。说心合脉而痹入之，故脉不通，不通则心气郁，故鼓暴。鼓暴则气逆而喘，故上气。心脉起心中，上挟胃挟咽，故咽乾善噫。厥为阴气，心火衰而邪乘之，故神怯而恐也。肉痹久，复感三气内舍于脾，则四肢怠惰，发咳呕汁，上为大塞。说肢惰者肉痹之验，脾痹则本脏不足，不能散精，反上壅肺，故发咳。上焦不通，故呕汁。甚则否塞也。皮痹久，复感三气内舍于肺，则烦满喘而呕。说痹既入肺，则脏气闭而不通，本气不能升举。肺膱行治节，痹则上焦不通，而胃气逆，故烦满喘而呕也。此五脏之痹，各以其症显者，脏症显，便不易治（宜五痹汤各加本经药）。以复感云者，既已成痹，又各以其主时，重受风、寒、湿之邪气，为病而深也。经又曰：淫气喘息痹聚肺，淫气忧思痹聚心，淫气溺涩痹聚肾，淫气乏竭痹聚肝，淫气饥饱痹聚脾，则不特三气入舍于其合而后成痹，即七情过用，亦能伤脏气而为病，以气淫，则燥能消阴故也。由五脏而推六腑，亦以饮食居处为病本，而后邪中其腧而内应之，是以循其腧，各舍于其腑也。即如肠痹，经言数饮而出不得，中气喘争，时发喘息者，以肠兼大小而言。二肠患痹，则下焦之气热郁不行，故饮虽多而水不得出。水不出则本末俱病，故与中气喘争，且清浊不分而飧泄也。又如胞痹，经言少腹膀胱，按之内痛，若沃以汤，涩于小便，上为清涕者，以胞者膀胱也，气闭故按之痛。水闭不行，故蓄热若沃汤，且溲涩。太阳之脉，从巅络脑，故上为清涕也（肠痹宜五苓散加木通、桑皮、麦冬，胞痹宜肾沥汤）。即经言二痹，凡六腑可推矣。经又言十二经筋之病，支转筋痛，皆曰痹，何也？以其经筋在外，其病不及经隧之荣气，故于脏腑无涉，惟三气得以病之，故按四季之痹，以见其所感之由。然手足三阴之筋，皆内结胸腹肓膜间，其为病自有异。如足以少阴筋主痫瘛及痉，足厥阴筋主阴器不用与不起不收，手少阴筋主舌卷，手太阴筋主息贲胁急吐血，手少阴筋主伏梁唾脓血，虽筋痹而脏腑气矣（总宜凄痹汤）。　总之，诸痹不已，益入内而伤脏气，然有六经应之而为有馀不足者。经曰︰厥阴有馀病阴痹，不足病热痹，滑则病狐风疝，涩则病少腹积气（滑与涩者，其脉之见于其部而知其有馀不足也）。说厥阴位下焦，总诸筋，有馀则木壅不升，邪郁阴分，故病阴痹。不足则虚而生热，故病热痹。若其脉见滑，是邪有馀。狐风疝者，其疝如狐，而数变如风也。疝在前阴少腹间，当肝部，肝郁于此，即阴痹也。脉见涩，是气血虚滞，邪留则为积，即热痹也。经又曰：少阴有馀病皮痹、瘾疹，不足病肺痹，滑则病肺风疝，涩则病积，溲血。说少阴君火之气，有馀则尅金，肺合皮，故瘾疹。不足则不能温金，故肺痹。若脉见滑，心火不胜水邪，便郁而实于肺，风则肺动，疝则肺聚也。脉见涩，仍为心血不足，火收于内而入小肠包络，故积与溲血也。经又曰：太阴有佘病肉痹，寒中。不足病脾痹。滑病脾风疝，涩病积，心腹时痛。说脾主肉，邪有馀则湿郁而不运，故为肉痹。中气湿，则阳明之火不能扬，故寒中。不足则脾自受而成痹，本气不行也。若脉见滑，水湿壅土，亦病在湿。脉见涩，积而不流，故中州满也。经又曰：阳明有馀病脉痹，身时热，不足病心痹，滑病心风疝，涩病积，时善惊。说阳明燥金之气，应脉燥，有馀则伤血脉，故脉痹。燥侮阴，故肉痹。脉为心行血脉者也，肺不足心脉反窒，故心痹。若脉见滑，则风燥合邪，伤肺伤血，将心气抽掣而不得散，故成心风疝。脉见涩，则金敛不舒，脉为不行而积，善惊，木侮金也。经又曰：太阳有馀病骨痹，身重。不足病肾痹。滑病肾风疝。涩病积，癫疾。说肾气应太阳，太阳时气有馀，则浸淫及骨而痹。水邪盛而作强之官弛，故身重。不足则本脏先受而痹，将足缓脉酸，精不坚固。若脉见滑，太阳之风寒合邪，而为肾风疝。涩则邪痹。太阳经脉，而有积癫疾者，阳气不通巅顶，故常风痛也。经又曰：少阳有馀病筋痹、胁满。不足病肝痹。滑病肝风疝。涩病积，时筋急目痛。说相火之气犯阴，则肝受之，若邪有馀则火伤筋而痹。胁满，肝部在胁也。不足是肝木虚而痹，肝痹者，邪郁而血不荣筋之症也。若脉见滑，风热合邪，淫气聚筋，而寒热往来，抽掣相引，而为肝风疝。脉见涩，则血滞而积，筋急目痛，皆肝病也。以上皆六气犯阴、犯阳之痹症也。人身阴阳，天地之六气应，故六气亦有时而内淫。且因脏腑阴阳之有馀不足，而外邪得以留之，此于气运之外，又有所留，为阴阳之痹也。脉滑为邪有馀，故留滞为风疝，风谓其动，疝谓其聚也。涩为本气不足，故不能胜邪而成积，疝与积，概指其聚而积者，非特前阴少腹之病也。　虽然，《内经》之言痹，固可阐而明之矣，而仲景书又有所谓血痹者，曰尊荣人骨弱，肌肤盛重，因劳疲汗出，卧不吐动摇，加被微风，遂得之，大抵此症原于质虚劳倦之故。说以尊荣者，素安閒，故骨弱。素膏粱，故肌肤盛。一旦疲劳汗出，则气竭表虚，因而卧则神不敛，或时动摇而微风乘之。此时本气弱疲，劳又耗气，汗则阳气泄，卧则阳气伏，则外之阳气不能固闭，荣气又复动摇，风虽微而易入，故风与血相搏而成痹也。然风搏于中上二焦，寸口关上，脉必微涩。而邪之前锋，早及下焦，尺中必见小紧，得如此脉，而又身体不仁，如风痹状，故知为血痹症也（宜黄芪桂枝五物汤）。仲景书又有所谓胸痹者，其为症状不一，曰胸痹之病，喘息咳唾，胸背痛短气，寸口脉沉而迟，关上小紧数，此则胸痹实症的脉，凡患胸痹者皆然（宜栝蒌薤白白酒汤）。至其症状，又有杂出者，曰胸痹（以下凡言胸痹，皆具有喘息、咳唾、胸背痛、短气等状，而又及有他症），不得卧，胸背彻痛，则症兼支饮矣。说不得卧，由于有饮，饮原不痛，饮由胸痹，故心痛彻背也（宜栝蒌薤白半夏汤）。曰胸痹心中痞，留气结在胸，胸满，胁下逆抢心，乃上焦阳微，而客气动鬲，故有心痞胸满之象。其言留气，即客气，至胁下逆抢心，则不特上焦虚，而中焦亦虚，阴邪得以据之也（宜枳实薤白桂枝汤、人参汤）。曰胸痹胸中气塞，短气，夫胸既痹，而又言气塞、短气，是较喘息等，更觉幽闭不通，邪气之有馀，实甚也（宜茯苓杏仁甘草汤、橘枳生姜汤）。曰胸痹缓急者，乃胸痹之邪，淫及于筋，故肢节之筋，有缓有急也（宜薏苡附子散）。曰心中痞，诸逆心悬痛，曰心痛彻背，背痛彻心，二节俱不贯胸痹字，是不必具有胸痹实症，而各自成病耳。说阴邪凝结，心中乃痞，心中之痞，因初时气逆，迨至心痛如悬，则前因逆而邪痞心中者，后乃邪结心中而下反如空也（宜桂枝生姜枳实汤）。心与背本两处，中有空窍，乃正气所贮，以通上下者。今痛则相彻，是正气之虚，寒邪乘虚而相搏结也（宜乌头赤石脂丸）。然则仲景言血痹、胸痹二症，固均属阳虚之疾，不与他痹症相同，故于血痹谓宜针引阳气，于胸痹谓当全责阳虚也。此又于《内经》脏腑阴阳诸痹之外，所可详及者。　然而风、寒、湿三气之相胜，其为病亦在可枚举者。风胜为行痹，游行上下，随其虚处，风邪与正气相搏，聚于关节，筋弛脉缓，痛无定处，古名走注，今名流火，俗有鬼箭风之说，亦此类（宜防风汤）。而其所统之病，有湿伤肾，肾不生肝，肝风挟湿，走注四肢肩髃者（宜苡仁散）。有肢节肿痛，日夜无已时者（宜没药散、虎骨丸，控涎丹亦可）。寒胜为痛痹，四肢挛痛，关节浮肿，痛有定处，是名痛风，又名白虎历节风（宜加减五积散）。而其所统之病，有兼风者（宜加减乌药顺气散）。有兼湿而天阴即发，身体沉重者（宜除湿捐痹汤。在上加桂枝、桔梗、威灵仙，在下加防己、木通、牛膝）。有兼痰者（宜豁痰汤）。有兼火者（宜四物汤多加酒柏、竹沥、姜汁）。有兼湿热（者宜二妙散）。有兼血瘀者（宜桃红饮子）。有昼静夜发痛如虎咬，此正名白虎历节风。大约掣因多寒，肿因多湿，汗因多风，特以其原由症状之繁，另详条款于后。湿胜为著痹，病而不移，汗多，四肢缓弱，精神昏塞，皮肤不仁（宜茯苓川芎汤）。而其所统之症，不外麻木，另详麻木条中。大约风胜之脉必浮，寒胜之脉必涩，湿胜之脉必缓，三痹各有所胜，治药则以胜者为主，然亦不可举一废二，以三气本杂合成病也。三痹之外，更有热痹，由脏腑移热，复遇外邪，故身热，唇口反裂，皮肤色变也（宜升麻汤）。更有周痹，由犯三气遍及于身，故周身俱痛也（宜蠲痹汤）。更有支饮，夫支饮本痰饮中症，此则兼有痹病，故复详于此，仍列其名为支饮，其原由受三气兼挟痰涎宿饮，故手足麻痹，臂痛不举，多睡眩冒，忍尿不便，膝冷成痹也（宜茯苓汤）。以上三症皆痹之属，而痹症多兼麻木，说麻犹痹也，虽不知痛痒，尚觉气微流行，非若木之痛痒不知，即气亦不流行者，而麻木原委，另详本篇。痹又与风与痿相类，《灵枢》曰：病在阳曰风，病在阴曰痹，阴阳俱病曰风痹。阳者，表与上。阴者，里与下也。总之，痹本气闭不通，或痛或痒，或顽麻，或手足缓弱，与痿病相似。但痿因血虚火盛，肺焦而成。痹因风、寒、湿气侵入而成也。痹又为中风之一，然虽一例，而受病各异，痹兼三气，因阴受之。中风则阳受之也。学医者能神而明之，类而推之，切而治之，可以司人之命矣。　〔脉　法〕　《脉经》曰：脉涩而紧为痹痛。《脉诀》曰：风寒湿气合而为痹，浮涩而紧，三脉乃备。《玉机》曰：脉大而涩为痹，脉来急亦为痹也。　〔诸痹原由症治〕　《内经》曰：汗出而风吹之，血凝于肤者则为痹。又曰：风之为病，当半身不遂，或但臂不遂者，此为痹。又曰：虚邪中人，留而不去，则为痹。卫气不行，则为不仁。又曰：痹病痛者寒气多，有寒故痛也。不痛不仁者，病久入深，荣卫之行涩，经络时疏，故不痛。皮肤不荣，故不仁。其或寒者，阳气少，阴气多，与病相益，故寒也。其或热者，阴气少，阳气多，病气胜阳乘阴，故为痹热，其多汗而濡者，此其逢湿盛也。阳气少，阴气多，两气相感，故汗出而濡也。《类聚》曰：不仁者何以明之？仁者，柔也。不仁，谓不柔和也。痛痒不知，寒热不知，灸刺不知，是谓不仁也。《入门》曰：痹之初起，骤用参芪归地，则气郁滞而邪不散，只以行湿流气药主之。《玉机》曰：三气袭入经络，久而不已，则入五脏，或入六腑，随其脏腑之哄、合，以施针灸，仍服逐三气发散等药，自愈。又曰：痹症因虚而感，三邪既著体不去，则须制对症之药，日夜饮之，虽留连不去，能守病禁，不令入脏，亦可扶持也。《入门》曰：痹病虽守禁忌，凡味酸伤筋则缓，味咸伤骨则痿，令人发热，变为痛痹、麻木等证。慎疾者，须戒鱼腥面酱酒醋。肉属阳大能助火，亦宜量吃，痛风诸痹皆然。鳌按：痹症有手足缓弱者，有筋挛不伸者，有偏活不遂者，有肌肉不仁者，其形症往往与风痿相似，而后世医治之法，亦往往与风痿相混，此千古之大误也。总之风则阳受，痹则阴受，此二语实为风痹病之炯鉴，益可见治法不当混施。且痹病多重痛沉著，一时未易得去，其不可轻视也明矣。,病名,[],,肾虚血瘀证,,[],,"[""骨痛"", ""活动受限""]",,"[""中药内服""]",,"[{""name"": ""防风"", ""type"": ""单味药"", ""note"": ""治历节风用药之一""}, {""name"": ""羌活"", ""type"": ""单味药"", ""note"": ""祛风湿止痛""}, {""name"": ""葛根"", ""type"": ""单味药"", ""note"": ""舒筋解痹""}, {""name"": ""秦艽"", ""type"": ""单味药"", ""note"": ""治风湿痹痛""}, {""name"": ""桂枝"", ""type"": ""单味药"", ""note"": ""温经通痹""}, {""name"": ""五积散"", ""type"": ""方剂"", ""note"": ""加减用于痛痹""}, {""name"": ""四物汤"", ""type"": ""方剂"", ""note"": ""加味用于痛痹""}]",0.2,以冬遇为骨痹……风寒湿三气袭人，入于骨则重而不举,True,False,,"[{""classical_span"": ""骨痹"", ""why_supports"": ""涉及骨部疼痛沉重，但属痹证范畴""}, {""classical_span"": ""入于骨则重而不举"", ""why_supports"": ""描述骨部功能障碍而非骨量减少""}]",1,"[""文本为风寒湿痹证，非骨量减少或脆性骨折描述"", ""未见年老骨弱、易折等骨质疏松核心特征"", ""证候以疼痛痹阻为主，可能为风湿类疾病""]",6fc1864600879bb1eeb580cc8cac176a,"['五积散', '四物汤', '桂枝', '秦艽', '羌活', '葛根', '防风']",清,"['活动受限', '骨痛']"
ok,1858,2026-02-04 17:52:55,圣济总录纂要,1681.0,骨折,卷二二（一）伤折门 诸骨蹉跌,上为细末。每服七分，半热酒调服，其骨自接。此方治打扑骨折，瘀血攻心，发热昏晕，其瘀血自下。吐血等症皆可服之。如骨接而诸症未去者，去土鳖、自然铜，更服五分即愈。,方药,[],,血瘀气滞证,,[],,[],,"[""中药内服""]",,"[{""name"": ""土鳖"", ""type"": ""单味药"", ""note"": ""用于打扑骨折方中，骨接后可去之""}, {""name"": ""自然铜"", ""type"": ""单味药"", ""note"": ""用于接骨止痛，骨接后可去之""}]",0.2,此方治打扑骨折，其骨自接,True,False,愈,"[{""classical_span"": ""治打扑骨折"", ""why_supports"": ""明确为外伤性骨折治疗，非骨弱自折""}]",1,"[""为急性外伤骨折，非慢性骨弱或脆性骨折"", ""未见年老骨弱、骨痿等骨质疏松核心表述"", ""证据仅支持接骨活血，不能直接映射骨量减少""]",78ff9a3de0a0071206b2f6febd7bd93d,"['土鳖', '自然铜']",清,[]
ok,3821,2026-02-04 19:12:21,医学入门,1575.0,骨痹,外集·卷四 杂病 外感 痹风（附麻木）,经言：春为筋痹，夏为脉痹，仲夏为肌肉痹，秋为皮痹，冬为骨痹。言皮、脉、肌、筋、骨，各以时而受风寒湿之邪也。大概风湿多侵乎上，肩背麻木，手腕硬痛；寒湿多侵乎下，脚腿木重；若上下俱得，身如板挟，脚如石坠。须分风寒湿多少治之。风多，痛走不定；寒多，掣痛周身拘急，手足冷痹，与痛风无异；湿多，浮肿，重着一外不移。风多，乌药顺气散、三痹汤、越婢汤、单 丸。,病名,[],,其它-风寒湿痹证,痹证（风寒湿痹/骨痹）：原文论四时痹，冬为骨痹，属风寒湿侵袭筋骨,[],,"[""骨痛"", ""活动受限""]",肩背麻木、手腕硬痛、掣痛拘急，属筋骨疼痛与活动受限的描述,"[""中药内服""]",,"[{""name"": ""乌药顺气散"", ""type"": ""方剂"", ""note"": ""用于风多之痹痛""}, {""name"": ""三痹汤"", ""type"": ""方剂"", ""note"": ""用于痹证疼痛""}, {""name"": ""越婢汤"", ""type"": ""方剂"", ""note"": ""用于风湿痹痛""}, {""name"": ""单丸"", ""type"": ""方剂"", ""note"": ""原文列举之用方""}]",0.2,冬为骨痹,True,True,,"[{""classical_span"": ""冬为骨痹"", ""why_supports"": ""出现“骨痹”这一涉及骨部的病名，可能与慢性骨病相关""}, {""classical_span"": ""掣痛周身拘急"", ""why_supports"": ""描述慢性疼痛与功能受限，但未及骨弱或骨折""}]",1,"[""原文为痹证范畴，可能主要指风寒湿痹而非骨量减少"", ""未出现骨折、骨弱、骨缩等骨质疏松特异描述"", ""若强行对应现代骨质疏松，可能存在概念外推风险""]",d79785360582886a44fd56e5071c7f13,"['三痹汤', '乌药顺气散', '单丸', '越婢汤']",明,"['活动受限', '骨痛']"
ok,3825,2026-02-04 19:12:22,医宗金鉴,1742.0,骨痹,杂病心法要诀 痹病总括,【注】痹虚，谓气虚之人病诸痹也。宜用加减小续命汤，风胜行痹倍防风，寒胜痛痹倍附子，湿胜着痹倍防己，皮痹加黄耆或桂枝，皮脉痹加姜黄或加红花，肌痹加葛根或加白芷，筋痹加羚羊角或加续断，骨痹加虎骨或加狗脊。有汗减麻黄，便溏减防己，寒胜减黄芩加干姜，热胜减附子加石膏，加减治之。痹实，谓气血实之人病诸痹也。宜用增味五痹汤，即麻黄，桂枝，红花，白芷，葛根，附子，虎骨，羚羊角，黄耆，甘草，防风，防己，羌活也。行痹以羌活，防风为主，痛痹以麻黄，附子为主，着痹以防己，羌活为主，皮痹以黄耆，桂枝皮为主，脉痹以红花，桂枝为主，肌痹以葛根，白芷为主，筋痹以羚羊角为主，骨痹以虎骨为主，增味于五痹治之可也。,病名,[],,脾肾阳虚,,[],,[],,"[""中药内服""]",,"[{""name"": ""加减小续命汤"", ""type"": ""方剂"", ""note"": ""痹虚者随风寒湿偏胜加减""}, {""name"": ""增味五痹汤"", ""type"": ""方剂"", ""note"": ""痹实者通用加味方""}, {""name"": ""虎骨"", ""type"": ""单味药"", ""note"": ""骨痹加用，为主药""}, {""name"": ""狗脊"", ""type"": ""单味药"", ""note"": ""骨痹加用以强筋骨""}]",0.2,骨痹加虎骨或加狗脊,True,True,,"[{""classical_span"": ""骨痹加虎骨或加狗脊"", ""why_supports"": ""骨痹属骨病范畴，治以强筋骨药，弱指向骨质疏松""}, {""classical_span"": ""痹虚，谓气虚之人病诸痹也"", ""why_supports"": ""虚证久病筋骨受累，与慢性骨病部分相似""}]",1,"[""仅见骨痹病名，未述骨弱或易折等关键特征"", ""治疗以痹证为主，可能对应风湿骨病而非骨质疏松"", ""缺乏人群年龄或退行性线索，映射证据有限""]",25bc61fca4b832fb2202100c134c7dea,"['加减小续命汤', '增味五痹汤', '狗脊', '虎骨']",清,[]
ok,1860,2026-02-04 17:52:55,圣济总录纂要,1681.0,骨折,卷二二（一）伤折门 伤折贴熁并膏药,用雄鸡一只，约一斤重者，生去毛，生去爪咀，开腹底，乘生气即捣烂，用五加皮研末，和入捣之，以匀为度，勿太烂，勿过干。用时先以五加皮煮无灰老酒，饮至极醉，将骨折处用手按平，将鸡药敷上，棉帛缚之。如今日此时缚，至明日此时解开，其骨即生满矣。如过一时，其骨即长一寸。如骨接后而尚痛者，以黑豆炒焦色，用老酒沃之，捣烂敷上，半日一换。,外治法,[],,血瘀气滞证,原文仅述伤折外治敷贴，未涉及内在证候辨证,[],,"[""骨折""]",文本仅记载“骨折/伤折”，未说明低能量或反复骨折,"[""中药外用""]",,"[{""name"": ""雄鸡"", ""type"": ""外治"", ""note"": ""生捣作敷贴主料""}, {""name"": ""五加皮"", ""type"": ""单味药"", ""note"": ""研末和鸡敷；并煮酒内服以助接骨""}, {""name"": ""黑豆"", ""type"": ""单味药"", ""note"": ""炒焦捣敷，缓解接骨后疼痛""}, {""name"": ""老酒"", ""type"": ""其他"", ""note"": ""煮五加皮饮用及沃黑豆用""}]",0.2,,True,False,愈,"[{""classical_span"": ""伤折门 伤折贴熁并膏药"", ""why_supports"": ""明确为外伤骨折外治，非骨弱所致""}, {""classical_span"": ""其骨即生满矣"", ""why_supports"": ""描述接骨疗效，指向急性骨折转归""}]",1,"[""为急性外伤骨折条目，缺乏骨弱或年老易折证据"", ""未出现骨痿/骨枯等高度相关病名"", ""不能据此推断现代骨质疏松分型""]",8bb317414379cdc92c29d2d481a7f8ce,"['五加皮', '老酒', '雄鸡', '黑豆']",清,['骨折']
ok,1857,2026-02-04 17:52:55,圣济总录纂要,1681.0,骨折,卷二二（一）伤折门 被伤绝筋,没药散　治跌打损伤，骨折筋绝。,方药,[],,删除,,[],,[],,"[""中药内服""]",,"[{""name"": ""没药散"", ""type"": ""方剂"", ""note"": ""用于治跌打损伤、骨折筋绝""}]",0.2,,True,False,,"[{""classical_span"": ""治跌打损伤，骨折筋绝"", ""why_supports"": ""明确为外伤所致骨折，非骨量减少或骨弱所致""}]",1,"[""文本仅涉及急性跌打外伤，非慢性骨弱性疾病"", ""未出现骨痿、骨弱、年老易折等指向骨质疏松的描述"", ""骨折为外力所致，缺乏脆性骨折证据""]",dc1edfc948f16eeedb7b3deb6225811c,['没药散'],清,[]
ok,3314,2026-02-04 18:51:50,圣济总录纂要,1681.0,骨虚,卷十六脏腑虚实门 骨虚实,补骨脂汤　治骨虚酸疼，多倦不能久立。,方药,[],,肾阳虚证,,[],,"[""骨痛"", ""活动受限"", ""乏力""]",,"[""中药内服""]",,"[{""name"": ""补骨脂汤"", ""type"": ""方剂"", ""note"": ""用于治疗骨虚酸疼、多倦不能久立""}]",0.4,治骨虚酸疼，多倦不能久立,True,True,,"[{""classical_span"": ""骨虚酸疼，多倦不能久立"", ""why_supports"": ""体现慢性骨痛、乏力与功能受限，符合骨量不足相关表现""}]",1,"[""原文未出现明确骨痿或骨折等高度特异表述"", ""未提供患者年龄或人群特征，难以映射具体现代表型"", ""症状可能与其他虚证骨病混淆，证据强度有限""]",64c4187bca997d338df7b981e256bef2,['补骨脂汤'],清,"['乏力', '活动受限', '骨痛']"
ok,3396,2026-02-04 18:55:25,圣济总录纂要,1681.0,骨极,卷二六（二）补益门 补虚理腰膝,酸枣仁散方　治骨极肾虚，脚膝骨髓酸痛。,方药,[],,肝肾阴虚证,原文仅述“肾虚”，未细分为肾阳虚或肝肾阴虚等,[],,"[""骨痛""]",,"[""中药内服""]",,"[{""name"": ""酸枣仁散"", ""type"": ""方剂"", ""note"": ""用于治疗骨极、肾虚所致脚膝骨髓酸痛""}, {""name"": ""酸枣仁"", ""type"": ""单味药"", ""note"": ""方中主药，微炒""}, {""name"": ""虎胫骨"", ""type"": ""单味药"", ""note"": ""涂酥炙令黄""}, {""name"": ""熟干地黄"", ""type"": ""单味药"", ""note"": """"}, {""name"": ""杜仲"", ""type"": ""单味药"", ""note"": ""去粗皮炙令黄""}]",0.4,治骨极。肾虚。脚膝骨髓酸痛。,True,True,,"[{""classical_span"": ""治骨极"", ""why_supports"": ""“骨极”为古籍中指向骨病、骨弱范畴的病名""}, {""classical_span"": ""脚膝骨髓酸痛"", ""why_supports"": ""描述慢性骨痛，符合骨量不足相关表现""}]",1,"[""仅凭骨痛症状，缺乏脆性骨折等关键证据"", ""未提供人群或年龄信息，难以对应现代分型"", ""中医证型仅笼统称肾虚，缺乏细化依据""]",57aef7d7a5796bd7a60b09a6440bccdd,"['杜仲', '熟干地黄', '虎胫骨', '酸枣仁', '酸枣仁散']",清,['骨痛']
ok,3545,2026-02-04 19:01:38,圣济总录纂要,1681.0,骨极,卷十三虚劳门 骨极,酒浸芍药散　治骨极，骨髓中酸疼。,方药,[],,肾虚血瘀证,原文仅载“骨极，骨髓中酸疼”，未明确归属具体证型,[],,"[""骨痛""]",,"[""中药内服""]",,"[{""name"": ""酒浸芍药散"", ""type"": ""方剂"", ""note"": ""用于治疗骨极所致骨髓中酸疼""}]",0.4,治骨极，骨髓中酸疼,True,True,,"[{""classical_span"": ""骨极"", ""why_supports"": ""属骨病范畴，可能对应慢性骨质损伤相关疾病""}, {""classical_span"": ""骨髓中酸疼"", ""why_supports"": ""提示慢性骨痛，与骨量或骨质异常有一定相似性""}]",1,"[""原文未出现骨折、骨弱等明确指向骨质疏松的强证据"", ""未载明患者年龄或人群特征，难以对应具体现代表型"", ""证型信息缺失，无法进行精确中医证候映射""]",2eead6ebfb2d315f0a5b30ad859efc26,['酒浸芍药散'],清,['骨痛']
ok,4357,2026-02-04 19:32:23,圣济总录纂要,1681.0,骨痹,卷二（二）诸痹门 骨痹,石斛丸方　治肾虚骨痹，肌体羸瘦，腰脚酸疼，饮食无味，小便滑数。,方药,[],,脾胃虚弱证,,[],,"[""腰背痛"", ""乏力""]",原文载“腰脚酸疼”“肌体羸瘦”，对应慢性腰痛与乏力表现,"[""中药内服""]",,"[{""name"": ""石斛丸方"", ""type"": ""方剂"", ""note"": ""用于治疗肾虚骨痹所致腰脚酸疼、肌体羸瘦""}]",0.4,治肾虚骨痹，肌体羸瘦，腰脚酸疼,True,True,,"[{""classical_span"": ""骨痹"", ""why_supports"": ""骨痹属骨病范畴，与慢性骨痛、骨弱相关""}, {""classical_span"": ""腰脚酸疼"", ""why_supports"": ""慢性腰痛是骨质疏松常见表现之一""}]",3,"[""仅有骨痹与疼痛描述，未见骨折或骨弱直述"", ""未提供人群年龄性别信息，难以映射具体现代表型"", ""证型与骨质疏松关系为间接推断，证据有限""]",342f27969141186148784a48bd7f6ee8,['石斛丸方'],清,"['乏力', '腰背痛']"
ok,4358,2026-02-04 19:32:26,圣济总录纂要,1681.0,骨痹,卷二（二）诸痹门 骨痹,熟干地黄丸方　治肾虚骨痹，面色萎黑，足冷耳鸣，四肢羸瘦，腰膝缓弱，小便滑数，补肾。,方药,[],,肾阳虚证,,[],,"[""腰背痛"", ""乏力"", ""活动受限""]",,"[""中药内服""]",,"[{""name"": ""熟干地黄丸"", ""type"": ""方剂"", ""note"": ""治肾虚骨痹，补肾""}]",0.4,治肾虚骨痹，四肢羸瘦，腰膝缓弱,True,True,,"[{""classical_span"": ""肾虚骨痹"", ""why_supports"": ""涉及骨病且以肾虚为本，符合骨量不足相关中医范畴""}, {""classical_span"": ""腰膝缓弱"", ""why_supports"": ""为骨质疏松常见慢性表现之一""}]",1,"[""未出现明确脆性骨折或骨折反复描述，相关性有限"", ""未提供人群年龄或性别信息，无法精确对应现代表型"", ""症状可见于其他痹证或虚劳疾病，非骨质疏松特异""]",6191ce402e275c221ce2176aa0911563,['熟干地黄丸'],清,"['乏力', '活动受限', '腰背痛']"
ok,4803,2026-02-04 19:50:28,张氏医通,1695.0,骨痿；骨枯,卷六  痿痹门 痿（痿厥）,凡人自觉两足热如火炙。自足踝下上冲膝腿。且痿弱软痛。能行而不能久立。脉濡而数。乃阴虚而挟湿热也。虎潜丸。不应。少加附子。骨痿不能起于床者。金刚丸。经言骨痿者。生于大热也。有所远行劳倦。逢大热而渴。渴则阳气内伐。内伐则热舍于肾。肾者水脏也。今水不胜火。则骨枯而水虚。足不任身。发为骨痿。此湿热成痿。多发于夏。令人骨乏无力。故治痿独取阳明。东垣独得其秘。而用清燥之剂。主以清暑益气汤。属湿痰者。手足软弱。脉沉滑。兼腰膝麻木。或肿。二陈汤加二术、羌活、黄柏、竹沥、姜汁。黑瘦人脉涩弱。或左脉大而无力。行步艰难。或兼盗汗阴虚等证者。是血虚有火。四物加牛膝、肉桂、黄柏、苍术。阴血衰弱。不能养筋。筋缓不能自收持。故痿弱无力。补血荣筋丸。气虚痿弱无力。四君子加苍术、黄柏、肉桂、黄 。肥白人脉沉缓。或滑。恶心。胸膈不利。属气虚有痰。六君子加苍术、黄柏、竹沥、姜汁。兼食积。即气口弦滑。腹胀恶食。是食积妨碍。脾气不得运于四肢。导痰汤加楂、曲、木瓜、防己。挟死血者。脉沉涩或弦。而按之则芤。为恶血流于腰膝。或因产后。或跌扑伤损而得者。不可作虚治。,病名,"[""老年后""]",,肝肾阴虚证,,"[""原发性-老年型""]",,"[""骨痛"", ""活动受限"", ""乏力"", ""步态不稳""]",,"[""中药内服""]",,"[{""name"": ""虎潜丸"", ""type"": ""方剂"", ""note"": ""治阴虚挟湿热之痿""}, {""name"": ""金刚丸"", ""type"": ""方剂"", ""note"": ""治骨痿不能起床""}, {""name"": ""清暑益气汤"", ""type"": ""方剂"", ""note"": ""湿热成痿，清暑益气""}, {""name"": ""二陈汤"", ""type"": ""方剂"", ""note"": ""加味治湿痰痿弱""}, {""name"": ""四物汤"", ""type"": ""方剂"", ""note"": ""加味治血虚有火""}, {""name"": ""补血荣筋丸"", ""type"": ""方剂"", ""note"": ""治阴血衰弱筋缓""}, {""name"": ""四君子汤"", ""type"": ""方剂"", ""note"": ""加味治气虚痿弱""}, {""name"": ""六君子汤"", ""type"": ""方剂"", ""note"": ""治气虚有痰""}, {""name"": ""导痰汤"", ""type"": ""方剂"", ""note"": ""加味治食积妨碍""}]",1.0,骨痿者……今水不胜火。则骨枯而水虚。足不任身。发为骨痿。,True,True,,"[{""classical_span"": ""骨痿者……骨枯而水虚"", ""why_supports"": ""直接出现骨痿、骨枯，为高度相关病名""}, {""classical_span"": ""足不任身"", ""why_supports"": ""提示骨弱乏力、承重功能下降""}]",1,"[""原文未提及骨折，若强行标注脆性骨折属过度映射"", ""证型复杂，单选可能遗漏其他证候"", ""缺乏明确人群年龄信息，老年型为推定""]",7b94f333382ee1467479a21b88a7b695,"['二陈汤', '六君子汤', '四君子汤', '四物汤', '导痰汤', '清暑益气汤', '虎潜丸', '补血荣筋丸', '金刚丸']",清,"['乏力', '步态不稳', '活动受限', '骨痛']"
ok,1920,2026-02-04 17:55:09,食疗本草译注,1984.0,骨折,卷中,鹿角主治痈疽疮肿，消散恶血。假如腰脊痛、骨折损伤等，多取鹿角，专门截取角尖的部分，锉成细末；用五升白蜜将鹿角粉屑浸没，用小火煎熬，使它稍微改变颜色，再曝晒干燥；又进一步捣细、过筛，使它的粉屑更为细小。服用时用酒送下。可以使人身体轻健，增强气力，充实骨髓，补益阳道的严重损伤。,方药,[],,删除,,[],,"[""腰背痛""]",,"[""中药内服""]",,"[{""name"": ""鹿角"", ""type"": ""单味药"", ""note"": ""锉末，以白蜜煎晒后，酒送服，用于骨折损伤、腰脊痛""}]",0.2,腰脊痛、骨折损伤等，多取鹿角,True,False,,"[{""classical_span"": ""腰脊痛、骨折损伤"", ""why_supports"": ""涉及骨骼损伤与腰背疼痛，但偏向外伤修复而非骨弱""}]",1,"[""文本以痈疽、骨折外伤为主，非骨量减少性疾病"", ""未见年老骨弱、反复易折等指向性描述"", ""证型与人群信息不足，难以稳定映射""]",643fb6ae3b7f7fcdd8128d1a00cc928c,['鹿角'],近现代,['腰背痛']
ok,1921,2026-02-04 17:55:10,食疗本草译注,1984.0,骨折,卷下,又，小麦有治疗损伤骨折的功效。将小麦和醋同蒸后，布裹敷损伤处便可止痛。严重者，再次将小麦和醋同蒸后，裹敷患处，效果很好。,外治法,[],,删除,,[],,"[""骨痛""]",,"[""中药外用""]",,"[{""name"": ""小麦"", ""type"": ""外治"", ""note"": ""与醋同蒸后布裹外敷，止痛治骨折""}, {""name"": ""醋"", ""type"": ""外治"", ""note"": ""与小麦同蒸作外敷辅料""}]",0.2,小麦有治疗损伤骨折的功效……布裹敷损伤处便可止痛,True,False,好转,"[{""classical_span"": ""治疗损伤骨折"", ""why_supports"": ""明确指向外伤性骨折而非骨弱所致""}]",1,"[""文本为急性外伤骨折，非慢性骨弱或脆性骨折"", ""未出现骨痿、骨弱、年老易折等高指向表述"", ""仅述外敷止痛，缺乏与骨量减少相关证据""]",78b471dae07bcf5fb1f420bb387a044c,"['小麦', '醋']",近现代,['骨痛']
ok,1538,2026-02-04 17:41:10,是斋百一选方,1196.0,骨折,卷之十三 第二十一门 黑神散,上二味各碾为细末，以黄牛胫骨末七分，定器末三分拌令匀。如是扑损，用好米醋调面入药末，打如稠糊，敷贴损处，上用纸三重封贴；如是骨折，于纸上更用竹片封扎，绢帛缠缚，不得换动；若初扑损，先以热酒调下二钱，甚妙。伤在腰上。食前；伤在腰下，食后，日进二服。,外治法,[],,血瘀气滞证,原文未提及辨证，仅述扑损、骨折的处理方法,[],,"[""其他""]",外伤所致骨折（扑损、骨折），非典型脆性骨折描述,"[""中药内服"", ""中药外用""]",,"[{""name"": ""黑神散"", ""type"": ""方剂"", ""note"": ""用于扑损、骨折，内服并配合外敷固定""}, {""name"": ""黄牛胫骨末"", ""type"": ""外治"", ""note"": ""与药末拌匀外敷损处以助骨折固定""}, {""name"": ""米醋"", ""type"": ""外治"", ""note"": ""调药末成糊外敷""}]",0.2,,True,False,,"[{""classical_span"": ""如是骨折，于纸上更用竹片封扎"", ""why_supports"": ""明确为外伤性骨折处理，缺乏骨弱或年老易折语义""}]",1,"[""文本仅涉及急性外伤性骨折，非慢性骨弱或脆性骨折"", ""未提供人群、年龄或反复易折等骨质疏松关键信息"", ""若强行映射为骨质疏松将混淆外伤与代谢性骨病""]",db7db9301efcce873159e5bee15e9469,"['米醋', '黄牛胫骨末', '黑神散']",宋金元,['其他']
ok,3863,2026-02-04 19:13:43,薛氏医案（四库本）,1529.0,骨痹,薛氏医案卷二十八,当归没药丸　治风血肢体刺痛筋挛骨痹或手足麻木,方药,[],,血瘀气滞证,,[],,"[""骨痛""]",,"[""中药内服""]",,"[{""name"": ""当归没药丸"", ""type"": ""方剂"", ""note"": ""用于治妇人血风血气所致筋挛骨痹、骨节疼痛""}]",0.2,治妇人血风血气，腹胁刺痛，筋挛骨痹,True,True,,"[{""classical_span"": ""筋挛骨痹"", ""why_supports"": ""提示慢性骨病疼痛表现，但未及骨弱或易折""}, {""classical_span"": ""身体骨节疼痛"", ""why_supports"": ""与骨痛相关，为骨质疏松的弱相关症状""}]",1,"[""仅有骨痹与骨节疼痛描述，缺乏骨弱或脆性骨折证据"", ""人群与现代骨质疏松分型无法从原文直接确认"", ""症状可能归属痹证或血风血气所致，非特指骨质疏松""]",686cbc46f509087d3ceb7f371d2f0961,['当归没药丸'],明,['骨痛']
ok,1539,2026-02-04 17:41:13,是斋百一选方,1196.0,骨折,卷之十三 第二十一门 接骨忘拐丸,上等分为细末，炼好黄蜡，丸如弹子大，每服一丸。筋伤骨折用无灰酒半升入药，以东南柳枝搅匀，同煎三，五沸，空心热服。五十以上，不过十服，旬日如旧，五十以下，不过五服，真神仙秘方。,方药,[],,删除,,[],,"[""其他""]",原文明确为“筋伤骨折”，属外伤性骨折而非脆性骨折,"[""中药内服""]",,"[{""name"": ""接骨忘拐丸"", ""type"": ""方剂"", ""note"": ""治筋伤骨折，黄蜡炼丸，无灰酒送服""}]",0.2,,True,False,愈,"[{""classical_span"": ""筋伤骨折用无灰酒半升入药"", ""why_supports"": ""仅指向外伤性骨折治疗，缺乏骨弱或年老脆性骨折描述""}]",1,"[""文本为急性外伤骨折方药，非慢性骨弱疾病"", ""未出现骨痿、骨疏或年老易折等强指向表述"", ""缺乏腰背痛、驼背等典型骨质疏松表现""]",c811f92329d06da6ae006a85e9748346,['接骨忘拐丸'],宋金元,['其他']
ok,228,2026-02-04 16:49:31,证治针经,1823.0,骨痿,卷三 痿,痿蹷生于肺热，治痿独取阳明，爰有脉痿筋痿之别，肉痿骨痿之分。（详《内经》。）法无一定，方不嫌纷。苍瘦脉数兮肺热叶焦，甘寒清上兮薄剂堪调。（玉竹、沙参、地骨皮、麦冬、桑叶、百合、甜杏仁。）（方书牛膝、骨碎补浸酒治瘻良。）若乃下焦湿火，秽毒混淆，苦辛寒燥而外，兼搜络隧为超。（茵陈、黄柏、萆薢、川楝子、茯苓皮、穿山甲、槟榔汁。）又或内外湿凑，经脉为痹，热铄筋骨，痿耎疮痍，（大豆）黄卷杏仁滑石，通草、防己能医。亦有始兆风痱，（肩痛肢麻，头目如蒙。）继而足痿，阳明脉虚兮宗筋纵，营络热兮内风起，元参、连翘犀角钩藤、天麻，生地桑叶丹皮堪拟。至若肝肾阴虚，厥阴风动，河间（地黄）饮子堪师，虎潜丸诸法足重。痿蹷起于遗泄，胃阳督任皆虚，药仿四金刚丸健步丸，调中另用匡扶。（胃药必须另用。）带下肢痿而夜咳痰多，（浮火上升。）实奇脉以加减八味丸；久遗筋纵而痛而脊腰伛偻，（病如历节汗出。）通奇阳以当归麝香、鹿茸生川乌。（酒煮雄羊肾捣丸。）又如脏阴久伤，（先病遗精漏疡。）腑阳亦滞，既痹痛而难行，复吐食而大便闭，加味温胆汤及更衣丸，专治阳明真妙旨。甚或失血遗精，骨痿筋弛，（鹿筋、羊肉）胶（牛骨、猪脊）髓协诸温柔，（鱼胶、苁蓉、巴戟、枸杞、茯苓、沙蒺藜、牛膝、青盐。）冀扶羸而起废。余如乙癸同涵，（熟地、苁蓉、枸杞、五味、萸肉、牛膝、石斛、菊花、茯神、山药。）脾肾双补丸，兼热症而主坚阴，属虚寒而宜益火。（上并约《指南医案》。）且夫（痿病之原，大抵起于）湿热（者多）莫作风医，（断不可用风药。）病痿宜慎饮食。（须戒厚味酒面，食淡乃佳。）因瘀（脉涩或芤，或因产后，恶血流于腰膝，或因跌扑损伤而致者，方可作死血治）因食，（气口脉洪弦带滑，兼腹胀痛，或恶食者，乃食积妨碍，脾气不得运于四肢而然。）审症脉之盈虚；挟火（黑瘦人多血虚有火）挟痰（肥白人多气虚有痰），视形躯之肥瘠。脉数而沉（濡），小水赤涩，或肿而疼，是由湿热。（宜清燥汤加减。并《治法汇》。）足痿（脐下尻臀皆冷）阴汗（臊臭，精滑，脉沉数实，）东垣滋肾丸之用诚良；热极似寒，嘉言冰雹之喻何的。壮火炎蒸，大承气堪投于脾约；（详李士材案。）高年痿躄，附子反佐乎虎潜丸。（《治法汇》案。）暨乎嗜酒成痿，伏枕三年，何药服之立起，麦冬、五味扁豆乾葛、黄连，岂徒清燥汤一法，是该治痿真传。（缪仲淳案。）,病名,"[""胎产哺乳"", ""老年后""]",,肝肾阴虚证,,"[""原发性-老年型""]",,"[""腰背痛"", ""驼背"", ""活动受限"", ""乏力""]",,"[""中药内服""]",,"[{""name"": ""虎潜丸"", ""type"": ""方剂"", ""note"": ""用于肝肾阴虚、筋骨痿软""}, {""name"": ""八味丸"", ""type"": ""方剂"", ""note"": ""加减用于久遗筋纵、脊腰伛偻""}, {""name"": ""骨碎补"", ""type"": ""单味药"", ""note"": ""浸酒治瘻，补骨""}, {""name"": ""牛膝"", ""type"": ""单味药"", ""note"": ""引药下行、强筋骨""}]",1.0,甚或失血遗精，骨痿筋弛……久遗筋纵而痛而脊腰伛偻,True,True,,"[{""classical_span"": ""骨痿筋弛"", ""why_supports"": ""直接出现高度相关古病名，指向骨弱萎软""}, {""classical_span"": ""脊腰伛偻"", ""why_supports"": ""对应现代骨质疏松的驼背、脊柱改变""}]",1,"[""若忽略原文中多证并列而强行单一证型，可能失真"", ""若将历节等他病完全等同骨质疏松，存在混淆风险"", ""若超出原文推断具体现代骨折频率则属臆造""]",85e838ca6287f4039a4bc845469e1141,"['八味丸', '牛膝', '虎潜丸', '骨碎补']",清,"['乏力', '活动受限', '腰背痛', '驼背']"
ok,3163,2026-02-04 18:45:10,证治准绳,1602.0,骨痿；骨枯,证治准绳杂病 卷之四,每服五七十丸，食前温酒、白汤任下。（以上俱用下药，实者宜之。）腰胯连脚膝晓夜疼痛，宜虎骨散、补骨脂丸、百倍丸、养肾散、选而用之。大抵诸腰痛皆起肾虚，既挟邪气，则须除其邪。如无外邪积滞而自痛，则惟补肾而已。腰肢痿弱，身体疲倦，脚膝酸软，脉或洪或细而皆无力，痛亦攸攸隐隐而不甚，是其候也。亦分寒热二证，脉细而无力，怯怯短气，小便清利，是为阳虚。宜肾气丸、茴香丸、鹿茸、羊肾之属，或以大建中汤加川椒十粒，吞下腰肾丸，及生料鹿茸丸之类。仍以茴香炒研末，破开猪腰子，作薄片勿令断，层层掺药末，水纸裹煨熟，细嚼酒咽。此皆所以补阳之不足也。其脉洪而无力，小便黄赤，虚火时炎，是谓阴虚。东垣所谓膏粱之人，久服汤药，醉以入房，损其真气，则肾气热，肾气热则腰脊痛而不能举，久则髓减骨枯，发为骨痿。宜六味丸、滋肾丸、封髓丹、补阴丸之类。以补阴之不足也。杨仁斋云：经云，腰者肾之腑，转摇不能，肾将惫矣。审如是则病在少阴，必究其受病之源，而处之为得。虽然宗筋聚于阴器，肝者肾之同系也。五脏皆取气于谷，脾者肾之仓廪也。郁怒伤肝则诸筋纵弛，忧思伤脾则胃气不行，二者又能为腰痛之冠，故并及之。郁怒伤肝发为腰痛，宜调肝散主之。忧思伤脾发为腰痛，宜沉香降气汤和调气散，姜、枣煎主之。煨肾丸，治肝肾损及脾损，谷不化，腰痛不起者神效。又有沮锉失志伤肾而痛者，和剂七气汤，多加白茯苓，少加乳香、沉香主之。疟痢后腰痛，及妇人月经后腰痛，俱属虚，宜补。于补气血药中，加杜仲、侧柏叶主之。丹溪云：久腰痛，必用官桂开之方止，腹胁痛亦然。橘香丸，治腰痛经久不瘥，亦用官桂开之之意也。,病名,"[""老年后""]",,肝肾阴虚证,,"[""原发性-老年型""]",,"[""腰背痛"", ""骨痛"", ""活动受限""]",,"[""中药内服"", ""中药外用"", ""针刺""]",,"[{""name"": ""六味地黄丸"", ""type"": ""方剂"", ""note"": ""补阴不足，治骨痿""}, {""name"": ""滋肾丸"", ""type"": ""方剂"", ""note"": ""滋肾阴，缓解腰脊痛""}, {""name"": ""封髓丹"", ""type"": ""方剂"", ""note"": ""补肾填髓""}, {""name"": ""独活寄生汤"", ""type"": ""方剂"", ""note"": ""治风湿腰痛""}, {""name"": ""杜仲酒"", ""type"": ""外治"", ""note"": ""温补肾气，治腰痛""}]",1.0,久则髓减骨枯，发为骨痿,True,True,,"[{""classical_span"": ""髓减骨枯，发为骨痿"", ""why_supports"": ""直接描述骨枯骨痿，与骨量减少高度一致""}, {""classical_span"": ""腰者肾之腑"", ""why_supports"": ""肾虚致腰痛，为骨病根本""}]",1,"[""原文若仅为急性外伤腰痛则不应映射骨质疏松"", ""未出现骨痿骨枯等关键词则相关性不足"", ""若强行推断现代分型而无文本依据则不合格""]",5498838607c0691d701b8e7588333bab,"['六味地黄丸', '封髓丹', '杜仲酒', '滋肾丸', '独活寄生汤']",明,"['活动受限', '腰背痛', '骨痛']"
ok,5151,2026-02-04 20:04:40,证治准绳,1602.0,骨痿；骨枯,证治准绳杂病 卷之四,故《下经》曰：肉痿者，得之湿地也。又曰：脾热者，色黄而肉蠕动。宜苍、白术，二陈，入霞天膏之属主之。肾气热则腰脊不举，骨枯而髓减，发为骨痿。有所远行劳倦，逢大热而渴，渴则阳气内伐，内伐则热舍于肾，肾者水脏也，今水不胜火则骨枯而髓虚，故足不任身发为骨痿。故《下经》曰：骨痿者，生于大热也。又曰：肾热者，色黑而齿槁。宜金刚丸。肾肝俱损，骨痿不能起于床，筋弱不能收持，宜益精缓中，宜牛膝丸、加味四斤丸。,病名,"[""老年后""]",,肝肾阴虚证,,"[""原发性-老年型""]",,"[""活动受限"", ""乏力"", ""步态不稳""]",,"[""中药内服""]",,"[{""name"": ""苍术"", ""type"": ""单味药"", ""note"": ""用于治疗肉痿、脾热相关证候""}, {""name"": ""白术"", ""type"": ""单味药"", ""note"": ""用于治疗肉痿、脾热相关证候""}, {""name"": ""二陈汤"", ""type"": ""方剂"", ""note"": ""与苍白术同用，治脾热肉痿""}, {""name"": ""霞天膏"", ""type"": ""其他"", ""note"": ""入方用于治疗肉痿""}, {""name"": ""金刚丸"", ""type"": ""方剂"", ""note"": ""用于肾热骨痿""}, {""name"": ""牛膝丸"", ""type"": ""方剂"", ""note"": ""用于肾肝俱损之骨痿""}, {""name"": ""加味四斤丸"", ""type"": ""方剂"", ""note"": ""用于肾肝俱损、筋骨痿弱""}]",1.0,肾气热则腰脊不举，骨枯而髓减，发为骨痿,True,True,,"[{""classical_span"": ""骨枯而髓减，发为骨痿"", ""why_supports"": ""直接描述骨枯、骨痿，与骨量减少高度一致""}, {""classical_span"": ""骨痿不能起于床"", ""why_supports"": ""反映骨骼无力、功能受限""}]",1,"[""若将肉痿误等同骨痿，可能扩大映射范围"", ""若推断具体现代分型超出原文证据，可能属过度解释"", ""若将未明确的疼痛或骨折症状强行补充，属于臆造""]",3523df0cab3811e64c3e3d9ea776a1ab,"['二陈汤', '加味四斤丸', '牛膝丸', '白术', '苍术', '金刚丸', '霞天膏']",明,"['乏力', '步态不稳', '活动受限']"
ok,2998,2026-02-04 18:38:34,嵩厓尊生书,1695.0,骨痿,卷之三 药性部 药性赋计二百七十六味,矾石　其性燥急收涩，坠浊解毒除热。吐利风热痰涎，取其酸苦涌泄。又治泄痢白带，取其收而酸涩。能除固热在骨，髓热骨痿齿浮。矾性入骨除热，故为固齿所需。然性燥急劫水，涌泄不宜阴虚。又或初痢虚带，遽用收涩可虑。,方药,[],,肝肾阴虚证,,[],,[],,"[""中药内服""]",,"[{""name"": ""矾石"", ""type"": ""单味药"", ""note"": ""入骨除热，治髓热骨痿、齿浮；性燥急，阴虚不宜""}]",1.0,能除固热在骨，髓热骨痿齿浮。矾性入骨除热，故为固齿所需。,True,True,,"[{""classical_span"": ""髓热骨痿"", ""why_supports"": ""明确出现“骨痿”，为古籍中高度指向骨质疏松范畴的病名""}]",1,"[""若将药性泛化为补益而非清热收涩，可能导致证据臆造"", ""若强行推断具体现代分型（如老年型）而原文未涉年龄，为过度映射"", ""若添加原文未提及的症状体征（如骨折），则证据不足""]",f84b38c408f6c44fba354b13f3e4c7fa,['矾石'],清,[]
ok,2999,2026-02-04 18:38:36,嵩厓尊生书,1695.0,骨痿,卷之五 病机部 病机赋九十三条,欲过以至肾虚，七情六淫来伤。风痛牵引两足，或左或右无常。湿痛不喜天阴，久坐身体重沉。寒痛见寒则增，腰冷如冰脉紧。热痛脉必洪数，发渴便闭热甚。瘀血痛必脉涩，气滞脉必带沉。凡此外因皆标，肾脏虚弱其本。挟邪须先除邪，无邪惟宜补肾。腰弱体倦膝朘，痛亦攸攸不甚。此是肾虚之候，亦分阴阳二因。若脉细而无力，怯怯短气便利。宜用鹿茸羊肾，以补肾阳不足。若脉洪而无力，火炎小便黄赤。久之肾热骨痿，便宜补肾阴虚。肾着腰冷能食，重赘如带金石。胯痛单属湿热，腰软必用柏已。,病名,"[""情志异常""]",,肝肾阴虚证,,[],,"[""腰背痛"", ""骨痛"", ""乏力"", ""活动受限""]",,"[""中药内服""]",,"[{""name"": ""鹿茸"", ""type"": ""单味药"", ""note"": ""用于补肾阳不足""}, {""name"": ""羊肾"", ""type"": ""单味药"", ""note"": ""用于补肾阳不足""}, {""name"": ""柏已"", ""type"": ""单味药"", ""note"": ""用于腰软、湿热相关表现""}]",1.0,久之肾热骨痿,True,True,,"[{""classical_span"": ""久之肾热骨痿"", ""why_supports"": ""明确出现“骨痿”病名，与骨质疏松高度一致""}, {""classical_span"": ""腰弱体倦膝朘"", ""why_supports"": ""描述腰膝无力、体倦，为骨量不足相关表现""}]",1,"[""若将多证并存强行合并为单一证型，可能失真"", ""未见骨折记载，若过度映射为脆性骨折型可能不当"", ""若药名“柏已”解释超出原文，属于臆造风险""]",2426d1aef6937dd8ec7c99cbe7cba7fc,"['柏已', '羊肾', '鹿茸']",清,"['乏力', '活动受限', '腰背痛', '骨痛']"
ok,4304,2026-02-04 19:30:26,嵩厓尊生书,1695.0,骨痹,卷之九 中身部 脾胃分,因寒结痰　成骨痹、气刺痛、四肢不举、胸前痞塞等症。干姜决不可少，甚则加桂、麻黄、细辛，入二陈可用。,病名,[],,血瘀气滞证,,[],,"[""骨痛"", ""活动受限""]",,"[""中药内服""]",,"[{""name"": ""干姜"", ""type"": ""单味药"", ""note"": ""治寒结痰所致骨痹之要药""}, {""name"": ""桂"", ""type"": ""单味药"", ""note"": ""症甚时加用以温经散寒""}, {""name"": ""麻黄"", ""type"": ""单味药"", ""note"": ""症甚时加用以通痹止痛""}, {""name"": ""细辛"", ""type"": ""单味药"", ""note"": ""症甚时加用以散寒止痛""}, {""name"": ""二陈汤"", ""type"": ""方剂"", ""note"": ""与上药同用以化痰行气""}]",0.2,因寒结痰，成骨痹、气刺痛、四肢不举,True,True,,"[{""classical_span"": ""成骨痹、气刺痛"", ""why_supports"": ""提示慢性骨病疼痛，与骨质疏松疼痛表现有弱对应""}, {""classical_span"": ""四肢不举"", ""why_supports"": ""反映功能受限，可能与骨骼退变相关""}]",1,"[""骨痹为痹证范畴，未明确骨弱或易折"", ""缺乏年龄或脆性骨折等关键证据"", ""治疗侧重祛寒化痰，非直接补骨证据""]",fecd1edf90c51069117dde5338710ade,"['二陈汤', '干姜', '桂', '细辛', '麻黄']",清,"['活动受限', '骨痛']"
ok,4306,2026-02-04 19:30:31,嵩厓尊生书,1695.0,骨痹,卷之十二 周身部 皮肤分,又有五痹。筋屈不伸为筋痹，前方加木瓜、柴胡。血凝不流为脉痹，前方加菖蒲、茯神、当归。肌多不仁为肉痹，前方加白茯苓、陈皮、木香、砂仁。遇寒皮急，遇热皮纵，为皮瘅，前方加紫菀、杏仁、麻黄。重滞不举为骨痹，前方加独活、泽泻。治痹不外乎此。,病名,[],,肾虚血瘀证,,[],,"[""活动受限""]",,"[""中药内服""]",,"[{""name"": ""独活"", ""type"": ""单味药"", ""note"": ""治骨痹加用""}, {""name"": ""泽泻"", ""type"": ""单味药"", ""note"": ""治骨痹加用""}]",0.2,重滞不举为骨痹,True,True,,"[{""classical_span"": ""重滞不举为骨痹"", ""why_supports"": ""描述骨部沉重、功能受限，属慢性骨病范畴，弱相关""}]",3,"[""仅见痹证分型，缺乏骨弱或易折等特征"", ""未提供人群与病程信息，难以定位现代分型"", ""症状以功能障碍为主，可能为风湿痹证而非骨质疏松""]",7b47ba2a93b700b28064e82707c328b1,"['泽泻', '独活']",清,['活动受限']
ok,894,2026-02-04 17:15:41,重庆堂随笔,1852.0,骨痿,卷下,《本经》淫羊藿气寒味辛无毒，主阴痿绝伤，茎中痛，利小便，益气力，强志。后人因《别录》羊食而淫之说，遂改为性热助阳，误矣。夫羊性喜淫，乃其天赋，不必食此藿也。即谓食之益淫，故以命名，然人非羊也，食之何必淫？吾乡畜羊者，秋冬以桑叶饲之，故羊之益人，惟杭、嘉、湖者为最。然桑叶者，蚕食之而成丝之物也，若谓人食淫羊之藿而亦淫，则羊食成丝之桑而亦丝矣。盖体脏既殊，不能以一例论也。如矾石之为物也，蚕食之肥，鼠食之死。可见药有定性而体脏不同，则性亦随之而变矣。余谓羊为火畜，藿禀水气，羊果食藿而益淫，亦《内经》阴平阳秘之旨耳。惟叶氏云：淫羊藿气寒，禀天冬令之水气，入足少阴肾经，味辛无毒，得地润泽之金味，入手太阴肺经。气味降多于升，阴也。阴者，宗筋也。水不制火，火热则筋失其刚性也而痿矣。淫羊藿入肾而气寒，寒足以制火而痿自愈也。绝伤者，阴绝而精伤也。气寒益水，味辛能润，润则阴精充也。茎，玉茎也。痛者，火郁于中也。热者清之以寒，郁者散之以辛，所以主茎中痛也。小便气化乃出，辛寒之品，清肃肺气，故利小便。肺主气，肾统气，寒益肾，辛润肺，故益气力也。气力既益，内养刚大，所以强志，盖肾藏志也。此解真得其要者，故录之以释诸家之惑。且肾主骨，阴虚骨痿者亦为要药。经云，肾苦燥，急食辛以润之，正指此也。,方药,"[""老年后"",""情志异常""]",,肝肾阴虚证,,"[""原发性-老年型""]",,[],,"[""中药内服""]",,"[{""name"": ""淫羊藿"", ""type"": ""单味药"", ""note"": ""入肾益水、制火，治阴虚骨痿""}]",1.0,且肾主骨，阴虚骨痿者亦为要药。,True,True,,"[{""classical_span"": ""阴虚骨痿者亦为要药"", ""why_supports"": ""明确出现“骨痿”，为骨质疏松高度相关古籍病名""}]",1,"[""原文未涉及骨痿，仅为一般补益药论述"", ""证型与骨病关联不足却强行映射"", ""未出现任何与骨相关的病名或论述""]",21079e222c8bd361fd85103b90009f28,['淫羊藿'],清,[]
ok,1541,2026-02-04 17:41:14,苏沈良方,1075.0,骨折,卷第九 续骨丸（出《灵苑》）,上新鼎中先熔脂，次下蜡，出鼎于冷处，下密陀僧铅丹自然铜，暖火再煎，滴入水中不散。出鼎于冷处，下诸药，用柳篦搅匀，泻入瓷瓶内。不停住手搅至凝，圆如弹丸，且用笋皮之类衬之，极冷，收贮。凡伤折用一丸，入少油火上化开，涂伤痛处，以油单获之。其甚者，以灯心裹木夹之，更取一丸，分作小圆，热葱酒下，痛即止。如药力尽，再觉痛，更一服，痛止即已。骨折者两上便安，牙疼甚者贴之即止，此方小说所载。有人遇异人得之，予家每合,方药,[],,删除,,[],,"[""其他""]",外伤所致伤折、骨折疼痛，非文中所述脆性骨折,"[""中药外用"", ""中药内服""]",,"[{""name"": ""续骨丸"", ""type"": ""方剂"", ""note"": ""外涂伤折处；重者分丸以葱酒送服止痛""}]",0.2,凡伤折用一丸…骨折者两上便安,True,False,痛止即已,"[{""classical_span"": ""凡伤折用一丸"", ""why_supports"": ""明确针对外伤性伤折、骨折用药""}]",1,"[""所述为外伤骨折治疗，非慢性骨弱或脆性骨折"", ""未见年老骨弱、反复易折等骨质疏松关键信息"", ""强行映射证型或人群将超出原文证据""]",03e23e09439ca2354c3502c6b8b3462e,['续骨丸'],宋金元,['其他']
ok,3947,2026-02-04 19:16:58,赤水元珠（四库本）,1584.0,骨痹,赤水元珠卷六,热痰则多烦热风痰多成瘫痪竒症冷痰多成骨痹湿痰多成倦怠软弱惊痰多成心痛癫疾饮痰多脇痛臂痛食积痰多成癖块痞满,病名,[],,肝肾阴虚证,,[],,[],,"[""中药内服""]",,"[{""name"": ""南星"", ""type"": ""单味药"", ""note"": ""用于清风痰、痰壅滞之证""}, {""name"": ""半夏"", ""type"": ""单味药"", ""note"": ""与南星同用以清痰""}, {""name"": ""六君子汤"", ""type"": ""方剂"", ""note"": ""原文称“六君之类”，用于调胃气、防痰再生""}]",0.2,冷痰多成骨痹,True,False,,"[{""classical_span"": ""冷痰多成骨痹"", ""why_supports"": ""出现“骨痹”这一涉及骨病的古籍病名，但未指向骨弱或易折""}]",1,"[""仅出现骨痹病名，未描述骨弱、骨折等核心特征"", ""证型与骨质疏松的现代对应关系证据较弱"", ""文本主论痰病机理，骨相关内容有限""]",e769490dd1566b36acfd0af5d1beff20,"['六君子汤', '半夏', '南星']",明,[]
ok,4002,2026-02-04 19:18:55,历代本草药性汇解,2003.0,骨痹,补益类 白芍(《本经》),芍药能开阴结。湿痹之骨痹疼烦掣痛，水气之聚水成病，独非阴结耶，皆不用何也？盖芍药外能开营分之结，不能解筋骨间结，内能开下焦肝脾肾之结，不能开上焦心肺之结也。何以故？夫外而营分，内而肝脾肾，皆血所常流行宿止者也。芍药璀璨之色，馥郁之气，与血中之气相宜，不与水谷之气为伍，则能治血分之阴气结，不能治雾露水谷之阴气结，故湿痹水气虽为阴结，非芍药所能开也。然则血瘀岂非阴结之尤者，而有用有不用，其义何居？盖芍药能治血之定，不能治血之动，（桂枝龙骨牡蛎汤桂枝救逆汤柏叶汤黄土汤赤小豆当归散泻心汤旋覆花汤虽为血分之病乃因阳气逼逐而然不关阴结故不用）能治血中气结，不能治血结。（桃仁承气汤抵当汤丸下瘀血汤大黄甘遂汤盘石丸红蓝花酒等证皆为血结非血中之气结故不用）辨此之法，气主煦之，血主濡之，不濡为血病，不煦为气病。是以芍药所主之血证，多拘急腹痛也。,方药,"[""情志异常""]",,血瘀气滞证,,[],,"[""骨痛""]",,"[""中药内服""]",,"[{""name"": ""白芍"", ""type"": ""单味药"", ""note"": ""论其能开血分之阴结，不治筋骨间结""}]",0.2,湿痹之骨痹疼烦掣痛,True,True,,"[{""classical_span"": ""骨痹疼烦掣痛"", ""why_supports"": ""出现骨痹与骨部疼痛描述，可弱关联骨病表现""}]",1,"[""仅提及骨痹疼痛，缺乏骨弱或易折等关键证据"", ""内容以药性辨析为主，非针对具体骨病治疗"", ""现代骨质疏松表型无法从原文明确对应""]",f92c3e74358fa220febd4e945091e5a3,['白芍'],近现代,['骨痛']
ok,4046,2026-02-04 19:20:41,医方集解,1682.0,骨痹,祛风之剂 三痹汤〔风寒湿痹〕,治气血凝滞，手足拘挛，风寒湿三痹。｛经曰，风寒湿三者杂合而为痹也， 其风气胜者为行，寒气胜者为痛痹，湿气胜者为着痹也，以冬遇此者为骨痹， 以春遇此者为筋 痹，以夏遇此者为脉痹，以至阴遇此者为肌痹，以秋遇此者为皮痹， 痹在于骨则重，在于脉，则血凝而不流，在于筋则屈不伸，在于肉则不仁， 在皮则寒痛者，寒气多也，其寒者，阳气少阴气多也，其热者，阳气多阴气少也， 故为痹热，其多汗而濡者湿也，阳气少，阴气盛，故汗出而濡也。人参、黄耆、茯苓、 甘草、当归、川芎、白芍、生地黄、杜仲〔姜汁炒断丝〕、川牛膝、川续断、桂心、 细辛、秦艽、川独活、防风、等分，加姜枣煎。此足三阴药也，喻嘉言曰， 此方用参耆四物一派补药，内加防风秦艽以胜风湿，桂心以胜寒，细辛独活以通肾气， 凡治三气袭虚而成痹患者，宜准诸此。｛昂按风痹诸方，大约祛风胜湿泻热之药多， 而养血补气固本之药少，惟此方专以补养为主，而以治三气之药从之， 散药得补药以行其势，辅正驱邪，尤易于见功，故喻氏取之。｝,方药,[],,肾虚血瘀证,,"[""其他""]",文本为风寒湿痹之“骨痹”，属慢性骨病疼痛范畴，非典型原发性骨质疏松分型,"[""骨痛"", ""活动受限""]",,"[""中药内服""]",,"[{""name"": ""三痹汤"", ""type"": ""方剂"", ""note"": ""治风寒湿三痹，气血凝滞、手足拘挛""}, {""name"": ""杜仲"", ""type"": ""单味药"", ""note"": ""姜汁炒断丝，用于补肾强筋骨""}, {""name"": ""川续断"", ""type"": ""单味药"", ""note"": ""续筋接骨，入方配伍""}, {""name"": ""川牛膝"", ""type"": ""单味药"", ""note"": ""活血通络，引血下行""}]",0.2,以冬遇此者为骨痹，痹在于骨则重,True,True,,"[{""classical_span"": ""以冬遇此者为骨痹"", ""why_supports"": ""明确出现“骨痹”病位在骨，涉及慢性骨病疼痛""}, {""classical_span"": ""痹在于骨则重"", ""why_supports"": ""描述骨部受累导致沉重疼痛，提示骨性病变""}]",3,"[""文本为痹证论治，未出现骨弱、易折等核心骨质疏松特征"", ""证型与现代骨质疏松病因并非一一对应，映射证据有限"", ""未提供人群年龄或性别信息，难以确定现代分型""]",0a52c82479f55dfdb98c65891b589271,"['三痹汤', '川牛膝', '川续断', '杜仲']",清,"['活动受限', '骨痛']"
ok,4050,2026-02-04 19:20:48,鸡峰普济方,1133.0,骨痹,卷第十,若皮寒至骨汤火不能热浓衣不能温然不冻栗此由肾气素盛恣欲太过水竭指枯髓不满华不充于外所以不冻栗者非阳虚而为阴乘也名曰骨痹疟久久不治令挛缩宜此鹿茸（四两） 生干地黄（各四两） 干漆（半两） 附子（一两）,方药,[],,肾阳虚证,,[],,"[""骨痛"", ""活动受限""]",,"[""中药内服""]",,"[{""name"": ""鹿茸"", ""type"": ""单味药"", ""note"": ""主药之一，原文列量四两""}, {""name"": ""生干地黄"", ""type"": ""单味药"", ""note"": ""与鹿茸并用，各四两""}, {""name"": ""干漆"", ""type"": ""单味药"", ""note"": ""佐药，半两""}, {""name"": ""附子"", ""type"": ""单味药"", ""note"": ""温阳通痹，一两""}]",0.2,名曰骨痹疟久久不治令挛缩,True,True,,"[{""classical_span"": ""名曰骨痹"", ""why_supports"": ""属骨病范畴，为慢性筋骨病变""}, {""classical_span"": ""疟久久不治令挛缩"", ""why_supports"": ""提示久病致筋骨功能受限""}]",1,"[""原文未明确提及骨折或骨弱，相关性偏弱"", ""症候可归于痹证，未必对应骨量减少"", ""缺乏人群与年龄信息，难以确定现代分型""]",0982eab1e02e1724c8b4c981ea507c39,"['干漆', '生干地黄', '附子', '鹿茸']",宋金元,"['活动受限', '骨痛']"
ok,4069,2026-02-04 19:21:22,御纂医宗金鉴（四库本）,1742.0,骨痹,御纂医宗金鉴卷三十九,【注】痹虚谓气虚之人病诸痹也宜用加减小续命汤风胜行痹倍防风寒胜痛痹倍附子湿胜着痹倍防己皮痹加黄耆或桂枝皮衇痹加姜黄或加红花肌痹加葛根或加白芷筋痹加羚羊角或加续断骨痹加虎骨或加狗脊有汗减麻黄便溏减防己寒胜减黄芩加干姜热胜减附子加石膏加减治之痹实谓气血实之人病诸痹也宜用增味五痹汤即麻黄桂枝红花白芷葛根附子虎骨羚羊角黄耆甘草防风防己羌活也行痹以羌活防风为主痛痹以麻黄附子为主着痹以防己羌活为主皮痹以黄耆桂枝皮为主衇痹以红花桂枝为主肌痹以葛根白芷为主筋痹以羚羊角为主骨痹以虎骨为主增味于五痹治之可也,病名,[],,脾肾阳虚,,[],,[],,"[""中药内服""]",,"[{""name"": ""加减小续命汤"", ""type"": ""方剂"", ""note"": ""用于痹虚诸痹，随风寒湿热加减""}, {""name"": ""增味五痹汤"", ""type"": ""方剂"", ""note"": ""用于痹实诸痹，分行痛着皮脉肌筋骨痹加减""}, {""name"": ""虎骨"", ""type"": ""单味药"", ""note"": ""骨痹以虎骨为主""}, {""name"": ""狗脊"", ""type"": ""单味药"", ""note"": ""骨痹加用""}, {""name"": ""续断"", ""type"": ""单味药"", ""note"": ""筋痹或骨痹加用""}]",0.2,骨痹以虎骨为主,True,True,,"[{""classical_span"": ""骨痹以虎骨为主"", ""why_supports"": ""出现骨痹病名，涉及骨病范畴""}, {""classical_span"": ""筋痹…骨痹加虎骨或加狗脊"", ""why_supports"": ""治疗指向筋骨病变""}]",1,"[""文本未明确描述骨折或骨量减少，相关性偏弱"", ""可能属于风湿痹证而非骨质疏松"", ""现代表型与人群信息缺失，映射不完整""]",1c4f0dc95122448b1c9264e08b216dee,"['加减小续命汤', '增味五痹汤', '狗脊', '续断', '虎骨']",清,[]
ok,4086,2026-02-04 19:22:04,普济方（四库本61-120卷）,1406.0,骨痹,普济方卷九十二,独活散　治中风口面防斜手足不正风入脏腑昏闷不语腰背如觧难以俛仰骨痹冷痛心惊不定独活　羌活　赤茯苓　附子【炮制去皮脐】白僵蚕【防炒】天麻　麻黄【去根节】干蝎【防炒各一两】芎防　桂心　羚羊角屑　丹参,方药,[],,肾阳虚证,,[],,"[""腰背痛"", ""骨痛"", ""活动受限""]",,"[""中药内服""]",,"[{""name"": ""独活散"", ""type"": ""方剂"", ""note"": ""治骨痹冷痛、腰背难以俛仰等""}]",0.2,腰背如觧难以俛仰，骨痹冷痛,True,True,,"[{""classical_span"": ""骨痹冷痛"", ""why_supports"": ""骨痹属筋骨病变，可与慢性骨痛、骨病范畴对应""}, {""classical_span"": ""腰背如觧难以俛仰"", ""why_supports"": ""提示腰背疼痛及活动受限，为骨质疏松常见表现之一""}]",1,"[""未明确出现骨痿、骨枯等高度特异病名"", ""缺乏脆性骨折或骨弱易折的直接描述"", ""症候亦可由风湿痹证或中风后遗症解释""]",d1057a74b10d536de08047eb54e72271,['独活散'],明,"['活动受限', '腰背痛', '骨痛']"
ok,4103,2026-02-04 19:22:39,普济方（四库本181-240卷）,1406.0,骨痹,普济方卷一百八十六,熟干地黄丸【出圣济录】治肾虚骨痹面色萎黑足冷耳鸣四肢羸痩脚膝缓弱小便滑数补肾,方药,[],,肾阳虚证,,[],,"[""乏力"", ""活动受限""]",,"[""中药内服""]",,"[{""name"": ""熟干地黄丸"", ""type"": ""方剂"", ""note"": ""治肾虚骨痹，补肾用方，出《圣济录》""}]",0.2,治肾虚骨痹…四肢羸痩脚膝缓弱,True,True,,"[{""classical_span"": ""治肾虚骨痹"", ""why_supports"": ""出现“骨痹”病名，涉及慢性骨病范畴""}, {""classical_span"": ""四肢羸痩脚膝缓弱"", ""why_supports"": ""描述肢体消瘦、膝弱，提示慢性骨骼/筋骨无力""}]",1,"[""未明确出现骨折或骨枯等强指向骨质疏松的病名"", ""症状以痹证与肾虚为主，可能指向其他慢性骨病"", ""缺乏人群与年龄信息，难以对应现代具体分型""]",f22c9dd33084f897918f030836991306,['熟干地黄丸'],明,"['乏力', '活动受限']"
ok,4102,2026-02-04 19:22:45,奇效良方,1449.0,骨痹,卷之三十八 五痹门（附论） 五痹通治方,治肾虚骨痹，肌体羸瘦，腰脚酸疼，饮食无味，小便滑数，并宜服之。,方药,[],,脾胃虚弱证,,[],,"[""骨痛"", ""乏力""]",,"[""中药内服""]",,"[{""name"": ""石斛丸"", ""type"": ""方剂"", ""note"": ""用于治疗肾虚骨痹、肌体羸痩、脚酸疼""}]",0.2,治肾虚骨痹肌体羸痩脚酸疼,True,True,,"[{""classical_span"": ""肾虚骨痹"", ""why_supports"": ""提示慢性骨病范畴，可能与骨量不足相关""}, {""classical_span"": ""脚酸疼"", ""why_supports"": ""反映骨痛样症状，但缺乏脆性骨折证据""}]",3,"[""未明确出现骨痿、骨折等高度特异性病名"", ""症状可由其他痹证或虚证解释，特异性不足"", ""缺乏人群年龄与骨弱演变描述""]",04e9c6e2d8f2acaa82db4a837636cdf3,['石斛丸'],明,"['乏力', '骨痛']"
ok,4104,2026-02-04 19:22:50,普济方（四库本181-240卷）,1406.0,骨痹,普济方卷一百八十六,附子独活汤【出宣明论】治肾藏中风寒湿成骨痹腰脊疼痛不得俛仰两脚冷缓弱不遂头昏耳聋语音浊浑四肢沉重,方药,[],,肾阳虚证,,[],,"[""腰背痛"", ""活动受限"", ""乏力""]",,"[""中药内服""]",,"[{""name"": ""附子独活汤"", ""type"": ""方剂"", ""note"": ""治肾藏中风寒湿成骨痹腰脊疼痛等""}]",0.2,治肾藏中风寒湿成骨痹腰脊疼痛不得俛仰,True,True,,"[{""classical_span"": ""骨痹腰脊疼痛不得俛仰"", ""why_supports"": ""提示慢性骨病相关的腰背疼痛与活动受限，与骨质疏松表现部分相符""}]",1,"[""仅见骨痹与疼痛描述，缺乏骨弱或易折等直接证据"", ""未提供人群或年龄信息，无法确定现代表型"", ""方药主治偏痹证，可能为其他风寒湿骨病""]",e6cb10fe98963005dd054ce4d23e7e3d,['附子独活汤'],明,"['乏力', '活动受限', '腰背痛']"
ok,4106,2026-02-04 19:22:54,普济方（四库本181-240卷）,1406.0,骨痹,普济方卷一百八十六,干漆丸【出指南方】治肉骨痹皮寒,方药,[],,肾阳虚证,,[],,[],,"[""中药内服""]",,"[{""name"": ""干漆丸"", ""type"": ""方剂"", ""note"": ""用于治疗肉骨痹、皮寒""}]",0.2,,True,True,,"[{""classical_span"": ""治肉骨痹皮寒"", ""why_supports"": ""“骨痹”属慢性骨病范畴，但多指痹证，非直接骨弱""}]",1,"[""仅见“骨痹”痹证表述，缺乏骨弱或易折证据"", ""未提供明确人群或年龄背景，难以对应现代表型"", ""症状描述不足，可能为风寒湿痹而非骨质疏松""]",16381b3da4b245271bbf9a40f243059b,['干漆丸'],明,[]
ok,4105,2026-02-04 19:23:02,普济方（四库本181-240卷）,1406.0,骨痹,普济方卷一百八十六,鹿茸天麻丸【出圣济总录】治肾蔵气虚骨痹缓弱腰脊酸疼脐腹虚冷色不泽志意昏愤,方药,[],,肾阳虚证,,[],,"[""腰背痛"", ""活动受限"", ""乏力""]",,"[""中药内服""]",,"[{""name"": ""鹿茸天麻丸"", ""type"": ""方剂"", ""note"": ""用于治肾藏气虚所致骨痹缓弱、腰脊酸疼""}]",0.4,治肾蔵气虚骨痹缓弱腰脊酸疼,True,True,,"[{""classical_span"": ""骨痹缓弱"", ""why_supports"": ""提示筋骨痿软、功能减退，符合骨量不足相关表现""}, {""classical_span"": ""腰脊酸疼"", ""why_supports"": ""慢性腰背痛是骨质疏松常见症状之一""}]",1,"[""未见明确骨折或骨弱易折描述，相关性有限"", ""缺乏人群年龄或性别信息，无法判定具体现代表型"", ""症状可能属于一般痹证而非骨质疏松特异表现""]",dd3e2f4e7ceea8c83837cdba2d3bf7fb,['鹿茸天麻丸'],明,"['乏力', '活动受限', '腰背痛']"
ok,4112,2026-02-04 19:23:10,孙真人备急千金要方（道藏本）,652.0,骨痹,孙真人备急千金要方卷之八十,粟米：味咸，微寒，无毒。养肾气，去骨痹、热中，益气也。,方药,[],,肾阳虚证,,[],,"[""骨痛""]",,"[""中药内服""]",,"[{""name"": ""粟米"", ""type"": ""单味药"", ""note"": ""用于养肾气，去骨痹""}]",0.2,养肾气，去骨痹,True,True,,"[{""classical_span"": ""去骨痹"", ""why_supports"": ""骨痹为慢性骨病范畴，可与骨痛、骨弱类疾病发生语义关联""}]",1,"[""仅见骨痹描述，未见骨折或骨弱等强指征"", ""为单味药性说明，非完整病证论述"", ""缺乏明确人群与长期转归信息""]",30a5eef75c709cfb25ed27851be5fdae,['粟米'],唐,['骨痛']
ok,4108,2026-02-04 19:23:10,薛氏医案（四库本）,1529.0,骨痹,薛氏医案卷二十三,愚按丹溪先生云痰病之原有因热而生痰者亦有因痰而生热者有因风寒暑湿而得者有因惊而得者有因气而得者有因食积而得者有脾虚不能运化而生者若热病则多烦热风痰多成瘫痪竒症冷痰多成骨痹湿痰多怠惰软弱惊痰多成心痛癫疾饮痰多胁痛臂痛食积痰多成癖块痞满其为病种种难名窃谓前症若因肾水虚弱阴亏难降使邪水上溢故多痰唾宜滋其化源其痰自消若因肝木侮脾土而风痰壅滞者先用南星半夏清其痰后用六君子之类调胃气痰自不生若槩用风药耗其阳气而絶阴血之源适足以成其风益其病也○冡宰刘紫岩因劳下体软痛发热痰盛用清燥汤入竹沥姜汁服之热痛减半再剂而全愈○庠生陈时用素勤苦复因劳怒口斜痰甚脉滑数而软余谓劳伤中气怒伤肝火用补中益气汤加山栀茯苓半夏神曲桔梗数剂而愈○锦衣杨永兴筋骨软痛气粗痰盛作渇喜水或用愈风汤天麻丸更加痰甚体麻余以为脾肾俱虚用补中益气汤加减八味丸三月余而痊陶天爵妾媵素多时患头晕痰甚劳则肢体痿软筋骨作痛殊类风症余以为肾虚不能纳气归源用加减八味丸而痊后因房劳气恼头晕项强耳下作痛此肝火之症仍用前药滋肾水生肝血制风火而愈,症状,"[""情志异常""]",,肝肾阴虚证,,[],,"[""骨痛"", ""活动受限""]",,"[""中药内服""]",,"[{""name"": ""清燥汤"", ""type"": ""方剂"", ""note"": ""治劳下体软痛、发热痰盛""}, {""name"": ""补中益气汤"", ""type"": ""方剂"", ""note"": ""治筋骨软痛、脾肾俱虚""}, {""name"": ""八味丸"", ""type"": ""方剂"", ""note"": ""治脾肾俱虚、筋骨软痛""}, {""name"": ""加减八味丸"", ""type"": ""方剂"", ""note"": ""治肾虚不能纳气、肢体痿软""}]",0.4,冷痰多成骨痹…筋骨软痛…肢体痿软,True,True,愈,"[{""classical_span"": ""冷痰多成骨痹"", ""why_supports"": ""出现“骨痹”这一与骨病相关的古代病名""}, {""classical_span"": ""筋骨软痛"", ""why_supports"": ""提示慢性筋骨萎软疼痛，符合骨量不足的部分表现""}]",1,"[""文本未明确出现脆性骨折等核心证据"", ""多为痰证、虚证合并的筋骨症状，特异性不足"", ""未提供明确年龄或老年背景，难以锁定典型骨质疏松""]",995bf6318074e92ec8663d4f68f6f6b2,"['八味丸', '加减八味丸', '清燥汤', '补中益气汤']",明,"['活动受限', '骨痛']"
ok,360,2026-02-04 16:54:36,本草纲目,1596.0,骨痿,主治第三卷 百病主治药 脚气,【虚燥】〔草部〕黄 （益元气，泻阴火，逐恶血，止自汗，壮筋骨，利阴气，补脾肺。） 人参（益元气，泻阴火，益肺胃，生津液，除痿痹，消痰生血。） 麦门冬（降心火，定肺气，主痿 ，强阴益精。） 知母（泻阴火，滋肾水，润心肺。） 甘草（泻火调元。） 山药（补虚羸，强筋骨，助肺胃。） 石斛（脚膝冷疼痹弱，逐皮肌风，壮筋骨，益气力。） 牛膝（痿痹，腰膝软怯冷弱，不可屈伸。或酿酒服。） 菟丝子（益精髓，坚筋骨，腰疼膝冷，同牛膝丸服。） 何首乌（骨软，行步不得，腰膝痛，遍身瘙痒，同牛膝丸服。） 萆 （腰脚痹软，同杜仲丸服。） 菝 （风毒脚弱，煮汁酿酒服。） 土茯苓（除风湿，利关节，治拘挛，令人健行。） 狗脊（男女脚弱腰痛，补肾。） 骨碎补（治痢后远行，或房劳，或外感，致足痿软，或痛或痹，汁和酒服。） 菖蒲（酿酒饮，主骨痿。） 芎 芍药 当归 地黄 天门冬 紫菀 紫葳（并主痿 ，养血润燥。） 肉苁蓉 琐阳 列当 五味子 覆盆子 巴戟天 淫羊藿 〔兽部〕白胶 鹿茸 鹿角 麋角 腽肭脐（并强阴气，益精血，补肝肾，润燥养筋，治痿弱。）,方药,"[""老年后""]",,肾阳虚证,,"[""原发性-老年型""]",,"[""腰背痛"", ""骨痛"", ""活动受限"", ""步态不稳"", ""乏力""]",,"[""中药内服""]",,"[{""name"": ""黄芪"", ""type"": ""单味药"", ""note"": ""壮筋骨，益元气""}, {""name"": ""人参"", ""type"": ""单味药"", ""note"": ""益元气，除痿痹""}, {""name"": ""麦门冬"", ""type"": ""单味药"", ""note"": ""主痿，强阴益精""}, {""name"": ""知母"", ""type"": ""单味药"", ""note"": ""滋肾水，泻阴火""}, {""name"": ""山药"", ""type"": ""单味药"", ""note"": ""强筋骨""}, {""name"": ""石斛"", ""type"": ""单味药"", ""note"": ""壮筋骨，益气力""}, {""name"": ""牛膝"", ""type"": ""单味药"", ""note"": ""治腰膝软弱痿痹""}, {""name"": ""菟丝子"", ""type"": ""单味药"", ""note"": ""坚筋骨，益精髓""}, {""name"": ""何首乌"", ""type"": ""单味药"", ""note"": ""治骨软、腰膝痛""}, {""name"": ""狗脊"", ""type"": ""单味药"", ""note"": ""补肾，治脚弱腰痛""}, {""name"": ""骨碎补"", ""type"": ""单味药"", ""note"": ""治足痿软""}, {""name"": ""鹿茸"", ""type"": ""单味药"", ""note"": ""补肝肾，强筋骨""}]",1.0,主骨痿、骨软，腰膝软弱，不可屈伸，壮筋骨,True,True,,"[{""classical_span"": ""骨痿"", ""why_supports"": ""直接出现高度相关的古籍病名""}, {""classical_span"": ""骨软，行步不得"", ""why_supports"": ""体现骨弱与功能障碍""}, {""classical_span"": ""腰膝软怯冷弱"", ""why_supports"": ""符合骨质疏松常见表现""}]",1,"[""原文未涉及现代影像或骨密度指标"", ""未明确记载具体人群年龄与性别"", ""缺乏治疗转归的直接描述""]",771efe89461c6522a5e605c830abea4f,"['人参', '何首乌', '山药', '牛膝', '狗脊', '知母', '石斛', '菟丝子', '骨碎补', '鹿茸', '麦门冬', '黄芪']",明,"['乏力', '步态不稳', '活动受限', '腰背痛', '骨痛']"
ok,434,2026-02-04 16:57:39,古今医统大全,1556.0,骨痿,卷之八十六 \ 老老余编（上）,丹溪云：人生至六十、七十之后，精血俱耗，平居无事已有热证，何者？头倾目眩，肌痒溺数，鼻涕牙落，涎多寐少，足弱耳聩，健忘眩晕，肠燥面垢，发白眼花，久坐兀睡，未风先寒，食则易饥，笑则易泪，但老境无不有此。或曰：《局方》用乌附丹剂多与老人为宜，岂非以年老气弱下虚，理宜用温补？今皆以为热，乌附丹剂将不可施之老人耶？曰：奚止乌附丹剂不可妄与，至于好酒腻肉、湿面肉汁、烧炙煨爆，辛辣甜滑皆在所慎。或者又曰：甘旨养老，经训具在，为子与妇，一有不及，孝道便亏，而吾子之言若是，其将有说以通之乎？曰：正所谓道并行而不相悖者，请详言之。古者井田之法行，乡闾之教兴。人知礼让，比屋可封。肉食不及幼壮，五十方才食肉。当时之人血气充和，筋骨坚凝，肠胃清浓，甘旨养老，何由致病？今则不然，幼小食肉，强壮恣饕。比及五十，疾巳 起，气耗血竭，筋柔骨痿，肠胃壅阏，涎沫充溢，而况人身之阴，难成易亏。六七十之后，阴不足以配阳，孤阳几欲飞越，因天生胃气尚尔留连，又藉水谷之阴稽縻而不走耳。所陈前证皆是血少。经曰：肾恶燥。乌附丹剂非燥而何？,病名,"[""老年后""]",,肾阳虚证,,"[""原发性-老年型""]",,"[""其他""]",原文述“筋柔骨痿”，属筋骨萎软表现,[],,"[{""name"": ""乌附丹剂"", ""type"": ""方剂"", ""note"": ""文中讨论其是否宜用于老年骨痿相关证候，强调不可妄用""}]",1.0,比及五十，疾巳起，气耗血竭，筋柔骨痿,True,True,,"[{""classical_span"": ""筋柔骨痿"", ""why_supports"": ""直接出现“骨痿”，为古籍中与骨质疏松高度对应的病名""}, {""classical_span"": ""六七十之后，阴不足以配阳"", ""why_supports"": ""明确老年阶段的虚衰背景，与老年型骨质疏松相符""}]",1,"[""若将一般老年虚衰症状过度解读为骨折风险，可能导致映射过强"", ""若忽略原文以辨证讨论为主而非具体治疗，可能误判治法"", ""若未严格依据原文而补充现代症状描述，构成臆造""]",47c0083becf83a1c50d10a8160f6fc9a,['乌附丹剂'],明,['其他']
ok,4446,2026-02-04 19:36:09,彤园医书（妇人科）,1796.0,骨痹,卷三 痹痿二症,●小续命汤　见前中风，通治孕妇三痹、五痹，随症加减。行痹走痛，加川独活。痛痹苦痛，加川续断。著痹重著，加制苍术。皮痹皮上麻木，微觉痛痒，加北黄耆。脉痹血停作痛，痛处色变，加红花、姜黄。肌痹肌肤顽木，不知痛痒，加白芷、葛根。骨痹骨重痠疼，不能牵动，加虎骨。筋痹筋脉挛节，痛屈不伸，加羚羊角、川续断。有汗，去麻黄。便溏，去防己加苡仁。寒甚，去条芩加炮姜。热盛，去附子加石膏。风盛，加羌活、煨天麻。湿盛，加制苍术、苡仁。,方药,"[""胎产哺乳""]",,肾虚血瘀证,,"[""妊娠-哺乳相关骨质疏松""]",,"[""骨痛"", ""活动受限""]",,"[""中药内服""]",,"[{""name"": ""小续命汤"", ""type"": ""方剂"", ""note"": ""通治孕妇三痹、五痹，随症加减""}, {""name"": ""虎骨"", ""type"": ""单味药"", ""note"": ""骨痹骨重痠疼，不能牵动者加用""}]",0.2,骨痹骨重痠疼，不能牵动，加虎骨。,True,True,,"[{""classical_span"": ""骨痹骨重痠疼，不能牵动"", ""why_supports"": ""描述以骨为主的慢性疼痛与活动受限，与骨量不足相关表现部分相符""}]",1,"[""文本未明确描述骨折或骨量减少，相关性有限"", ""痹证可能源于风寒湿痹而非骨质疏松"", ""以孕妇痹证为主，非典型骨质疏松场景""]",287cd721e245e2f4f82205ef1d6dbce1,"['小续命汤', '虎骨']",清,"['活动受限', '骨痛']"
ok,2483,2026-02-04 18:17:14,图注脉诀辨真,1522.0,骨空,卷之三 八里脉,洁古曰：此肾气有余，命门不足，当补命门。命门者，男子藏精，女子系胞。崩中白带下者，命门败也。经水崩下，谓之骨木枯，治妇人伏龙肝散主之，是为血不能守，水胜火也。又云：血去精亡，筋骨皆损。骨空而无髓，骨不从于筋，筋骨损而形枯也。经曰：阴成形养血补虚，宜当归芍药汤主之。,症状,[],,肾虚血瘀证,文中述“肾气有余，命门不足”“血去精亡”，非固定枚举证型原词,[],,"[""其他""]",骨空而无髓、筋骨皆损、形枯等形体与骨质亏损表现,"[""中药内服""]",,"[{""name"": ""伏龙肝散"", ""type"": ""方剂"", ""note"": ""治妇人经水崩下、骨木枯""}, {""name"": ""当归芍药汤"", ""type"": ""方剂"", ""note"": ""阴成形养血补虚""}]",1.0,血去精亡，筋骨皆损。骨空而无髓，筋骨损而形枯也,True,True,,"[{""classical_span"": ""骨空而无髓"", ""why_supports"": ""直接描述骨质空虚，符合骨量减少核心特征""}, {""classical_span"": ""筋骨皆损，形枯"", ""why_supports"": ""提示慢性骨与形体衰损，非急性外伤""}]",1,"[""原文未提供现代诊断，映射存在时代语义差异"", ""未明确骨折或疼痛表现，部分现代特征缺失"", ""证型与人群需避免过度推断""]",061e423d2597d0ec21b5b888a278acb2,"['伏龙肝散', '当归芍药汤']",明,['其他']
ok,1280,2026-02-04 17:31:06,王氏医案,1824.0,骨痿,四、外科 乳中结核,胡氏妇，患乳房结核，外科杂投温补，核渐增而痛胀日甚，驯至形消汛愆，夜热餐减，骨痿于床。孟英诊曰：郁损情怀，徒补奚益？予以蠲痰开郁之剂，吞当归龙荟丸。痛胀降序，热退能餐，月事仍行，改投虎潜（丸）加减法，服半年余而起。凡前后计用（川）贝母七、八斤，他药称是。,病名,"[""情志异常""]",,删除-肝郁气滞证,原文称“郁损情怀”，以情志郁结致损为主，未明确归属既定证型,[],,"[""活动受限""]",,"[""中药内服""]",,"[{""name"": ""当归龙荟丸"", ""type"": ""方剂"", ""note"": ""初期蠲痰开郁，因误补之后使用""}, {""name"": ""虎潜丸（加减）"", ""type"": ""方剂"", ""note"": ""后期改投，服半年余而起""}, {""name"": ""甘麦大枣汤（加味）"", ""type"": ""方剂"", ""note"": ""因悲哀发厥，加龙、牡等安神""}, {""name"": ""川贝母"", ""type"": ""单味药"", ""note"": ""前后计用七八斤，为主要用药之一""}]",1.0,形消汛愆，夜热减餐，骨痿于床,True,True,好转,"[{""classical_span"": ""骨痿于床"", ""why_supports"": ""直接出现“骨痿”这一与骨质疏松高度对应的古籍病名""}, {""classical_span"": ""服半年余而起"", ""why_supports"": ""提示长期卧床之骨痿状态得到改善，符合慢性骨病转归""}]",1,"[""若忽略乳岩背景，可能高估骨痿与骨质疏松的独立相关性"", ""文本未载骨折等现代诊断要点，映射存在时代差异"", ""证型未明而强行对应固定证型可能导致过度解读""]",b6ec86be5e08298f47bea4d40175d013,"['川贝母', '当归龙荟丸', '甘麦大枣汤', '虎潜丸']",清,['活动受限']
ok,681,2026-02-04 17:07:16,王氏医案绎注,1919.0,骨痿,卷六,胡妻患乳房结核。外科杂投温补。核渐增而痛胀日甚。驯致形消汛愆。夜热减餐。骨痿于床。孟英诊曰：郁损情怀。徒补奚益。初以蠲痰开郁之剂。吞当归龙荟丸。痛胀降序。热退能餐。月事乃行。改投虎潜加减法。服半年余而起。凡前后计用川贝母七八斤。他药称是。今春因哭母悲哀。陡然发厥。予甘麦大枣加龙牡龟鳖磁朱金箔龙眼而安。（蠲痰开郁方。川贝杵一两。南花粉五钱。生冬瓜子八钱。酒炒知母三钱。酒炒川连一钱。石菖蒲次入一钱。半夏曲研次二钱。鲜薤白打次一钱半。淡海 先煎一两。陈木瓜一钱半。药送龙荟丸三钱。悲哀发厥。抑郁伤肝。肝风逆上。生粉草三钱。北小麦四钱。大枣一枚擘先。 龙骨杵一两。牡蛎杵六两。血鳖甲杵四两。血龟板杵二两。灵磁石一两。整朱砂一两二钱。六味先炭煨六钟取汤代水煎药。飞金箔七页。桂元肉一钱半。）,病名,"[""情志异常""]",,删除-肝郁气滞证,原文称“郁损情怀”“抑郁伤肝”，以情志郁结为主，未明确落入给定肾/脾证型,[],,"[""活动受限"", ""乏力""]",,"[""中药内服""]",,"[{""name"": ""当归龙荟丸"", ""type"": ""方剂"", ""note"": ""用于蠲痰开郁后吞服，缓解痛胀""}, {""name"": ""虎潜加减法"", ""type"": ""方剂"", ""note"": ""后期改投，连服半年余而起""}, {""name"": ""甘麦大枣汤加龙骨、牡蛎、龟鳖、磁石等"", ""type"": ""方剂"", ""note"": ""悲哀发厥时使用以安神潜阳""}]",1.0,夜热减餐。骨痿于床。,True,True,好转,"[{""classical_span"": ""骨痿于床"", ""why_supports"": ""直接出现“骨痿”，为古籍中高度指向骨弱、骨萎软的病名""}, {""classical_span"": ""服半年余而起"", ""why_supports"": ""提示骨痿相关功能障碍经治疗后明显改善""}]",4,"[""未区分骨痿是否由其他急慢性疾病继发"", ""现代骨质疏松分型为推断性映射，非原文直述"", ""症状细节有限，缺乏骨折等现代关键指标""]",8fc8d46c4eb7a7a33f114eead0236530,"['当归龙荟丸', '甘麦大枣汤加龙骨、牡蛎、龟鳖、磁石等', '虎潜加减法']",近现代,"['乏力', '活动受限']"
ok,2571,2026-02-04 18:20:29,吴氏医方汇编,1744.0,骨空,第一册 膈臂疽,按骨度云：肩至肘曰臑，肘至腕曰臂。肘之上下生痈，治同诸疮。但服药内务用引经药，前廉手阳明，加白芷；后廉手太阳，加羌活；内廉手厥阴，加丹皮；外廉手少阳，加川芎；内前廉手太阴，加桔梗；内后廉手少阴，加白芷。奈多生骨空，举动不便，垂手坠痛，须防伤筋，医者加意审经，视色临症施方。,病名,[],,删除非辨证文献,原文为痈疽病变中出现“骨空、举动不便、垂手坠痛”，未形成系统虚损证型描述,[],,"[""骨痛"", ""活动受限""]",,"[""中药内服""]",,"[{""name"": ""白芷"", ""type"": ""单味药"", ""note"": ""按经络加用""}, {""name"": ""羌活"", ""type"": ""单味药"", ""note"": ""按经络加用""}, {""name"": ""丹皮"", ""type"": ""单味药"", ""note"": ""按经络加用""}, {""name"": ""川芎"", ""type"": ""单味药"", ""note"": ""按经络加用""}, {""name"": ""桔梗"", ""type"": ""单味药"", ""note"": ""按经络加用""}]",0.2,,True,False,,"[{""classical_span"": ""奈多生骨空，举动不便"", ""why_supports"": ""出现“骨空”及活动受限，但语境为痈疽并发局部骨病""}]",1,"[""记载核心为痈疽疮疡，并非系统性骨虚"", ""骨空为局部病变，缺乏年老骨弱或脆性骨折证据"", ""证型与人群信息不足，难以稳定映射骨质疏松""]",394bb68296491e040e640fdba328af19,"['丹皮', '川芎', '桔梗', '白芷', '羌活']",清,"['活动受限', '骨痛']"
ok,1723,2026-02-04 17:47:55,武当淮河派丹丸膏散秘方,2001.0,骨折,武当淮河派丹丸膏散秘方 跌打追风膏,（四）跌打追风膏 功能：疏经通络，行气活血， 搜风散寒，消肿止痛． 主治：跌打损伤，筋骨疼痛， 远年劳损，关节痹痛． 半身不遂，四肢麻木， 手足拘挛，肤背酸痛． 方诀：当归赤与与川芎，羌独荆参合防风． 麻黄细卒苍术芷，香附陈皮与木香． 红花鸟药并四贡， 血竭儿茶没乳香． 二鸟丁香与肉桂，马寸樟脑配水片． 秦茹灵仙五枝合，桂木牛夕五茄皮． 香料另研顶后下，油浸火出炼成膏． 熬炼口诀： 一斤油用半斤丹。药重三五可加减， 湘广漳丹应漂晒．三五七十油浸透． 熬枯药浮将种滤，重熬复沸徐下丹， 搅丹要匀不伸手，防出可撇少许盐． 滴水成球不粘手。加料收以雪水坛， 摊贴一般三五线，骨折原须一两半． 妙法全在此用内，老嫩全凭两眼看， 千金不卖口中诀，五湖四海访英豪。,外治法,[],,删除,,[],,"[""骨痛"", ""活动受限""]",,"[""中药外用""]",,"[{""name"": ""跌打追风膏"", ""type"": ""外治"", ""note"": ""用于跌打损伤、筋骨疼痛、骨折等外伤敷贴""}]",0.2,骨折原须一两半,True,True,,"[{""classical_span"": ""主治：跌打损伤，筋骨疼痛"", ""why_supports"": ""以外伤性筋骨疼痛、骨折为主，与慢性骨弱仅弱相关""}, {""classical_span"": ""骨折原须一两半"", ""why_supports"": ""明确提及骨折，但未区分脆性或老年性骨折""}]",1,"[""原文为外伤跌打用药，非描述骨弱或骨量减少"", ""未出现骨痿、骨疏、年老骨弱等高特异病名"", ""骨折可能为外力所致，难以直接映射骨质疏松""]",554bb854ca00e022f2b186e32a6125ca,['跌打追风膏'],近现代,"['活动受限', '骨痛']"
ok,1724,2026-02-04 17:47:57,武当淮河派丹丸膏散秘方,2001.0,骨折,武当淮河派丹丸膏散秘方 神效跌打汤,（五）神效跌打汤 动巴舒筋海络，行气活血， ＿祛税消肿，接骨止血． 主浙一新老伤损，骨折出血， 气滞血淤，症据疼痛， 麻木拘挛，辩证加减． 有澳：神效跌打汤，归革与地贡，内分诸伤损， 调经功效良．破淤用桃红，通络没乳香， 活血先行气，陈皮香附好．血竭与玄胡， 淤痛功最高，潮红与实肿，银英和泽芒． 硬肿加麦术，软坚甲珠炒，一般伤损益， 归赤二味加，骨折用然铜，土别不可少， 碎补兼以断，重用熟地贡．出血须生地， 血甚犀角加，血热用丹皮，骨蒸地骨皮． 止血侧桕七，出桅与茅根，宿伤苏苎炭， 甘松效最奇．一根葱作引，童便取一杯， 熬药用生酒，急服莫迟疑。头伤加恙活， 防凤白芷随，胸伤加枳壳，木香桔梗奇。 若是伤中脘，须纸与二茴，肚角如受伤， 白芍与青皮，小便如不通，木通与车前， 粪门如受伤，木香不能离。伤手桂枝进， 并用五茄皮，若是伤了腿，茄皮与牛夕。 行气加台附，破淤朴硝军，娃娘知禁忌， 体弱当扶正。气血根相互，用药切防偏， 气血得调和，伤痛自然竭．,方药,[],,血瘀气滞证,,[],,"[""骨痛"", ""活动受限""]",,"[""中药内服""]",,"[{""name"": ""神效跌打汤"", ""type"": ""方剂"", ""note"": ""用于新老伤损、骨折出血，行气活血、接骨止血，随证加减""}]",0.2,,True,False,,"[{""classical_span"": ""主治新老伤损，骨折出血"", ""why_supports"": ""所述骨折明确为跌打损伤所致，属外伤骨病而非骨弱脆折""}, {""classical_span"": ""气滞血淤，疼痛麻木拘挛"", ""why_supports"": ""证候以气滞血瘀为主，符合外伤后疼痛表现""}]",1,"[""文本所述骨折为跌打外伤所致，非脆性或自发性骨折"", ""未见年老骨弱、骨痿、骨枯等指向骨质疏松的核心病机"", ""方药功用集中于活血接骨，证据不足以支持骨质疏松映射""]",e0de4c95efc54cce6e39f16ed9d48aa1,['神效跌打汤'],近现代,"['活动受限', '骨痛']"
ok,1726,2026-02-04 17:48:05,武当淮河派丹丸膏散秘方,2001.0,骨折,武当淮河派丹丸膏散秘方 夹板口诀,（八）夹板口诀 武当淮河整骨折，固定防移在夹板， 宽窄厚薄要周详，一四季无使须相应。 春柳冬杉夏秋竹， 炎夏拍皮并玉带， 竹夹须钻梅花孔，透气活血泡自减。 带缚过紧难行血， 扎缚如松必失常。 如见甲肤色褐黑，应即松缚到恰当。,外治法,[],,删除,,[],,[],,"[""其他""]",夹板固定法，用柳、杉、竹等材料配合玉带固定骨折,"[{""name"": ""柳木夹板"", ""type"": ""外治"", ""note"": ""春季选用，用于固定骨折""}, {""name"": ""杉木夹板"", ""type"": ""外治"", ""note"": ""冬季选用，用于固定骨折""}, {""name"": ""竹夹板"", ""type"": ""外治"", ""note"": ""夏秋选用，钻梅花孔以透气活血""}, {""name"": ""玉带"", ""type"": ""外治"", ""note"": ""炎夏配合拍皮固定使用""}]",0.2,整骨折，固定防移在夹板,True,False,,"[{""classical_span"": ""整骨折，固定防移在夹板"", ""why_supports"": ""描述的是外伤性骨折的夹板固定方法，而非骨弱或脆性骨折""}]",1,"[""文本仅论述骨折固定技术，缺乏骨弱或年老易折等信息"", ""未出现任何骨痿、骨疏等与骨质疏松直接相关的病名或描述"", ""属外伤整复范畴，强行映射可能导致过度解读""]",8d93f49a96fad1bb12d0e6956a6eb570,"['杉木夹板', '柳木夹板', '玉带', '竹夹板']",近现代,[]
ok,645,2026-02-04 17:05:57,圣济总录,1117.0,骨痿,卷第五十二&#183;肾脏门 肾脏虚损骨痿羸瘦,治肾脏虚损。精髓枯竭。形体瘦瘁。骨痿弱，昼夜掣痛，腰膝冷痹。耳内虚声，强直不任转侧。菟丝子丸方,病名,"[""老年后""]",,肾阳虚证,,"[""原发性-老年型""]",,"[""腰背痛"", ""骨痛"", ""活动受限"", ""乏力""]",,"[""中药内服""]",,"[{""name"": ""菟丝子丸"", ""type"": ""方剂"", ""note"": ""用于治疗肾脏虚损、骨痿弱等""}]",1.0,治肾脏虚损。精髓枯竭。形体瘦瘁。骨痿弱,True,True,,"[{""classical_span"": ""骨痿弱"", ""why_supports"": ""直接出现高度相关的古籍病名范畴，指向骨弱萎软""}, {""classical_span"": ""形体瘦瘁"", ""why_supports"": ""提示慢性消耗与骨量不足的整体状态""}]",4,"[""若未提供参考上下文则证据不足"", ""若将多证型并列而未选主证可能不合规"", ""若将急性外伤性骨痛误判为骨痿则不成立""]",d391e2cb4594e2afe35512937f5fb481,['菟丝子丸'],宋金元,"['乏力', '活动受限', '腰背痛', '骨痛']"
ok,72,2026-02-04 16:43:26,仙授理伤续断秘方,846.0,骨断,医治整理补接次第口诀,下窟乌，一名鹗。用骨烧存性，用古铜钱一个， 醋淬七次为末，等分，骨断夹缚讫，用药一钱，以酒调下，不可过多。病在下空心服，在上食后服。此方极验。,方药,[],,血瘀气滞证,原文仅述外伤骨断用药，未见辨证分型描述,[],,[],,"[""中药内服""]",,"[{""name"": ""下窟乌（鹗）骨烧存性"", ""type"": ""单味药"", ""note"": ""骨断夹缚后内服""}, {""name"": ""古铜钱（醋淬七次）"", ""type"": ""其他"", ""note"": ""与鹗骨等分为末内服""}]",0.2,,True,False,不详,"[{""classical_span"": ""骨断夹缚讫，用药一钱"", ""why_supports"": ""明确指向外伤性骨折治疗，而非骨量减少或脆性骨折""}]",1,"[""文本为急性外伤骨折方，非慢性骨弱或骨痿范畴"", ""未见年老、久病或骨脆等指向骨质疏松的描述"", ""缺乏证型与系统性骨病信息，难以强行映射""]",8c82bf2fbb916df1a3769e7858aee35c,"['下窟乌骨烧存性', '古铜钱']",唐,[]
ok,74,2026-02-04 16:43:29,仙授理伤续断秘方,846.0,骨断,又治伤损方论,治男子妇人骨断，用此煎水洗后整骨了却用乌龙角贴。,外治法,[],,血瘀气滞证,原文仅述外伤骨断之治法，未涉及任何证型辨证信息,[],,[],,"[""中药外用""]",,"[{""name"": ""乌龙角"", ""type"": ""外治"", ""note"": ""骨断洗后整骨，以其贴敷固定""}]",0.2,治男子妇人骨断，用此煎水洗后整骨。却用乌龙角贴之。,True,False,,"[{""classical_span"": ""治男子妇人骨断"", ""why_supports"": ""仅说明外伤性骨折治疗，未体现骨弱或脆性骨折背景""}]",1,"[""条文为明确外伤骨折处置，非慢性骨病范畴"", ""未出现骨痿、骨弱、年老易折等指向性描述"", ""缺乏证型、人群与病因信息，难以与骨质疏松建立强映射""]",febe45c8f370ef9c7952c42628eb3263,['乌龙角'],唐,[]
ok,100,2026-02-04 16:44:37,仙授理伤续断秘方,846.0,骨断,又治伤损方论,治跌扑伤损，折骨断筋，疼痛浮肿。腹有瘀血，灌注四肢，烦闷不安。痈疽发背，肌肉坏烂,外治法,[],,删除,,[],,"[""其他""]",外伤所致骨断（扑伤损），非典型骨质疏松自发或脆性骨折,"[""中药外用"", ""其他""]",夹板固定（杉木片夹定，以绳缚之）,"[{""name"": ""姜汁"", ""type"": ""外治"", ""note"": ""调药如糊外敷骨断处""}, {""name"": ""没药"", ""type"": ""单味药"", ""note"": ""疼痛明显时加用""}, {""name"": ""葱汤"", ""type"": ""外治"", ""note"": ""温洗伤处""}, {""name"": ""杉木片"", ""type"": ""外治"", ""note"": ""夹板固定骨断处""}]",0.2,贴骨断处，用杉木片夹定，以绳缚之,True,False,,"[{""classical_span"": ""扑伤损…贴骨断处"", ""why_supports"": ""记载为外伤导致的骨断处理，缺乏骨弱或年老易折证据""}]",1,"[""文本为急性外伤骨折处理，非慢性骨弱或骨痿范畴"", ""未见年老、久病或骨量不足等骨质疏松核心线索"", ""仅凭“骨断”易误判为骨质疏松相关""]",c59769645cd07f18ebf13062566f45c2,"['姜汁', '杉木片', '没药', '葱汤']",唐,['其他']
ok,154,2026-02-04 16:46:41,仙授理伤续断秘方,846.0,骨断,医治整理补接次第口诀,治打扑伤损，驴马跌坠，骨断筋碎，百节疼痛，瘀血不散，浮肿结毒，一切风疾，四肢疼痹三十丸，用煨葱酒或茶任下，孕妇莫服。,方药,[],,血瘀气滞证,,[],,"[""骨痛"", ""活动受限"", ""骨折""]",所述骨断、百节疼痛、行步不前均源于跌扑外伤语境,"[""中药内服""]",,"[{""name"": ""黑丸子"", ""type"": ""方剂"", ""note"": ""用于打扑伤损、骨断筋碎等外伤""}]",0.2,,True,False,,"[{""classical_span"": ""治打扑伤损，驴马跌坠，骨断筋碎"", ""why_supports"": ""明确为跌扑外伤与骨折，非骨量减少所致""}]",1,"[""以急性外伤与跌坠为主，非慢性骨弱"", ""未出现骨痿、骨枯等指向性病名"", ""证据不足以映射具体骨质疏松分型""]",e769654509d32a6ac060d05b4a37923a,['黑丸子'],唐,"['活动受限', '骨折', '骨痛']"
ok,1109,2026-02-04 17:24:00,先醒斋广笔记,1622.0,骨痿,巻三,施灵修有一里人善酒卧床褥者三年灵修怜而索方于仲淳仲淳亲胗之知其酒病也夫酒湿热之物多饮者湿热之邪贯于阳明湿热胜则下客于肾而为骨痿昔人治痿病取阳明以五味子为君黄连为臣麦门冬干葛白稨豆为佐服之立起,病名,[],,肝肾阴虚证,酒湿热之邪贯于阳明，下客于肾而为骨痿，属湿热伤肾所致,[],,[],,"[""中药内服""]",,"[{""name"": ""五味子"", ""type"": ""单味药"", ""note"": ""为君""}, {""name"": ""黄连"", ""type"": ""单味药"", ""note"": ""为臣""}, {""name"": ""麦门冬"", ""type"": ""单味药"", ""note"": ""为佐""}, {""name"": ""干葛"", ""type"": ""单味药"", ""note"": ""为佐""}, {""name"": ""白稨豆"", ""type"": ""单味药"", ""note"": ""为佐""}]",1.0,湿热胜则下客于肾而为骨痿,True,True,显效,"[{""classical_span"": ""而为骨痿"", ""why_supports"": ""明确出现古籍高度相关病名“骨痿”，与骨质疏松范畴高度一致""}, {""classical_span"": ""下客于肾"", ""why_supports"": ""病机指向肾与骨失养，符合骨病相关理论""}]",1,"[""若忽略“骨痿”而强行解读为他病，可能导致误判"", ""若将酒病直接等同现代所有骨质疏松类型，存在过度映射风险"", ""文本未述骨折等表现，若强补症状属臆造""]",10087b7afe11d23da526cf1b4b53157d,"['五味子', '干葛', '白稨豆', '麦门冬', '黄连']",明,[]
ok,4748,2026-02-04 19:48:13,小品方,500.0,骨枯,卷第十二 灸法要穴,《虾蟆经》云：松木之火以灸即根难愈；柏木之火以灸即多汁；竹木之火以灸即伤筋，多壮肉伤；橘木之火以灸即伤皮肌；榆木之火以灸即伤骨，多壮即骨枯；枳木之火以灸即陷脉，多壮即脉淳；桑木之火以灸即伤肉；枣木之火灸即伤髓，多壮即髓消。,外治法,[],,肝肾阴虚证,,[],,[],,"[""艾灸""]",,"[{""name"": ""榆木之火"", ""type"": ""外治"", ""note"": ""用于灸法，原文指出“以灸即伤骨，多壮即骨枯”""}, {""name"": ""枣木之火"", ""type"": ""外治"", ""note"": ""用于灸法，原文指出“灸即伤髓，多壮即髓消”""}]",1.0,榆木之火以灸即伤骨，多壮即骨枯,True,True,,"[{""classical_span"": ""多壮即骨枯"", ""why_supports"": ""直接出现“骨枯”，为古籍中高度指向骨质衰败的表述""}]",4,"[""文本仅论灸材禁忌，未描述具体患者表现"", ""未出现年龄或性别信息，无法细分现代骨质疏松分型"", ""属外治法经验描述，非完整疾病论述""]",46695e6e3c7206c905e9cdab5a3f1760,"['枣木之火', '榆木之火']",隋唐以前,[]
ok,1838,2026-02-04 17:52:13,新刊医学集成,2016.0,骨折,卷之十一 闪肭脱臼一百四十八,上用葱一斤同炒成黑炭十两，和匀，好醋调贴三次后，水调入少醋。骨折处亦用此敷。,外治法,[],,血瘀气滞证,原文未提及辨证分型，仅述外伤骨折外治方法,[],,[],,"[""中药外用""]",,"[{""name"": ""葱炭"", ""type"": ""外治"", ""note"": ""葱一斤炒成黑炭，用于外敷骨折处""}, {""name"": ""好醋"", ""type"": ""外治"", ""note"": ""与葱炭调和，外贴骨折处""}]",0.2,,True,False,,"[{""classical_span"": ""骨折处亦用此敷"", ""why_supports"": ""仅涉及外伤性骨折的外用处理，未体现骨弱或脆性骨折特征""}]",1,"[""原文为急性外伤骨折处理，非慢性骨弱病机"", ""未出现骨痿、骨疏或年老易折等高指向描述"", ""缺乏与现代骨质疏松相关的系统性症状或人群信息""]",be3a393216228a4fe0bdf9eb81eaad93,"['好醋', '葱炭']",近现代,[]
ok,1839,2026-02-04 17:52:18,新刊医学集成,2016.0,骨折,卷之十一 骨折一百四十九,凡骨折，先须捏整筋骨端正。如臼，冬用绵包杉木夹定，夏用杨树皮夹之。在手臂及足胫用三片。足上、股，编如帘状，绵绳缚定。次服此。,外治法,[],,删除,,[],,[],,"[""其他""]",以夹板、绵包、绵绳进行骨折外固定，属非药物性外治,"[{""name"": ""绵包杉木夹"", ""type"": ""外治"", ""note"": ""冬季用于固定骨折""}, {""name"": ""杨树皮夹"", ""type"": ""外治"", ""note"": ""夏季用于固定骨折""}, {""name"": ""绵绳"", ""type"": ""外治"", ""note"": ""用于缚定固定""}]",0.2,,True,False,,"[{""classical_span"": ""凡骨折，先须捏整筋骨端正"", ""why_supports"": ""明确为急性骨折处理，未指向骨量减少或骨弱""}, {""classical_span"": ""绵包杉木夹定，夏用杨树皮夹之"", ""why_supports"": ""描述外固定方法，属外伤处置""}]",1,"[""条文仅述外伤性骨折处理，缺乏骨弱或脆性特征"", ""未涉及年龄、人群或反复易折等骨质疏松关键信息"", ""无证型、内服方药或慢性病机描述，映射证据不足""]",f2f4fee6388b7fac2d842e9eb1ade879,"['杨树皮夹', '绵包杉木夹', '绵绳']",近现代,[]
ok,5085,2026-02-04 20:01:58,新刊医学集成,2016.0,骨枯,卷之八 厥八十六,厥有涎潮，如拽锯声在咽中，为痰厥。手足搐搦，为风厥。因酒而得，为酒厥。暴气而厥，为气厥。骨枯爪痛，为骨厥。身直如椽，为骭厥。喘而强，为阳明厥，此由气逆也。治法：痰者，竹沥、白术；热者，承气下之；外感，解散药中加姜、酒；气虚，补气，四君子；血虚，补血，四物。子和法：降心火，益肾水，通血和气，必先涌之以瓜蒂散。,症状,"[""情志异常""]",,肝肾阴虚证,,[],,"[""骨痛""]",,"[""中药内服""]",,"[{""name"": ""竹沥"", ""type"": ""单味药"", ""note"": ""治痰厥所用""}, {""name"": ""白术"", ""type"": ""单味药"", ""note"": ""治痰厥所用""}, {""name"": ""承气汤"", ""type"": ""方剂"", ""note"": ""热者承气下之，未指明具体方""}, {""name"": ""四君子汤"", ""type"": ""方剂"", ""note"": ""气虚者补气""}, {""name"": ""四物汤"", ""type"": ""方剂"", ""note"": ""血虚者补血""}, {""name"": ""瓜蒂散"", ""type"": ""方剂"", ""note"": ""子和法先涌之""}]",1.0,骨枯爪痛，为骨厥。,True,True,,"[{""classical_span"": ""骨枯爪痛，为骨厥"", ""why_supports"": ""明确出现“骨枯”病理描述，指向骨质衰败，与骨质疏松高度相符""}]",1,"[""条文未直接讨论骨折或骨量变化，可能仅指其他骨病"", ""治疗方案为厥证通治，非专为骨病设立"", ""缺乏人群与病程信息，现代分型映射受限""]",d786d22ed4dfad6fef6e4d8a0947ea74,"['四君子汤', '四物汤', '承气汤', '瓜蒂散', '白术', '竹沥']",近现代,['骨痛']
ok,1873,2026-02-04 17:53:27,行军方便便方,1852.0,骨折,卷中 疗伤,治损伤骨折，瘀血攻心，昏迷不醒方。土鳖（焙干）、乳香、没药、大黄、血竭、硼砂、骨碎补、自然铜（醋煅七次），各等分，为细末。每服八厘，热黄酒送下，其骨自接。瘀血在上则自下瘀血，血在上则目吐，或加麝香少许同服，神效。又方，用苏木、红花、归尾各三钱、大黄二钱，童便黄酒煎，热服。,方药,[],,血瘀气滞证,,[],,[],,"[""中药内服""]",,"[{""name"": ""土鳖"", ""type"": ""单味药"", ""note"": ""焙干入方，活血续骨""}, {""name"": ""乳香"", ""type"": ""单味药"", ""note"": ""与没药同用，活血止痛""}, {""name"": ""没药"", ""type"": ""单味药"", ""note"": ""活血止痛""}, {""name"": ""大黄"", ""type"": ""单味药"", ""note"": ""通瘀泄热""}, {""name"": ""血竭"", ""type"": ""单味药"", ""note"": ""活血止血""}, {""name"": ""硼砂"", ""type"": ""单味药"", ""note"": ""入细末同服""}, {""name"": ""骨碎补"", ""type"": ""单味药"", ""note"": ""续骨""}, {""name"": ""自然铜"", ""type"": ""单味药"", ""note"": ""醋煅七次，续骨""}, {""name"": ""苏木"", ""type"": ""单味药"", ""note"": ""另方，活血""}, {""name"": ""红花"", ""type"": ""单味药"", ""note"": ""另方，活血""}, {""name"": ""归尾"", ""type"": ""单味药"", ""note"": ""另方，活血""}, {""name"": ""大黄"", ""type"": ""单味药"", ""note"": ""另方，通瘀""}]",0.2,治损伤骨折，其骨自接,True,False,神效,"[{""classical_span"": ""治损伤骨折"", ""why_supports"": ""明确为外伤性骨折治疗，非骨量减少所致""}, {""classical_span"": ""其骨自接"", ""why_supports"": ""强调骨折愈合而非骨弱或萎软""}]",3,"[""主要针对急性外伤骨折，非慢性骨量减少"", ""未见年老骨弱、反复骨折等指向"", ""证型与治法以活血续骨为主，非防治骨疏松""]",017a822739bb2de18dde03517cc4e6ba,"['乳香', '土鳖', '大黄', '归尾', '没药', '硼砂', '红花', '自然铜', '苏木', '血竭', '骨碎补']",清,[]
ok,1874,2026-02-04 17:53:32,行军方便便方,1852.0,骨折,卷中 疗伤,治损伤头脑骨破，及手脚骨折，或指头破裂，血流不止。用葱白捣烂，焙热，封裹损处，甚效（同上）。,外治法,[],,血瘀气滞证,原文仅述外伤骨折处理，未涉及内在证型辨证,[],,[],,"[""中药外用""]",,"[{""name"": ""葱白"", ""type"": ""外治"", ""note"": ""捣烂焙热，封裹损处以止血疗骨折""}]",0.2,,True,False,显效,"[{""classical_span"": ""治损伤头脑骨破，及手脚骨折"", ""why_supports"": ""描述为急性外伤所致骨折，而非骨弱或脆性骨折""}]",1,"[""文本为外伤骨折急救处理，非慢性骨病"", ""未出现骨痿、骨弱或年老易折等线索"", ""不能据此推断与骨量减少相关""]",fc4850e0324fd4d5f7f8b761bb1d3d05,['葱白'],清,[]
ok,2981,2026-02-04 18:37:50,杏苑生春,1575.0,骨痿,卷一 养老,古者井田之法行，乡闾之教兴，人知礼让，比屋可封。肉食不及幼壮，五十才方食肉。强壮恣饕，比及五十，疾已蜂起。气耗血竭，筋柔骨痿，肠胃壅阏，涎沫充溢。而况人身之阴难成易亏，六七十后，阴不足以配阳，孤阳几欲飞越，因天生胃气，尚尔留连，人藉水谷之阴，故羁糜而定耳。所陈前证，皆是血少。《内经》云肾恶燥，乌附丹剂，非燥而何！夫血少之人，若防风、半夏、苍术、香附，但是燥剂，且不敢多，况乌附丹剂乎？或者又曰：一部《局方》，悉是温热养阳，吾子之言，乃缪妄乎？予曰：《局方》用燥剂，为劫湿病也，湿得燥则豁然而收。《局方》用暖剂，为劫虚病也，补肾不如补脾，脾得温则易化，而食味进，下虽暂虚，亦可少回。《内经》治法，亦许用劫，正是此意。盖为质厚而病浅者设，此亦儒者用权之意。若以为经常之法，岂不大误。彼年老之人，质虽厚，此时亦近乎薄，病虽浅，其本亦易以拨，而可以劫药取速效乎？若夫形肥者血少，形瘦者气实，间或有可用劫药者，设或失乎，何以取救？吾宁稍迟，计出万全，岂不美乎。乌附丹剂其不可轻饵也明矣。,病名,"[""老年后""]",,脾胃虚弱证,,"[""原发性-老年型""]",,"[""乏力"", ""活动受限""]",原文述“气耗血竭，筋柔骨痿”，提示筋骨痿软、体力下降,"[""中药内服""]",,"[{""name"": ""乌附丹剂"", ""type"": ""方剂"", ""note"": ""原文强调年老血少者“其不可轻饵也”""}, {""name"": ""防风"", ""type"": ""单味药"", ""note"": ""列为燥剂，血少之人不宜多用""}, {""name"": ""半夏"", ""type"": ""单味药"", ""note"": ""列为燥剂，血少之人不宜多用""}, {""name"": ""苍术"", ""type"": ""单味药"", ""note"": ""列为燥剂，血少之人不宜多用""}, {""name"": ""香附"", ""type"": ""单味药"", ""note"": ""列为燥剂，血少之人不宜多用""}]",1.0,气耗血竭，筋柔骨痿,True,True,,"[{""classical_span"": ""筋柔骨痿"", ""why_supports"": ""直接出现“骨痿”这一高度相关古籍病名""}, {""classical_span"": ""六七十后，阴不足以配阳"", ""why_supports"": ""明确指向老年阶段的虚衰背景""}]",4,"[""若忽略原文为养生与用药戒慎之论，可能误解为具体治疗方案"", ""未出现骨折等现代指标，若强行推断具体临床结局则属证据不足"", ""将所有提及药物视为推荐用药，可能违背原文否定性语义""]",2ed92fd8ab12b5559b15d4ec7c6e176b,"['乌附丹剂', '半夏', '苍术', '防风', '香附']",明,"['乏力', '活动受限']"
ok,2984,2026-02-04 18:37:56,杏苑生春,1575.0,骨痿,卷五 虚劳,肾虚精髓衰乏，骨痿足软，行步艰辛，以虎潜丸。,病名,[],,肝肾阴虚证,,[],,"[""活动受限"", ""步态不稳""]",,"[""中药内服""]",,"[{""name"": ""虎潜丸"", ""type"": ""方剂"", ""note"": ""用于肾虚精髓衰乏所致骨痿足软""}]",1.0,肾虚精髓衰乏，骨痿足软，行步艰辛,True,True,,"[{""classical_span"": ""骨痿足软"", ""why_supports"": ""“骨痿”为古籍中与骨量不足、骨弱高度相关的病名范畴""}, {""classical_span"": ""肾虚精髓衰乏"", ""why_supports"": ""肾主骨生髓，精髓衰乏常被用于解释骨弱、骨痿""}]",3,"[""未明确记载患者年龄或性别，无法精确对应现代分型"", ""未出现骨折等现代诊断关键指标，需防止过度映射"", ""仅凭单段描述，证据来源相对有限""]",c7682e7bd0404c93a0a73f12e3e14bea,['虎潜丸'],明,"['步态不稳', '活动受限']"
ok,2985,2026-02-04 18:38:02,杏苑生春,1575.0,骨痿,卷六 牙齿,【治】肾之骨痿齿痛者，以六味地黄丸或虎潜丸主之。二方俱见五卷内。,方药,[],,肾虚血瘀证,原文仅称“肾之骨痿”，未明确阴阳虚或夹瘀等具体证型,[],,"[""骨痛""]",,"[""中药内服""]",,"[{""name"": ""六味地黄丸"", ""type"": ""方剂"", ""note"": ""用于治疗肾之骨痿齿痛""}, {""name"": ""虎潜丸"", ""type"": ""方剂"", ""note"": ""用于治疗肾之骨痿齿痛""}]",1.0,治肾之骨痿齿痛者，以六味地黄丸或虎潜丸主之,True,True,,"[{""classical_span"": ""肾之骨痿齿痛"", ""why_supports"": ""明确出现“骨痿”这一与骨质疏松高度对应的古籍病名""}]",3,"[""未在原文中明确具体人群却强行标注人群特征"", ""将未提及的中医证型（如阴虚或阳虚）擅自对应"", ""在无症状依据下过度映射现代具体分型""]",7697feae2855d7d92f6d0bd107f815f3,"['六味地黄丸', '虎潜丸']",明,['骨痛']
ok,4297,2026-02-04 19:30:06,杏苑生春,1575.0,骨痹,卷五 痹论,痹者，麻木不仁之谓也。症状多端，是以方书有痛痹、行痹、著痹、周痹、肉痹、骨痹、脉痹等名之异。虽然种种不同，未有不由体质虚弱，风寒湿气乘之所致。是以经云风寒湿三气杂至，合而为痹。风胜为走痹，湿胜为著痹，寒胜为痛痹。春月遇此为筋痹，夏月遇此为脉痹，秋月遇此为皮痹，冬月遇此为骨痹，至阴月遇此为肉痹是也。大抵痹之为患，在肌肉则麻木不仁，在筋则拘屈不便，在脉则血凝不流，入骨则重著不举。若邪在肌肉之时，或针，或汗，或灸，俱易成功。不然，至入筋骨之际，必不易治。患者、医者两宜致意焉。虽然，又有气虚不能导血荣养筋脉而作麻木者，有因血虚无以荣养肌肉以致经隧涩涩而作麻木者，又不可专执汗、灸、针三法，当要分辨气虚、血虚、痰饮、瘀血而疗。如气虚，宜四君子为主加减；血虚，宜四物为主加减；因痰，导痰为先；因瘀血，则行瘀为本。宜各推宜，不可执一。,病名,[],,肾虚血瘀证,,[],,"[""骨痛"", ""活动受限""]",,"[""中药内服"", ""针刺"", ""艾灸""]",,"[{""name"": ""四君子汤"", ""type"": ""方剂"", ""note"": ""用于气虚所致麻木者，为主方加减""}, {""name"": ""四物汤"", ""type"": ""方剂"", ""note"": ""用于血虚无以荣养肌肉者，为主方加减""}]",0.2,入骨则重著不举，不易治,True,True,,"[{""classical_span"": ""冬月遇此为骨痹"", ""why_supports"": ""明确提出“骨痹”范畴，与骨病相关""}, {""classical_span"": ""入骨则重著不举"", ""why_supports"": ""描述入骨后沉重、功能受限，提示骨层受累""}]",1,"[""文本为痹证总论，未出现骨弱或易折等核心证据"", ""骨痹多与风寒湿相关，可能为风湿性骨病而非骨质疏松"", ""证型与现代表型对应关系较弱，存在过度映射风险""]",243c78f9132a88bcbe97864cd267c56c,"['四君子汤', '四物汤']",明,"['活动受限', '骨痛']"
ok,4298,2026-02-04 19:30:13,杏苑生春,1575.0,骨痹,卷七 杂症,【病】身寒，重衣不能热，腰脊疼不得俯仰，两脚冷，受热不遂，此肾脂枯涸不行，髓少筋弱，冻栗，故挛急，此名骨痹，以附子汤主之。,病名,[],,肾阳虚证,,[],,"[""腰背痛"", ""活动受限""]",,"[""中药内服""]",,"[{""name"": ""附子汤"", ""type"": ""方剂"", ""note"": ""用于治疗骨痹、身寒腰脊疼痛""}]",0.2,腰脊疼不得俯仰，髓少筋弱，此名骨痹,True,True,,"[{""classical_span"": ""腰脊疼不得俯仰"", ""why_supports"": ""提示慢性腰背痛及活动受限，符合骨量不足相关表现之一""}, {""classical_span"": ""髓少筋弱"", ""why_supports"": ""描述骨髓不足、筋骨虚弱，与骨质疏松病机部分相通""}]",1,"[""未见明确骨折或骨脆描述，可能仅为痹证"", ""未提供患者年龄或性别，难以映射具体现代表型"", ""症状可由风寒湿痹等其他骨病解释，证据偏弱""]",cc2a2f252189b568455e098464f81295,['附子汤'],明,"['活动受限', '腰背痛']"
ok,4607,2026-02-04 19:42:18,杏苑生春,1575.0,骨蚀,卷六 牙齿,【治】牙出脓血，变骨蚀风，及骨已出者，以玉池散主之。,方药,[],,删除,,[],,[],,"[""中药内服""]",,"[{""name"": ""玉池散"", ""type"": ""方剂"", ""note"": ""用于治疗牙出脓血、骨蚀等""}]",0.2,牙出脓血，变骨蚀风，及骨已出者,True,True,,"[{""classical_span"": ""变骨蚀风"", ""why_supports"": ""出现“骨蚀”一词，提示骨质受损，但为局部牙骨病变""}]",1,"[""文本为牙科局部病变，非系统性骨病"", ""未见骨折、骨弱等典型骨质疏松特征"", ""缺乏人群与证型信息，映射证据有限""]",e7271b7c3968842ad5bd9260b0596125,['玉池散'],明,[]
ok,1827,2026-02-04 17:51:54,袖珍方,1370.0,骨折,卷之四信（一） 折伤（附汤火冻疮）,如打破骨头并损伤，可用前项接骨散半钱，加马兜铃末半钱，同好酒一大盏热调，连渣温服。如骨折损，立接定，不疼；如不折了，吃了药，立便止住疼痛。此方累经效验，不可具述。,方药,[],,血瘀气滞证,属外伤折损，未见内在虚损证候描述,[],,"[""骨痛""]",,"[""中药内服""]",,"[{""name"": ""接骨散"", ""type"": ""方剂"", ""note"": ""用于骨折损伤，与酒调服""}, {""name"": ""马兜铃"", ""type"": ""单味药"", ""note"": ""研末加入接骨散同服""}]",0.2,,True,False,显效,"[{""classical_span"": ""如打破骨头并损伤"", ""why_supports"": ""明确为外伤性骨折描述，非骨量减少所致""}, {""classical_span"": ""如骨折损，立接定，不疼"", ""why_supports"": ""强调急性骨折复位止痛，指向创伤治疗""}]",1,"[""文本为急性外伤骨折，非慢性骨弱或脆性骨折"", ""未出现骨痿、骨枯、年老骨弱等指向性病名"", ""缺乏与骨量减少或反复骨折相关证据""]",8be44b8bfad1a292b8cb257bf9a2da10,"['接骨散', '马兜铃']",明,['骨痛']
ok,2744,2026-02-04 18:27:11,袖珍方,1370.0,骨痿,卷之二行 诸虚,治肾经虚败，遂成骨痿，腰脚难举，日加困乏。,病名,[],,肾虚血瘀证,原文称“肾经虚惫，遂成骨痿”，未细分阴阳，仅指肾虚致骨痿,[],,"[""活动受限"", ""乏力"", ""步态不稳""]",,"[""中药内服""]",,"[{""name"": ""起痿丹"", ""type"": ""方剂"", ""note"": ""用于治疗足痿、骨痿等筋骨痿软之证""}]",1.0,肾经虚惫，遂成骨痿，腰脚难举，日加困乏。,True,True,,"[{""classical_span"": ""遂成骨痿"", ""why_supports"": ""明确出现“骨痿”这一高度指向骨质疏松样病名""}, {""classical_span"": ""腰脚难举"", ""why_supports"": ""提示下肢无力、活动受限，符合骨弱表现""}]",1,"[""若将骨痿直接等同于现代所有类型骨质疏松，可能过度泛化"", ""未见骨折或年龄信息，难以细分现代表型"", ""证型未明确阴阳属性，映射存在不确定性""]",37a173ddeffea1e9ae1de8786d35bc85,['起痿丹'],明,"['乏力', '步态不稳', '活动受限']"
ok,3276,2026-02-04 18:50:24,袖珍方,1370.0,骨虚,卷之二行 诸虚,治骨虚极，面肿垢黑，脊痛不能久立，血气衰惫，发落齿枯，甚则喜唾。,方药,[],,肾虚血瘀证,原文仅称“骨虚极”，未明确归属肾阳虚、肝肾阴虚等既定证型,[],,"[""腰背痛"", ""骨痛"", ""活动受限"", ""乏力""]",,"[""中药内服""]",,"[{""name"": ""鹿角丸"", ""type"": ""方剂"", ""note"": ""治骨虚极，腰脊痛、不能久立等""}]",0.7,治骨虚极……脊痛不能久立……腰脊痛,True,True,,"[{""classical_span"": ""治骨虚极"", ""why_supports"": ""直接出现“骨虚”病名，指向骨量不足、骨弱范畴""}, {""classical_span"": ""脊痛不能久立"", ""why_supports"": ""符合慢性腰背痛与活动受限等骨质疏松常见表现""}]",1,"[""原文未提供明确人群或年龄信息却强行标注人群类型"", ""将“骨虚”直接等同具体现代分型（如绝经后型）属过度映射"", ""症状未见骨折证据却夸大为脆性骨折相关""]",b234356be1d9f1ddfb112f26eccb5eba,['鹿角丸'],明,"['乏力', '活动受限', '腰背痛', '骨痛']"
ok,700,2026-02-04 17:08:00,续名医类案,1770.0,骨痿,卷十三 痿,施灵修有一里人，善酒，卧床褥者三年，灵修怜而索方于仲淳。仲淳亲诊之，知其酒病也。夫酒，湿热之物，多饮者，湿热之邪贯于阳明。湿热胜则下客于肾而为骨痿，故昔人治痿独取阳明。以五味子为君，黄连为臣，麦冬、干葛、扁豆为佐，服之愈。（《广笔记》。）,病名,[],,肝肾阴虚证,原文称“酒为湿热之物…湿热胜则下客于肾而为骨痿”，属湿热伤肾致骨痿，非给定证型,[],,[],,"[""中药内服""]",,"[{""name"": ""五味子"", ""type"": ""单味药"", ""note"": ""为君""}, {""name"": ""黄连"", ""type"": ""单味药"", ""note"": ""为臣""}, {""name"": ""麦冬"", ""type"": ""单味药"", ""note"": ""为佐""}, {""name"": ""干葛"", ""type"": ""单味药"", ""note"": ""为佐""}, {""name"": ""扁豆"", ""type"": ""单味药"", ""note"": ""为佐""}]",1.0,湿热胜则下客于肾而为骨痿,True,True,愈,"[{""classical_span"": ""骨痿"", ""why_supports"": ""明确出现高度相关的古籍病名，直指骨之萎弱""}, {""classical_span"": ""下客于肾而为骨痿"", ""why_supports"": ""将病机直接归于骨痿形成""}]",1,"[""若将湿热酒病直接等同所有骨质疏松病因，可能过度映射"", ""未见骨折等现代典型表型，若强行细分表型可能证据不足"", ""若臆断具体人群年龄性别，将超出原文信息""]",f6cfc5b3dc14d024baabfbe9889678eb,"['五味子', '干葛', '扁豆', '麦冬', '黄连']",清,[]
ok,701,2026-02-04 17:08:00,续名医类案,1770.0,骨痿,卷二十三 带下,王海藏云∶李知府妻梅氏，带下病七年，血崩不止，骨痿着床，日服紫菀丸五丸、十丸、十五丸，服下脓血五升，黄水一升，肉块如鸡子状始愈。（方见瘀血门。）,病名,[],,血瘀气滞证,,[],,[],,"[""中药内服""]",,"[{""name"": ""紫菀丸"", ""type"": ""方剂"", ""note"": ""日服五至十五丸，用于骨痿相关病情""}]",1.0,骨痿着床,True,True,愈,"[{""classical_span"": ""骨痿着床"", ""why_supports"": ""明确出现古籍病名“骨痿”，与现代骨质疏松高度相关""}]",1,"[""文本未提供骨折、骨痛等现代骨质疏松典型体征"", ""缺乏明确年龄阶段，无法对应具体现代表型"", ""记载背景以带下病为主，骨痿并非主症展开""]",01315fb3f6035f0bda1fb5f7238bd148,['紫菀丸'],清,[]
ok,3325,2026-02-04 18:52:22,续名医类案,1770.0,骨缩,卷十一 虚损,窦材治一人，身长五尺，因酒色伤，渐觉肌肉消瘦，令灸关元三百壮，服保元丹一斤，自后大便滑，小便长，饮食渐加，肌肉渐生，半年如故。（此案附骨缩病后，故念庵谓有缺文。）,病名,[],,脾胃虚弱证,,"[""其他""]",古籍病名“骨缩”，描述形体消瘦、骨体萎缩，属古代对骨量减少/骨弱状态的概括性表述,[],,"[""艾灸"", ""中药内服""]",,"[{""name"": ""保元丹"", ""type"": ""方剂"", ""note"": ""用于调补元气，文中与灸关元并用""}]",1.0,骨缩病,True,True,愈,"[{""classical_span"": ""骨缩病"", ""why_supports"": ""“骨缩”为古籍中直接指向骨体萎缩、骨弱的病名，与骨质疏松高度一致""}, {""classical_span"": ""渐觉肌肉消瘦"", ""why_supports"": ""提示形体消瘦、支持慢性骨与形体退化状态""}]",1,"[""仅凭骨病名称而无现代指标，仍可能被误解为其他消瘦性疾病"", ""症状以肌肉消瘦为主，缺乏骨折等现代骨质疏松关键结局证据"", ""古籍条文存在缺文疑点，完整病机与范围可能不清""]",a4e80d431dcf000836d63764da99136e,['保元丹'],清,[]
ok,3774,2026-02-04 19:10:21,续名医类案,1770.0,骨痹,卷十三 痛痹,冯楚瞻治唐某，患左足左手骨节疼痛，势如刀割，旦夕呼号，既而移至右手右足皆遍矣。或用祛风活络之剂不效。见其口燥咽干，误作流火，投以凉剂，幸而吐出。神气疲困，六脉洪弦，此气血久虚，筋骨失养，将成瘫痪之候。惟宜大用熟地、当归、白芍，养血为君；银花、秦艽，少借风势以达药力于筋骨为臣；牛膝、续断、杜仲，以调筋骨为佐；更用桂枝、松节，以鼓舞药性，横行于两臂为引；再用参、术以固中培元。调理半月，渐瘳。后以生脉饮，送八味丸加牛膝、杜仲、鹿茸、五味子各四五钱，日中仍服前剂，始能步履。更以大补气血，强筋壮骨之药，以收全功。未几，其室人因日夜忧劳，亦患是症，六脉沉微，右手足疼痛，既而不流于左，而竟攻之于里，胸脘痞闷恶心，疼痛欲绝。知为内伤日久，寒邪不为外达，直中阴分，宜急温之。以人参、白术各五钱，肉桂、附子各二钱，浓煎，徐徐温服。次日脉少起，胸中病痛闷大减，身有微热，左亦略疼，此阳气还表，寒邪欲外散之机也。照方再服，内症渐平。惟手足之痛尚在，然亦不甚，以参、术补中为君，归、芍养血为臣，杜仲、续断、牛膝、秦艽、桂枝，舒筋活络为佐，全愈。夫痛风止有五痹，皮痹、脉痹、肌痹、骨痹、筋痹，未闻有脏腑之痹也。然经曰∶寒气胜者为痛痹。又曰∶其留连筋骨间者疼久，其留皮肤间者易已，其入脏者死。可不慎欤！,病名,[],,肾阳虚证,,[],,"[""骨痛"", ""活动受限""]",,"[""中药内服""]",,"[{""name"": ""熟地"", ""type"": ""单味药"", ""note"": ""养血为君""}, {""name"": ""当归"", ""type"": ""单味药"", ""note"": ""养血""}, {""name"": ""白芍"", ""type"": ""单味药"", ""note"": ""养血""}, {""name"": ""银花"", ""type"": ""单味药"", ""note"": ""借风势达药力""}, {""name"": ""秦艽"", ""type"": ""单味药"", ""note"": ""祛风通络""}, {""name"": ""牛膝"", ""type"": ""单味药"", ""note"": ""调筋骨""}, {""name"": ""续断"", ""type"": ""单味药"", ""note"": ""补肾强筋骨""}, {""name"": ""杜仲"", ""type"": ""单味药"", ""note"": ""补肝肾强筋骨""}, {""name"": ""桂枝"", ""type"": ""单味药"", ""note"": ""温经通络""}, {""name"": ""松节"", ""type"": ""单味药"", ""note"": ""引药入筋骨""}, {""name"": ""生脉饮"", ""type"": ""方剂"", ""note"": ""后期调养""}, {""name"": ""八味丸"", ""type"": ""方剂"", ""note"": ""加牛膝、杜仲、鹿茸、五味子""}]",0.2,其留连筋骨间者疼久,True,False,全愈,"[{""classical_span"": ""骨节疼痛，筋骨失养"", ""why_supports"": ""提示慢性筋骨疼痛与失养，但未及骨弱或骨折""}, {""classical_span"": ""其留连筋骨间者疼久"", ""why_supports"": ""描述疼痛久留筋骨，属痹证范畴""}]",1,"[""文本未出现骨痿、骨枯或易骨折等强指向描述"", ""主要为痹证疼痛，可能为风寒湿痹而非骨量减少"", ""缺乏年龄、骨折或形体改变信息，映射证据有限""]",e539b8c8f9da90bc4e66d381d44bda7f,"['八味丸', '当归', '杜仲', '松节', '桂枝', '熟地', '牛膝', '生脉饮', '白芍', '秦艽', '续断', '银花']",清,"['活动受限', '骨痛']"
ok,702,2026-02-04 17:08:06,轩岐救正论,1644.0,骨痿；骨枯,卷之一 医论 论诸痿,内经论五脏之痿。谆谆以肺热为主。而治痿则独取阳明阳明与太阴相表里为五脏六腑之海。主润宗筋束骨而利机关合冲带督三脉而又为阴阳之总会。故人身有真阳升降营运。强健不息精神气血性情魂魄。无委靡不振之。患咸得其阖辟。动静之。常者也。夫痿者痿弱不劲。举动不力也。盖金不能生水致肾。失作强之用痿斯见矣。肺主皮毛心主血脉。脾主肌肉。肝主筋膜。肾主骨髓。肺为诸脏之长为心之盖。痿则内叶焦而皮毛不荣金为火燥水难卫母。热气留着。必及于筋脉骨肉。则病生痿 也。心痿脉上逆而下虚。枢析挈胫。纵不任地。为脉痿。肝痿则胆泄口苦。筋膜干而挛急为筋痿。脾痿则胃干而渴。肌肉不仁。为肉痿肾痿则腰脊不举。骨枯髓减。为骨痿此经之言诸痿也。仲景金匮有谓肺痿者。以热在上焦。因咳而为痿。得之或从汗出。或从呕吐。或从消渴小便利数。或从便难。或被快药下利。重亡津液。故寸口脉数而虚。口中反有浊唾涎沫。原其意从内经痿条推展。在脏气虚不得布荣卫行津液。反冤郁为热蕴结涎沫浊唾而后咳。故附方或用炙甘草汤。或用生姜人参大枣汤。所治大意似之矣。又谓肺痿吐涎沫而不咳。其人不渴。必遗尿水便数。亦以上虚不能制下故也。此为肺冷咳多涎唾。甘草生姜汤以温之。若服汤已渴属消渴。则此所治。便与前条上焦热者不同矣。上焦热则冤郁而肺之玄府燥涩。气不利则咳。津不布则渴。此云肺中冷者非形寒饮冷之邪在其中。由上焦无阳。故曰冷。阳气不足则不成热。不热则不咳亦不渴唯气虚而不能约制其水道之行也。肺与肾连。肺虚则肾亦虚。故水入咽直达于肾。肾亦不能以水精四布于五脏。而径出于溺矣。,病名,[],,肝肾阴虚证,,[],,"[""活动受限"", ""乏力""]",,"[""中药内服""]",,"[{""name"": ""炙甘草汤"", ""type"": ""方剂"", ""note"": ""用于肺痿，补虚复脉，文中引述为相关治法""}, {""name"": ""生姜人参大枣汤"", ""type"": ""方剂"", ""note"": ""用于肺痿气虚津伤之证，文中对比说明""}, {""name"": ""甘草生姜汤"", ""type"": ""方剂"", ""note"": ""用于肺中冷、涎唾多之肺痿证""}]",1.0,肾痿则腰脊不举，骨枯髓减，为骨痿,True,True,,"[{""classical_span"": ""骨枯髓减，为骨痿"", ""why_supports"": ""直接描述骨质枯减与骨痿，强指向骨量不足""}, {""classical_span"": ""腰脊不举"", ""why_supports"": ""提示脊柱功能受限，符合骨质疏松相关表现""}]",4,"[""文本未出现明确现代诊断，可能仅为中医痿证范畴"", ""缺乏年龄、性别等人群信息，难以细分现代分型"", ""治疗方剂多针对肺痿，非专门论骨病""]",8f3757f24c8138e252e701bf43a9ab43,"['炙甘草汤', '甘草生姜汤', '生姜人参大枣汤']",清,"['乏力', '活动受限']"
ok,1227,2026-02-04 17:28:57,种福堂公选良方,1803.0,骨痿,卷一 温热论、续医案 续医案,茯苓（一两） 囫囵浓朴 草果仁 半夏 新会皮 高良姜冲入姜汁五分蒋上年久暖少寒，冬不藏固，花甲已外，肾真既亏，水不涵木，肝阳化风，勃然上泛，遂令眩晕。经云：下虚上实为厥，乃欲仆中之根萌也。此非外来六气所感，由操持萦思，五志之阳剧升烦动，在里营血脂液暗耗。诊脉左尺空弦，望色浮红光亮，欲便用力，汗泄 ，偶尔立起，则足跗骨痿，色脉见症，显明彰着。阅所服诸药，未参内典圣训。昔刘河间内经奥旨：凡上实下虚，耳鸣足痿，便溺窍阻等症，每以浊药清投，名曰饮子，宗是议主治。,病名,"[""老年后""]",,肾阳虚证,,"[""原发性-老年型""]",,"[""步态不稳"", ""活动受限""]",,"[""中药内服""]",,"[{""name"": ""茯苓"", ""type"": ""单味药"", ""note"": ""方中用药之一""}, {""name"": ""厚朴"", ""type"": ""单味药"", ""note"": ""方中用药之一""}, {""name"": ""草果仁"", ""type"": ""单味药"", ""note"": ""方中用药之一""}, {""name"": ""半夏"", ""type"": ""单味药"", ""note"": ""方中用药之一""}, {""name"": ""新会皮"", ""type"": ""单味药"", ""note"": ""方中用药之一""}, {""name"": ""高良姜"", ""type"": ""单味药"", ""note"": ""方中用药之一""}, {""name"": ""姜汁"", ""type"": ""单味药"", ""note"": ""冲入用之""}]",1.0,偶尔立起，则足跗骨痿,True,True,,"[{""classical_span"": ""病名: 骨痿"", ""why_supports"": ""明确出现高度相关古籍病名""}, {""classical_span"": ""花甲已外，肾真既亏"", ""why_supports"": ""指向老年肾虚背景""}, {""classical_span"": ""足跗骨痿"", ""why_supports"": ""表现为骨痿、行走不稳""}]",4,"[""若忽略原文明确病名而强行另作解释，可能构成误标"", ""若推断未提及的骨折或疼痛表现，属于臆造信息"", ""若将证型改为非原文所示，违反枚举与证据约束""]",b13084301a65daecfeb0d9d4438b04df,"['半夏', '厚朴', '姜汁', '新会皮', '茯苓', '草果仁', '高良姜']",清,"['步态不稳', '活动受限']"
ok,705,2026-02-04 17:08:14,血证论,1884.0,骨痿,卷六 痿废,痿者。足废不能行之谓。分五痿治之。心气热则脉痿。筋纵而不任地。天王补心丹。加丹皮治之。肝气热为筋痿。则筋急而挛。四物汤加羚羊角续断山茱萸黄柏地骨皮治之。脾气热为肉痿。胃干而渴。肌肉不仁。四物汤加人参山药黄芩黄柏泽泻云苓治之。肾气热则骨痿。腰脊不举。地黄汤。及大补阴丸治之。肺气热则津痿。不能灌溉于足。疲乏不行。清燥救肺汤治之。以上治法。虽分五脏。而总系阴虚热灼。筋骨不用之所致。欲热之退。莫如滋阴。欲阴之生。莫如独取阳明。阳明者。五脏六腑之海。主润宗筋。宗筋主束骨而利机关。阳明虚则宗筋纵。带脉不引。故足痿不用也。宜琼玉膏。加玉竹 石膏石斛花粉珍珠竹茹治之。玉女煎。加犀角亦治之。然痿废之原。虽在于胃。而其病之发见。则在于筋骨。凡虎骨龟板鹿筋猪脊髓牛骨髓狗脊骨碎补牛膝苡仁枸杞子菟丝子续断。皆可加入。以为向导。,病名,[],,肝肾阴虚证,,[],,"[""活动受限"", ""乏力"", ""步态不稳""]",,"[""中药内服""]",,"[{""name"": ""地黄汤"", ""type"": ""方剂"", ""note"": ""治肾气热所致骨痿""}, {""name"": ""大补阴丸"", ""type"": ""方剂"", ""note"": ""滋阴以治骨痿""}, {""name"": ""琼玉膏"", ""type"": ""方剂"", ""note"": ""滋阴润筋骨""}, {""name"": ""玉女煎"", ""type"": ""方剂"", ""note"": ""加减用于痿废""}, {""name"": ""虎骨"", ""type"": ""单味药"", ""note"": ""用于筋骨痿废""}, {""name"": ""龟板"", ""type"": ""单味药"", ""note"": ""用于筋骨痿废""}, {""name"": ""鹿筋"", ""type"": ""单味药"", ""note"": ""用于筋骨痿废""}, {""name"": ""骨碎补"", ""type"": ""单味药"", ""note"": ""用于筋骨痿废""}, {""name"": ""续断"", ""type"": ""单味药"", ""note"": ""用于筋骨痿废""}]",1.0,肾气热则骨痿。腰脊不举。,True,True,,"[{""classical_span"": ""肾气热则骨痿"", ""why_supports"": ""直接出现“骨痿”病名，指向骨弱萎软""}, {""classical_span"": ""腰脊不举"", ""why_supports"": ""符合现代骨质疏松的功能受限表现""}]",1,"[""若将多脏证并列强行合并为复合证型，可能违反单选要求"", ""未出现骨折记载，若过度外推为骨折型可能证据不足"", ""若擅自推断特定现代分型（如绝经后型）则属臆造""]",f35edfce0fe6f02d98ea7be0fa3d8964,"['地黄汤', '大补阴丸', '玉女煎', '琼玉膏', '续断', '虎骨', '骨碎补', '鹿筋', '龟板']",清,"['乏力', '步态不稳', '活动受限']"
ok,3977,2026-02-04 19:18:04,颜德馨经验荟萃,2000.0,骨痹,痹证论治五法,颜师在痹病的辨证中常谓要识痰瘀特徵，因为经脉气血长期不得通畅，往往产生瘀血和痰浊，痰留关节，瘀阴络脉，更加重了痹阻，使气血失荣而见疼痛、麻木、肿胀，甚至骨节变形，活动受限。颜师从临床实践出发，认为痹证日久，大多夹有血瘀证，因痹证以疼痛为主要表现，其病机乃气血闭阻不能，不通则痛也，可从“骨痹““顽痹”“痛痹”中论治。枣核指、鸡爪手、尻以代踵，脊以代头，为其最明显的特徵。方取身痛遂瘀汤或活络效灵丹加味。身痛逐瘀汤以桃、红、归活血化瘀，五灵脂，地龙通络，川芎、没药、香附理气活血、羌活、秦艽祛风湿，牛膝壮筋骨，全方共奏行气、活血化瘀、疏通经络之功。颜师喜以没药与莪术同用，谓此种配伍，化瘀之力可增。活络效灵丹载《医学衷中参西录》，是治疗气血瘀滞、经络瘀阻、肢体疼痛之方，方中乳、没消瘀化块皆生用，辅以丹参、党归养血活血。对於关节变形者，颜师喜以鬼箭羽、露峰房合用，除痹活络之功颇佳。虫类搜剔之品也常运用，因病已至此，邪气壅滞而不去，深入关节筋骨，恙根深痼，难以骤拔，非迅疾飞走不能散，临证悉以全虫或蜈蚣煎剂内服，或研粉摊入膏药中外敷，取其搜剔经络血瘀之功。蛇类药性味甘卤温，功能祛风通络，镇静定惊，攻毒散邪，其透骨搜风之力，能外达皮毛，内通经络，为”截风要药“。乌梢蛇、白花蛇为最常用之品。,方药,[],,血瘀气滞证,,[],,"[""骨痛"", ""活动受限""]",,"[""中药内服"", ""中药外用""]",,"[{""name"": ""身痛逐瘀汤"", ""type"": ""方剂"", ""note"": ""行气活血、化瘀通络""}, {""name"": ""活络效灵丹"", ""type"": ""方剂"", ""note"": ""治疗气血瘀滞、经络瘀阻""}, {""name"": ""全虫"", ""type"": ""单味药"", ""note"": ""搜剔经络血瘀""}, {""name"": ""蜈蚣"", ""type"": ""单味药"", ""note"": ""研粉外敷或内服""}, {""name"": ""乌梢蛇"", ""type"": ""单味药"", ""note"": ""祛风通络、透骨搜风""}, {""name"": ""白花蛇"", ""type"": ""单味药"", ""note"": ""祛风通络、透骨搜风""}]",0.2,痰留关节，瘀阴络脉…甚至骨节变形，活动受限,True,False,,"[{""classical_span"": ""骨节变形，活动受限"", ""why_supports"": ""提示慢性骨关节结构改变但未指向骨量减少""}, {""classical_span"": ""可从“骨痹”中论治"", ""why_supports"": ""涉及骨病范畴但偏痹证风湿""}]",1,"[""文本以痹证、风湿疼痛为主，非骨量减少"", ""未见脆性骨折或年老骨弱描述"", ""骨变形可能源于炎症而非骨质疏松""]",1758f8c5278d2e9e16096ae66405bb7c,"['乌梢蛇', '全虫', '活络效灵丹', '白花蛇', '蜈蚣', '身痛逐瘀汤']",近现代,"['活动受限', '骨痛']"
ok,1565,2026-02-04 17:42:04,杨氏家藏方,1178.0,骨折,卷第十四 伤折方四十一道 没药降圣丹,治打扑闪肭，筋断骨折，挛急疼痛，不能屈伸。及荣卫虚弱，外受游风，内伤骨缓纵，皮肉刺痛，身体倦怠，四肢少力，肩背拘急。,方药,[],,血瘀气滞证,,[],,"[""骨痛"", ""活动受限""]",,"[""中药内服""]",,"[{""name"": ""没药降圣丹"", ""type"": ""方剂"", ""note"": ""用于治疗打扑闪肭、筋断骨折、疼痛拘急""}]",0.2,治打扑闪肭，筋断骨折，挛急疼痛，不能屈伸,True,False,,"[{""classical_span"": ""筋断骨折，挛急疼痛"", ""why_supports"": ""涉及骨折与疼痛，但以急性外伤为主，非骨弱脆性骨折""}, {""classical_span"": ""内伤骨缓纵"", ""why_supports"": ""提示骨与筋功能减弱，但缺乏骨量减少或老年易折证据""}]",1,"[""文本以急性外伤骨折为主，可能并非骨质疏松相关"", ""未出现骨痿、骨弱或年老易折等高指向性描述"", ""将外伤骨折直接映射为骨质疏松存在过度推断风险""]",7034291995a481aa309d06b94bc10592,['没药降圣丹'],宋金元,"['活动受限', '骨痛']"
ok,714,2026-02-04 17:08:31,药笼小品,1851.0,骨痿,各论 骨碎补,苦坚肾，温行血，补伤折，疗骨痿，蜜拌蒸晒。,方药,[],,删除,,[],,[],,"[""中药内服""]",,"[{""name"": ""骨碎补"", ""type"": ""单味药"", ""note"": ""用于补伤折，疗骨痿，蜜拌蒸晒""}]",1.0,补伤折，疗骨痿,True,True,,"[{""classical_span"": ""疗骨痿"", ""why_supports"": ""骨痿为古籍中与骨质疏松高度对应的病名范畴""}]",1,"[""未见人群或年龄信息，无法细分现代分型"", ""未明确症状体征细节，不能强行映射枚举症状"", ""无证型描述，若强判证型将构成臆造""]",79eb1a02bbc584ee100ec79b353173c1,['骨碎补'],清,[]
ok,1944,2026-02-04 17:56:04,药性赋白话解,2002.0,骨折,温 性 药 赋,治疗骨折金创的病痛宜用骨碎补。本品味苦性温，功能活血续伤，补肾强骨。主治跌打损伤或创伤，筋骨损伤，瘀滞肿痛及肾虚腰痛脚弱、耳鸣耳聋、牙痛、久泻等。,方药,[],,血瘀气滞证,,[],,"[""骨痛"", ""活动受限""]",,"[""中药内服""]",,"[{""name"": ""骨碎补"", ""type"": ""单味药"", ""note"": ""用于治疗骨折金创、筋骨损伤，活血续伤、补肾强骨""}]",0.2,,True,False,,"[{""classical_span"": ""治疗骨折金创的病痛"", ""why_supports"": ""文本核心为外伤性骨折与筋骨损伤治疗，非骨量减少所致脆性骨折""}]",1,"[""条文以外伤骨折为主，缺乏骨弱、骨痿等慢性退行性描述"", ""未出现老年、绝经后等骨质疏松高危人群指向"", ""症状与急性创伤相符，难以直接映射骨质疏松""]",eb297c7fba124f71ebb2a39cfa418698,['骨碎补'],近现代,"['活动受限', '骨痛']"
ok,1932,2026-02-04 17:55:32,药性歌括四百味白话解,1591.0,骨折,五,本品含橙皮苷、骨碎补双氢黄酮苷、骨碎补酸等。能促进骨对钙的吸收，有利于骨折的愈合；有一定的改善软骨细胞功能，推迟细胞退行性变的作用，对小鼠有明显的镇痛和镇静作用。,内治方药,[],,删除未明确,文本未提供明确中医证型描述,[],,"[""骨折""]",文本提及“骨折的愈合”，但未区分是否为脆性骨折,"[""中药内服""]",,"[{""name"": ""骨碎补"", ""type"": ""单味药"", ""note"": ""促进骨对钙吸收，有利于骨折愈合""}]",0.2,,True,True,,"[{""classical_span"": ""能促进骨对钙的吸收，有利于骨折的愈合"", ""why_supports"": ""提示与骨折及骨代谢相关，但未明确骨痿或骨弱""}]",1,"[""文本未提供明确古籍病名或证候，相关性有限"", ""骨折描述可能源于外伤而非骨质疏松"", ""缺乏人群与长期骨弱特征，证据偏弱""]",45f9c33b868540a36b167428e2d15780,['骨碎补'],明,['骨折']
ok,1930,2026-02-04 17:55:37,药性歌括四百味白话解,1591.0,骨折,三,用治跌仆损伤、骨折等瘀血肿痛，可与自然铜、骨碎补、土鳖虫、乳香等同用。用治痈疽肿痛，可与炮山甲、制僵蚕配合使用。,病名,[],,血瘀气滞证,,[],,[],,"[""中药内服""]",,"[{""name"": ""自然铜"", ""type"": ""单味药"", ""note"": ""与骨碎补等同用，治骨折瘀痛""}, {""name"": ""骨碎补"", ""type"": ""单味药"", ""note"": ""与自然铜同用，治跌仆骨折""}, {""name"": ""土鳖虫"", ""type"": ""单味药"", ""note"": ""活血化瘀，用于骨折肿痛""}, {""name"": ""乳香"", ""type"": ""单味药"", ""note"": ""止痛活血，配伍使用""}, {""name"": ""炮山甲"", ""type"": ""单味药"", ""note"": ""用于痈疽肿痛配伍""}, {""name"": ""制僵蚕"", ""type"": ""单味药"", ""note"": ""用于痈疽肿痛配伍""}]",0.2,用治跌仆损伤、骨折等瘀血肿痛,True,False,,"[{""classical_span"": ""跌仆损伤、骨折"", ""why_supports"": ""涉及骨折，但为外伤所致，非骨弱或脆性骨折""}]",1,"[""文本所述为急性外伤骨折，非慢性骨量减少"", ""缺乏骨弱、易折、年老等骨质疏松核心特征"", ""证型与用药以活血化瘀为主，指向外伤处理""]",3d5fda39580982068d2203dea6a1fd8c,"['乳香', '制僵蚕', '土鳖虫', '炮山甲', '自然铜', '骨碎补']",明,[]
ok,1933,2026-02-04 17:55:41,药性歌括四百味白话解,1591.0,骨折,六,用治肝肾不足所致的腰膝酸痛、肢软无力及风湿痹证、关节疼痛者，常配伍杜仲、牛膝、狗脊、桑寄生、木瓜等药，共奏补肝肾、强筋骨、祛风湿之效。治疗肝肾亏损、冲任不固的崩漏失血、妊娠下血、胎动不安等，可与杜仲、菟丝子、阿胶、艾叶、熟地、桑寄生等补肝肾、固冲任、止血安胎药同用。用治跌仆损伤、骨折、金疮，常与自然铜、骨碎补、血竭、土鳖虫等接筋续骨、疗伤止痛药同用。此外，本品与蒲公英同用研末，尚可用治乳痈。,方药,"[""胎产哺乳""]",,肾阳虚证,,[],,"[""腰背痛"", ""活动受限""]",,"[""中药内服""]",,"[{""name"": ""杜仲"", ""type"": ""单味药"", ""note"": ""配伍以补肝肾、强筋骨""}, {""name"": ""牛膝"", ""type"": ""单味药"", ""note"": ""配伍以强筋骨、止痛""}, {""name"": ""狗脊"", ""type"": ""单味药"", ""note"": ""配伍以补肝肾、强筋骨""}, {""name"": ""桑寄生"", ""type"": ""单味药"", ""note"": ""配伍以补肝肾、祛风湿""}, {""name"": ""自然铜"", ""type"": ""单味药"", ""note"": ""与跌仆骨折同用以接筋续骨""}, {""name"": ""骨碎补"", ""type"": ""单味药"", ""note"": ""与骨折同用以疗伤止痛""}]",0.4,用治肝肾不足所致的腰膝酸痛、肢软无力……用治跌仆损伤、骨折,True,True,,"[{""classical_span"": ""腰膝酸痛、肢软无力"", ""why_supports"": ""提示慢性筋骨痿软，部分符合骨量不足表现""}, {""classical_span"": ""跌仆损伤、骨折"", ""why_supports"": ""出现骨折相关描述，与骨脆弱性有一定关联""}]",1,"[""主要指跌仆外伤或风湿痹证，未明确脆性骨折"", ""未出现骨痿、骨枯等直接指向骨质疏松的病名"", ""证据多为配伍应用，缺乏针对骨弱的独立论述""]",5017c03b48a665943e60a7a1524fc10b,"['杜仲', '桑寄生', '牛膝', '狗脊', '自然铜', '骨碎补']",明,"['活动受限', '腰背痛']"
ok,1935,2026-02-04 17:55:45,药性歌括四百味白话解,1591.0,骨折,六,用治妇女瘀血阻滞，痛经、闭经、癥瘕包块、宫外孕等，可与桃仁、红花、三棱、莪术、川芎、丹参、乳香等药适当配伍应用。用于疮痈肿毒、痰核瘰疬、肺痈肠痈等，常配伍牛黄、麝香、乳香、当归、赤芍、金银花、甘草等药，有清热解毒、消肿止痛之功。若疮疡破溃，久不收口，须配伍象皮、白蜡、血竭、珍珠等敛疮生肌药。用治跌打损伤、瘀血肿痛、金伤骨折或外伤出血等，本品常与血竭、儿茶、珍珠、麝香、冰片、红花等药同用。本品配伍当归、丹参、乳香，有散瘀止痛之功，可治血分瘀滞、心腹诸痛。,方药,[],,血瘀气滞证,,[],,[],,"[""中药内服""]",,"[{""name"": ""血竭"", ""type"": ""单味药"", ""note"": ""用于跌打损伤、瘀血肿痛、骨折等配伍用药""}, {""name"": ""红花"", ""type"": ""单味药"", ""note"": ""活血散瘀，治疗金伤骨折时常配伍""}, {""name"": ""乳香"", ""type"": ""单味药"", ""note"": ""散瘀止痛，用于跌打损伤、骨折疼痛""}]",0.2,,True,False,,"[{""classical_span"": ""用治跌打损伤、瘀血肿痛、金伤骨折"", ""why_supports"": ""明确指向外伤性骨折而非骨弱、骨痿等慢性退行性改变""}]",1,"[""文本所述骨折为跌打损伤所致，属急性外伤而非骨量减少"", ""未见骨痿、骨枯、年老骨弱等与骨质疏松高度一致表述"", ""证据不足以支持将活血止痛用药直接映射为骨质疏松治疗""]",b9536ecb458411e801d88a8b92555b0b,"['乳香', '红花', '血竭']",明,[]
ok,1937,2026-02-04 17:55:49,药性歌括四百味白话解,1591.0,骨折,八,自然铜散 自然铜、当归、乳香、没药、羌活，用于跌打损伤、瘀血肿痛；骨折则以骨碎补，酒浸捣绞取汁冲服。,方药,[],,血瘀气滞证,,[],,[],,"[""中药内服""]",,"[{""name"": ""自然铜散"", ""type"": ""方剂"", ""note"": ""用于跌打损伤、瘀血肿痛""}, {""name"": ""骨碎补"", ""type"": ""单味药"", ""note"": ""骨折时酒浸捣绞取汁冲服""}, {""name"": ""当归"", ""type"": ""单味药"", ""note"": ""方中配伍""}, {""name"": ""乳香"", ""type"": ""单味药"", ""note"": ""方中配伍""}, {""name"": ""没药"", ""type"": ""单味药"", ""note"": ""方中配伍""}, {""name"": ""羌活"", ""type"": ""单味药"", ""note"": ""方中配伍""}]",0.2,,True,False,,"[{""classical_span"": ""用于跌打损伤、瘀血肿痛；骨折"", ""why_supports"": ""所述为急性外伤与骨折处理，非骨量减少或脆性骨折语境""}]",1,"[""文本仅涉及跌打损伤与急性骨折，非慢性骨弱"", ""未见骨痿、骨弱、年老易折等指向性描述"", ""将外伤性骨折强行等同骨质疏松存在偏差""]",d9f5dbafa789eabe1fab56497eade041,"['乳香', '当归', '没药', '羌活', '自然铜散', '骨碎补']",明,[]
ok,1938,2026-02-04 17:55:50,药性歌括四百味白话解,1591.0,骨折,八,七厘散 见乳香条。用于跌打骨折、外伤出血。,方药,[],,血瘀气滞证,原文仅述跌打损伤、骨折与外伤出血，未涉及内在虚损证型,[],,[],,[],,"[{""name"": ""七厘散"", ""type"": ""方剂"", ""note"": ""用于跌打骨折、外伤出血""}]",0.2,,True,False,,"[{""classical_span"": ""用于跌打骨折、外伤出血"", ""why_supports"": ""明确为急性外伤性骨折与出血，非骨弱或脆性骨折描述""}]",1,"[""条目仅涉及急性跌打损伤，缺乏骨弱或骨量减少证据"", ""未出现骨痿、骨疏等与骨质疏松高度相关的古籍病名"", ""若强行映射为骨质疏松，属于证据不足的过度关联""]",b030b4cbf7562b15cbee3d0fedc7d312,['七厘散'],明,[]
ok,4514,2026-02-04 19:38:31,药性歌括四百味白话解,1591.0,,八,千年健温，除湿祛风，强筋健骨，痹痛能攻。,方药,[],,删除非辨证文献,原文仅述药性功效，未指向具体证型,[],,[],,"[""中药内服""]",,"[{""name"": ""千年健"", ""type"": ""单味药"", ""note"": ""温，除湿祛风，强筋健骨""}]",0.2,千年健温，除湿祛风，强筋健骨,True,True,,"[{""classical_span"": ""强筋健骨"", ""why_supports"": ""提示对筋骨衰弱类问题有补益作用，但未见骨折或骨痿病名""}]",1,"[""仅凭药性功效词推断，缺乏明确病名或症状"", ""未出现骨折、骨痿等强指向描述"", ""现代骨质疏松表型无法从原文确认""]",af7489b0bb17c4190872688a54d7e609,['千年健'],明,[]
ok,1798,2026-02-04 17:50:43,药性通考,1731.0,骨折,卷一 牡丹皮,或问：地骨皮治有汗之骨蒸，丹皮治无汗之骨蒸，子何略而不谈，岂丹皮非治无汗之骨蒸耶？曰：元素将二药分有汗无汗，为治骨蒸之法，不知其何所见？据其论牡丹皮，牡而不牝，其色丹，象离，阳中之火能泻，似乎牡丹皮乃阳中之阴，亦宜治有汗之骨蒸，而不宜治无汗之骨蒸。究之，丹皮乃治骨蒸之圣药，原不必分有汗无汗也。丹皮之解骨蒸者，解骨中之髓热也，地骨皮之解骨蒸，解骨中之血热也。骨中不只髓，髓之外必有血以裹之，骨中之髓热，必耗其骨中之血矣。骨外之血热，必烁其骨中之髓矣。故治骨蒸者，须兼用二味，不可以有汗无汗分也。髓中有血，斯亦何奇。予曾见骨折者，骨中流血与髓俱出，非明验乎！独地骨皮凉骨中之血，丹皮凉骨中之髓，无人证予言耳。,方药,[],,肝肾阴虚证,,[],,"[""骨折""]",,"[""中药内服""]",,"[{""name"": ""牡丹皮"", ""type"": ""单味药"", ""note"": ""用于清解骨中之髓热，治骨蒸""}, {""name"": ""地骨皮"", ""type"": ""单味药"", ""note"": ""用于清解骨中之血热，治骨蒸""}]",0.2,予曾见骨折者，骨中流血与髓俱出，非明验乎！,True,True,,"[{""classical_span"": ""骨折者，骨中流血与髓俱出"", ""why_supports"": ""明确提及骨折及骨髓受损，提示骨结构脆弱的观察""}, {""classical_span"": ""丹皮之解骨蒸者，解骨中之髓热也"", ""why_supports"": ""涉及骨髓病理变化，与骨代谢失衡有弱关联""}]",1,"[""文本未明确提出慢性骨弱或反复易折，相关性有限"", ""骨折为举例性观察，非系统病机描述"", ""缺乏人群与长期转归信息，难以精准映射""]",6bd46731b30b550e53532c40e1b24b50,"['地骨皮', '牡丹皮']",清,['骨折']
ok,2914,2026-02-04 18:34:43,药性通考,1731.0,骨痿,卷四 人乳,味甘，气平寒，无毒。酒调服良，口吮更妙。入肺胃脾肾。补精血，益元阳。肌瘦皮黄、毛发焦槁者速觅。筋挛骨痿、肠胃秘涩者当求。健四肢荣五脏，明眼目，悦容颜，安养神魂，滑利关格。,方药,[],,肾阳虚证,,[],,"[""活动受限""]",,"[""中药内服""]",,"[{""name"": ""人乳"", ""type"": ""单味药"", ""note"": ""补精血，益元阳，用于筋挛骨痿等""}]",1.0,筋挛骨痿者当求,True,True,,"[{""classical_span"": ""筋挛骨痿"", ""why_supports"": ""直接出现“骨痿”，为古籍中高度指向骨质疏松的病名范畴""}]",1,"[""原文未明确现代诊断，可能被误解为其他筋骨痿软病证"", ""未出现骨折或年老等信息，现代分型证据不足"", ""治疗对象与人群背景不详，可能为非骨质疏松个案""]",f365729207e393e61400f11d691ab651,['人乳'],清,['活动受限']
ok,2925,2026-02-04 18:35:13,药性通考,1731.0,骨痿,卷七 痿,愚按：痿之一症全在湿热，由于酒色太过，气血空虚，反加劳碌，筋骨有损，由是湿热乘之，热伤于气，在气不能舒畅其筋，故大筋繻短而为拘挛，湿温伤其血，则血不养筋，而筋不束骨，故小筋弛张而为痿弱。治宜黄芩、黄连、当归、生地、独活、牛膝、秦艽、续断之类，切不可偏于风药而作风治，亦不可偏于补药而作虚论，此症宜利小便而除其湿热，宜用清凉而通利其气血，则思过半矣。虽有肺痿，痰唾稠黏，前方中可加贝母、鼠粘、连翘、天麦之类。若肾气空虚，腰脊不举，髓竭力乏，行立不能而为骨痿之症者，前方宜加五味、枸杞、山萸、熟地、虎骨、败龟之类。,病名,[],,肾虚血瘀证,以湿热为主，后期见肾气空虚致骨痿（原文“若肾气空虚…为骨痿之症”）,"[""其他""]",古籍“骨痿”范畴，表现为筋骨痿软、行立不能，映射骨量减少/骨强度下降,"[""活动受限"", ""乏力"", ""步态不稳""]",,"[""中药内服""]",,"[{""name"": ""黄芩"", ""type"": ""单味药"", ""note"": ""清湿热""}, {""name"": ""黄连"", ""type"": ""单味药"", ""note"": ""清湿热""}, {""name"": ""当归"", ""type"": ""单味药"", ""note"": ""养血""}, {""name"": ""生地"", ""type"": ""单味药"", ""note"": ""养阴清热""}, {""name"": ""独活"", ""type"": ""单味药"", ""note"": ""祛湿通络""}, {""name"": ""牛膝"", ""type"": ""单味药"", ""note"": ""强筋骨""}, {""name"": ""秦艽"", ""type"": ""单味药"", ""note"": ""祛湿热""}, {""name"": ""续断"", ""type"": ""单味药"", ""note"": ""补肝肾强筋骨""}, {""name"": ""五味子"", ""type"": ""单味药"", ""note"": ""肾虚加用""}, {""name"": ""枸杞"", ""type"": ""单味药"", ""note"": ""肾虚加用""}, {""name"": ""山茱萸"", ""type"": ""单味药"", ""note"": ""肾虚加用""}, {""name"": ""熟地"", ""type"": ""单味药"", ""note"": ""肾虚加用""}, {""name"": ""虎骨"", ""type"": ""单味药"", ""note"": ""肾虚骨痿加用""}, {""name"": ""败龟"", ""type"": ""单味药"", ""note"": ""肾虚骨痿加用""}]",1.0,若肾气空虚，腰脊不举，髓竭力乏，行立不能而为骨痿之症者,True,True,,"[{""classical_span"": ""骨痿之症"", ""why_supports"": ""直接出现高度相关病名""}, {""classical_span"": ""腰脊不举，行立不能"", ""why_supports"": ""符合骨强度下降致功能障碍""}]",4,"[""若将骨痿简单等同具体现代表型可能过度映射"", ""证型以湿热为主不完全等同现代骨质疏松"", ""缺乏明确年龄/骨折描述""]",925699cde00479c0bf14b5dedd47c608,"['五味子', '山茱萸', '当归', '枸杞', '熟地', '牛膝', '独活', '生地', '秦艽', '续断', '虎骨', '败龟', '黄芩', '黄连']",清,"['乏力', '步态不稳', '活动受限']"
ok,2926,2026-02-04 18:35:16,药性通考,1731.0,骨痿,卷八 腰痛,《脉经》曰：腰痛之脉，皆沉而弦，兼浮者风，兼紧者寒，濡细则湿，实则闪肭，指下既明，治斯不惑。丹溪曰：有肾虚、有瘀血、有湿热湿痰、有气虚血虚、有闪肭挫气等症焉。夫痛之不已，乏力而腰酸者，肾虚也；日轻夜重，不能动摇者瘀血也；遇卧不能转身，遇行重痛无力者，湿也；四肢怠惰，足寒逆冷，洒淅拘急者，寒也；自汗发热，腰脚沉重者，湿热也；举身不能俯仰，动摇不能转彻，闪肭也；劳后奔驰，内伤元气，动摇不能转彻，有若脱节者，气虚也；房劳太过，精竭髓伤，身动不能转移，酸痛而连脊重者，血虚也；有形作痛，皮肉青者，痰也；无形作痛，发热恶寒者，外感也。大抵腰痛之症，因于劳损，而肾虚者甚多，因于湿热痰积而伤肾者亦有，因于外感、闪肭瘀血等症者，虽有不多，在治者临症之时，宜详审之。盖肾虚而受邪，则邪胜而阴愈消，不能荣养于腰，故作痛也，宜以保养绝欲，使精实髓满，血流气通，自无腰痛之患。设若肾伤而不治，气虚不补，久之精竭水枯，腰脚沉重而成骨痿者有矣。故内伤治腰之法，当以补肾为先，而清痰次之，理气次之，行血清热又次之。至于负重伤损、瘀血积蓄而不行，闪肭折挫、血气凝滞著而成病者，法当破血调气，除此之外，理宜滋阴固肾为主剂，用四物汤加杜仲、枸杞、续断、五味等类。,病名,"[""老年后""]",,肾虚血瘀证,,"[""原发性-老年型""]",,"[""腰背痛"", ""活动受限"", ""乏力""]",,"[""中药内服""]",,"[{""name"": ""四物汤"", ""type"": ""方剂"", ""note"": ""治腰痛内伤，以滋阴补肾为主，加减应用""}, {""name"": ""杜仲"", ""type"": ""单味药"", ""note"": ""加用以补肾强腰""}, {""name"": ""枸杞"", ""type"": ""单味药"", ""note"": ""加用以滋补肝肾""}, {""name"": ""续断"", ""type"": ""单味药"", ""note"": ""加用以续筋接骨、补肾""}, {""name"": ""五味子"", ""type"": ""单味药"", ""note"": ""加用以固肾敛精""}]",1.0,设若肾伤而不治，气虚不补，久之精竭水枯，腰脚沉重而成骨痿者有矣,True,True,,"[{""classical_span"": ""久之精竭水枯，腰脚沉重而成骨痿者有矣"", ""why_supports"": ""明确出现“骨痿”，为古籍中与骨质疏松高度对应的病名""}, {""classical_span"": ""乏力而腰酸者，肾虚也"", ""why_supports"": ""慢性腰酸乏力，符合骨量减少相关表现""}]",1,"[""原文未涉及具体现代诊断指标却被强行类比"", ""若忽略“骨痿”而仅据腰痛可能导致过度映射"", ""证型多样但仅选其一可能遗漏复杂性""]",5158a93b9c5b275eb5d2e2d15d3aac35,"['五味子', '四物汤', '杜仲', '枸杞', '续断']",清,"['乏力', '活动受限', '腰背痛']"
ok,1537,2026-02-04 17:41:02,叶氏录验方,1127.0,骨折,下卷 治疮肿伤折,治打扑伤损，筋断骨折疼痛。,方药,[],,血瘀气滞证,原文仅述外伤骨折之治法，未提及内在虚损或具体证型,[],,[],,"[""中药内服""]",,"[{""name"": ""黑神散"", ""type"": ""方剂"", ""note"": ""用于治打扑伤损、筋断骨折、接骨定痛""}]",0.2,治打扑伤损，筋断骨折，接骨定疼黑神散,True,False,,"[{""classical_span"": ""治打扑伤损，筋断骨折"", ""why_supports"": ""明确为外伤性骨折治疗，属急性损伤而非骨量减少或脆性骨折""}]",1,"[""文本仅涉及外伤骨折，强行等同骨质疏松属证据不足"", ""未见骨痿、骨弱、年老易折等指向性描述"", ""无长期或内在虚损病机，难以支持现代骨质疏松映射""]",929c636c6fa5fd6b4bb2efe1706ccdb3,['黑神散'],宋金元,[]
ok,2203,2026-02-04 18:06:22,一见能医,1844.0,骨空,卷之七 病因赋下 痹症寒热与风乘,膝眼穴，又名鬼眼穴，在膝盖之下，左右两骨空陷中，由内气素虚，外邪易于侵袭，先从膝眼，隐隐作痛。如风胜，其痛则走法不定;寒胜，则痛如锥刺;湿胜，则外见胖肿。屈不能伸，其病在筋;伸不能屈，其病在骨，动移不能，沉寒痼冷之候也，惟在临症宜详辨之。初服万灵丹温散之，其痛即止;次服独活寄生汤宣补之;效迟者，兼用火针，针膝眼穴，此转重就轻之法也。单膝生者，轻，双膝者，重。若左膝方愈，复病右膝，右膝方愈;复病左膝者，名过膝风，属险，治法同前。,症状,[],,肾阳虚证,,[],,"[""骨痛"", ""活动受限""]",,"[""中药内服"", ""针刺""]",,"[{""name"": ""万灵丹"", ""type"": ""方剂"", ""note"": ""初服以温散止痛""}, {""name"": ""独活寄生汤"", ""type"": ""方剂"", ""note"": ""次服以宣补筋骨""}, {""name"": ""火针"", ""type"": ""外治"", ""note"": ""针膝眼穴以转重就轻""}]",1.0,在膝盖之下，左右两骨空陷中……伸不能屈，其病在骨,True,True,显效,"[{""classical_span"": ""两骨空陷中"", ""why_supports"": ""出现“骨空”概念，直接指向骨质亏虚""}, {""classical_span"": ""其病在骨"", ""why_supports"": ""明确将病变定位于骨而非单纯筋肉""}]",4,"[""文本未涉及现代骨密度或骨折指标，映射需谨慎"", ""主要描述膝部痹痛，可能为其他慢性骨病"", ""缺乏明确人群与年龄信息""]",317b0f04a1172bd50e01dd9401600d2c,"['万灵丹', '火针', '独活寄生汤']",清,"['活动受限', '骨痛']"
ok,3448,2026-02-04 18:57:35,一见能医,1844.0,骨极,卷之六 病因赋中 五劳六极皆缘火烁乎天真,五劳应五脏。如运神机，则劳心，尽力谋虑则劳肝，意外过里则劳脾，预事而忧则劳肺，矜持志节则劳肾。六极应六腑。血极则面枯咽肿，发堕善忘；筋极则拘挛转筋，爪黯甲痛；肉极则体瘦肉削，倦怠嗜卧；气极则喘嗽少气，皮枯毛焦；骨极则面垢齿浮，腰痠脊痛；精极则目暗耳鸣，遗浊茎弱。大抵劳怯之人，兮（兮，疑为，拾）二有此六极，皆因二火无制，煎烁天真，气血精神，日渐衰弱，不能充养一身，以致病成六极。轻则期年而毙，重则半载而凶，良可欢（欢，疑为“叹”之误）者。凡治劳之法，须要辨其何脏之虚，何脏之实，或气虚，或血虚，或气热，或血热，务必真知灼见，则治之无差。盖其脏之虚者，诊其脏之脉，必虚而细小。其脏之实者，诊其脏之脉，必实而洪大。气虚者，面白而无神；血虚者，面黑而枯瘦；气热者，面红而光，声雄而清，病甚于昼，脉浮而数；血热者，面赤而黯，声雄而浊，病甚于夜，脉沉而数；气血俱热者，病则昼夜俱甚，气息而津枯。依此辨之，无不的中。气虚，用四君子汤；血虚，用四物汤；气血俱虚，用八珍汤。清气用麦冬、竹叶、银柴胡、知母之类；凉血用天门冬、生地、胡连、黄柏、枯芩之类；安心神用茯神、远志、枣仁；壮筋骨用牛膝、杜仲、虎骨；补阳用鹿茸、枸杞、锁阳、肉苁蓉、菟丝子；补阴用山药、牡丹皮、龟版、柏子仁；降相火用知母、黄柏；涩精用山茱萸、龙骨、牡蛎、鹿角霜、赤石脂之类。,症状,[],,脾胃虚弱证,,[],,"[""腰背痛"", ""骨痛"", ""乏力"", ""活动受限""]",,"[""中药内服""]",,"[{""name"": ""牛膝"", ""type"": ""单味药"", ""note"": ""原文列为“壮筋骨用”""}, {""name"": ""杜仲"", ""type"": ""单味药"", ""note"": ""原文列为“壮筋骨用”""}, {""name"": ""虎骨"", ""type"": ""单味药"", ""note"": ""原文列为“壮筋骨用”""}, {""name"": ""鹿茸"", ""type"": ""单味药"", ""note"": ""补阳以强筋骨""}, {""name"": ""枸杞"", ""type"": ""单味药"", ""note"": ""补阳益精""}, {""name"": ""锁阳"", ""type"": ""单味药"", ""note"": ""补阳""}, {""name"": ""肉苁蓉"", ""type"": ""单味药"", ""note"": ""补阳""}, {""name"": ""菟丝子"", ""type"": ""单味药"", ""note"": ""补阳""}]",0.4,骨极则面垢齿浮，腰痠脊痛,True,True,,"[{""classical_span"": ""骨极则面垢齿浮，腰痠脊痛"", ""why_supports"": ""直接描述骨相关极损与慢性腰背痛，符合骨量不足的部分表现""}]",1,"[""未出现明确骨痿、骨折或易折描述，相关性可能被高估"", ""证型与现代表型映射证据有限，存在过度对应风险"", ""药物虽提及壮筋骨，但并非专为骨病设方""]",da9807680a204bc6ec666c55adf356d8,"['杜仲', '枸杞', '牛膝', '肉苁蓉', '菟丝子', '虎骨', '锁阳', '鹿茸']",清,"['乏力', '活动受限', '腰背痛', '骨痛']"
ok,1113,2026-02-04 17:24:04,一瓢医案,1754.0,骨痿,一瓢医案,此一损证也。从上损之下者。一损肺，肺再传心、传肝，传脾，传至肾，则骨痿不能于床。断不可再投理肺，以速其损。怕猪肚丸可服：,病名,[],,肾虚血瘀证,原文述为“从上损之下…传至肾”，未对应固定证型枚举,[],,"[""活动受限""]",“骨痿不能于床”提示活动能力受限,"[""中药内服""]",,"[{""name"": ""怕猪肚丸"", ""type"": ""方剂"", ""note"": ""用于骨痿损证，文中称“可服”""}]",1.0,传至肾，则骨痿不能于床,True,True,,"[{""classical_span"": ""骨痿不能于床"", ""why_supports"": ""“骨痿”为古籍中与骨弱、骨失用高度相关的病名""}]",3,"[""证型未明仍强行对应具体证型"", ""现代表型推断超出原文信息"", ""将一般损证误判为急性外伤相关""]",86e57ccd6124232a7f742cc69388f002,['怕猪肚丸'],清,['活动受限']
ok,721,2026-02-04 17:08:53,医碥,1757.0,骨枯,卷之二·杂症 虚损痨瘵,可泻而出。外此则虎牙、鲤鱼头骨亦可，此乃食人之物，鬼所畏者也。先用芎归血余散吞北斗符，次用鳖甲生犀散取虫，余法详《准绳》。虚损劳瘵属阴虚者多，必形消着骨而后死，可见也。以阴主形，阴全竭而后形全毁也。若是阳虚，则有形盛而脱死者矣。以阳主气，气脱者不必待其形之脱也。真脏脉见者，即形肉尚存，亦不久矣。大骨枯槁，（颧、股、腰之骨，痿痛不能支。）大肉陷，（头、项、四肢大肉消陷成坑。）动作精神衰，即真脏脉不见，亦不过一岁死。若更喘满动形，半年死。若更痛引肩胸，（五脏内损。）一月死。若更破 ，（消陷之处枯燥破裂。）身热不已，十日死。兼以真脏脉见，目眶下陷，视不见人，即死矣。若能见人，为神尚未去，至所不胜之日时而死。虚劳危证不受补，大便泄泻，筋骨痛极，偏睡，失音，脉弦数，皆危证也。,症状,[],,肝肾阴虚证,,[],,"[""骨痛"", ""活动受限"", ""乏力""]",,"[""中药内服"", ""其他""]",吞符取虫等祝由内容，属原文所载,"[{""name"": ""芎归血余散"", ""type"": ""方剂"", ""note"": ""虚损劳瘵先用""}, {""name"": ""鳖甲生犀散"", ""type"": ""方剂"", ""note"": ""取虫""}, {""name"": ""虎牙"", ""type"": ""其他"", ""note"": ""原文所载外此可用之物""}, {""name"": ""鲤鱼头骨"", ""type"": ""其他"", ""note"": ""原文所载外此可用之物""}]",0.7,大骨枯槁，（颧、股、腰之骨，痿痛不能支。）,True,False,,"[{""classical_span"": ""大骨枯槁"", ""why_supports"": ""直接描述骨枯、骨质衰败""}, {""classical_span"": ""痿痛不能支"", ""why_supports"": ""符合骨痛与功能受限""}]",4,"[""病属虚损痨瘵，可能为消耗性疾病而非原发骨病"", ""未见脆性骨折或年老相关描述"", ""方药并非专治骨病，映射存在不确定性""]",82cbee44ec83c59d6170b3304de3c1d7,"['芎归血余散', '虎牙', '鲤鱼头骨', '鳖甲生犀散']",清,"['乏力', '活动受限', '骨痛']"
ok,722,2026-02-04 17:08:55,医碥,1757.0,骨痿,卷之二·杂症 积聚,肾积曰奔豚，发于小腹，上冲至心如豚状，上下无时，少腹急，腰痛，久不已令人喘逆骨痿，宜大七气汤倍桂，加茴香、炒楝子肉，兼吞奔豚丸。,病名,[],,肾虚血瘀证,原文述“肾积曰奔豚…久不已令人喘逆骨痿”，未对应固定枚举证型，仅提示肾相关积聚致骨痿,[],,"[""腰背痛"", ""骨痛""]",,"[""中药内服""]",,"[{""name"": ""大七气汤"", ""type"": ""方剂"", ""note"": ""原方主治，文中用于骨痿相关表现""}, {""name"": ""桂"", ""type"": ""单味药"", ""note"": ""倍用""}, {""name"": ""茴香"", ""type"": ""单味药"", ""note"": ""加味""}, {""name"": ""炒楝子肉"", ""type"": ""单味药"", ""note"": ""加味""}, {""name"": ""奔豚丸"", ""type"": ""方剂"", ""note"": ""兼吞""}]",1.0,久不已令人喘逆骨痿，少腹急，腰痛,True,True,,"[{""classical_span"": ""令人喘逆骨痿"", ""why_supports"": ""直接出现“骨痿”，为骨质疏松高度相关古籍病名""}, {""classical_span"": ""腰痛"", ""why_supports"": ""符合骨病/骨质疏松常见腰背痛表现""}]",3,"[""未出现脆性骨折等现代诊断关键证据，可能为其他骨病"", ""证型与人群信息不足，现代分型难以精确映射"", ""治疗与转归未量化，难以评估疗效对应性""]",ba01c5eb9b0578ed31cd952fa0b4f3c7,"['大七气汤', '奔豚丸', '桂', '炒楝子肉', '茴香']",清,"['腰背痛', '骨痛']"
ok,3785,2026-02-04 19:10:47,医碥,1757.0,骨痹,卷之三·杂症 痹,虚人痹者，小续命汤（见中风）加减：风胜倍防风，寒胜倍附子，湿胜倍防己，皮痹加黄 或桂枝皮，脉痹加姜黄或红花，肌痹加葛根或白芷，筋痹加羚羊角或续断，骨痹加虎骨或狗脊，有汗减麻黄，便溏减防己，寒胜减黄芩加干姜，热胜减附子加石膏。壮者增味五痹汤：风痹以羌、防为主，寒痹麻黄、附子为主，湿痹防己、羌活为主，皮、脉等五痹，加药照前条。三痹通用木通，不见水者二两，以长流水二碗，煎一碗，热服取微汗。（昔有人梦得此方而痹痛愈，此谓通则不痛也。）不愈再三服，视所胜，照前方加味。（不得过三钱。）三痹汤、独活寄生汤，并治各痹久不已，乘虚入脏。五苓散（见伤湿）。加附子治胞痹，加苍术治肠痹。气虚麻木，黄 益气汤。冷痹，（身寒无热，四肢厥冷。）蠲痹汤。热痹，（身热如火。）升阳散火汤（见劳倦）加犀角、羚羊角。又行痹，黄、苍术各酒炒二钱，姜一片煎，调威灵仙（酒炒）末，羚羊角灰，芥子末，温服。走注与历节不同，历节是支节疼痛，未必行也，今将治走注诸方开后：如意通圣散、虎骨散、桂心散、仙灵脾散、没药散、小乌犀丸、没药丸、虎骨丸、十生丹、骨碎补丸、定痛丸、八神丹、一粒金丹、乳香应痛丸。外贴，用牛皮胶一两，水熔成膏，芸薹子、安息香、川椒、附子，各半两，为细末，和贴。亦有痰涎走注，变生诸疾，但察并非风寒湿外感，而忽然肢体上下走易作痛，神昏多睡，或饮食无味，痰唾稠粘，夜间喉有痰声者是也，但用控涎丹（见痰）。数服即愈。,病名,[],,脾肾阳虚,,[],,"[""骨痛"", ""活动受限""]",,"[""中药内服"", ""中药外用""]",,"[{""name"": ""小续命汤"", ""type"": ""方剂"", ""note"": ""治虚人痹，随风寒湿加减""}, {""name"": ""独活寄生汤"", ""type"": ""方剂"", ""note"": ""治各痹久不已，乘虚入脏""}, {""name"": ""虎骨"", ""type"": ""单味药"", ""note"": ""骨痹加用""}, {""name"": ""狗脊"", ""type"": ""单味药"", ""note"": ""骨痹加用""}, {""name"": ""牛皮胶膏"", ""type"": ""外治"", ""note"": ""外贴止痛""}]",0.2,,True,False,不详,"[{""classical_span"": ""骨痹加虎骨或狗脊"", ""why_supports"": ""涉及骨痹与骨类药物，但未指骨弱或易折""}]",1,"[""文本为痹证论治，未出现骨痿或骨弱核心描述"", ""症状以疼痛为主，缺乏脆性骨折或形态改变证据"", ""可能对应风寒湿痹等他病，非骨质疏松特异表现""]",0240187d32f0131c2fb08d6006ad0927,"['小续命汤', '牛皮胶膏', '狗脊', '独活寄生汤', '虎骨']",清,"['活动受限', '骨痛']"
ok,2336,2026-02-04 18:11:33,医方证治汇编歌诀,1897.0,骨空,医方证治汇编歌诀,鹿角胶（八两）霜（鹿角霜八两）柏，（柏子仁八两）熟地（八两）菟（丝子八两）苓（茯苓兼补骨。（补骨脂四两）搬运精髓填骨空，归就肾膀通督脉。（凡入房竭精，耗散其真，俱去，虽温之以气，补之以味，不能复也。故以有情之品，专走督脉；复以少阴、太阳治其合，乃能搬运精髓，填于骨空，大会于督脉之囟会，而髓海充盈；使以茯苓，性功下降，用以接引诸药，归就少阴、太阳，达于督脉，上朝髓海，而成搬运封固之功囊原方无茯苓，（茯苓王晋三加入，其义颇通，当遵之。）澹寮方有阳起石，鹿茸附子归（当归） （黄 ）酸枣（仁）辰砂入。（亦名斑龙丸）,方药,[],,删除非辨证文献,原文仅述“搬运精髓，填于骨空，归就肾膀通督脉”，未明确给出规范证型名称,[],,[],,"[""中药内服""]",,"[{""name"": ""斑龙丸"", ""type"": ""方剂"", ""note"": ""亦名斑龙丸，主旨搬运精髓、填骨空""}, {""name"": ""鹿角胶"", ""type"": ""单味药"", ""note"": ""方中主药之一，八两""}, {""name"": ""鹿角霜"", ""type"": ""单味药"", ""note"": ""方中组成，八两""}, {""name"": ""柏子仁"", ""type"": ""单味药"", ""note"": ""方中组成，八两""}, {""name"": ""熟地黄"", ""type"": ""单味药"", ""note"": ""方中组成，八两""}, {""name"": ""菟丝子"", ""type"": ""单味药"", ""note"": ""方中组成，八两""}, {""name"": ""茯苓"", ""type"": ""单味药"", ""note"": ""王晋三加入，用以接引诸药归肾通督""}, {""name"": ""补骨脂"", ""type"": ""单味药"", ""note"": ""兼补骨，用量四两""}]",1.0,搬运精髓，填于骨空，而髓海充盈,True,True,,"[{""classical_span"": ""填于骨空"", ""why_supports"": ""“骨空”为古籍中指向骨质空虚、骨髓不足的高相关概念""}, {""classical_span"": ""髓海充盈"", ""why_supports"": ""强调补益骨髓、改善骨内空虚状态，与骨量不足相映射""}]",1,"[""原文未提供明确现代人群信息却强行对应分型"", ""未出现具体症状仍过度推断临床表现"", ""将方义推断为明确疗效结论而无原文依据""]",8a1ebcccb81297cfb37e9bf7a8333edb,"['斑龙丸', '柏子仁', '熟地黄', '茯苓', '菟丝子', '补骨脂', '鹿角胶', '鹿角霜']",清,[]
ok,3465,2026-02-04 18:58:13,医方证治汇编歌诀,1897.0,骨极,医方证治汇编歌诀,治精极，（五劳之外，又有六极，谓气极、血极、精极、筋极、骨极、肌极六羸少气梦遗泄。（皆精气两虚）人参（一斤）枸杞（二斤）共熬膏，（先将鹿角十斤，龟斤，桑柴火熬胶，再将参杞膏和服。）气血精神交补益。（李时珍《本草纲目》曰：“龟腹，能通任脉，故取其甲，以补心补肾补血以养阴也。鹿首常返向尾，能通督脉，以补命补精补气以养阳也。”同用可以补神者，精气足则神自旺也。）,方药,[],,肾虚血瘀证,原文称“六极”之“骨极”，并言“皆精气两虚”，属精气两虚之骨极范畴，未能对应固定证型,[],,[],,"[""中药内服""]",,"[{""name"": ""人参"", ""type"": ""单味药"", ""note"": ""与枸杞等共熬膏，补气血精神""}, {""name"": ""枸杞"", ""type"": ""单味药"", ""note"": ""与人参共熬膏，补益精血""}, {""name"": ""鹿角胶"", ""type"": ""单味药"", ""note"": ""先熬胶，补命补精补气以养阳""}, {""name"": ""龟甲胶"", ""type"": ""单味药"", ""note"": ""先熬胶，补心补肾补血以养阴""}]",0.4,五劳之外，又有六极，谓气极、血极、精极、筋极、骨极,True,True,,"[{""classical_span"": ""骨极"", ""why_supports"": ""“骨极”为六极之一，指骨之极度亏损，与骨量不足的概念部分相通""}, {""classical_span"": ""筋极、骨极、肌极六羸少气"", ""why_supports"": ""描述筋骨肌羸弱，提示慢性骨相关虚损状态""}]",1,"[""未见明确骨折、驼背或身高变矮等脆性骨折证据"", ""未提供明确人群或年龄背景，难以对应现代分型"", ""证型为概括性“精气两虚”，与固定枚举证型不完全匹配""]",64f1128e8c16e1285e6b5a4cf621058c,"['人参', '枸杞', '鹿角胶', '龟甲胶']",清,[]
ok,4300,2026-02-04 19:30:20,医级,1777.0,骨痹,伤寒条辨卷二 体痛（附遍身上下诸痛）,风袭卫而肤疼，寒伤营而体痛。酸疼惊骇，杂因风自火生；体痛恶寒，伤寒邪干营分。故身痛如束，乃寒涩血而不能营经；其痛有偏着，是三气并而杂至成痹。痛如被杖者寒极，痛无表症者虚多。周痹则历节风疼，若拘僵每多湿毒；虚风则汗来反痛，如厥怯必是虚寒。体痛六经皆然，惟凭各经见症为的；烦疼六气有别，还从各症虚实推寻。虚痛则筋急筋弛，气痛多攻注于上下；湿痹每着关着节，风火则数变而流疼。寒痛肢清，而火痛燥渴；湿痛重著，而饮痛吐酸。体痛咽疼汗不瘥，是疹是斑细测；腿足倍疼形肿赤，脚气流火宜谙。热肿着疼，合痹结痈两考；烦疼彻髓，痿易骨痹同参。无汗有表之疼，发必桂麻，或进芎苏（饮）羌细；合痹流结之痛，治宜三气（饮），或投独活灵桑（灵仙、桑寄生也）。暍痛必汗渴脉虚，葛根（汤）人参白虎（汤）；风痛则恶风弦缓，桂枝（汤）败毒（散）羌防（羌活、防风也）。风湿不渴，痛重难转脉湍，防风（汤）神术（散）酌疗；湿温汗渴，体重烦疼胫冷，五苓（散）白虎（汤）推求。体痛汗之不减，脉仍紧，本汤再发；汗后热平痛已，脉迟涩，建中（汤）培元。身不痛而妄汗致疼，黄芪建中（汤）参附；脉沉迟而痛如被杖，理中（汤）四逆（汤）甘（草干）姜（汤），体重痛而热黄，二妙（散）茵陈可采；头汗黄而溺涩，五苓导赤堪尝。饮留胁而经脉牵疼，苓夏控涎暂用；火痛作而酸疼躁扰，左金（丸）栀子先参。内气结引拘疼，乳（香）没（药）灵脂，延附（延胡、香附也）木香散结；形层流注引痛，灵仙沥汁，独活寄生（汤）施方。腰上痛者邪在阳，臂厥者肺病，方宜桔梗；腰下痛者从阴论，跟痛者肾疾，药用地黄。腨疼欲裂者阴邪，羌独（羌活、独活也）牛膝奏效；遍身历节者风湿，神术桂柏（桂枝、黄柏也）能安。米仁防己（木瓜汤）鸡鸣散，脚气乃与；豨莶（丸）虎潜（丸）史酒（史国公药酒也），痿痹堪尝。体痛诸因症治，就兹反复推详。,症状,"[""情志异常""]",,删除多复合证,以风寒湿杂至成痹、骨痹参证为主，非单一虚损证型,[],,"[""骨痛""]",,"[""中药内服""]",,"[{""name"": ""独活寄生汤"", ""type"": ""方剂"", ""note"": ""用于合痹流结、形层流注引痛""}, {""name"": ""虎潜丸"", ""type"": ""方剂"", ""note"": ""用于痿痹相关骨痹表现""}]",0.2,烦疼彻髓，痿易骨痹同参,True,True,,"[{""classical_span"": ""烦疼彻髓，痿易骨痹同参"", ""why_supports"": ""出现“骨痹”“彻髓”之痛，提示深部骨相关疼痛但无骨弱骨折描述""}]",1,"[""文本以痹证、体痛为主，非明确骨质疏松病名"", ""缺乏骨弱、易折、身高变矮等关键特征"", ""治疗方多针对风寒湿痹，非专指骨量减少""]",f5e6de8fe0363ceed82f9abb8bb01886,"['独活寄生汤', '虎潜丸']",清,['骨痛']
ok,4301,2026-02-04 19:30:23,医级,1777.0,骨痹,杂病卷三 痹（即痛风也附鬼箭羊毛痧论）,病皆一气之邪，痹为三气之恙（经云：风寒湿三气杂至，合而为痹）。滞气血而不泄，酸痛麻，不一而形；气杂至而合邪，行着痛，各从其胜。流经脉，则痛牵上下，风伤筋而胜气归肝（此为行痹即筋痹，风胜之候）；逗关节，则着肌肿疼，湿伤肉而患生中土（此为着痹即肌痹也，湿胜之候）。寒伤骨而归肾，则为彻骨酸疼（此为骨痹即痛痹也，寒胜之候）；留分肉而不行，乃致沫停痛裂（此邪留肌脉间也）。三气邪分兼主（胜气为主），痹成症别浅深。风胜者，在阳易已；寒与湿，在阴难痊。表入者，先见强疼体痛；上着者，常为膈闷吐呕。痹于中，则为满胀痛酸；痹在下，是为闭癃足疾。经详皮肌筋骨，并胸腰喉脉痹名（痹之为病随所着而命名，故有胸痹、腰痹之论）；备论脾肺心肝，及肾脏胞肠痹类（是皆各痹之名也）。交阳分而热痛甚，症必因热宜寒；逢阴晦而夜转深，症必因寒宜热。治法不离三气，施方从胜为先。三气饮，治痹常方；大秦艽（汤），祛风托剂。攻风宜艽蔓灵仙，或使荆防钩蝎；散寒宜羌辛桂附，或投虎骨姜葱。湿淫宜燥，天麻苍芷薏萆；痰盛宜消，星芥夏苓沥汁。热宜清者，一阴（煎）栀子芩连；滞宜行者，延附左经（圆）灵（脂）茜（草）。除湿活络，二妙（散）独活（寄生汤）米仁（防己木瓜汤）；养血荣经，四物（汤）续胶（续断、牛胶也）蚕屎。骨痹则重痛不举，虎骨（丸）寄生（独活寄生汤）最妙；脉痹则烦心痛悸，升麻（汤）当归（汤）称良。筋痹屈伸不利，宜钩蝎（煎）归灵趁痛（当归灵没丸、乳香趁痛散）；肌痹肢节酸痛，投痛风（方）三痹（汤）灵（仙）苍（术）。皮痹则热浮寒惨顽麻，分前后侧而施三表；周痹则遍身历节掣痛，统上中下而施峻方。热肿者，火候疏清；牵钩者，痰邪化逐。感浅邪轻，常方可愈；受深症重，峻剂始康。穿山（甲）皂（牙皂）麝，可透骨而通经；桂附川乌，能温经而导滞。温中再造（散）里虚养托，更益虚伤；换骨（丹）愈风（丹）攻补兼调，且除鹤膝（风）。丝瓜寄生石络，能通络而祛风；虎潜牛膝木瓜，可强筋而健步。钻地风，猪豨莶，祛风神效；虎头蕉，千年健，蠲痹功宏。针能却痛，膏可缓疼。痹久不瘥，症成痿废；痹非三气，患在瘀痰。,病名,[],,肾虚血瘀证,,[],,"[""骨痛"", ""活动受限""]",,"[""中药内服"", ""针刺"", ""中药外用""]",,"[{""name"": ""虎骨丸"", ""type"": ""方剂"", ""note"": ""用于骨痹重痛不举""}, {""name"": ""独活寄生汤"", ""type"": ""方剂"", ""note"": ""原文称治骨痹最妙""}]",0.2,寒伤骨而归肾，则为彻骨酸疼；骨痹则重痛不举,True,True,,"[{""classical_span"": ""寒伤骨而归肾"", ""why_supports"": ""明确指出病位在骨与肾相关""}, {""classical_span"": ""骨痹则重痛不举"", ""why_supports"": ""描述持续骨痛与功能受限""}]",1,"[""仅为痹证范畴，缺乏骨脆或易折描述"", ""无年龄或骨量减损等关键信息"", ""主要为风寒湿痹，可能非代谢性骨病""]",ab06504f20dc436dd510b8cc2557706c,"['独活寄生汤', '虎骨丸']",清,"['活动受限', '骨痛']"
ok,1172,2026-02-04 17:26:39,医经读,1854.0,骨痿；骨枯,病集,风寒湿三气杂至合而为痹也其风气胜者为行痹寒气胜者为痛痹湿气胜者为着痹也其风气胜者易已其入藏者死（素痹论）肺热叶焦则皮毛虚弱急薄着则生痿 也心气热则下脉厥而上上则下脉虚虚则生脉痿枢折挈胫纵不任地也肝气热则胆泄口苦筋膜干筋膜干则筋急而挛发为筋痿脾气热则胃干而渴肌肉不仁发为肉痿肾气热则腰脊不举骨枯而髓减发为骨痿肺者藏之长为心之盖也所求不得则发肺鸣鸣则肺热叶焦故五脏因肺热叶焦发为痿 也悲哀太甚则胞络绝绝则阳气内动发则心下崩数溲血也大经空虚发为肌痹传为脉痿思想无穷所愿不得意淫于外入房太甚宗筋弛纵发为筋痿及为白淫生于肝使内也有渐于湿以水为事肌肉濡渍痹而不仁发为肉痿得之湿地也远行劳倦大热而渴阳气内伐热舍于肾水不胜火骨枯而髓虚故足不任身发为骨痿生于大热也肺热者色白而毛败心热者色赤而络脉溢肝热者色苍而爪枯脾热者色黄而肉蠕动肾热者色黑而齿槁治痿独取阳明何也阳明者五脏六腑之海主润宗筋宗筋主束骨而利机关也冲脉者经脉之海也主渗灌溪谷与阳明合于宗筋阴阳总宗筋之会会于气街而阳明为之长皆属于带脉而络于督脉故阳明虚则宗筋纵带脉不引足痿不用也（素痿论）,病名,[],,肝肾阴虚证,,[],,"[""乏力"", ""活动受限""]",,"[""中药内服""]",,"[{""name"": ""清暑益气汤"", ""type"": ""方剂"", ""note"": ""治湿热成痿，清暑益气，滋水制火""}]",1.0,今水不能胜火则骨枯而髓虚足不任身发为骨痿,True,True,,"[{""classical_span"": ""骨枯而髓虚"", ""why_supports"": ""直接描述骨与骨髓枯虚，符合骨量不足语义""}, {""classical_span"": ""发为骨痿"", ""why_supports"": ""出现高度相关病名“骨痿”，为强指向证据""}]",1,"[""未明确人群与现代分型，可能导致过度映射"", ""症状多为痿软乏力，未出现骨折等现代关键结局"", ""治疗方剂为湿热痿证通用方，未专指骨病""]",c0dc86e7ab66c58b3ac1f1f6327e7aed,['清暑益气汤'],清,"['乏力', '活动受限']"
ok,1852,2026-02-04 17:52:43,医镜,1644.0,骨折,附旧刻 急救丹方,跌扑伤损，骨折筋断者　用路上墙角下往来人便溺处久碎瓦片一块，洗净火煅，米醋淬五次，黄色为度，刀刮细末，每服三钱，好酒调下，在上食前，在下食后，神效。,方药,[],,血瘀气滞证,文本仅述跌扑伤损所致骨折筋断，未涉及内在虚损证候,[],,[],,"[""中药内服""]",,"[{""name"": ""久碎瓦片（火煅米醋淬后细末）"", ""type"": ""其他"", ""note"": ""治跌扑伤损骨折，酒调内服""}]",0.2,,True,False,神效,"[{""classical_span"": ""跌扑伤损，骨折筋断者"", ""why_supports"": ""明确为急性外伤性骨折，而非骨弱或脆性骨折""}]",1,"[""主要描述急性外伤骨折治疗，非慢性骨弱范畴"", ""未见年老骨弱、反复易折等骨质疏松关键信息"", ""若强行对应脆性骨折将造成表型误判""]",bf0e5b4d1db9f8153cfdcba46c32b899,['久碎瓦片'],清,[]
ok,3030,2026-02-04 18:39:45,医林绳墨大全,1587.0,骨痿,卷之五 腰痛,萆薢丸　治肾损，骨痿不能起于床，腰背腿皆痛。,方药,[],,肾虚血瘀证,原文仅述“肾损”，未明确对应固定枚举证型,[],,"[""腰背痛"", ""骨痛"", ""活动受限""]",,"[""中药内服""]",,"[{""name"": ""萆薢丸"", ""type"": ""方剂"", ""note"": ""用于治疗肾损所致骨痿、不能起床、腰背腿痛""}]",1.0,治肾损，骨痿不能起于床，腰背腿皆痛,True,True,,"[{""classical_span"": ""骨痿不能起于床"", ""why_supports"": ""“骨痿”为高度指向骨质衰弱、萎软无力的古籍病名""}, {""classical_span"": ""腰背腿皆痛"", ""why_supports"": ""符合骨质疏松常见的腰背痛及活动受限表现""}]",3,"[""若将具体证型强行对应固定枚举，可能构成臆测"", ""若据此推断具体现代表型（如老年型）则证据不足"", ""若脱离原文而补充未记载的症状或人群则不合规""]",21fa6c24df7ee4871c6221667b2f7c01,['萆薢丸'],明,"['活动受限', '腰背痛', '骨痛']"
ok,3029,2026-02-04 18:39:47,医林绳墨大全,1587.0,骨痿,卷之五 腰痛,脉经曰：腰痛之脉皆沉而弦，兼浮者风，兼紧者寒，濡细则湿，实则闪肭。指下既明，治斯不惑，诚哉斯言也。丹溪曰：有肾虚，有瘀血，有湿热、湿痰，有气虚、血虚，有闪肭、挫气等症焉。（【批】治腰痛甚者，不可用补气药及寒凉药，初必加温散和血快气，后必加补肾药，四物、牛膝之类，各加制附子少许为引下向导是妙。）夫痛之不已，乏力而腰酸者，肾虚也；日轻夜重，不能动摇者，瘀血也；遇卧不能转身，遇行重痛无力者，湿也；四肢怠惰，足寒逆冷，洒淅拘急者，寒也；自汗发热，腰脚沉重者，湿热也；举身不能俯仰，动摇不能转彻者，闪肭也；劳役奔驰，内伤元气，动摇不能转彻，有若脱节者，气虚也；房劳太过，精竭髓伤，身动不能转移，酸痛而连脊重者，血虚也；有形作痛，皮肉青白者，痰也；无形作痛，发热恶寒者，外感也。大抵腰痛之症，因于劳损而肾虚者甚多，因于湿热痰积而伤肾者亦有，因于外感闪肭瘀血等症者虽有不多，在治者临症之时，为详审之。盖肾虚而受邪，则邪胜而阴愈消，不能荣养于腰，故作痛也，宜以保养绝欲，使精实而髓满，血流而气通，自无腰疼之患。（【批】肾虚脉大，或两尺洪盛，疼之不已，宜滋肾四物加黄柏、杜仲、五味之类，吞补肾丸，或青蛾丸、大补阴丸、萆薢丸。）设若肾伤而不治，气虚而不补，久之精竭水枯，腰脚沉重而成骨痿者有矣。故内伤治腰之法，当以补肾为先，而清痰次之，理气次之，行血清热又次之。至于负重伤损，瘀血蓄而不行，闪肭折挫，血气凝滞，著而成病者，法当破血调气。除此之外，理宜滋阴固肾为主剂，用四物汤，加杜仲、牛膝、枸杞、续断、五味等类。,病名,[],,肾虚血瘀证,,[],,"[""腰背痛"", ""活动受限"", ""乏力""]",,"[""中药内服""]",,"[{""name"": ""四物汤"", ""type"": ""方剂"", ""note"": ""治腰痛肾虚，加减用之""}, {""name"": ""牛膝"", ""type"": ""单味药"", ""note"": ""引药下行，补肾强腰""}, {""name"": ""制附子"", ""type"": ""单味药"", ""note"": ""少许为引，温散""}, {""name"": ""黄柏"", ""type"": ""单味药"", ""note"": ""滋肾清热""}, {""name"": ""杜仲"", ""type"": ""单味药"", ""note"": ""补肝肾强筋骨""}, {""name"": ""五味子"", ""type"": ""单味药"", ""note"": ""益肾收敛""}, {""name"": ""补肾丸"", ""type"": ""方剂"", ""note"": ""肾虚腰痛服之""}, {""name"": ""青蛾丸"", ""type"": ""方剂"", ""note"": ""治肾虚腰痛""}, {""name"": ""大补阴丸"", ""type"": ""方剂"", ""note"": ""滋阴补肾""}, {""name"": ""萆薢丸"", ""type"": ""方剂"", ""note"": ""治湿热伤肾""}, {""name"": ""枸杞"", ""type"": ""单味药"", ""note"": ""滋补肝肾""}, {""name"": ""续断"", ""type"": ""单味药"", ""note"": ""补肾续筋骨""}]",1.0,久之精竭水枯，腰脚沉重而成骨痿者有矣,True,True,,"[{""classical_span"": ""成骨痿者有矣"", ""why_supports"": ""明确出现骨痿，为古籍中与骨质疏松高度对应的病名""}, {""classical_span"": ""精竭水枯，腰脚沉重"", ""why_supports"": ""描述慢性肾虚导致筋骨萎弱""}]",1,"[""未区分急性外伤性腰痛与慢性骨病"", ""若忽略骨痿语句则证据可能不足"", ""现代骨质疏松分型缺乏明确人群信息""]",cfd608af7e21179f4d86d5ffb1c69df7,"['五味子', '制附子', '四物汤', '大补阴丸', '杜仲', '枸杞', '牛膝', '续断', '萆薢丸', '补肾丸', '青蛾丸', '黄柏']",明,"['乏力', '活动受限', '腰背痛']"
ok,3031,2026-02-04 18:39:57,医林绳墨大全,1587.0,骨痿,卷之七 痿,【愚按】痿之一症，全在湿热，由乎酒色太过，气血空虚，反加劳碌，筋骨有损，由是湿热乘之。热伤于气，在气不能舒畅其筋，故大筋緛短而为拘挛。湿伤其血，则血不养筋而筋不束骨，故小筋弛短而为痿弱。治宜黄芩、黄连、当归、生地、独活、牛膝、秦艽、续断之类。（【批】又其脉大而无力，此荣卫交虚，以十全大补加秦艽、熟附各一钱朝服之，夕则服八味丸加牛膝、杜仲、远志、萆薢、虎骨、龟板、黄柏，温酒送七钱，此已效之良方也。）切不可偏于风药而作风治，亦不可偏于补药而作虚论。此症宜利小便而除其湿热，宜用清凉而通利其气血，则思过半矣。虽有肺痿痰唾稠黏，前方中可加贝母、鼠黏、连翘、天、麦之类。若肾气空虚，腰脊不举，髓竭力乏，行立不能，而为骨痿之症者，前方宜加五味、枸杞、山萸、熟地、虎骨、败龟之类。,病名,[],,肾阳虚证,,"[""其他""]",文本未言年龄与性别，仅述“骨痿、腰脊不举、髓竭力乏”，难以精确对应绝经或老年型,"[""活动受限"", ""乏力"", ""步态不稳""]",,"[""中药内服""]",,"[{""name"": ""黄芩"", ""type"": ""单味药"", ""note"": ""治痿初治用药之一""}, {""name"": ""黄连"", ""type"": ""单味药"", ""note"": ""清热除湿""}, {""name"": ""当归"", ""type"": ""单味药"", ""note"": ""养血以荣筋骨""}, {""name"": ""生地"", ""type"": ""单味药"", ""note"": ""养阴清热""}, {""name"": ""牛膝"", ""type"": ""单味药"", ""note"": ""引血下行，强筋骨""}, {""name"": ""秦艽"", ""type"": ""单味药"", ""note"": ""治痿兼祛湿""}, {""name"": ""续断"", ""type"": ""单味药"", ""note"": ""补肝肾、强筋骨""}, {""name"": ""十全大补汤"", ""type"": ""方剂"", ""note"": ""荣卫交虚者加味""}, {""name"": ""八味丸"", ""type"": ""方剂"", ""note"": ""夕服以补肾治骨痿""}, {""name"": ""虎骨"", ""type"": ""单味药"", ""note"": ""强筋健骨""}, {""name"": ""龟板"", ""type"": ""单味药"", ""note"": ""滋肾填髓""}]",1.0,若肾气空虚，腰脊不举，髓竭力乏，行立不能，而为骨痿之症者,True,True,显效,"[{""classical_span"": ""而为骨痿之症者"", ""why_supports"": ""明确出现高度相关病名“骨痿”""}, {""classical_span"": ""腰脊不举，髓竭力乏"", ""why_supports"": ""提示骨弱、活动受限，符合骨质疏松表现""}]",1,"[""若将其强行归为绝经后或老年型，属证据不足"", ""若添加原文未载的骨折描述，属臆造"", ""若遗漏明确病名“骨痿”则映射不充分""]",8ec3cc8886b5406bf9d991e82e31cd3c,"['八味丸', '十全大补汤', '当归', '牛膝', '生地', '秦艽', '续断', '虎骨', '黄芩', '黄连', '龟板']",明,"['乏力', '步态不稳', '活动受限']"
ok,741,2026-02-04 17:09:42,医门补要,1883.0,骨痿,卷中 腰痛日久成龟背痰,脾肾两亏，加之劳力过度，损伤筋骨，使腰胯隐痛，恶寒发热，食少形瘦。背脊骨中凸肿如梅，初不在意，渐至背伛颈缩。盖肾衰则骨痿，脾损则肉削，其龟背痰已成，愈者甚寡，纵保得命，遂为废人。宜久服补肾汤。（方见后。）,病名,[],,脾肾阳虚,,[],,"[""腰背痛"", ""驼背""]",,"[""中药内服""]",,"[{""name"": ""补肾汤"", ""type"": ""方剂"", ""note"": ""原文称“宜久服补肾汤”""}]",1.0,盖肾衰则骨痿，脾损则肉削，其龟背痰已成，渐至背伛颈缩,True,True,迁延,"[{""classical_span"": ""肾衰则骨痿"", ""why_supports"": ""直接出现“骨痿”，为骨质疏松高度相关古籍范畴""}, {""classical_span"": ""渐至背伛颈缩"", ""why_supports"": ""描述驼背形变，符合骨量减少后脊柱改变""}]",1,"[""若将证型同时标为多个，违反单选要求"", ""若擅自推断患者年龄或现代表型，属于臆造信息"", ""若无原文药名却强行补充具体用药，证据不足""]",154955bea88550fc71b33507baee846a,['补肾汤'],清,"['腰背痛', '驼背']"
ok,754,2026-02-04 17:10:26,医述,1753.0,骨痿,卷十六·方药备考 杂证方论,生人之禀赋不齐，阴阳各有偏胜，药为补偏救弊而设。六味加桂、附，治相火不足，真阳衰惫。王冰所谓益火之原以消阴翳，尺脉弱者宜之。桂、附易知、柏名阴八味，治阴虚火动，骨痿精枯。王冰所谓壮水之主以制阳光，尺脉旺者宜之。（《怡堂散记》）,病名,[],,删除多复合证,原文并见“相火不足，真阳衰惫（肾阳虚）”与“阴虚火动（肝肾阴虚）”，非单一证型,[],,[],,"[""中药内服""]",,"[{""name"": ""六味加桂、附"", ""type"": ""方剂"", ""note"": ""治相火不足，真阳衰惫，尺脉弱者宜之""}, {""name"": ""阴八味"", ""type"": ""方剂"", ""note"": ""治阴虚火动，骨痿精枯，尺脉旺者宜之""}]",1.0,治阴虚火动，骨痿精枯,True,True,,"[{""classical_span"": ""骨痿精枯"", ""why_supports"": ""直接出现“骨痿”病名，属骨质衰败范畴，与骨质疏松高度对应""}]",1,"[""若将并见两证强行归为单一证型，可能造成证型臆断"", ""未明确人群与现代表型，若擅自补充则属过度映射"", ""药名存在古称，若直接等同现代通行方名可能不严谨""]",33c6923194844ab240fa2d4ff340f547,"['六味加桂、附', '阴八味']",清,[]
ok,3658,2026-02-04 19:06:00,医述,1753.0,骨痹,卷十·杂证汇参 痰,热痰多成烦热；风痰多成瘫痪；冷痰多成骨痹；湿痰多成倦怠软弱；惊痰多成心痛癫疾；饮痰多成胁疼臂痛；食积痰多成痞块痞满。（《赤水玄珠》）,病名,[],,肝肾阴虚证,,[],,[],,"[""中药内服""]",,"[{""name"": ""南星"", ""type"": ""单味药"", ""note"": ""用于清风痰壅滞""}, {""name"": ""半夏"", ""type"": ""单味药"", ""note"": ""用于清痰""}, {""name"": ""六君子汤"", ""type"": ""方剂"", ""note"": ""调胃气以化痰""}]",0.2,冷痰多成骨痹,True,True,,"[{""classical_span"": ""冷痰多成骨痹"", ""why_supports"": ""出现“骨痹”这一骨病范畴名词，与骨骼慢性病变存在弱关联""}]",1,"[""文本仅提及骨痹，未描述骨弱或易折等核心特征"", ""用药针对痰饮病机，非直接治疗骨病"", ""缺乏人群与症状体征细化信息""]",6f48c4442067e07f6f69e3dda186ad7a,"['六君子汤', '半夏', '南星']",清,[]
ok,4557,2026-02-04 19:40:26,医学入门,1575.0,骨蚀,外集·卷四 杂病 外感 牙齿,牙缝流血，风热者，消风散加芒硝，内服外擦；肾虚炎者，四物汤加升麻，或牡丹皮、知母、黄柏；阴虚气郁者，四物汤加香附、侧柏叶、牛膝，外敷绿袍散，或香盐散常擦。变骨蚀风，出血骨露者，玉池散。疳 出血多者，用生竹茹二两，醋煮含之。,症状,"[""情志异常""]",,肝肾阴虚证,,[],,[],,"[""中药内服"", ""中药外用""]",,"[{""name"": ""消风散"", ""type"": ""方剂"", ""note"": ""风热牙缝流血者内服外擦""}, {""name"": ""四物汤"", ""type"": ""方剂"", ""note"": ""肾虚炎或阴虚气郁者加减应用""}, {""name"": ""玉池散"", ""type"": ""方剂"", ""note"": ""变骨蚀风、出血骨露者""}, {""name"": ""绿袍散"", ""type"": ""外治"", ""note"": ""阴虚气郁者外敷""}, {""name"": ""香盐散"", ""type"": ""外治"", ""note"": ""常擦牙齿止血""}]",0.2,变骨蚀风，出血骨露者，玉池散。,True,True,,"[{""classical_span"": ""变骨蚀风，出血骨露"", ""why_supports"": ""出现“骨蚀”“骨露”等骨质受损表述，提示与骨质减损概念有弱关联""}]",1,"[""所述为牙齿局部病变，未明确系统性骨量减少"", ""缺乏腰背痛、脆性骨折等骨质疏松核心表现"", ""现代表型与古籍语境对应证据不足""]",25770fcd709074b74b766a28267df23c,"['四物汤', '消风散', '玉池散', '绿袍散', '香盐散']",明,[]
ok,3053,2026-02-04 18:40:45,医悟,1893.0,骨痿；骨枯,卷五 痿,手足疲软而无力，百节缓纵而不收，谓之痿。说者曰：肺者，相傅之官，大气之主，治节出焉。人身之运动，皆由于肺，肺热叶焦，则气无所主而失其治节，故痿躄而手足不随。此本肺热叶焦则生痿躄之文，故专重于肺经。然五脏之热，皆能为痿，如枢折胫纵不任地，非痿乎？口苦筋挛，非痿乎？干渴、肌肤不仁，非痿乎？骨枯髓减，腰脊不举，非痿乎？皮毛虚弱急薄，固为肺热之正痿矣。设脉痿枢如折，则宜治心热；筋痿口苦，则宜治肝热；肉痿干渴不仁，则宜治脾热；骨痿腰脊不举，则宜治肾热。不辨热由何脏，徒清肺金何益？人生大筋十五，小筋三百六十有五，皆系于宗筋，宗筋束骨节利机关，系于胃海者也。胃受水谷之精，上输于肺，旁润宗筋，肺受所输以溉腑脏，宗筋得所润，以注关键，是以气机清肃，筋节灵运，无有疲乏。若胃病而热，津液枯涸，则肺失所输而燥，宗筋失所运而弛，因而痿躄不遂。《太阴阳明论》曰：四肢不得禀水谷气，气日以衰，阴道不利，筋骨肌肉，无气以生，故不用。是则痿躄之原不在肺而在胃，故《痿论》曰：独取阳明也。丹溪原本此意，以为肺居上而主气，脾居中而主四肢，嗜欲无度则水伤，伤则火无所制而刑金，肺受热邪则金伤，伤则木无所畏而乘土，金燥则一身之气伤，土弱则四肢之用失，治法泻南方，则金清得以制木；补北方，则火降不至刑金，通宜二妙加味。湿热佐以清燥汤，湿痰佐以二陈加竹沥、姜汁，血虚佐以四物或补阴丸，气虚佐以四君、黄芪。阴虚无湿，或多汗者，又宜除去苍术，以痿症最忌表散，恐伤阴也。,病名,[],,肝肾阴虚证,,[],,"[""活动受限"", ""乏力""]",原文述“手足疲软而无力”“腰脊不举”，对应乏力与活动受限,"[""中药内服""]",,"[{""name"": ""二妙加味"", ""type"": ""方剂"", ""note"": ""通治痿证，泻南补北""}, {""name"": ""清燥汤"", ""type"": ""方剂"", ""note"": ""湿热佐用""}, {""name"": ""二陈汤加竹沥、姜汁"", ""type"": ""方剂"", ""note"": ""湿痰佐用""}, {""name"": ""四物汤"", ""type"": ""方剂"", ""note"": ""血虚佐用""}, {""name"": ""补阴丸"", ""type"": ""方剂"", ""note"": ""血虚或阴虚佐用""}, {""name"": ""四君子汤"", ""type"": ""方剂"", ""note"": ""气虚佐用""}, {""name"": ""黄芪"", ""type"": ""单味药"", ""note"": ""补气佐用""}]",1.0,骨枯髓减，腰脊不举，非痿乎？,True,True,,"[{""classical_span"": ""骨枯髓减，腰脊不举"", ""why_supports"": ""直接描述骨枯、髓减与脊柱功能障碍""}, {""classical_span"": ""骨痿腰脊不举"", ""why_supports"": ""出现骨痿病名，强指向骨质退化""}]",4,"[""若将多脏痿证一概等同骨质疏松，可能过度映射"", ""未出现明确年龄或骨折记载，现代分型证据不足"", ""证型复杂，单一证型选择可能简化原文语义""]",d803f72f84389262988ab926f52f814c,"['二妙加味', '二陈汤加竹沥、姜汁', '四君子汤', '四物汤', '清燥汤', '补阴丸', '黄芪']",清,"['乏力', '活动受限']"
ok,5107,2026-02-04 20:02:57,医悟,1893.0,骨痿；骨枯,卷五 腰痛,腰者，肾之腑，肾气充实，运转自若，外邪何从陷其隙，如肾气不固，中无所据，馁而失守，则转侧之间，已足致痛，况外邪之乘虚内袭哉？腰冷如冰，隐痛不能起坐，喜得热手抚按，脉沉迟或紧者，寒也，治以加减独活汤；腰痛如坐水中，沉重如带重物，脉濡细者，积湿也，经文谓为“肾着”，独活汤加术、附治之；腰痛且热，痿软无力，脉弦数者，湿热也，恐成痿症，独活汤加黄柏、知母、苍术、萆薢治之；转侧若刀锥之刺，大便黑色，脉涩或弦劲者，瘀血也，治以泽兰汤等；走注刺痛，或聚或散，脉弦急者，气滞也，治以橘核丸等；腰痛似脱，重按稍止，脉细弱无力者，虚也，参归汤加芪、术、杜仲、续断、牛膝治之，虚寒沉着者，佐以肾气丸等。肾本阴经，居至阴之地，阴邪从阴，虚寒易入，除湿郁蒸热外，治腰痛者，大率主于温通。然有肾虚气热，髓减骨枯，殷殷隐痛，渐近骨痿者，又为阴虚危候，真水方涸，挹注已穷，再用热药耗灼真阴，是直抱薪救火也，又当以六味、补阴等，急救其阴，固不可泥用通之说，并不能执温通之治为能矣。,症状,[],,肝肾阴虚证,,[],,"[""腰背痛"", ""骨痛"", ""乏力"", ""活动受限""]",,"[""中药内服""]",,"[{""name"": ""六味"", ""type"": ""方剂"", ""note"": ""用于肾虚气热、髓减骨枯、渐近骨痿之阴虚危候""}]",1.0,肾虚气热，髓减骨枯，殷殷隐痛，渐近骨痿者，又为阴虚危候,True,True,,"[{""classical_span"": ""髓减骨枯，渐近骨痿"", ""why_supports"": ""直接出现骨痿、骨枯，属骨量衰减与骨脆弱的高度相关描述""}, {""classical_span"": ""痿软无力"", ""why_supports"": ""提示筋骨萎软、功能减退，与骨质疏松表现相符""}]",1,"[""若将人群或现代分型具体化，可能因原文未明示年龄或性别而构成臆测"", ""若忽略骨痿原文而仅泛指腰痛，可能削弱与骨质疏松的核心关联"", ""若枚举证型多选，可能违反单选证型的结构化约束""]",6ce843ad37a1a429de025358077d6c28,['六味'],清,"['乏力', '活动受限', '腰背痛', '骨痛']"
ok,757,2026-02-04 17:10:32,医学传心录,1732.0,骨痿,内伤脾胃者辨有余与不足,东垣①曰：“饮食不节则胃病，胃病则气短精神少。胃虚则火邪乘之而生大热，有时而显火上行，独燎其面。黄帝针经云‘面热者，足阳明病。”胃既病则脾无所禀受……故亦从而病焉。形体劳役则脾病，病脾则怠惰嗜卧、四肢不收、大便泄泻。脾既病则胃不能独行津液，故亦从而病焉。大抵脾胃虚弱，阳气不能生长，是春夏之令不行，五藏之气不生。脾病则下流乘肾，土克水则骨乏无力，是为骨痿，令人骨髓空虚，足不能履地。是阴气重迭，此阴盛阳虚之症。”治宜升浮而助阳也，补中益气汤。内伤脾胃：有饥饿损伤，有饮食过伤，有服峻剂之药以致内伤，种种不同，治法亦异。,病名,[],,脾肾阳虚,,[],,"[""乏力"", ""活动受限"", ""步态不稳""]",,"[""中药内服""]",,"[{""name"": ""补中益气汤"", ""type"": ""方剂"", ""note"": ""治宜升浮而助阳，用于骨痿相关表现""}]",1.0,土克水则骨乏无力，是为骨痿，令人骨髓空虚，足不能履地。,True,True,,"[{""classical_span"": ""是为骨痿，令人骨髓空虚"", ""why_supports"": ""明确出现骨痿及骨髓空虚，直指骨弱本病""}, {""classical_span"": ""骨乏无力，足不能履地"", ""why_supports"": ""描述骨力不足与行走障碍，符合骨质疏松表现""}]",4,"[""若忽略骨痿病名而仅以脾胃病论，可能低估相关性"", ""若将其解释为急性痹证或外伤性骨病，则证据不符"", ""若无视原文骨髓空虚描述而强行映射其他疾病，属证据不足""]",2525d1fb9a7e4bb6c44d7f03f1e8922e,['补中益气汤'],清,"['乏力', '步态不稳', '活动受限']"
ok,759,2026-02-04 17:10:35,医学从众录,1827.0,骨痿,卷一 虚痨,脾肾虽有一方合治之说，其实驳杂不能奏效，当审其所急而图之。如食少怠倦、大便或溏或秘、肌肉消瘦等症，治脾为急，以六君子汤、四君子汤、归脾汤之类，补养脾胃，调其饮食，即所以输精及肾也。如形伤骨痿、面色黯黑、骨蒸炊热、腰痛气喘，或畏寒多梦、腹痛遗精等症，治肾为急。肾阴虚者，以六味丸补坎中真水；肾阳虚者，以八味丸补坎中真火，以通离火。稽之《周易》卦象，坤土是离火所生，艮土是坎水所生。赵养葵谓补水以生土，语虽离奇，却为妙旨也。,病名,[],,肝肾阴虚证,,"[""其他""]",古籍病名“骨痿”对应现代骨质疏松的总体概念，未限定绝经/老年等具体分型,"[""腰背痛"", ""乏力""]",,"[""中药内服""]",,"[{""name"": ""六君子汤"", ""type"": ""方剂"", ""note"": ""治脾为急，补养脾胃""}, {""name"": ""四君子汤"", ""type"": ""方剂"", ""note"": ""补养脾胃""}, {""name"": ""归脾汤"", ""type"": ""方剂"", ""note"": ""补养脾胃以输精及肾""}, {""name"": ""六味丸"", ""type"": ""方剂"", ""note"": ""治肾阴虚，补坎中真水""}, {""name"": ""八味丸"", ""type"": ""方剂"", ""note"": ""治肾阳虚，补坎中真火""}]",1.0,如形伤骨痿、面色黯黑、骨蒸炊热、腰痛气喘,True,True,,"[{""classical_span"": ""形伤骨痿"", ""why_supports"": ""直接出现古籍高度相关病名“骨痿”""}, {""classical_span"": ""腰痛气喘"", ""why_supports"": ""符合骨痿/骨弱相关的慢性腰痛表现""}]",1,"[""将非骨病条文强行映射为骨质疏松"", ""未见骨痿/骨弱证据仍给出高相关评分"", ""证型或现代表型超出原文信息范围""]",5be1b53e20e9c7029b6d30bae2b0bb81,"['八味丸', '六君子汤', '六味丸', '四君子汤', '归脾汤']",清,"['乏力', '腰背痛']"
ok,3428,2026-02-04 18:56:47,医学从众录,1827.0,骨极,卷一 虚痨,《圣济总录》曰：虚痨之病，因五脏则为五痨，因七情则为七伤，痨伤之甚，身体瘦极，则为六极。所谓七伤者，一曰：太饱伤脾，脾伤则善噫，欲卧，面黄；（土色黄，脾伤则其本色自见，故面黄。神者，中气之所生，脾伤则神亦倦，故善卧。）二曰：大怒气逆伤肝，肝伤则少血目暗。（肝者，将军之官，故主怒。又曰：目得血而能视，今肝伤少血，故令目暗。）三曰强力入房，久坐湿地伤肾，肾伤则短气，腰脚痛，厥逆下冷。（脚痛下冷者坎，中之阳虚也，轻则八味丸，重则附子汤治之。）四曰：形寒饮冷伤肺，肺伤则气少，咳嗽，鼻鸣。（形寒者，形气虚寒也，饮冷者，复饮冷物也，故《金匮》治咳嗽五方皆以小青龙加减。）五曰：忧愁思虑伤心，心伤则苦惊，喜忘，善怒。（心藏神，心伤则神不安，故苦惊；心主血，心伤则血不足，故喜忘；心愈伤则忧愁思虑愈不能去，故因而生怒。一本无善怒二字，有夜不能寐四字。）六曰：风雨寒暑伤形，形伤则发落，肌肤枯槁。（外冒风雨则寒湿不免矣，以外得之，故令伤形而皮肤枯槁。然皮肤之间卫气之所居也，《灵枢经》曰：卫气者，所以温分肉、充皮肤、肥腠理而司开合者也。故峻补其卫气而形斯复矣，宜桂枝汤加黄 之类也。）七曰：恐惧不节伤志，志伤则恍惚不乐。（怒则气上，恐则气下，则膻中大失其权，怫然不得舒畅，故曰伤志。志者，肾之所主而畅于膻中。膻中在两乳之间，心君之分也。心者，神明之所出，故令恍惚。膻中者，喜乐之所出，故令不乐。伤之固也，故为七伤。）所谓五痨者，一曰肺痨，令人短气，面肿，不闻香臭。二曰肝痨，令人面目干黑，口苦，精神不守，恐惧，不能独卧，目视不明。三曰心痨，令人忽忽喜忘，大便苦难，（心主血，血濡则大便润，血燥则大便难。）时或溏泄，（心火不足以生脾土也。）口中生疮。四曰脾痨，令人舌本苦直，不能咽唾。五曰肾痨，令人背难以俯仰，小便黄赤，时有余沥，茎内痛，阴湿囊生疮，小腹满急。此五者，痨气在五脏也，故名五痨。所谓六极者，一曰气极，（气极主肺）令人内虚，五脏不足，邪气多，正气少，不欲言。二曰血极，（血极即脉极主心）令人无颜色，眉发随落，忽忽喜忘。三曰筋极，（筋极主肝）令人数转筋，十指甲皆痛，苦倦不能久立。四曰骨极，（骨极主肾。）令人酸削，齿苦痛，手足烦疼，不可以立，不欲行动。五曰肌极，（肌极即肉极主脾）令人羸瘦无润泽，食饮不生肌肤。六曰精极，（精极主五脏，盖以五脏主藏精也。道家以精、气、神为三宝，《经》曰：精生气，气生神，精无以生气，故有少气内虚等候也。）令人少气，吸吸然内虚，五脏气不足，毛发落，悲伤喜忘。此六者，痨之甚，身体瘦极也，故名六极。又五痨、七伤、六极之外，变症不一，治法皆以补养为宜。形不足者，温之以气；精不足者，补之以味。相得合而服之，以补精益气，此其要也。,症状,"[""情志异常""]",,脾肾阳虚,,[],,"[""骨痛"", ""活动受限""]",,"[""中药内服""]",,"[{""name"": ""八味丸"", ""type"": ""方剂"", ""note"": ""用于肾伤腰脚痛，轻证""}, {""name"": ""附子汤"", ""type"": ""方剂"", ""note"": ""用于肾伤腰脚痛，重证""}, {""name"": ""桂枝汤加黄芪"", ""type"": ""方剂"", ""note"": ""用于形伤、皮肤枯槁，补卫气""}]",0.4,骨极主肾，令人酸削，齿苦痛，手足烦疼，不可以立，不欲行动,True,True,,"[{""classical_span"": ""骨极主肾，令人酸削"", ""why_supports"": ""描述骨相关虚损、酸削疼痛，符合慢性骨弱表现""}, {""classical_span"": ""不可以立，不欲行动"", ""why_supports"": ""提示活动受限，符合骨骼功能障碍""}]",3,"[""未出现明确骨痿或易骨折等强指向表述"", ""属于虚痨系统性消耗病，骨表现可能为并发而非主体"", ""缺乏人群年龄与现代骨密度概念对应信息""]",507a025db191ae6c8c3a3e7ed93d3548,"['八味丸', '桂枝汤加黄芪', '附子汤']",清,"['活动受限', '骨痛']"
ok,5191,2026-02-04 20:06:17,医学答问,1895.0,骨枯,卷二 阳火偏亢能服知柏八味丸吗？,子病阳火偏亢，曩年误认为阴火，久服六味、二冬、鳖甲、龟胶等类，酸涩敛滞，以致舌色深黄，骨痛发战。真热假寒，若仅用石膏、知母，而无三黄胆草，是有雨无云，难救大旱。今子连服数十剂，舌尖鲜明，心胆火清，可去胆草。舌根仍有积腻，肠胃旧滞未净，余药仍须连用。（然仅能除去热血攻心及脑中麻疼耳，若欲骨痛除根，尚须加芒硝以去黏积，方可也。）苦寒治实热，有病则病当之。子饭食如恒，何尝败胃？成无己《本草析义》、汪颖《本草》二书，有黄连泻心而能胜燥语，原本胜字，后人改为助字，以讹传讹。汪訒庵《本草备要》小注云「黄连久服反热，黄柏有寒中之变」等语。虚火误服，容或化燥，以此论实火，则非也。至黄芩、胆草，群书无败胃助燥之说。《素问·至真要大论》王冰注：壮水之主，以制阳光，是泛言热病，非论八味丸。明赵养葵《医贯》始以王冰语附会于六味八味，近世均言其谬。考仲景《金匮要略》所载八味丸，用利小便，故又名肾气丸。后人减去附桂为六味地黄丸，加黄柏、知母，为知柏八味丸，以治阴虚火动骨枯之症则不误。无奈粗工，不能辨证，以投阳盛火炽骨枯之症，六味得阳火成胶而助炽，知柏与阳火竞战而无助，此六味之咎，非知柏之咎也。某方除甘寒之淤凝，以苦寒疗阳火，安得谓偏师？生石膏用至四两，安得云无壮水之药乎？,病名,[],,肝肾阴虚证,,[],,"[""骨痛""]",,"[""中药内服""]",,"[{""name"": ""知柏八味丸"", ""type"": ""方剂"", ""note"": ""用于“治阴虚火动骨枯之症”""}, {""name"": ""芒硝"", ""type"": ""单味药"", ""note"": ""原文言“若欲骨痛除根，尚须加芒硝以去黏积”""}]",1.0,以治阴虚火动骨枯之症则不误,True,True,,"[{""classical_span"": ""骨枯"", ""why_supports"": ""明确出现高度相关的古籍骨病病名，直指骨质衰弱""}, {""classical_span"": ""骨痛除根"", ""why_supports"": ""描述持续性骨痛，符合骨质疏松常见表现之一""}]",1,"[""原文未提供明确人群与年龄信息，难以细分现代分型"", ""证型存在医家辨证争议，单一映射可能过度简化"", ""未出现骨折或身高变矮等现代关键结局指标""]",817c14baabe8febb5382a1d366f38206,"['知柏八味丸', '芒硝']",清,['骨痛']
ok,2341,2026-02-04 18:11:40,普济方（四库本181-240卷）,1406.0,骨空,普济方卷一百八十五,多而阴气少则痹热也　诸痹风胜者则易愈在皮间亦易愈在筋骨间者则难痊也久痹入深令荣卫涩经络时踈则不知痛　内经曰荣卫虚皮肤不仁居而不知痛可用蔚金散吐之次服水丸经寒之药泄之泄讫以辛湿之剂发散汗出后常服当归乌附行经和血之药则愈矣儒门事亲书云郾城梁贾人年六十余忽暁起梳髪觉在手指麻斯须手臂麻又一臂麻斯须头一半麻比及梳毕从胁至足皆麻大便二三日不通往问他医皆云风也或药或针皆不解求治于戴人戴人曰左手三部脉皆伏比右手小三倍此枯涩痹不可纯归之风亦有火燥相兼乃命一通一泄一汗其麻立止已后以辛凉之剂调之润燥之剂濡之惟小指次指尚麻戴人曰病根已去此余烈也方可针溪谷者谷也骨空也一日晴和往针之用灵枢中鸡足法向上卧针三进三引讫复卓针起向下卧针送入指皆然手热如火其麻全去昔刘河间作原病或常以麻与涩同归燥门中真知病防者也,其他,"[""老年后""]",,肾阳虚证,,"[""原发性-老年型""]",,"[""骨痛"", ""活动受限""]",,"[""中药内服"", ""针刺""]",,"[{""name"": ""蔚金散"", ""type"": ""方剂"", ""note"": ""用于吐法以通经络""}, {""name"": ""导水丸"", ""type"": ""方剂"", ""note"": ""寒药泄法""}, {""name"": ""当归乌附行经和血之药"", ""type"": ""其他"", ""note"": ""长期调治用药组合""}]",0.4,方可针溪谷者谷也骨空也,True,True,愈,"[{""classical_span"": ""骨空也"", ""why_supports"": ""出现明确骨相关空虚概念，提示骨弱""}, {""classical_span"": ""年六十余"", ""why_supports"": ""老年人群，符合老年型骨质疏松背景""}]",1,"[""原文主要论痹证，非专论骨病"", ""缺乏脆性骨折等直接证据"", ""骨空语义可能为经穴名而非病名""]",83f340d63bd802bbec8eaf6c2bd10ba5,"['导水丸', '当归乌附行经和血之药', '蔚金散']",明,"['活动受限', '骨痛']"
ok,2929,2026-02-04 18:35:22,医学钩玄,1347.0,骨痿,卷之七 痿门,痿者，无力以运动也，详见《灵素发挥》中。然古人谓痿，独主于肺，言肺热叶焦也。盖肺热则不能管摄一身矣，然不能悉痿之详也，止治肺痿，则当泻南方补北方，阳明实则宗筋润，能束骨而利机关矣，若夫筋痿、骨痿、肉痿，岂足以治之哉？大要痿病，皆主于热症，有兼痰积者，有湿多者，有热多者，有湿热相半者，有挟寒者。患痿之人，不淡泊食味，吾知其必不安全也，何也？天产作阳味，发热故也，故黄柏、知母，为治痿之要药也。,病名,[],,删除多复合证,原文谓“痿病皆主于热症”，并兼痰、湿、寒等多端，非单一证型可概括,[],,"[""活动受限"", ""乏力""]",“痿者，无力以运动也”,"[""中药内服""]",,"[{""name"": ""黄柏"", ""type"": ""单味药"", ""note"": ""原文称“为治痿之要药”""}, {""name"": ""知母"", ""type"": ""单味药"", ""note"": ""原文称“为治痿之要药”""}]",1.0,若夫筋痿、骨痿、肉痿，岂足以治之哉？,True,True,,"[{""classical_span"": ""骨痿"", ""why_supports"": ""明确出现古籍高度相关病名，直接指向骨之萎弱""}, {""classical_span"": ""无力以运动也"", ""why_supports"": ""体现筋骨痿软、功能受限，与骨质疏松表现相通""}]",1,"[""未提及骨折或年老情境，现代表型映射不足"", ""证型复杂多端，难以对应单一现代分型"", ""症状描述偏泛，可能涵盖非骨质疏松疾病""]",0bc30540fc4f0bc57a9f4452fb617df6,"['知母', '黄柏']",明,"['乏力', '活动受限']"
ok,4626,2026-02-04 19:43:15,儿科要略,1934.0,骨枯,第三章　儿科特征 第六节　疳证,疳证之治法，初起宜健脾消积，清热杀虫，及其已成，体实者宜正本清源，先用攻下杀虫之剂，后用培　本养元之法，体虚者宜攻补兼施，慎用峻利之药，此中消息，则寒热之辨别，以及虚　多实少、实多虚少之分，尤宜详察。大概健运以扶持脾胃之剂，宜用白术、鸡内金、豆蔻、木香、砂仁之　类；消积之剂，宜用莪术、三棱、槟榔、浓朴、麦芽、神曲之类；清热之剂，宜用川黄　连、胡黄连、淡芩、青皮、柴胡之类；杀虫之剂，宜使君子、芜荑、川楝子、芦荟之类；补益之剂，宜人　参、潞党、山药、扁豆、莲心、生地、熟地、萸肉、当归、阿胶之类。通治之方有集　圣丸加减、五疳保童丸、五疳消积丸、万应丸之属。至于心、脾、肝、肺、肾五疳，各因肠胃受伤，脾运　不健，而致五脏交受其病，兼病于心者，即谓之心疳，治宜安神丸以治心，异功散以补脾，余如张涣参黄丹及真　珠散、茯苓丸、茯神汤、桃花丸，均可酌用。大凡心经有实热之见象者宜酌加黄连、犀角、羚羊、牛　黄、天竺黄之类；心经有虚热之见象者，宜加茯神、远志、枣　仁、玄参、人参之类。心疳而至惊啼口渴，嗜食辛味，耳边有脉，舌下有黑靥者不治。兼病于脾者，谓　之脾疳，治宜四味肥儿丸以治疳，五味异功散以养脾，余如钱氏益黄散、参苓白术散、神效换肌丸、大胡黄　连丸、芦荟丸、张涣木香散均可酌用。大凡脾经有热者，宜加黄连、地黄、三棱、莪术之类；脾经有湿　者，宜加半夏、白术、陈皮、苡米、甘遂、商陆之类；脾气虚寒者，宜加于术、补骨脂、干姜、肉豆　蔻、肉桂之类。脾疳而至腹大如鼓，唇无血色，人中平满，下痢无度者不治。兼病于肝者，　谓之肝疳，治宜地黄丸， 归汤、天麻丸、生熟地黄汤、熊胆天麻丹、芦荟丸均可酌用。大凡肝经有实热之　见象者，宜加龙胆草、菊花、柴胡、连翘、栀子、青皮、白芍之类；肝经有虚热之见象者，宜加川芎、天麻　、熟地、牡蛎、龙骨、萸肉、五味之类。肝疳而至目有青脉，左胁硬痛，多吐涎沫，眼角左右有黑气　者不治。兼病于肺者，谓之肺疳，治宜先用地黄清肺饮以治肺，次用益气丸以补肺，余如益黄散、化 丸、　补肺散、张涣麝香丹、阿胶散、胡黄连丸之类，均可酌用。大凡肺经有热者宜加桑皮、桔梗、前胡、鲜生　地、竹茹、竹沥、麻黄、杏仁之类；肺气虚寒者，宜加人参、黄 、党参、麦冬、山药、熟地之类。肺疳　而至频泻白沫，身有黑斑如粟米大者不治。兼病于肾者，谓之肾疳，治宜钱氏地黄丸或生脉散多加黄 以　调肺，余如调元散、九味地黄丸、张涣熊胆散之类，均可酌用。大凡肾经有热者，宜加　车前、茯苓、泽泻、通草、猪苓、木通、黄柏之类；肾气虚寒者，宜加附子、熟地、山萸肉、胡卢巴、巴　戟、黄 之类。肾疳而至嗜食酸咸，饮水无度，小便如乳，牙齿青黑，耳脑干燥，肩　耸骨枯者不治。此五疳证治之一斑也。,病名,[],儿科人群；出自《儿科要略》疳证条文，属儿童疾病背景,肝肾阴虚证,,[],,[],,"[""中药内服""]",,"[{""name"": ""补骨脂"", ""type"": ""单味药"", ""note"": ""用于脾气虚寒加用，文本中明确列名""}, {""name"": ""九味地黄丸"", ""type"": ""方剂"", ""note"": ""用于肾疳调治，文本中明确列名""}]",1.0,肾疳而至嗜食酸咸，饮水无度，小便如乳，牙齿青黑，耳脑干燥，肩耸骨枯者不治。,True,True,,"[{""classical_span"": ""肩耸骨枯"", ""why_supports"": ""直接出现“骨枯”这一高度指向骨量衰败的经典表述""}]",1,"[""将儿科疳证强行等同为老年性骨质疏松"", ""未见骨折或疼痛即过度推断临床表型"", ""忽略其为全身消耗性疾病而非原发骨病""]",a337bceed4b932d21f35356d5c0e9cab,"['九味地黄丸', '补骨脂']",近现代,[]
ok,2931,2026-02-04 18:35:31,医学钩玄,1347.0,骨痿；骨极,卷之七 五劳门,丹溪云：阴常不足，阳常有余，劳瘵之症，多是阴虚火动者，只宜补阴为主也。况南方火旺之乡，而南人之质，所禀多热，十全方内用热剂，且宜斟酌。劳瘵日久，火甚作泻，而世人多谓饮食欠调，不知饮食欠调作泻者，不无也，而病至将危，虚火作泻，纵能调理脾胃，而泻有不能已者矣。余每每医劳瘵者，恒病于泻也，故书之于此。或问劳瘵之证，未有不病嗽者，何也？盖人身以阴水为主，而肾实主之，肾既有亏，火炎于上，肺受煎熬，况金水为子母，子既受伤，母亦不保耳。世人欲保生调摄，先寡欲为上策，而服药则以集灵膏、固本丸先之。尝记古人云：矜持志节，劳伤乎肾，应乎骨极；预事而忧劳伤乎肺，应乎气极；意外思虑，劳伤乎脾，应乎肉极；尽力谋虑，劳伤乎肝，应乎筋极；曲运神机，劳伤乎心，应乎脉极，此之谓五劳应六极也。一损损于肺，皮聚而毛落；二损损于心，则血脉虚少；三损损于胃，饮食不为肌肤，此谓自上而损于下也，损过于此，病不可治矣。一损损于肾，骨痿不能起床；二损损于肝，筋缓不能自收持；三损损于脾，则肌肉消烁，此谓自下而损于上也，损过于此，病亦不治矣。若夫所谓七伤者，饮食不节伤脾，思虑太过伤心，色欲太过伤肾，起居无常伤肝，悲忧太甚伤肺，风寒暑湿伤于外，饥饱劳役伤于内，七情备之矣。,病名,"[""情志异常""]",,肝肾阴虚证,,[],,"[""活动受限""]",,"[""中药内服""]",,"[{""name"": ""集灵膏"", ""type"": ""方剂"", ""note"": ""文中提及用于保生调摄、先行服用""}, {""name"": ""固本丸"", ""type"": ""方剂"", ""note"": ""与集灵膏并提，用于调养虚损""}]",1.0,一损损于肾，骨痿不能起床；……劳伤乎肾，应乎骨极,True,True,,"[{""classical_span"": ""骨痿不能起床"", ""why_supports"": ""直接描述骨痿导致功能丧失，与骨质疏松骨弱高度一致""}, {""classical_span"": ""劳伤乎肾，应乎骨极"", ""why_supports"": ""将肾损与骨极相应，体现骨衰退的病机指向""}]",1,"[""仅凭阴虚火动而忽略骨痿原文证据，可能低估相关性"", ""若强行标注具体现代分型（如绝经后型）将构成证据不足的臆测"", ""将本条误归为单纯肺脾病而否认骨病描述，可能遗漏关键信息""]",bc5cb9a9fdecfd7a82dfbbde55c8f7dd,"['固本丸', '集灵膏']",明,['活动受限']
ok,4636,2026-02-04 19:43:30,古今医统大全,1556.0,骨枯,卷之四十六 痨瘵门,清神甘露丸 治男妇虚劳，大骨枯陷并皆治之。,方药,[],,肝肾阴虚证,,[],,[],,"[""中药内服""]",,"[{""name"": ""清神甘露丸"", ""type"": ""方剂"", ""note"": ""用于治疗虚劳所致大骨枯陷""}]",1.0,治男妇虚劳，大骨枯陷并皆治之。,True,True,,"[{""classical_span"": ""大骨枯陷"", ""why_supports"": ""直接出现骨枯之描述，与骨量减少高度一致""}]",1,"[""文本以虚劳痨瘵为主病，骨枯可能为并发表现"", ""未描述脆性骨折或明确老年退行性背景"", ""缺乏明确人群与长期转归信息""]",78d9a7415a7c3c1effb909abe2433573,['清神甘露丸'],明,[]
ok,3299,2026-02-04 18:51:18,医学钩玄,1347.0,骨虚,卷之四 中风门,口眼㖞斜，烧皂角，烟薰患处，次烧乳香薰之，顺其血脉也。（有无故口眼㖞斜，投以风药不效，盖缘骨虚受风，川乌一味不宜少，亦不可例作中风治也。）,病名,[],,其它-风寒湿痹证,骨虚；原文称“盖缘骨虚受风”，未对应固定证型枚举,[],,[],,"[""中药外用""]",烟薰患处（熏蒸法）,"[{""name"": ""皂角"", ""type"": ""外治"", ""note"": ""烧之取烟，薰患处""}, {""name"": ""乳香"", ""type"": ""外治"", ""note"": ""次烧取烟薰之""}, {""name"": ""川乌"", ""type"": ""单味药"", ""note"": ""提示“川乌一味不宜少”，用于骨虚受风情形""}]",0.2,盖缘骨虚受风,True,True,,"[{""classical_span"": ""盖缘骨虚受风"", ""why_supports"": ""出现“骨虚”概念，与骨量不足类病机存在弱关联，但未见骨折等强指征""}]",1,"[""原文主症为口眼㖞斜，非典型骨病表现，相关性偏弱"", ""未出现骨折、驼背、身高变矮等骨质疏松关键特征"", ""证型与现代骨质疏松映射证据有限，可能属他病机""]",364e32fb0cb0eaa517af0c19005043b7,"['乳香', '川乌', '皂角']",明,[]
ok,1861,2026-02-04 17:52:58,医学汇函,1584.0,骨折,十一卷 折伤,刘前冈传。治打扑伤损，骨折筋断，皮破肉烂，疼痛不止。,方药,[],,删除,,[],,[],,"[""中药内服""]",,"[{""name"": ""补损接骨仙丹"", ""type"": ""方剂"", ""note"": ""用于治打扑伤损、骨折筋断""}]",0.2,,True,False,,"[{""classical_span"": ""治打扑伤损，骨折筋断"", ""why_supports"": ""明确为外伤性骨折治疗，非骨弱或脆性骨折""}]",1,"[""文本为急性外伤骨折，非慢性骨弱或脆性骨折"", ""未出现骨痿、骨弱、年老易折等指向骨质疏松的描述"", ""证型、人群信息缺失，无法支持现代表型映射""]",cbff2d5acd67ccb0308920119afc6650,['补损接骨仙丹'],明,[]
ok,2950,2026-02-04 18:36:25,医学汇函,1584.0,骨痿,十二卷 治热门,龟，收藏义也。甲，函也。气平。无毒。主内伤阴虚骨蒸寒热，及劳倦骨痿，伤寒劳复肌体寒热欲死。力猛能去瘀血，破癥瘕、痎疟、五痔、血分湿痹、四肢重弱不能久立、妇人漏下赤白、阴疮难产及产前后痢。又治惊恚气，心腹痛，腰背疼，兼治小儿囟不合。头疮不燥，烧灰傅之。久服益气、资智且能食。丹溪云：龟乃阴中至阴之物，禀北方之气而生，故能补阴血不足。阴足而血气调和则瘀血自去，癥瘕崩痔、疟痢痹疾自消，筋骨自健。故曰：大有补阴之功。以其灵于物，故用以补心甚验，令人有灵。入汤作丸，取江湖中水龟，生脱未中湿者良。其次卜师钻过者名败龟板，大者亦佳。酥炙，或猪脂、酒皆可。恶沙参、蜚蠊，畏狗胆。肉酿酒服，主大风挛急，或瘫痪不收。作羹食，主久咳嗽，大补而有神灵。不可轻杀，十二月食龟肉杀人。血治脱肛。骨带入山，令人不迷路。尿主久嗽断疟。又有一种秦地所产山龟，极大而寿，今四方亦有之，味苦无毒，主除湿痹身重、四肢关节不可动摇。,方药,"[""情志异常""]",,肝肾阴虚证,,[],,"[""腰背痛"", ""活动受限"", ""乏力""]",,"[""中药内服"", ""中药外用""]",,"[{""name"": ""龟（龟板）"", ""type"": ""单味药"", ""note"": ""补阴血、治骨蒸骨痿；烧灰外傅治头疮""}]",1.0,主内伤阴虚骨蒸寒热，及劳倦骨痿……筋骨自健,True,True,,"[{""classical_span"": ""劳倦骨痿"", ""why_supports"": ""直接出现“骨痿”病名，为骨质疏松强相关古代范畴""}, {""classical_span"": ""腰背疼"", ""why_supports"": ""与现代骨质疏松常见腰背痛症状一致""}]",1,"[""原文未涉及骨折等关键现代诊断指标，可能被质疑外推过度"", ""条目为药物综述而非专病论述，相关性需谨慎界定"", ""人群与现代分型信息不足，映射存在不确定性""]",4422c5cd162a4179925fafaa5ba1ebae,['龟'],明,"['乏力', '活动受限', '腰背痛']"
ok,1615,2026-02-04 17:43:59,黄煌医案,1990.0,骨折,20070024膝关节腔积液多汗案,采用案例教学和案例练习的方法来帮助求学者，非常感谢各位版主！我近期遇一位80岁老妇，左前臂科里氏骨折内固定术后，左腕掌肿胀而要求中药治疗，体形较 丰，肌肤偏于松软，面色隐黄，给防己黄芪汤加骨碎补、桃仁，渐消。期间患者自己配合用水蛭胶囊引起皮肤红疹，瘙痒难眠，经搽用皮肤科药膏无效，我又加用生 龙牡取效。由于该患体质体形特点，且之前我为她用黄芪桂枝五物汤加四味健步汤治不安腿并下肢无力很好，所以仍然使用黄芪类方。还有其他各案，从中可见黄老 师的方证、体质、特征舌等构成的方证系统，极有学术价值和临床指导意义。,其他,"[""老年后""]",,肾阳虚证,,"[""原发性-老年型""]",,"[""骨折""]",,"[""中药内服""]",,"[{""name"": ""防己黄芪汤"", ""type"": ""方剂"", ""note"": ""用于术后肿胀，多汗体质""}, {""name"": ""骨碎补"", ""type"": ""单味药"", ""note"": ""加用以助骨折恢复""}, {""name"": ""桃仁"", ""type"": ""单味药"", ""note"": ""加用以活血""}, {""name"": ""生龙牡"", ""type"": ""单味药"", ""note"": ""用于皮疹瘙痒""}, {""name"": ""黄芪桂枝五物汤"", ""type"": ""方剂"", ""note"": ""既往治不安腿、下肢无力""}, {""name"": ""四味健步汤"", ""type"": ""方剂"", ""note"": ""配合黄芪桂枝五物汤使用""}]",0.4,80岁老妇，左前臂科里氏骨折内固定术后,True,True,好转,"[{""classical_span"": ""80岁老妇"", ""why_supports"": ""提示老年人群，为骨质疏松高风险""}, {""classical_span"": ""科里氏骨折"", ""why_supports"": ""老年常见脆性骨折类型""}]",1,"[""未明确出现骨痿、骨枯等古籍病名"", ""病例以术后肿胀治疗为主，非系统论述骨病"", ""骨折是否为低能量损伤未明""]",7b7c2107779e5fe4e19832754a2b5d20,"['四味健步汤', '桃仁', '生龙牡', '防己黄芪汤', '骨碎补', '黄芪桂枝五物汤']",近现代,['骨折']
ok,4657,2026-02-04 19:44:31,解围元薮,1550.0,骨枯,卷一 三十六疯六经分属,此症手足自摇振抖无力，不能持物，举动艰难，牵引挛缩，霎时僵直或节骱麻木大痛，腿肘转筋，乃秽毒过伤也。肝胃太薄湿热已极，血涸骨枯肺肝损坏，亦有地理阴阳所损成患，以大麻汤，真方夺命丹大消风散等方治之，兼补气血清阳养元为上。,病名,[],,肝肾阴虚证,,[],,"[""骨痛"", ""活动受限"", ""乏力""]",,"[""中药内服""]",,"[{""name"": ""大麻汤"", ""type"": ""方剂"", ""note"": ""文中所列治方之一""}, {""name"": ""真方夺命丹"", ""type"": ""方剂"", ""note"": ""文中所列治方之一""}, {""name"": ""大消风散"", ""type"": ""方剂"", ""note"": ""文中所列治方之一""}]",1.0,血涸骨枯肺肝损坏,True,True,,"[{""classical_span"": ""血涸骨枯"", ""why_supports"": ""直接出现“骨枯”，为古籍中与骨质疏松高度相关的表述""}, {""classical_span"": ""手足自摇振抖无力"", ""why_supports"": ""提示筋骨无力、功能受限，符合骨量不足相关表现""}]",4,"[""文本未涉及现代骨密度或骨折，可能仅为其他神经或筋病"", ""证型同时出现多种脏腑受损描述，单一证型归纳可能过度简化"", ""症状以震颤、抽搐为主，未必专指骨质疏松""]",bab3aa940f124bbc5dc7fadf80163900,"['大消风散', '大麻汤', '真方夺命丹']",明,"['乏力', '活动受限', '骨痛']"
ok,1214,2026-02-04 17:28:33,医学举要,1886.0,骨痿,痿证医案,郡城徐华封女病痿，两足不能相去以寸，脊间皮宽肉软，有如斗大，医用杂补气血之剂不效。予谓饮食如故，病属下焦，芪术守中，不能达下，四物诚为女科要药，若欲填实精髓，则又不胜任矣。考《内经》筋痿骨痿，皆属奇经络病，乃用生鹿角、龟板、海参、鱼胶、羊肉等血肉之味，配入熟地、枸杞、牛膝、归芍，坚服三十余剂而全痊。,病名,"[""围绝经期""]",病例为女性（“徐华封女”），未提及妊娠、产后或老年,脾胃虚弱证,,"[""其他""]",文中未提供绝经、老年或继发因素信息，无法对应具体现代分型,"[""活动受限"", ""乏力""]",,"[""中药内服""]",,"[{""name"": ""生鹿角"", ""type"": ""单味药"", ""note"": ""血肉有情之品，用以充养筋骨""}, {""name"": ""龟板"", ""type"": ""单味药"", ""note"": ""滋阴填精，助骨痿恢复""}, {""name"": ""海参"", ""type"": ""单味药"", ""note"": ""补益精血，佐治骨痿""}, {""name"": ""鱼胶"", ""type"": ""单味药"", ""note"": ""填精益髓""}, {""name"": ""羊肉"", ""type"": ""单味药"", ""note"": ""温补血肉""}, {""name"": ""熟地"", ""type"": ""单味药"", ""note"": ""滋补肝肾""}, {""name"": ""枸杞"", ""type"": ""单味药"", ""note"": ""补肝肾以强筋骨""}, {""name"": ""牛膝"", ""type"": ""单味药"", ""note"": ""引血下行，强筋骨""}, {""name"": ""当归、白芍"", ""type"": ""单味药"", ""note"": ""养血和营，配伍入方""}]",1.0,考《内经》筋痿骨痿，皆属奇经络病,True,True,全痊,"[{""classical_span"": ""筋痿骨痿"", ""why_supports"": ""直接出现“骨痿”，为古籍中与骨质疏松高度对应的病名""}, {""classical_span"": ""两足不能相去以寸"", ""why_supports"": ""提示下肢功能受限、筋骨痿软""}, {""classical_span"": ""坚服三十余剂而全痊"", ""why_supports"": ""显示慢性骨病样表现经长期补益而改善""}]",1,"[""若将其强行归为绝经后或老年型，属现代分型臆断"", ""若忽略原文“骨痿”而仅以痿证泛指，会削弱证据链"", ""若未按原文列出具体药物而概括为补益药，不合规""]",dc1ee7e017bd70fc3151de06bdeb1840,"['当归、白芍', '枸杞', '海参', '熟地', '牛膝', '生鹿角', '羊肉', '鱼胶', '龟板']",清,"['乏力', '活动受限']"
ok,241,2026-02-04 16:49:57,医学心悟杂症要义,1732.0,骨痿,正文 痿,此方去知母、黄柏，加牛腿骨髓、骨碎补以治骨痿，曾见奏效。,方药,[],,肝肾阴虚证,仅提“骨痿”，未明确归属肾阳虚、肝肾阴虚等固定证型,[],,[],,"[""中药内服""]",,"[{""name"": ""牛腿骨髓"", ""type"": ""单味药"", ""note"": ""加用以治骨痿""}, {""name"": ""骨碎补"", ""type"": ""单味药"", ""note"": ""加用以治骨痿""}]",1.0,加牛腿骨髓、骨碎补以治骨痿，曾见奏效。,True,True,显效,"[{""classical_span"": ""以治骨痿"", ""why_supports"": ""“骨痿”为古籍中与骨质疏松高度对应的病名""}, {""classical_span"": ""曾见奏效"", ""why_supports"": ""提示针对骨痿治疗取得明确疗效""}]",3,"[""原文未给出完整方名，难以确定整体方药结构"", ""缺乏症状细节，可能与其他痿证混同"", ""未明确患者人群与病程，限制现代分型映射""]",ce77292626dd4bec8ad1ac35c9f56d04,"['牛腿骨髓', '骨碎补']",清,[]
ok,5190,2026-02-04 20:06:16,医学心悟杂症要义,1732.0,骨枯,正文 痿,水煎服。心气热，加黄连三分、丹参、生地各一钱；肝气热，加黄芩丹皮牛膝各一钱，脾气热，加连翘一钱、生地一钱五分；肾气热，加生地、牛膝石斛各一钱五分；肺气热，加天冬百合各二钱；挟痰，加川贝竹沥；湿痰，加半夏曲；瘀血，加桃仁红花。如气血两虚，另用十全大补汤。肾肝虚热、髓减骨枯，兼用虎潜丸主之。,方药,[],,肝肾阴虚证,,[],,[],,"[""中药内服""]",,"[{""name"": ""虎潜丸"", ""type"": ""方剂"", ""note"": ""用于肾肝虚热、髓减骨枯""}, {""name"": ""十全大补汤"", ""type"": ""方剂"", ""note"": ""气血两虚时另用""}]",1.0,肾肝虚热、髓减骨枯，兼用虎潜丸主之。,True,True,,"[{""classical_span"": ""髓减骨枯"", ""why_supports"": ""直接指向骨枯、骨质衰败，为骨质疏松高度相关古籍表述""}, {""classical_span"": ""虎潜丸主之"", ""why_supports"": ""经典用于肝肾亏虚、骨枯筋痿之方，提示针对骨病治疗""}]",1,"[""原文未明确患者年龄或性别，无法细分现代表型"", ""未出现现代影像或骨折描述，仅能依据古籍病名映射"", ""若将加减单味药逐一对应现代机制，可能超出文本证据""]",4b6de1bc176fca87d25c9e701b2bf22c,"['十全大补汤', '虎潜丸']",清,[]
ok,3050,2026-02-04 18:40:35,医学要诀,1674.0,骨痿,草诀 神农本经中品,性味苦平，根多枝节，故名赤节，一名百枝。凡根节木节之类，能治骨痿，利关节，故主强阴而利腰脊。筋骨强而关节利，则周痹邪热自清。,方药,[],,删除,,[],,"[""骨痛"", ""活动受限""]",,"[""中药内服""]",,"[{""name"": ""赤节（百枝）"", ""type"": ""单味药"", ""note"": ""主治骨痿，利关节，强阴而利腰脊""}]",1.0,凡根节木节之类，能治骨痿，利关节，故主强阴而利腰脊,True,True,,"[{""classical_span"": ""能治骨痿，利关节"", ""why_supports"": ""明确出现“骨痿”这一与骨质疏松高度对应的古籍病名""}]",1,"[""文本未涉及骨痿而强行关联骨质疏松"", ""将现代分型或证型臆断加入古文未述内容"", ""未给出原文证据却判断为高度相关""]",04a442a861b577ba072ce54e8d2000d9,['赤节'],清,"['活动受限', '骨痛']"
ok,2992,2026-02-04 18:38:17,医学原理,1689.0,骨痿,卷之六 痿症门,痿者，痿弱无力，不能收持之谓也。是人随情妄用，损耗精血，以致皮肉筋骨皆失荣养，而痿厥之症作焉。经言：治痿独取肺金为主者，盖肺主气而体燥，肺伤则气病，不能导血以行经隧，体燥则津少，无以荣养百骸，此之故也。虽然，始则重于肺金，续而五脏皆受。大要不出热之一字。故经云：肺热叶焦，五脏因而受之，发为痿厥。心气热为脉痿，而胫纵不任地；肝气热为筋痿，而宗筋弛缓；脾气热为肉痿，而肌痹不仁；肾气热为骨痿，而足不任身是也。古法治痿独取阳明者，盖阳明为五脏之腑也，水谷之海，主润宗筋，阳明病则宗筋亦病，宗筋病则带脉不引，足痿不固矣。且肺与阳明燥金相为表里，而肺居上主气而畏火，嗜欲无度，相火上炎，刑害肺金，肺金受害，水绝其源，火愈寡畏，肺愈被伤，无以制木，木寡于畏而伤脾土，脾病则血败，无以滋养百骸，肺伤则气耗不能受摄四末。是以治法在乎滋阴伏火，清肺金制木。经云：东方实，西方虚，泻南方，补北方者，此之谓也。方药不越清燥、四物二汤为主加减。患者药外，尤当薄滋味以自养，毋助火邪。能如此治，无有不瘳。,病名,[],,肝肾阴虚证,,[],,"[""活动受限"", ""乏力"", ""步态不稳""]",,"[""中药内服"", ""其他""]",薄滋味以自养，饮食调护以防助火邪,"[{""name"": ""清燥"", ""type"": ""方剂"", ""note"": ""为治痿用方，加减应用""}, {""name"": ""四物二汤"", ""type"": ""方剂"", ""note"": ""作为主要治法方药之一""}]",1.0,肾气热为骨痿，而足不任身是也,True,True,愈,"[{""classical_span"": ""肾气热为骨痿"", ""why_supports"": ""明确出现“骨痿”病名，直接指向骨之萎弱""}, {""classical_span"": ""足不任身"", ""why_supports"": ""体现下肢承重功能减退，符合骨弱功能障碍""}]",1,"[""文本未涉及骨痿而仅为一般痹证"", ""未出现骨弱或功能减退等核心描述"", ""将急性外伤性骨病误判为骨质疏松""]",d28f469ff86625ff688c2bd92fba144a,"['四物二汤', '清燥']",清,"['乏力', '步态不稳', '活动受限']"
ok,2991,2026-02-04 18:38:20,医学原理,1689.0,骨痿,卷之五 虚损门,治骨痿不能起于床，筋缓不能自收持。此乃下元肾亏、肝缓所致。盖肾主骨，肾亏是以骨痿不能起于床；肝主筋，肝缓故筋缓不能自收持。治宜补肾理肝。是以用补骨脂、菟丝子、肉苁蓉、胡芦巴等益精补肾，防风、蒺藜理肝，佐牛膝、杜仲、萆薢壮筋骨，肉桂通血脉。,病名,[],,肾虚血瘀证,原文称“下元肾亏、肝缓所致”，未明确阴虚或阳虚，故归为其他,[],,"[""活动受限"", ""乏力""]",“不能起于床”“筋缓不能自收持”体现活动受限与乏力,"[""中药内服""]",,"[{""name"": ""补骨脂"", ""type"": ""单味药"", ""note"": ""益精补肾""}, {""name"": ""菟丝子"", ""type"": ""单味药"", ""note"": ""益精补肾""}, {""name"": ""肉苁蓉"", ""type"": ""单味药"", ""note"": ""益精补肾""}, {""name"": ""胡芦巴"", ""type"": ""单味药"", ""note"": ""益精补肾""}, {""name"": ""防风"", ""type"": ""单味药"", ""note"": ""理肝""}, {""name"": ""蒺藜"", ""type"": ""单味药"", ""note"": ""理肝""}, {""name"": ""牛膝"", ""type"": ""单味药"", ""note"": ""壮筋骨""}, {""name"": ""杜仲"", ""type"": ""单味药"", ""note"": ""壮筋骨""}, {""name"": ""萆薢"", ""type"": ""单味药"", ""note"": ""壮筋骨""}, {""name"": ""肉桂"", ""type"": ""单味药"", ""note"": ""通血脉""}]",1.0,治骨痿不能起于床，筋缓不能自收持。盖肾主骨，肾亏是以骨痿,True,True,,"[{""classical_span"": ""骨痿不能起于床"", ""why_supports"": ""明确出现“骨痿”，为古籍中与骨质疏松高度对应的病名""}, {""classical_span"": ""肾主骨，肾亏"", ""why_supports"": ""以肾亏致骨痿，符合骨量不足、骨弱的核心病机""}]",1,"[""原文未提供人群与年龄信息，无法细分现代骨质疏松分型"", ""证型仅述肾亏肝缓，未明阴阳，无法精确对应枚举证型"", ""未记载骨折等现代特异性结局，需避免过度映射""]",78ac5e45b8bf4d8b507430723e8eb626,"['杜仲', '牛膝', '肉桂', '肉苁蓉', '胡芦巴', '菟丝子', '萆薢', '蒺藜', '补骨脂', '防风']",清,"['乏力', '活动受限']"
ok,4303,2026-02-04 19:30:28,医学原理,1689.0,骨痹,卷之十 痹门,痹者，麻木不仁之谓也。症状多端，是以方书有痛痹、行痹、著痹、周痹、肉痹、骨痹、脉痹等名之异。虽然种种不同，未有不由体质虚弱，风寒湿气乘之所致。是以经云：风寒湿三气杂至，合而为痹。风胜为走痹，湿胜为著痹，寒胜为痛痹。春月遇此为筋痹，夏月遇此为脉痹，秋月遇此为脾痹，冬月遇此为骨痹，至阴月遇此为肉痹是也。大抵痹之为患，在肌肉则麻木不仁，在筋则拘屈不便，在脉则血凝不流，入骨则重著不举。若邪在肌肉之时，或针或汗或灸俱易成功。不然，至入筋骨之际，必不易治，患者医者两宜致意焉。虽然，又有气虚不能导血荣养筋脉而作麻木者，有因血虚无以荣养肌肉，以致经隧涩涩而作麻木者，又不可专执汗灸针三法，当要分辨气虚、血虚、痰饮、瘀血而疗。如气虚宜四君子为主加减，血虚宜四物为主加减，因痰导痰为先，因瘀血则行瘀为本，宜各推类，不可执一。,病名,[],,肾虚血瘀证,,[],,"[""骨痛"", ""活动受限""]",,"[""中药内服"", ""针刺"", ""艾灸""]",,"[{""name"": ""四君子汤"", ""type"": ""方剂"", ""note"": ""气虚所致麻木者为主方加减""}, {""name"": ""四物汤"", ""type"": ""方剂"", ""note"": ""血虚无以荣养肌肉者为主方加减""}]",0.2,入骨则重著不举，…至入筋骨之际，必不易治,True,True,,"[{""classical_span"": ""冬月遇此为骨痹"", ""why_supports"": ""明确出现“骨痹”病名，涉及骨部病变""}, {""classical_span"": ""入骨则重著不举"", ""why_supports"": ""描述骨部受累导致功能受限，弱指向骨脆弱相关表现""}]",1,"[""文本未出现骨折、骨弱或骨量不足等强指向描述"", ""痹证主要为风寒湿邪所致，可能属于风湿性疾病而非骨质疏松"", ""证型与现代骨质疏松的直接对应证据不足""]",04b8cc7c89b367b5c03c41d043309935,"['四君子汤', '四物汤']",清,"['活动受限', '骨痛']"
ok,1218,2026-02-04 17:28:34,医源,2009.0,骨痿,治劳大法,虚劳证治，自《金匮》而下，方书汗牛充栋，一切滋阴降火、补肾补心、补肝补脾补肺之说，各各不同。较之《金匮》，洵加详尽。而按方施治，每无定效。盖虚劳一症，未有不始于营卫不和而渐至上损下损者，亦未有不终于营卫不通而甚至过胃过脾者。夫营为水谷之精气，卫为水谷之悍气，卫气行阳二十五度，营气行阴二十五度，日夜流行不息，充周脏腑，何劳之有惟其不和则营之在内者不能为阴之守，而有亡血失精等证。卫之在外者不能为阳之固而有盗汗烦热等证，不和则有偏胜。营属阴而易偏于弱，卫为阳而易偏于强，偏强偏弱，势必相失而不通。营不通于卫而弱者益弱，卫不通于营而强者益强。弱者益弱，非脱出于外即匿伏于内。强者益强，非蒸灼于上即煎熬于下。脏腑之阴津且有立尽之势，而气急声哑骨痿等证所必至也。惟长沙早见及此，于将成未成之际，不离桂枝建中为加减，渐和其营卫而不嫌其缓。于既成之后，不离大黄廑虫为加减，急通其营卫而不嫌其峻。后人不解此旨，设出补肾、补心、补肝、补脾、补肺等汤，干蹊万径，徒眩耳目，岂知营卫不和不通，纵有仙丹，亦不能舍营卫而运行脏腑。有心斯道者，可不知通和营卫为治劳第一义耶按，劳之为病，形与精多不足之证也。《内经》云：形不足者，温之以气，精不足者，补之以味。仲景大小建中等汤气温而平，味甘而厚，正《内经》补形补精之旨。今人置而不用何其愦愦耶(育附)!,病名,[],,肝肾阴虚证,,[],,[],,"[""中药内服""]",,"[{""name"": ""桂枝建中汤"", ""type"": ""方剂"", ""note"": ""用于将成未成之际，渐和营卫""}, {""name"": ""大黄廑虫汤"", ""type"": ""方剂"", ""note"": ""用于既成之后，急通营卫""}]",1.0,气急声哑骨痿等证所必至也,True,True,,"[{""classical_span"": ""骨痿等证"", ""why_supports"": ""明确出现古籍高度相关病名，直接指向骨痿范畴""}]",1,"[""原文未提及具体现代骨折或骨量减少指标，可能仅为虚劳并发症描述"", ""骨痿虽相关，但未区分是否因年老或绝经等现代分型因素"", ""证型与治法侧重营卫失和，未必专指骨病本体""]",f39f79488756839d97db9014a5e8bd68,"['大黄廑虫汤', '桂枝建中汤']",近现代,[]
ok,1220,2026-02-04 17:28:43,医源,2009.0,骨痿,辨用大黄廑虫法,虚劳治法，长沙以后干百年来名医迭起，议论愈多，治法愈杂。专用知柏四物滋阴者不足论矣，即用地黄、归脾、四君、八珍以补脾肾者，亦不过苟延岁月而已，余思仲景之法虽失传，然见今之幼科，治小儿疳积有得其旨者。夫小儿之疳积，多伤于饥饱，大人之虚劳多伤于精气。受病之因虽不同，而见证之情则一也。其眉疏发落与《难经》损于皮毛，毛聚而毛落者何异五液俱少，与《难经》损于肌肉，肌肉消瘦，饮食不为肌肉者何异行立时艰，与《难经》损于筋，筋缓不能自收持者何异手足瘫软，与《难经》损于骨，骨痿不能起于床者何异即皮肤枯槁，朝凉暮热，腹胀青筋，两目无光，与《金匮》羸瘦腹满，肌肤甲错，面目黑黯，亦无稍异也。倘用滋补之法，立见其毙。余每选古名家相传效方，尽以消积利气为主，投之辄应。盖积滞去则机关自利，营卫行则肌肉渐充。大人虚劳同此积滞，同此营卫，后学者何不因小儿所致疳积，推而知大人所致之虚劳，因先哲疳积之效力，推而用仲景之大黄廑虫丸也。,病名,[],,肝肾阴虚证,,[],,"[""活动受限"", ""乏力""]",,"[""中药内服""]",,"[{""name"": ""大黄廑虫丸"", ""type"": ""方剂"", ""note"": ""以消积利气为主，用于虚劳骨痿等证""}]",1.0,损于骨，骨痿不能起于床者何异,True,True,显效,"[{""classical_span"": ""骨痿不能起于床"", ""why_supports"": ""明确出现骨痿，属骨弱萎软，符合骨质疏松核心表现""}, {""classical_span"": ""虚劳多伤于精气"", ""why_supports"": ""久虚损及肾精，与骨失濡养的病机一致""}]",1,"[""原文虽涉小儿疳积类比，若误判为儿科疾病则可能不当映射"", ""未明确记载骨折等现代特异指标，存在过度对应风险"", ""中医证型并非原文直接标注，需依语义归纳""]",d54d733270a16794d356e2c7ea526f67,['大黄廑虫丸'],近现代,"['乏力', '活动受限']"
ok,2876,2026-02-04 18:33:01,医宗必读,1637.0,骨痿,卷之三本草征要上 草部,迹其勋伐，皆是足少阴肾经，观其命名，想见功力。戴元礼用以治骨痿有效。,病名,[],,肾虚血瘀证,原文仅言“治骨痿”，未明确辨证分型,"[""其他""]",仅出现“骨痿”这一高度相关病名，未指明年龄、性别或诱因分型,[],,"[""中药内服""]",,"[{""name"": ""减味清燥汤"", ""type"": ""方剂"", ""note"": ""由原方减柴胡、黄连、猪苓、泽泻而成，原文称“名减味清燥汤，治骨痿”""}]",1.0,名减味清燥汤，治骨痿,True,True,,"[{""classical_span"": ""治骨痿"", ""why_supports"": ""“骨痿”为古籍中与骨质疏松高度对应的核心病名""}]",1,"[""原文未提供症状细节却强行补充表现"", ""未明确证型而擅自判定具体中医证型"", ""将骨痿错误对应到特定现代人群分型而无依据""]",b34ebf55819512e4e6a9785dc904d3da,['减味清燥汤'],明,[]
ok,1321,2026-02-04 17:32:47,医宗说约,1667.0,骨痿,《医宗说约》卷之三,四肢软弱名痿症，但能饮食行难任，五脏五痿出经书（脉痿筋纵，筋痿筋挛，肉痿则渴，骨痿腰膝不举，气痿肺鸣，皮毛枯槁），独取阳明脾肺病（阳明，脾、肺之府），皆由酒色真气伤，清心补肾病自定。参归养荣（汤名）用人参，熟地当归白茯苓，陈皮白术兼芍药，（黄）柏知（母）故纸酒炒行，牛膝杜仲（姜酒炒）等分用，甘草减半水煎吞。肥人有痰加（瓜）蒌半（夏）；瘦人多火用（山）栀（黄）芩（酒炒）；若挟瘀血脉涩弱，桃仁红花宜所增；食积妨碍亦成痿，食积条中加减论。,病名,[],,脾胃虚弱证,,[],,"[""活动受限"", ""乏力""]",,"[""中药内服""]",,"[{""name"": ""参归养荣汤"", ""type"": ""方剂"", ""note"": ""主方，用于痿证调补""}, {""name"": ""人参"", ""type"": ""单味药"", ""note"": ""方中补气""}, {""name"": ""熟地黄"", ""type"": ""单味药"", ""note"": ""方中补肾养血""}, {""name"": ""当归"", ""type"": ""单味药"", ""note"": ""方中养血""}, {""name"": ""白茯苓"", ""type"": ""单味药"", ""note"": ""方中健脾""}, {""name"": ""陈皮"", ""type"": ""单味药"", ""note"": ""方中理气""}, {""name"": ""白术"", ""type"": ""单味药"", ""note"": ""方中健脾""}, {""name"": ""芍药"", ""type"": ""单味药"", ""note"": ""方中养血缓急""}, {""name"": ""黄柏"", ""type"": ""单味药"", ""note"": ""酒炒，用于清虚热""}, {""name"": ""知母"", ""type"": ""单味药"", ""note"": ""配黄柏清虚热""}, {""name"": ""补骨脂"", ""type"": ""单味药"", ""note"": ""酒炒，补肾""}, {""name"": ""牛膝"", ""type"": ""单味药"", ""note"": ""姜酒炒，引药下行""}, {""name"": ""杜仲"", ""type"": ""单味药"", ""note"": ""姜酒炒，补肝肾强筋骨""}]",1.0,骨痿腰膝不举，四肢软弱，行难任,True,True,,"[{""classical_span"": ""骨痿腰膝不举"", ""why_supports"": ""直接出现“骨痿”，并描述腰膝无力，强指向骨质衰弱""}, {""classical_span"": ""四肢软弱，行难任"", ""why_supports"": ""符合慢性骨骼功能减退表现""}]",1,"[""若将痿证泛化为单纯肌病而忽略骨痿原文指向"", ""若擅自推断患者年龄或现代分型"", ""若未区分主证与加减证而错误选型""]",81906e18ff3c688ed8fd5e52dbb91d69,"['人参', '参归养荣汤', '当归', '杜仲', '熟地黄', '牛膝', '白术', '白茯苓', '知母', '芍药', '补骨脂', '陈皮', '黄柏']",清,"['乏力', '活动受限']"
ok,4704,2026-02-04 19:46:18,普济方,1406.0,骨痿；骨枯,卷二十四 脾脏门 饮食劳倦,之中之下。得时一涩。其证四肢满闭。肢节烦疼。难以屈伸。身体沉重。烦心不安。忽肥忽瘦。四肢懒倦。口失滋味。腹难舒伸。大小便清利而数。或上饮下便。或大便涩滞不行。一二日一见。夏月飧泄。米谷不化。或便后见血见白脓。胸满短气膈咽不通。或痰嗽稠粘口中沃沫。食入反出。耳鸣耳聋。目中流泪。视物昏花。 肉红丝。热壅头目。不得安卧。嗜卧无力。不思饮食。调中益气汤主之。气虚身热得之伤暑。热伤气故也。有所远行劳倦。逢大热而渴。渴则阳气内伐。内伐则热舍于肾。肾者水藏也。今水不胜火。则骨枯髓虚。足不任身。发为骨痿者。生于大热也。此温热成痿。令人骨乏无力。故治痿独取于阳明。时当长夏。,病名,[],,肝肾阴虚证,,[],,"[""乏力"", ""活动受限""]",,"[""中药内服""]",,"[{""name"": ""调中益气汤"", ""type"": ""方剂"", ""note"": ""用于气虚身热、骨痿无力之证""}]",1.0,今水不胜火。则骨枯髓虚。足不任身。发为骨痿者。,True,True,,"[{""classical_span"": ""骨枯髓虚"", ""why_supports"": ""直接描述骨与骨髓枯虚，为骨量不足核心表述""}, {""classical_span"": ""发为骨痿者"", ""why_supports"": ""明确出现高度相关病名“骨痿”""}]",1,"[""若忽略原文骨痿骨枯而强行映射其他骨病"", ""若将多证并列却不按单选规则选择证型"", ""若无方名却臆造补肾活血类用药""]",258f454d9b2793ed3862dbb690d4d8fb,['调中益气汤'],明,"['乏力', '活动受限']"
ok,4131,2026-02-04 19:23:58,医宗说约,1667.0,骨痹,《医宗说约》卷之三,痹症有五原归一（骨痹、皮痹、筋痹、脉痹、肌痹），其原总属风寒湿，风能走注寒善痛，湿多重著脉来涩（或浮或紧，故有痛痹、行痹、著痹之名），以致麻木皮不仁，不能行功但能食。舒经汤用好姜黄（四两，洗去灰土），当归赤芍共白术（各二两），甘草（炙）羌活（各一两）海桐皮（二两），为末三钱生姜入，盏半水来煎八分，去渣磨入沉香汁。,病名,[],,肾阳虚证,,[],,"[""活动受限""]",原文述“不能行功”，提示活动受限,"[""中药内服""]",,"[{""name"": ""舒经汤"", ""type"": ""方剂"", ""note"": ""用于痹症，文中列明组成与煎服法""}]",0.2,,True,False,,"[{""classical_span"": ""骨痹"", ""why_supports"": ""属痹证范畴，涉及骨部疼痛与功能受限，但未指骨弱或易折""}, {""classical_span"": ""不能行功"", ""why_supports"": ""提示功能障碍，可能与慢性骨关节问题相关""}]",1,"[""文本为痹证病机，缺乏骨量减少或脆性骨折描述"", ""未出现骨痿、骨枯等高度指向骨质疏松的病名"", ""症状可由风寒湿痹解释，非必然指向骨质疏松""]",9ac75fd22ef83a82d1ac8f2ba3aa8849,['舒经汤'],清,['活动受限']
ok,4709,2026-02-04 19:46:32,奇效良方,1449.0,骨枯,卷之二十二 痨瘵门（附论） 痨瘵通治方,治男子女人虚劳不足，骨枯肉陷，并皆治之。,方药,"[""胎产哺乳""]",,肝肾阴虚证,,"[""妊娠-哺乳相关骨质疏松""]",,[],,"[""中药内服""]",,"[{""name"": ""清神甘露丸"", ""type"": ""方剂"", ""note"": ""治男子妇人虚劳不足，骨枯肉陷""}]",1.0,治男子妇人虚劳不足，骨枯肉陷,True,True,,"[{""classical_span"": ""骨枯肉陷"", ""why_supports"": ""直接描述骨枯，为古籍中与骨量衰减高度相关的表述""}]",1,"[""原文信息有限，可能不足以全面反映现代疾病谱"", ""古今病名与现代骨质疏松并非完全对应，存在语义差异"", ""缺乏客观指标，主要依赖描述性判断""]",7023af1f12d5e01e665d316abf9c32c1,['清神甘露丸'],明,[]
ok,393,2026-02-04 16:55:49,银海指南,1807.0,骨痿,卷三 汤丸备要,知柏八味丸 治阴虚火动，骨痿髓枯。,方药,[],,肝肾阴虚证,,[],,[],,"[""中药内服""]",,"[{""name"": ""知柏地黄丸（又名知柏八味丸）"", ""type"": ""方剂"", ""note"": ""六味地黄丸加黄柏、知母，用于阴虚火旺、骨痿髓枯""}]",1.0,主用于阴虚火旺，骨痿髓枯,True,True,,"[{""classical_span"": ""骨痿髓枯"", ""why_supports"": ""明确出现骨痿，为古籍中与骨质疏松高度对应的病名范畴""}]",1,"[""文本未明确现代骨折或骨量减少指标，映射仅基于病名语义"", ""未提供具体人群信息，无法细分现代流行病学分型"", ""疗效转归未记载，无法判断临床结局""]",a88b975bd532650a95cb150271ba1c74,['知柏地黄丸'],清,[]
ok,1809,2026-02-04 17:51:07,饮膳正要译注,1330.0,骨折,饮膳正要卷第三,鲍鱼味腥臭，没有毒。主要治疗人从高处摔下、跌仆而造成的软组织损伤或者骨折，瘀血积聚在四肢不能消散，以及妇女崩漏流血不止。,方药,[],,血瘀气滞证,,[],,"[""其他""]",从高处摔下、跌仆所致外伤性骨折，非脆性骨折,"[""中药内服""]",,"[{""name"": ""鲍鱼"", ""type"": ""单味药"", ""note"": ""作为饮食疗法，用于跌仆骨折及瘀血不散""}]",0.2,主要治疗人从高处摔下、跌仆而造成的软组织损伤或者骨折,True,False,,"[{""classical_span"": ""从高处摔下、跌仆而造成的…骨折"", ""why_supports"": ""明确为急性外伤性骨折，缺乏骨弱或脆性特征""}]",2,"[""文本描述为外伤性骨折，非骨量减少或骨脆弱所致"", ""未出现骨痿、骨弱、年老易折等骨质疏松核心语义"", ""证据仅支持活血化瘀治伤，不能直接映射骨质疏松""]",482ca29f224b550dcdc5072bc50ad489,['鲍鱼'],明,['其他']
ok,796,2026-02-04 17:12:00,婴童类萃,1591.0,骨痿,下卷 心腹痛论,奔豚丸 肾积发于小腹，上至心下，若豚状，或上或下无时。久则令人咳逆，骨痿少气，及男子七疝，妇人瘕、带下。,病名,[],,肾虚血瘀证,原文仅述“治肾之积，名曰奔豚”，未对应到固定证型枚举中的明确证型,[],,"[""乏力""]",原文“少气”可对应乏力；未明确骨痛、骨折等表现,"[""中药内服""]",,"[{""name"": ""奔豚丸"", ""type"": ""方剂"", ""note"": ""用于治疗肾之积奔豚，原文提及可改善骨痿少气等表现""}]",0.4,久不愈，令人喘逆骨痿少气,True,True,,"[{""classical_span"": ""骨痿"", ""why_supports"": ""骨痿为古籍中与骨萎弱相关的病名，常被用于映射骨质疏松范畴""}, {""classical_span"": ""少气"", ""why_supports"": ""提示慢性虚弱状态，可与骨痿等慢性骨病并见""}]",1,"[""原文未描述骨折、骨弱或老年易折等强指向特征，相关性有限"", ""未明确人群年龄或性别，无法映射具体现代表型"", ""证型与症状描述较为笼统，可能对应其他内科积聚病而非骨病""]",7da4e88e934a3fa00a56c3bb29ef1d2c,['奔豚丸'],明,['乏力']
ok,41,2026-02-04 16:42:14,永类钤方,1331.0,骨断,卷二十二,神仙透骨丹　骨断八分，加用此药。,方药,[],,血瘀气滞证,原文仅述折伤接骨用药，未见明确证型辨证表述,[],,[],,"[""中药内服""]",,"[{""name"": ""当归"", ""type"": ""单味药"", ""note"": ""方中用药，原文列为主药之一""}, {""name"": ""川独活"", ""type"": ""单味药"", ""note"": ""方中用药""}, {""name"": ""乳香"", ""type"": ""单味药"", ""note"": ""方中用药""}, {""name"": ""白胶"", ""type"": ""单味药"", ""note"": ""半两熔过用""}, {""name"": ""生地黄"", ""type"": ""单味药"", ""note"": ""与熟地黄同用""}, {""name"": ""熟地黄"", ""type"": ""单味药"", ""note"": ""与生地黄同用""}, {""name"": ""自然铜"", ""type"": ""单味药"", ""note"": ""醋淬后入药，用于接骨""}]",0.2,,True,False,,"[{""classical_span"": ""折伤门 接骨手法"", ""why_supports"": ""明确指向外伤性骨折的接骨治疗，而非骨弱或骨痿""}, {""classical_span"": ""骨断八分"", ""why_supports"": ""描述具体骨折程度，属急性外伤""}]",1,"[""文本为外伤性骨折接骨内容，非骨量减少或骨痿范畴"", ""未见年老骨弱、易折等与骨质疏松高度相关表述"", ""缺乏证型、人群与慢性骨病演变信息，映射证据不足""]",d17476907a85af29e31be38f0e022fa5,"['乳香', '川独活', '当归', '熟地黄', '生地黄', '白胶', '自然铜']",明,[]
ok,93,2026-02-04 16:44:20,永类钤方,1331.0,骨断,卷二十二,骨断者，用：,方药,[],,血瘀气滞证,原文未述证型，仅记载接骨用药,[],,"[""其他""]",骨断（外伤性骨折），非明确脆性骨折,"[""中药内服"", ""中药外用""]",,"[{""name"": ""人参"", ""type"": ""单味药"", ""note"": ""与他药同研为末，内服接骨""}, {""name"": ""土狗"", ""type"": ""单味药"", ""note"": ""捣烂入药末，先佩身后服""}, {""name"": ""地虱"", ""type"": ""单味药"", ""note"": ""与土狗同用，助接骨""}]",0.2,,True,False,愈,"[{""classical_span"": ""此药接骨最奇，骨断者服一钱即愈"", ""why_supports"": ""明确指向外伤性骨折的接骨疗效，而非骨弱或脆性骨折""}]",1,"[""仅记载外伤性骨折接骨，缺乏骨弱或骨痿证据"", ""未提供人群、证型或慢性演变信息，难以映射骨质疏松"", ""若强行归入骨质疏松表型，存在概念外推风险""]",9731766a65e66a380602f4c975ed0736,"['人参', '土狗', '地虱']",明,['其他']
ok,119,2026-02-04 16:45:15,永类钤方,1331.0,骨断,卷二十二,《本草》打伤，只以骨碎补末，和黄米粥裹伤处。打跌骨断，只白及一味，为末，酒调服，神效，其功不减自然铜与古五诛钱。,外治法,[],,血瘀气滞证,属外伤性骨折处理，原文未涉及内在虚损证候辨证,[],,[],,"[""中药外用""]",,"[{""name"": ""接骨膏"", ""type"": ""外治"", ""note"": ""用于骨断整复后外敷固定""}, {""name"": ""定痛膏"", ""type"": ""外治"", ""note"": ""用于骨折后止痛消肿""}]",0.2,凡两腿左右打跌骨断者，以手法整其骨……用接骨膏、定痛膏敷贴，夹缚。,True,False,,"[{""classical_span"": ""打跌骨断"", ""why_supports"": ""明确为跌倒所致的急性骨折，提示外伤而非骨弱自折""}]",1,"[""文本为急性外伤骨折处理，非慢性骨弱或骨量减少描述"", ""未见年老、久病或反复易折等骨质疏松关键信号"", ""仅凭“骨断”不足以指向脆性骨折或骨质疏松""]",c829adea0b1c93469cbef8a3cfddbaf4,"['定痛膏', '接骨膏']",明,[]
ok,4742,2026-02-04 19:48:06,外科正宗,1617.0,骨枯,卷之二 上部疽毒门 脱疽论第十八,夫脱疽者，外腐而内坏也。此因平昔浓味膏粱熏蒸脏腑，丹石补药消烁肾水，房劳过度，气竭精伤，……多致阳精煽惑，淫火猖狂，其蕴蓄于脏腑者，终成燥热火症，其毒积于骨髓者，终为疽毒阴疮。诚为巧人行拙，谁防祸起萧墙，智者多愚，自谓喜从天降，罔顾后日也；骨枯髓涸，脏败腑亡，方知今日罹殃有故，解脱无方。凡患此者，多生于手足，故手足乃五脏枝干，疮之初生，形如粟米，头便一点黄泡，其皮犹如煮熟红枣，黑气侵漫，相传五指，传遍上至脚面，其疼如汤泼火燃，其形则骨枯筋练，其秽异香难解，其命仙方难活。故谓血死心败，筋死肝败，肉死脾败，皮死肺败，骨死肾败。此五败者，虽有灵丹竟丧命而已。是生此疾者，死生付于度外。孙真人曰：在肉则割，在指则切，即此病也。治之得早，乘其未及延散时，用头发十余根缠患指本节尽处，绕扎十余转，渐渐紧之，毋得毒气攻延良肉。随用蟾酥饼，放原起粟米头上，加艾灸至肉枯疮死为度。次日本指尽黑，方用利刀寻至本节缝中，将患指徐顺取下，血流不住，用金刀如圣散止之，余肿以妙贴散敷之。次日倘有黑气未尽，单用蟾酥锭研末掺之膏盖，黑气自退。患上生脓，照常法用玉红膏等药生肉护骨完口，此为吉兆；内服滋肾水、养气血、健脾安神之剂。若内无变症，外无混杂，此十中可保其三、四矣。若割取之后，黑色仍漫，痛肿尤甚，败恶无脓，口干舌硬，精神不爽，食不知味者终死。凡治此，不可一己医治，必与高明众议，听患者愿情割取，况此症首尾吉凶，变驳难定，故不可轻易用之；又有形似而来非，穴真而受异，详注在后，宜参观之。,病名,[],,肝肾阴虚证,,[],,[],,"[""中药内服"", ""中药外用"", ""艾灸"", ""其他""]",外科割除患指等手术性外治,"[{""name"": ""蟾酥饼"", ""type"": ""外治"", ""note"": ""敷患处并配合艾灸以杀疮毒""}, {""name"": ""蟾酥锭"", ""type"": ""外治"", ""note"": ""研末外掺以退黑气""}, {""name"": ""玉红膏"", ""type"": ""外治"", ""note"": ""生肉护骨完口""}, {""name"": ""妙贴散"", ""type"": ""外治"", ""note"": ""割除后敷肿处""}, {""name"": ""金刀如圣散"", ""type"": ""外治"", ""note"": ""止血之用""}]",0.2,骨枯髓涸，脏败腑亡,True,False,不详,"[{""classical_span"": ""骨枯髓涸"", ""why_supports"": ""出现骨与髓枯竭描述，弱相关于骨量耗损语义""}, {""classical_span"": ""疽毒阴疮"", ""why_supports"": ""明确为疽毒类急重外科病，非慢性骨病""}]",1,"[""文本主病为脱疽，急性疽毒主导，非骨质疏松范畴"", ""骨枯描述为病势终末结果，缺乏慢性骨弱或脆性骨折证据"", ""若强行映射为骨质疏松，存在病类混淆风险""]",e7ed6a879f4a7dd3ab1c349ea3567e79,"['妙贴散', '玉红膏', '蟾酥锭', '蟾酥饼', '金刀如圣散']",明,[]
ok,145,2026-02-04 16:46:18,永类钤方,1331.0,骨断,卷二十二,细末，细嚼，生姜酒调。如刀伤，不用酒。骨断皮不破，加乳、没浸酒调。体弱伤损气痛，茴香姜酒调。看虚实，每服加少草乌末。,方药,[],,脾胃虚弱证,,[],,"[""骨痛"", ""活动受限""]",,"[""中药内服""]",,"[{""name"": ""生姜"", ""type"": ""单味药"", ""note"": ""细嚼或为末，酒调服""}, {""name"": ""茴香"", ""type"": ""单味药"", ""note"": ""姜酒调，用于伤损气痛""}, {""name"": ""荆芥"", ""type"": ""单味药"", ""note"": ""与川芎等同用""}, {""name"": ""川芎"", ""type"": ""单味药"", ""note"": ""与荆芥等同用""}, {""name"": ""白芷"", ""type"": ""单味药"", ""note"": ""为末热酒调""}, {""name"": ""荜澄茄"", ""type"": ""单味药"", ""note"": ""为末热酒调""}]",0.2,,True,False,,"[{""classical_span"": ""骨断皮不破"", ""why_supports"": ""明确为外伤性骨折描述，非骨弱或脆性骨折""}]",1,"[""文本为急性外伤骨折处方，非慢性骨弱证据"", ""未见年老、骨痿、骨疏等指向骨质疏松的病名或语义"", ""症状与治疗均围绕伤损止痛，缺乏骨量不足线索""]",fac015749c66a5f35577c258b6c86241,"['川芎', '生姜', '白芷', '茴香', '荆芥', '荜澄茄']",明,"['活动受限', '骨痛']"
ok,166,2026-02-04 16:47:08,永类钤方,1331.0,骨断,卷二十二,彭氏黑龙散　治诸扑伤损，筋骨碎断，差爻生田。先煎葱汤药水淋洗，整拔平正，看热冷，用姜汁或地黄汁调，或纸或帛，随大小裹贴，有破留口，别用敛药。如骨断碎，斟酌夹敷，三日一次，淋洗换药，不可去夹，以待骨续。如刀箭、兽啮成疮坏烂，擦。磕肿痛，用姜汁和水调贴，有破留口。,外治法,[],,删除,,[],,[],,"[""中药外用""]",,"[{""name"": ""彭氏黑龙散"", ""type"": ""方剂"", ""note"": ""治诸扑伤损、筋骨碎断之外用方""}, {""name"": ""葱汤"", ""type"": ""外治"", ""note"": ""先煎汤淋洗患处""}, {""name"": ""姜汁"", ""type"": ""外治"", ""note"": ""调敷用""}, {""name"": ""地黄汁"", ""type"": ""外治"", ""note"": ""调敷用""}]",0.2,治诸扑伤损，筋骨碎断,True,False,,"[{""classical_span"": ""筋骨碎断"", ""why_supports"": ""涉及骨断裂，但为外伤所致，非骨弱自折""}]",1,"[""文本为急性外伤骨折治疗，非慢性骨弱病证"", ""未见年老骨弱、反复易折等骨质疏松核心特征"", ""证型与人群信息来自他列，原文未直接说明""]",7159fb169593e96f2c0ca2c4016dbb77,"['地黄汁', '姜汁', '彭氏黑龙散', '葱汤']",明,[]
ok,167,2026-02-04 16:47:10,永类钤方,1331.0,骨断,卷二十二,为末，整骨入旧平正，以姜汁调药摊纸上，贴骨断处，却用夹缚，不得摇动，三五日后，依夹法取开，温葱汤洗，再贴再夹。七日后如痛，加入没药。,外治法,[],,血瘀气滞证,原文为急性骨断整复外治，未涉及虚损或内在证型辨证依据,[],,"[""骨折""]",原文记载“骨断处”属骨折表现，未说明是否因骨弱所致,"[""中药外用""]",,"[{""name"": ""姜汁"", ""type"": ""外治"", ""note"": ""调药摊纸上贴骨断处""}, {""name"": ""没药"", ""type"": ""单味药"", ""note"": ""七日后如痛则加入""}, {""name"": ""葱汤"", ""type"": ""外治"", ""note"": ""取夹后温洗患处""}]",0.2,整骨入旧平正……贴骨断处，却用夹缚,True,False,,"[{""classical_span"": ""贴骨断处，却用夹缚"", ""why_supports"": ""明确描述骨折整复与固定，属外伤处理而非骨弱本病""}]",1,"[""文本为急性外伤骨折处理，非慢性骨弱疾病"", ""未出现骨痿、骨疏或年老骨弱等指向性病名"", ""缺乏反复易折或虚损背景，难以直接映射骨质疏松""]",a5b79456e76f3d60f394887d2e312da3,"['姜汁', '没药', '葱汤']",明,['骨折']
ok,4760,2026-02-04 19:48:47,疡医大全,1740.0,骨枯,卷二十八 诸风部,久则成斑烂，若兼肾经而发于足趾足底，连片紫白， 骨枯而脚软者，最为难治。（宜神效追风丸。）,症状,[],,肝肾阴虚证,,[],,"[""乏力"", ""步态不稳""]",,"[""中药内服""]",,"[{""name"": ""神效追风丸"", ""type"": ""方剂"", ""note"": ""用于久病入肾、骨枯脚软者""}]",1.0,骨枯而脚软者，最为难治。,True,True,,"[{""classical_span"": ""骨枯而脚软"", ""why_supports"": ""直接出现“骨枯”，为古籍中高度指向骨质衰弱的核心表述""}]",1,"[""原文未提及明确年龄或现代分型，若强行对应具体现代表型可能构成臆断"", ""文本背景为风疮类疾病，若忽视其主病可能误判为单纯骨病"", ""仅凭单句症状而过度推断治疗效果或人群属性，证据不足""]",b161be668a5e79fded9eea733dd9eccb,['神效追风丸'],清,"['乏力', '步态不稳']"
ok,4772,2026-02-04 19:49:17,医方考,1584.0,骨枯,卷五 口齿舌疾门第六十四,肾主骨，肾虚则髓弱，髓弱则骨枯，骨枯则不能固齿，故令齿长而动，譬之败几焉，几败木枯，则紧窦之寸木摇摇而出，以水泽之，则败几润而寸木固。故治此者，宜滋阴补肾，肾不虚，则龈骨润。龈骨润，则齿固矣。是方也，熟地、牛膝、杜仲、山萸、五味、枸杞，皆味浓之品也，可以滋阴益肾。巴戟、苁蓉、茴香、远志、石蒲、山药、茯苓，皆甘温之品也，可以温肾生精。乃鹿茸者，取其为血气之属，得阴气之最完，故用之以为补肾填精益髓之品耳。红枣肉者，味甘益脾，故用之以剂丸也。,病名,[],,肝肾阴虚证,,[],,[],,"[""中药内服""]",,"[{""name"": ""熟地黄"", ""type"": ""单味药"", ""note"": ""滋阴补肾，方中要药""}, {""name"": ""牛膝"", ""type"": ""单味药"", ""note"": ""补肾强骨""}, {""name"": ""杜仲"", ""type"": ""单味药"", ""note"": ""补肝肾、强筋骨""}, {""name"": ""山茱萸"", ""type"": ""单味药"", ""note"": ""滋补肝肾""}, {""name"": ""五味子"", ""type"": ""单味药"", ""note"": ""益肾填精""}, {""name"": ""枸杞子"", ""type"": ""单味药"", ""note"": ""滋阴益肾""}, {""name"": ""巴戟天"", ""type"": ""单味药"", ""note"": ""温肾生精""}, {""name"": ""肉苁蓉"", ""type"": ""单味药"", ""note"": ""温补肾阳、益精""}, {""name"": ""茴香"", ""type"": ""单味药"", ""note"": ""温肾助阳""}, {""name"": ""远志"", ""type"": ""单味药"", ""note"": ""交通心肾""}, {""name"": ""石菖蒲"", ""type"": ""单味药"", ""note"": ""化湿通窍""}, {""name"": ""山药"", ""type"": ""单味药"", ""note"": ""补脾益肾""}, {""name"": ""茯苓"", ""type"": ""单味药"", ""note"": ""健脾渗湿""}, {""name"": ""鹿茸"", ""type"": ""单味药"", ""note"": ""补肾填精益髓""}, {""name"": ""大枣"", ""type"": ""单味药"", ""note"": ""益脾和中""}]",1.0,肾主骨，肾虚则髓弱，髓弱则骨枯,True,True,,"[{""classical_span"": ""骨枯"", ""why_supports"": ""直接指向骨质枯弱，为高度相关古籍病理表述""}, {""classical_span"": ""肾主骨，肾虚则髓弱"", ""why_supports"": ""将骨弱归因于肾虚髓亏，与骨量减少机制相似""}]",4,"[""未明确现代年龄或性别人群，可能限制现代表型映射"", ""症状以齿动为主，缺乏明确骨折或疼痛描述"", ""未给出明确方名，仅列药物组成""]",e33a5e3179f835dca10c67e91b2c5715,"['五味子', '大枣', '山茱萸', '山药', '巴戟天', '杜仲', '枸杞子', '熟地黄', '牛膝', '石菖蒲', '肉苁蓉', '茯苓', '茴香', '远志', '鹿茸']",明,[]
ok,3286,2026-02-04 18:50:47,永类钤方,1331.0,骨虚,卷十三,鹿角丸　治骨虚极，面肿垢黑，脊痛不能久立，血气衰惫，发落齿枯，甚则喜唾。,方药,[],,肾虚血瘀证,原文称“骨虚极”，未明确对应固定证型，属骨虚范畴,[],,"[""腰背痛"", ""活动受限"", ""乏力""]",,"[""中药内服""]",,"[{""name"": ""鹿角丸"", ""type"": ""方剂"", ""note"": ""用于治疗骨虚极、脊痛不能久立等""}]",0.4,治骨虚极，面肿垢黑，脊痛不能久立，血气衰惫,True,True,,"[{""classical_span"": ""骨虚极"", ""why_supports"": ""直接描述骨虚，为骨量不足相关核心概念""}, {""classical_span"": ""脊痛不能久立"", ""why_supports"": ""符合慢性腰背痛及功能受限表现""}]",1,"[""未明确出现骨折或骨枯等强指向词，相关性有限"", ""未说明患者年龄或性别，无法映射具体现代分型"", ""证型表述笼统，难以对应固定中医证型枚举""]",4a796ff283dac7c940e22f95c08f36fb,['鹿角丸'],明,"['乏力', '活动受限', '腰背痛']"
ok,4783,2026-02-04 19:49:39,医学纲目,1565.0,骨枯,卷之五·阴阳脏腑部 劳瘵骨蒸热,〔罗〕清神甘露丸 治男子妇人虚劳不足，大骨枯，大肉陷皆治之。,方药,[围绝经期],,肝肾阴虚证,,[],,"[""其他""]",原文载“大骨枯，大肉陷”，属形体消瘦、骨枯之变，非枚举中具体条目,"[""中药内服""]",,"[{""name"": ""清神甘露丸"", ""type"": ""方剂"", ""note"": ""治男子妇人虚劳不足、大骨枯、大肉陷""}]",1.0,治男子妇人虚劳不足，大骨枯，大肉陷皆治之。,True,True,,"[{""classical_span"": ""大骨枯"", ""why_supports"": ""“骨枯”为古籍中高度指向骨质亏损、骨痿类表现""}, {""classical_span"": ""虚劳不足"", ""why_supports"": ""久虚内损为慢性骨弱、骨枯的重要病机背景""}]",3,"[""若将其强行对应具体现代分型（如绝经后型）则属证据不足"", ""症状未出现明确骨折记载，相关性主要基于骨枯语义"", ""证型来源依赖参考上下文，原句未直接点明肝肾阴虚""]",2281f2ab2fedc169fa0ad2f573dd08e1,['清神甘露丸'],明,['其他']
ok,220,2026-02-04 16:49:08,身经通考,1688.0,骨痿,卷四 方选 种子门,●黑鬚育子青娥丸　川杜仲去粗皮，净一斤切片，用盐四两煎汤浸，主治肾疼骨痿。川故纸净一斤，分二分，酒姜汁各浸八两，主治劳损肾冷，阳衰。萆薢去节刺，净一斤，分四分处人乳、童便、姜汁、酒，各浸，主导膀胱宿水关节者。上药浸三日取出，去汁不用，共一处阴三日，晒三日，星月全夜露天之下炒乾为末，用糯米一官升煮烂，饭先用。核桃肉一斤去细皮，将饭与核桃肉合一处捣千槌，不见核桃肉白星为度，即于月下丸起，不得次日失太阴之精，丸桐子大，早晚二服，每服一钱五分，宜阴脏人。,方药,"[""老年后""]",,肾阳虚证,,"[""原发性-老年型""]",,"[""骨痛"", ""活动受限""]",,"[""中药内服""]",,"[{""name"": ""黑鬚育子青娥丸"", ""type"": ""方剂"", ""note"": ""原文主治“肾疼骨痿”，由杜仲、故纸、萆薢等制丸内服""}]",1.0,主治肾疼骨痿,True,True,,"[{""classical_span"": ""主治肾疼骨痿"", ""why_supports"": ""明确出现“骨痿”，为古籍中与骨质疏松高度对应的病名范畴""}]",1,"[""若未见“骨痿”等明确病名却强行判为高度相关"", ""将补肾通用方误映射为骨质疏松而缺乏骨病证据"", ""擅自推断特定现代人群或骨折表现而原文未载""]",b1c659cf24a8eb55f86c2516d7582ffe,['黑鬚育子青娥丸'],清,"['活动受限', '骨痛']"
ok,320,2026-02-04 16:53:01,神农本草经译注,1982.0,骨痿,上经,玉泉，味甘，性平。主治五脏多种疾病，疗筋脉强直、痉挛以柔筋，疗骨酸、骨痛、骨痿、骨软以强骨。安定魂魄，强健肌肉，补益精气。长期服用，使人增强耐受严寒酷暑的能力，不觉饥渴，延缓衰老，寿如仙人。人临死时服此药五斤，死后三年尸体不腐，颜色无改变。又名玉札，产于山谷里。,方药,"[""老年后""]",,肾阳虚证,,"[""原发性-老年型""]",,"[""骨痛""]",,"[""中药内服""]",,"[{""name"": ""玉泉"", ""type"": ""单味药"", ""note"": ""主治骨痿、骨软、骨痛，以强骨""}]",1.0,疗骨酸、骨痛、骨痿、骨软以强骨,True,True,,"[{""classical_span"": ""骨痿、骨软"", ""why_supports"": ""为古籍中高度指向骨质虚弱、萎软的典型病名""}, {""classical_span"": ""疗骨酸、骨痛"", ""why_supports"": ""对应现代骨质疏松常见骨痛表现""}]",1,"[""若将药效泛化为所有骨病，可能导致过度映射"", ""未区分骨痿与其他痹证时可能产生混淆"", ""缺乏明确骨折描述，部分读者或质疑其现代对应性""]",896cf264f6b4e294a5db8f7940fcbc92,['玉泉'],近现代,['骨痛']
ok,3960,2026-02-04 19:17:22,永类钤方,1331.0,骨痹,卷七,【病证】冬为骨痹，骨重不举，不遂而痛，邪移于肾，其状善胀。,病名,[],,其它-风寒湿痹证,风寒湿痹证（文中反复论述风、寒、湿侵袭致骨痹）,[],,"[""骨痛"", ""活动受限""]",,"[""中药内服""]",,"[{""name"": ""乌药顺气散"", ""type"": ""方剂"", ""note"": ""风多痛走不定""}, {""name"": ""三痹汤"", ""type"": ""方剂"", ""note"": ""风寒湿痹""}, {""name"": ""越婢汤"", ""type"": ""方剂"", ""note"": ""风痹""}, {""name"": ""单豨莶丸"", ""type"": ""方剂"", ""note"": ""风湿痹""}, {""name"": ""五积散"", ""type"": ""方剂"", ""note"": ""寒湿痹加减""}, {""name"": ""蠲痹汤"", ""type"": ""方剂"", ""note"": ""寒痹""}, {""name"": ""川芎茯苓汤"", ""type"": ""方剂"", ""note"": ""湿多""}, {""name"": ""当归拈痛汤"", ""type"": ""方剂"", ""note"": ""湿痹""}, {""name"": ""防己黄芪汤"", ""type"": ""方剂"", ""note"": ""湿痹""}, {""name"": ""羌活胜湿汤"", ""type"": ""方剂"", ""note"": ""湿痹""}, {""name"": ""续断丸"", ""type"": ""方剂"", ""note"": ""湿痹""}, {""name"": ""附子理中汤"", ""type"": ""方剂"", ""note"": ""寒痹""}, {""name"": ""宣明升麻汤"", ""type"": ""方剂"", ""note"": ""热痹""}, {""name"": ""二妙苍蘗散"", ""type"": ""方剂"", ""note"": ""风寒湿热痹""}]",0.2,冬为骨痹,True,False,,"[{""classical_span"": ""冬为骨痹"", ""why_supports"": ""涉及骨部疼痛范畴，但未指向骨量减少或脆性骨折""}]",1,"[""以痹证为主，病因属风寒湿邪，非骨量不足"", ""缺乏年老骨弱、易折等骨质疏松核心证据"", ""治疗重在祛邪止痛而非补骨生髓""]",2be0b8c2be48c054c566ec129b845414,"['三痹汤', '乌药顺气散', '二妙苍蘗散', '五积散', '单豨莶丸', '宣明升麻汤', '川芎茯苓汤', '当归拈痛汤', '续断丸', '羌活胜湿汤', '蠲痹汤', '越婢汤', '防己黄芪汤', '附子理中汤']",明,"['活动受限', '骨痛']"
ok,4795,2026-02-04 19:50:08,婴童百问,1445.0,骨枯,卷之八 疳伤第八十问,干疳者、瘦悴少血，舌干，其病在心；目不转睛，干啼少泪，其病在肝；身热尿干，手足清冷，其病在肾；声焦皮燥，大便干结，其病在肺；搭口痴眠，胸脘干渴，其病在脾；总为五疳也。疳渴者、脏中素有疳气，加之乳母恣食五辛酒面炙爆。使儿心肺壅热，日则烦渴饮水，乳食不进，夜则渴止是也。疳泻者、毛焦唇白，额上青纹，肚胀肠鸣，泄下糟粕是也。疳痢者，挟受风寒暑湿、或冷热不调，或停积宿滞，水谷不聚，须下恶物是也。疳肿胀者、虚中有积，其毒气交并，故令腹肚肿胀，由是脾复受湿，故令头面脚手虚浮是也。疳劳者、潮热往来，五心烦热，手足心及胸前热而发疮，盗汗骨蒸，嗽喘枯悴是也；或渴而复泻，饮水恶寒，肚硬如石，面色如银，断不可治。无辜疳者、脑后项边有核如弹丸，按之转动，软而不疼，其间有虫如米粉，不速破之，则虫随热气流散，淫食脏腑，以致肢体痈疮，便利浓血，壮热羸瘦，头骨高露是也，针刺破，用膏药贴；或浣濯儿衣，露于檐下，为雌鸟落羽所污，儿着此衣，虫入皮毛，亦致无辜之疾，儿衣已晒，须微火烘之。其若手足极细，顶小骨高，尻削体痿，腹大脐突，号哭胸陷，或生谷症，是为丁奚。虚热往来，头骨分开，翻胃吐虫，烦渴呕哕，是为哺露。丁奚哺露皆因脾胃大虚，不能消化水谷，以致精神减损，无以荣其血气，故肌肉销烁，肾气不足，复为风冷所伤，使形骨枯露。亦有胎中受毒，脏腑血少致之，此皆无辜疳伤。数种之疾，病而至此，不几殆哉。宜服肥儿丸、大芦荟丸、五疳丸、胡黄连丸、至圣丸、茯神丸、天麻丸、地黄丸、十全丹、香蔻丸、褐丸子、消食丸、鳖甲丸、下虫丸、集圣丸、黄鸡煎丸等药，及早治之，方为全美。又有疳伤久痢，肠胃受湿，得之状如狐惑、伤寒齿蚀之症，或以走马命名，盖齿属肾，肾虚才受热邪，疳气直奔上焦，故以走马为喻，初作口气，名曰臭息；次第齿黑，盛则龈烂热血迸出，曰宣露；甚者齿皆脱落。治之之法，用铜绿生蜘蛛细研，入麝少许，合和擦齿，如无蜘蛛，用其壳亦可。,病名,[],婴幼儿疳伤，涉及乳母饮食与“胎中受毒”，属儿童人群,脾胃虚弱证,,"[""其他""]",儿童疳伤致形骨枯露，非现代标准骨质疏松分型,"[""其他""]",形骨枯露、头骨高露、肌肉销烁,"[""中药内服"", ""中药外用""]",,"[{""name"": ""肥儿丸"", ""type"": ""方剂"", ""note"": ""治疗疳伤诸证""}, {""name"": ""大芦荟丸"", ""type"": ""方剂"", ""note"": ""治疗疳伤""}, {""name"": ""五疳丸"", ""type"": ""方剂"", ""note"": ""治疗五疳""}, {""name"": ""胡黄连丸"", ""type"": ""方剂"", ""note"": ""治疗疳伤""}, {""name"": ""地黄丸"", ""type"": ""方剂"", ""note"": ""滋补用""}]",0.2,使形骨枯露,True,False,,"[{""classical_span"": ""使形骨枯露"", ""why_supports"": ""出现骨枯露之形态描述，弱指向骨量不足""}]",1,"[""为儿科疳伤，非老年或绝经相关骨病"", ""无骨痛、骨折等现代 suggests"", ""证据仅为形态描述，可能属营养不良""]",b6778727457d1cd7dc8b9c592d2d5d2b,"['五疳丸', '地黄丸', '大芦荟丸', '肥儿丸', '胡黄连丸']",明,['其他']
ok,4799,2026-02-04 19:50:21,杂病广要,1670.0,骨痿；骨枯,身体类 腰痛,肾虚（诸般虚证） 有房室劳伤，肾虚腰痛者，是阳气虚弱，不能运动故也。经言腰者肾之府，转摇不能，肾将败矣。宜肾气丸、鹿茸、茴香之类，以补阳之不足也。如膏粱之人，久服阳药，醉以入房，损其真阴，肾气热，肾气热则腰脊痛而不能举，久则髓减骨枯，骨枯发为骨痿，宜六味地黄丸、温肾丸、封髓丹（二方当考）之类，以补阴之不足也。（《试效》）,病名,[],,肝肾阴虚证,,[],,"[""腰背痛"", ""活动受限""]",,"[""中药内服""]",,"[{""name"": ""肾气丸"", ""type"": ""方剂"", ""note"": ""用于肾虚腰痛，补肾助阳""}, {""name"": ""鹿茸"", ""type"": ""单味药"", ""note"": ""配伍以补阳之不足""}, {""name"": ""茴香"", ""type"": ""单味药"", ""note"": ""配伍温补肾阳""}, {""name"": ""六味地黄丸"", ""type"": ""方剂"", ""note"": ""用于肾阴不足、骨枯骨痿""}, {""name"": ""温肾丸"", ""type"": ""方剂"", ""note"": ""用于补肾以治腰脊痛""}, {""name"": ""封髓丹"", ""type"": ""方剂"", ""note"": ""用于补阴固髓，治疗骨痿""}]",1.0,久则髓减骨枯，骨枯发为骨痿,True,True,,"[{""classical_span"": ""久则髓减骨枯"", ""why_supports"": ""明确描述骨质耗减""}, {""classical_span"": ""骨枯发为骨痿"", ""why_supports"": ""直接出现高度相关病名""}, {""classical_span"": ""腰脊痛而不能举"", ""why_supports"": ""符合骨质疏松相关疼痛与功能障碍""}]",1,"[""原文未明确对应现代骨密度指标"", ""未提供具体人群年龄或性别信息"", ""无明确骨折记载""]",85885ffbb55744835493ab5d458d3e97,"['六味地黄丸', '封髓丹', '温肾丸', '肾气丸', '茴香', '鹿茸']",清,"['活动受限', '腰背痛']"
ok,4812,2026-02-04 19:50:42,证治准绳·幼科,1602.0,骨枯,集之八·脾脏部（下） 疳,〔杨〕五脏疳伤，大抵然尔，析而论之，曰五疳出虫，曰蛔疳，曰脊疳，曰脑疳，曰干疳，曰疳渴，曰疳泻，曰疳痢，曰疳肿胀，曰疳劳，曰无辜疳，曰丁奚，曰哺露。证状非一，可不举宏撮要而条析之乎。五疳出虫者，疳伤之源，虽起于乳 不调，然脏腑停积已久，莫不化而为虫，其虫或如丝发，或如马尾，多出于头项腹背之间，黄白或赤者，可医，青黑则难疗也。蛔疳者，失乳饭早，食肉太早，或肠胃停蓄甜腻，化为蛔虫，皱眉多啼，呕吐清沫，腹中乍痛，肚胀青筋，唇口紫黑，肠头齿痒是也（蛔虽食虫，虫不可动，从口鼻出者难治）。脊疳者，虫蚀脊膂，身热羸黄，积中生热，烦温下痢，拍背如鼓鸣，脊骨如锯齿，或十指皆疮，频啮爪甲是也。脑疳者，胎中素挟风热，生下乳哺越常，头皮光急，满头饼疮，脑热如火，发结如穗，遍身多汗，腮肿囟高是也（临产多欲亦然易损儿眼）。干疳者，瘦悴少血、舌干多啼，其病在心，目不转睛、干啼少泪，其病在肝，身热尿干、手足清冷，其病在肾，声焦皮燥、大便干结，其病在肺，搭口痴眠、胸脘干渴，其病在脾，总为五干疳是也。疳渴者，脏中夙有疳气，加之乳母恣食五辛、酒面、炙爆，使小儿心肺壅热，日则烦渴引水，乳食不进，夜则渴止是尔。疳泻者，毛干唇白，额上青纹，肚胀肠鸣，泄下糟粕是尔（勿用热药止之）。疳痢者，挟受风寒暑湿，或冷热不调，或停积宿滞，水谷不聚，频下恶物是尔。疳肿胀者，虚中有积，其毒与气交并，故令腹肚紧胀，由是脾复受湿，故令头面、脚手、虚浮是尔（法当磨积调气）。疳劳者，潮热往来，五心烦热，手足心及胸前，热而发疮，盗汗骨蒸，嗽喘枯悴是尔，或渴而复泻，饮水恶食，肚硬如石，面色如银，断不可活。无辜疳者，脑后项边，有核如弹，按之转动，软而不疼，其间有虫如米粉，不速破之，则虫随热气流散，淫蚀脏腑以致肢体痈疮，便利脓血，壮热羸瘦，头露骨高是尔（针刺破膏药贴），或浣濯儿衣，露于檐下，为雌鸟落羽所污，儿着此衣，虫入皮毛，亦致无辜之疾，儿衣已晒，须微火烘之。其若手足极细，项小骨高，尻削体痿，腹大脐突，号哭胸陷，或生谷 ，是为丁奚。虚热来往，头骨分开，翻食吐虫，烦渴呕哕，是为哺露。丁奚哺露，皆因脾胃久虚，不能化水谷以荣血气，故肌肉消铄，肾气不足，复为风冷所伤，使柴骨枯露，亦有胎中受毒，脏腑少血致之，此皆无辜种类之疾，病而至此，不几殆哉。又有小儿久患肾疳，内虚不食，甚者天柱骨倒，治法当用钱氏地黄丸加驱疳等剂，仍与贴项强筋，若不识证，谓之五软，非也。天柱骨倒，凡有三种，有吐泻日久，羸弱成者；有肝胆伏热，面赤唇红，忽变此者；有伤寒不及发表成者；是皆风邪入肝，以致筋络舒弛，吐泻者当调胃气，肝热者随轻重以凉肝，并与强筋贴项。惟伤寒天柱骨倒者难疗，故并及之。,病名,"[""胎产哺乳""]",,脾胃虚弱证,,[],,"[""乏力"", ""其他""]",柴骨枯露、脊骨如锯齿、头骨分开等骨发育异常描述，见原文疳劳、丁奚、哺露段,"[""中药内服"", ""中药外用""]",,"[{""name"": ""钱氏地黄丸"", ""type"": ""方剂"", ""note"": ""用于小儿久患肾疳、天柱骨倒，加驱疳等剂""}, {""name"": ""贴项强筋"", ""type"": ""外治"", ""note"": ""用于天柱骨倒、筋络舒弛""}]",0.2,使柴骨枯露,True,False,,"[{""classical_span"": ""使柴骨枯露"", ""why_supports"": ""出现骨枯、骨外露等描述，提示骨质衰败意象，但发生于小儿疳病""}, {""classical_span"": ""脊骨如锯齿"", ""why_supports"": ""描述脊柱骨形态异常，涉及骨结构改变""}]",1,"[""文本主体为小儿疳病，与现代骨质疏松典型人群不符"", ""骨相关描述多为发育不良或虫蚀想象，非明确骨量减少"", ""缺乏脆性骨折或老年性骨弱等关键信号""]",b7fbc60fefea8ef3e6a57c28a7ba0397,"['贴项强筋', '钱氏地黄丸']",明,"['乏力', '其他']"
ok,1585,2026-02-04 17:42:51,用药心得十讲-焦树德,2005.0,骨折,第八讲 活血化瘀药 骨碎补,骨碎补味苦，性温。主要功用是活血，止血，补肾接骨。兼能祛骨风、治牙痛。常用于外伤骨折，肾虚久泻，骨痛，牙痛等症。,方药,[],,肾虚血瘀证,,[],,"[""骨痛""]",,"[""中药内服""]",,"[{""name"": ""骨碎补"", ""type"": ""单味药"", ""note"": ""活血止血，补肾接骨，用于外伤骨折、骨痛""}]",0.2,常用于外伤骨折，肾虚久泻，骨痛,True,True,,"[{""classical_span"": ""常用于外伤骨折"", ""why_supports"": ""涉及骨折与骨病治疗，但偏向外伤而非骨弱本身""}]",1,"[""原文侧重外伤骨折，非脆性或自发性骨折"", ""未出现骨痿、骨枯等明确指向骨质疏松的古籍病名"", ""缺乏年龄相关或骨量不足的描述仍可能被误映射""]",7699b09a3581fa6f2dff56421b083e93,['骨碎补'],近现代,['骨痛']
ok,1587,2026-02-04 17:42:55,用药心得十讲-焦树德,2005.0,骨折,第八讲 活血化瘀药 骨碎补,补骨脂、骨碎补皆能补肾。但补骨脂偏用于温补肾阳，治五更泄泻。骨碎补偏用于祛骨中毒风，治痿痹骨折，并能坚肾固齿。,方药,[],,血瘀气滞证,,[],,"[""骨折""]",原文提及“治痿痹骨折”，仅能对应骨折表现，未明确脆性属性,"[""中药内服""]",,"[{""name"": ""骨碎补"", ""type"": ""单味药"", ""note"": ""偏用于祛骨中毒风，治痿痹骨折，并能坚肾固齿""}, {""name"": ""补骨脂"", ""type"": ""单味药"", ""note"": ""温补肾阳，对比说明其与骨碎补功效侧重不同""}]",0.2,骨碎补偏用于祛骨中毒风，治痿痹骨折，并能坚肾固齿,True,True,,"[{""classical_span"": ""治痿痹骨折"", ""why_supports"": ""直接涉及骨折与筋骨痿软，为骨质疏松相关并发症的弱指向证据""}]",1,"[""文本未明确老年、骨弱或反复易折，证据偏弱"", ""骨折可能源于外伤或其他骨病，非特指骨质疏松"", ""未提供人群与长期骨量变化描述，映射存在不确定性""]",efad3e40a619ce6b4c7720023a828b97,"['补骨脂', '骨碎补']",近现代,['骨折']
ok,1588,2026-02-04 17:42:58,用药心得十讲-焦树德,2005.0,骨折,第八讲 活血化瘀药 刘寄奴,骨碎补破血，尚能补肾，长于治骨折。刘寄奴破血，通行走散，无补力，但外用能活瘀止血，长于冶金疮破伤。用量一般一至三钱。无瘀血者慎用。,方药,[],,血瘀气滞证,,[],,[],,"[""中药内服"", ""中药外用""]",,"[{""name"": ""骨碎补"", ""type"": ""单味药"", ""note"": ""破血，尚能补肾，长于治骨折""}, {""name"": ""刘寄奴"", ""type"": ""单味药"", ""note"": ""破血通行走散，外用能活瘀止血，治金疮破伤""}]",0.2,,True,False,,"[{""classical_span"": ""长于治骨折"", ""why_supports"": ""所述为明确外伤性骨折治疗，并非骨弱或脆性骨折""}, {""classical_span"": ""治金疮破伤"", ""why_supports"": ""提示急性外伤情境，属于排除骨质疏松范畴的常见原因""}]",1,"[""文本仅涉及外伤性骨折与金疮治疗，缺乏骨弱或慢性骨病证据"", ""未出现骨痿、骨疏或年老骨弱等与骨质疏松高度一致的病名或描述"", ""证型与治法指向活血疗伤，非针对骨量减少的长期调治""]",8c087e1da0b379bcff6a33d6f8584456,"['刘寄奴', '骨碎补']",近现代,[]
ok,1589,2026-02-04 17:43:01,用药心得十讲-焦树德,2005.0,骨折,第八讲 活血化瘀药 血竭,凡一切血瘀、血聚而引致的疼痛、瘀肿等都可选用。例如瘀血心痛，可配瓜蒌、薤白、五灵脂，红花，细辛，桂枝等同用。窃血积滞腹痛，可配当归，红花，亓胡、炮姜等同用。跌伤、骨折、瘀血疼痛，可配苏木，续断，乳香、没药、骨碎补等同用。跌打损伤最常用的成药，如七厘散（血竭，乳香、没药、红花、儿茶，麝香、冰片、朱砂）等等。,方药,[],,血瘀气滞证,,[],,"[""骨痛""]",,"[""中药内服""]",,"[{""name"": ""血竭"", ""type"": ""单味药"", ""note"": ""活血止痛，用于跌伤骨折瘀血疼痛""}, {""name"": ""苏木"", ""type"": ""单味药"", ""note"": ""配伍用于跌伤骨折""}, {""name"": ""续断"", ""type"": ""单味药"", ""note"": ""配伍用于骨折瘀血疼痛""}, {""name"": ""乳香"", ""type"": ""单味药"", ""note"": ""配伍止痛""}, {""name"": ""没药"", ""type"": ""单味药"", ""note"": ""配伍止痛""}, {""name"": ""骨碎补"", ""type"": ""单味药"", ""note"": ""配伍用于骨折""}]",0.2,跌伤、骨折、瘀血疼痛,True,False,,"[{""classical_span"": ""跌伤、骨折、瘀血疼痛"", ""why_supports"": ""仅涉及外伤性骨折与疼痛，非骨弱或脆性骨折""}]",1,"[""内容为急性外伤骨折，非慢性骨量减少"", ""未出现骨痿、骨弱、年老易折等指向性描述"", ""若强行对应骨质疏松易造成过度映射""]",3a61b884b46c631338ea718a140ddc21,"['乳香', '没药', '续断', '苏木', '血竭', '骨碎补']",近现代,['骨痛']
ok,1317,2026-02-04 17:32:40,友渔斋医话,1812.0,骨痿,第六种 药笼短剧一卷,〔骨碎补〕苦坚肾，温行血，补伤折，疗骨痿，蜜拌蒸晒。,方药,[],,肾虚血瘀证,原文仅述“苦坚肾”“疗骨痿”等功效，未明确提出具体证型名称,[],,[],,"[""中药内服"", ""中药外用""]",,"[{""name"": ""骨碎补"", ""type"": ""单味药"", ""note"": ""内服研末入猪肾中煨熟；亦可粥和末敷伤处，用于补伤折、疗骨痿""}]",1.0,补伤折。疗骨痿。,True,True,,"[{""classical_span"": ""疗骨痿"", ""why_supports"": ""“骨痿”为古籍中高度对应骨质疏松/骨量不足的核心病名""}, {""classical_span"": ""补伤折"", ""why_supports"": ""提示用于骨折修复，契合骨质脆弱相关表现""}]",1,"[""原文未明确现代人群或年龄分层，若强行对应具体表型属过度映射"", ""未出现具体证型名称，若直接判定为某一肾虚证型可能构成臆断"", ""骨折未注明是否脆性骨折，若等同现代诊断可能证据不足""]",36e9147159bb9427ea7d59a9c423a205,['骨碎补'],清,[]
ok,1024,2026-02-04 17:20:48,玉台新案,535.0,骨痿,痿证医案,郡城徐华封女病痿，两足不能相去以寸，脊间皮宽肉软，有如斗大，医用杂补气血之剂不效。予谓饮食如故，病属下焦，芪术守中，不能达下，四物诚为女科要药，若欲填实精髓，则又不胜任矣。考《内经》筋痿骨痿，皆属奇经络病，乃用生鹿角、龟板、海参、鱼胶、羊肉等血肉之味，配入熟地、枸杞、牛膝、归芍，坚服三十余剂而全痊。,病名,"[""围绝经期""]",原文为“郡城徐华封女”，明确为女性患者，但未指明年龄阶段，故归为其他。,脾胃虚弱证,,[],,"[""活动受限""]",,"[""中药内服""]",,"[{""name"": ""生鹿角"", ""type"": ""单味药"", ""note"": ""填精益髓，用于筋痿骨痿""}, {""name"": ""龟板"", ""type"": ""单味药"", ""note"": ""滋阴填髓""}, {""name"": ""海参"", ""type"": ""单味药"", ""note"": ""血肉有情之品以补精髓""}, {""name"": ""鱼胶"", ""type"": ""单味药"", ""note"": ""补血益精""}, {""name"": ""羊肉"", ""type"": ""单味药"", ""note"": ""温补血肉""}, {""name"": ""熟地"", ""type"": ""单味药"", ""note"": ""补血填精""}, {""name"": ""枸杞"", ""type"": ""单味药"", ""note"": ""补肝肾""}, {""name"": ""牛膝"", ""type"": ""单味药"", ""note"": ""引血下行，强筋骨""}, {""name"": ""当归"", ""type"": ""单味药"", ""note"": ""补血""}, {""name"": ""白芍"", ""type"": ""单味药"", ""note"": ""养血柔筋""}]",1.0,考《内经》筋痿骨痿，皆属奇经络病,True,True,全痊,"[{""classical_span"": ""筋痿骨痿"", ""why_supports"": ""直接出现“骨痿”病名，与骨量衰减、骨弱高度相符""}, {""classical_span"": ""两足不能相去以寸"", ""why_supports"": ""提示下肢功能障碍，符合筋骨痿软表现""}, {""classical_span"": ""坚服三十余剂而全痊"", ""why_supports"": ""完整医案显示针对骨痿的治疗过程与转归""}]",1,"[""若将女性患者直接等同于绝经后人群，可能构成现代分型的过度推断"", ""若忽略原文“骨痿”而泛化为一般痿证，会削弱与骨质疏松的特异关联"", ""若将所有补益血肉药物解读为现代抗骨质疏松用药，存在概念外推风险""]",607ab20cb1db2a08c27d541a4b54e8b3,"['当归', '枸杞', '海参', '熟地', '牛膝', '生鹿角', '白芍', '羊肉', '鱼胶', '龟板']",隋唐以前,['活动受限']
ok,1375,2026-02-04 17:34:50,喻选古方试验,1644.0,骨折,卷四 外科,打跌骨折　酒调白芨末二钱服，其功不减自然铜。古铢钱也。（《永类方》）,方药,[],,血瘀气滞证,原文仅述外伤骨折、疔疮等具体病症用药，未归纳为某一内在证型。,[],,[],,"[""中药内服"", ""中药外用""]",,"[{""name"": ""白芨"", ""type"": ""单味药"", ""note"": ""用于打跌骨折、刀斧伤损、疔疮等""}, {""name"": ""川乌头"", ""type"": ""单味药"", ""note"": ""与白芨同用，治妇人阴脱""}, {""name"": ""石膏"", ""type"": ""单味药"", ""note"": ""与白芨等分外用收口""}, {""name"": ""自然铜"", ""type"": ""其他"", ""note"": ""用于对比疗效，非直接入方""}, {""name"": ""古铢钱"", ""type"": ""其他"", ""note"": ""用于对比疗效，非直接入方""}]",0.2,,True,False,,"[{""classical_span"": ""打跌骨折"", ""why_supports"": ""明确为外伤所致骨折，属急性损伤而非骨量减少或脆性骨折""}]",1,"[""文本为外伤与疮毒治疗，非慢性骨弱病机"", ""未出现骨痿、骨疏等与骨质疏松高度一致的古籍病名"", ""若强行映射为骨质疏松，属于证据不足的过度解读""]",4bc1cef6d09978bebd506e42425f3ae0,"['古铢钱', '川乌头', '白芨', '石膏', '自然铜']",清,[]
ok,3214,2026-02-04 18:48:02,喻选古方试验,1644.0,骨虚,卷三 虚损,骨虚劳极面肿垢黑，脊痛不能久立，血气衰惫，发落齿枯，甚则喜唾。,方药,[],,肾虚血瘀证,原文仅述“骨虚劳极”等症状，未明确归属具体证型,[],,"[""腰背痛"", ""活动受限""]",,"[""中药内服""]",,"[{""name"": ""鹿角"", ""type"": ""单味药"", ""note"": ""酒浸焙用，治骨虚劳极诸症""}]",0.4,骨虚劳极。面肿垢黑。脊痛不能久立。发落齿枯。,True,True,,"[{""classical_span"": ""骨虚劳极"", ""why_supports"": ""直接出现“骨虚”概念，提示骨本不足的慢性状态""}, {""classical_span"": ""脊痛不能久立"", ""why_supports"": ""符合慢性腰背痛与活动受限表现""}]",1,"[""原文未提及骨折或骨脆等关键特征，相关性有限"", ""未明确患者年龄或性别，难以映射具体现代表型"", ""证型信息不足，无法精确对应现代分型""]",e23851c24e28650ac788ef7d04373147,['鹿角'],清,"['活动受限', '腰背痛']"
ok,2089,2026-02-04 18:02:05,寓意草,1643.0,骨空,为顾枚先议失血证治并论病机,今病者不然。岂其有余于血哉。以病为饮醇伤胃。胃为水谷之海。多气多血。二十余年水谷充养之精华。以渐内亏。而外不觉也。胃之脉从头走足。本下行也。以呕血之故。逆而上行。则呼吸之音。必至喘急矣。胃之气传入大小肠膀胱等处。亦本下行也。以屡呕之故。上逆而不下达。则肠腹之间。必致痛闷矣。胃气上奔。呕逆横决。则胸中之气必乱。至于紧逼痛楚。则乱之甚矣。胸中之位舍有限。已乱之气。无处可容。势必攻入于背。以背为胸之府也。至于肩 骨空。钻如刃刺。则入之深矣。故一胃耳。分为三脘。上脘气多。下脘血多。中脘气血俱多。今胃中既乱。气血混矣。不但胃也。胃之上为膈。其心烦多怒者。正内经所谓血并于膈之上。气并于膈之下致然。气血倒矣。所以内经又言血并于阳。气并于阴。乃为热中。又言瘅成为消中。瘅即热也。消中者善食多饥。而肌肉暗减也。病者之嗜饮。为热积胃中。其不病消中。而病呕血者何耶。内经又以胃脉本宜洪盛。反得沉细者。为胃气已逆。若见人迎脉盛。则热聚于胃。而内生痈。今胃脉已见沉细。其不成胃痈。而成呕血者又何耶。不知病者呕血之源。与此二者同出异名耳。热积于中即为消。血积于中即为痈。而随积随呕。则为此证。揆其致此之繇。必以醉饱入房而得之。盖人身气动则血动。而 精时之气。有乾坤鼓铸之象。其血大动。精者血之所化也。灌输原不止胃之一经。独此一经所动之血。为醉饱之余所阻。不能与他经之血。缉续于不息之途。是以开此脱血一窦。今者竟成熟路矣。欲治此病。不如此其分经辨证。何从措手乎。岂惟经也。络亦宜辨。胃之大络。贯膈络肺。不辨其络。亦孰知膈间紧迸。肺间气胀痰胶。为胃病之所传哉。当此长夏土旺。不惟母病。而子失养。抑且母邪尽传于子．至三秋燥金司令。咳嗽喘满之患必增。不急治之。则无及矣。今岁少阴司天。少阴之上。热气主之。运气热也。夏月适当暑热。时令热也。而与胃中积热。合煽其虐。不治其热。血必不止。然不难于血之止也。第患其止而聚也。聚于中为蛊为痈。犹缓也。聚于上为喘为厥。则骤也。惟遵内经热淫血溢。治以咸寒之旨为主治。咸能走血。寒可胜热。庶于消渴痈疽两患。可无妨碍。然必先除经病。务俾经脉下走。经气下行。后乃可除络中之病。譬沟渠通而行潦始消也。未易言也。病者呕血经久。无法可止。父兄敦请仆往救治。告以必须议病不议药。方能用。予乃定是案。用玄明粉化水煮黄柏。秋石化水煮知母。以清解蕴热而消瘀化疽。加甘草以调其苦。独取咸寒气味。进四剂而血止。可谓神矣。医者果然破药性太寒。渠家果不终其用。延至八月。病者胸胁高肿数围。肺内生痈。寒热大作。喘咳不休。食饮不入。俯几不敢动移。以致瘠肉磨穿。危在呼吸。百计强与医治。断不应命。父兄因生仇恨。再求为其所难。以曲尽人情。只得极力治之。变证蜂出。通计免于五死而得五生。病者不戒。兼啖生冷。肺复生痈。一夕呕痰。如猪胆状者。百十余枚。一脏两伤。竟至不起。仆焦劳百日。心力俱殚。第无如末流难挽何哉。,其他,"[""情志异常""]",,血瘀气滞证,,[],,"[""骨痛"", ""活动受限""]",,"[""中药内服""]",,"[{""name"": ""玄明粉"", ""type"": ""单味药"", ""note"": ""化水煮用，取咸寒以清热止血""}, {""name"": ""黄柏"", ""type"": ""单味药"", ""note"": ""与玄明粉同用以清解蕴热""}, {""name"": ""秋石"", ""type"": ""单味药"", ""note"": ""化水煮知母以清热""}, {""name"": ""知母"", ""type"": ""单味药"", ""note"": ""清热滋阴，配秋石""}, {""name"": ""甘草"", ""type"": ""单味药"", ""note"": ""调和诸药""}]",0.2,至于肩骨空，钻如刃刺,True,False,迁延,"[{""classical_span"": ""肩骨空，钻如刃刺"", ""why_supports"": ""出现“骨空”及骨部刺痛，为骨质空虚的弱指征""}]",1,"[""文本主病机为胃热呕血与痈疽，并非以骨病为核心"", ""缺乏骨折、身高变矮等骨质疏松关键证据"", ""骨痛可能为他病传变，证据不足以强映射""]",d8d6390f84bdf09c60c46234d3c13de2,"['玄明粉', '甘草', '知母', '秋石', '黄柏']",明,"['活动受限', '骨痛']"
ok,4861,2026-02-04 19:52:41,"古今图书集成医部全录007（151-174,鼻唇口）",1934.0,骨枯,古今图书集成医部全录卷一百五十五,肾虚齿长而痛者，滋阴大补丸加鹿茸方治之。盖肾主骨，肾虚则髓弱，髓弱则骨枯，骨枯则不能固齿，故令齿长而动。譬之败几焉，几败木枯则紧窦之寸木摇摇而出，以水泽之则败几润而寸木固，故治此者宜滋阴补肾，肾不虚则龈骨润，龈骨润则齿固矣。是方也，熟地、牛膝、杜仲、山萸、五味、枸杞，皆味厚之品也，可以滋阴益肾。巴戟、苁蓉、茴香、远志、石菖蒲、山药、茯苓，皆甘温之品也，可以温肾生精，乃鹿茸者，取其为血气之属，得阴气之最完，故用之以为补肾填精益髓之品耳。红枣肉者，味甘益脾，故用之以剂丸也。,方药,[],,肝肾阴虚证,,[],,[],,"[""中药内服""]",,"[{""name"": ""滋阴大补丸加鹿茸方"", ""type"": ""方剂"", ""note"": ""用于肾虚齿长而痛""}, {""name"": ""熟地"", ""type"": ""单味药"", ""note"": ""滋阴益肾""}, {""name"": ""牛膝"", ""type"": ""单味药"", ""note"": ""滋阴益肾""}, {""name"": ""杜仲"", ""type"": ""单味药"", ""note"": ""滋阴益肾""}, {""name"": ""山萸"", ""type"": ""单味药"", ""note"": ""滋阴益肾""}, {""name"": ""五味子"", ""type"": ""单味药"", ""note"": ""滋阴益肾""}, {""name"": ""枸杞"", ""type"": ""单味药"", ""note"": ""滋阴益肾""}, {""name"": ""巴戟天"", ""type"": ""单味药"", ""note"": ""温肾生精""}, {""name"": ""肉苁蓉"", ""type"": ""单味药"", ""note"": ""温肾生精""}, {""name"": ""茴香"", ""type"": ""单味药"", ""note"": ""温肾生精""}, {""name"": ""远志"", ""type"": ""单味药"", ""note"": ""温肾生精""}, {""name"": ""石菖蒲"", ""type"": ""单味药"", ""note"": ""温肾生精""}, {""name"": ""山药"", ""type"": ""单味药"", ""note"": ""温肾生精""}, {""name"": ""茯苓"", ""type"": ""单味药"", ""note"": ""温肾生精""}, {""name"": ""鹿茸"", ""type"": ""单味药"", ""note"": ""补肾填精益髓""}, {""name"": ""红枣肉"", ""type"": ""单味药"", ""note"": ""益脾，制丸""}]",1.0,肾虚则髓弱，髓弱则骨枯，骨枯则不能固齿,True,True,,"[{""classical_span"": ""髓弱则骨枯"", ""why_supports"": ""直接出现“骨枯”，为骨量衰减的高度指向描述""}, {""classical_span"": ""肾主骨，肾虚则髓弱"", ""why_supports"": ""以肾虚—骨枯阐释骨衰病机""}]",1,"[""未给出Books/Chapter/Title，可能导致来源定位不完整"", ""症状多集中于齿动，缺乏现代骨折等直接表现"", ""现代表型未明确，避免过度映射""]",13a1a39f0bcb67f68a2dca34890d882d,"['五味子', '山药', '山萸', '巴戟天', '杜仲', '枸杞', '滋阴大补丸加鹿茸方', '熟地', '牛膝', '石菖蒲', '红枣肉', '肉苁蓉', '茯苓', '茴香', '远志', '鹿茸']",近现代,[]
ok,3835,2026-02-04 19:12:44,杂病心法要诀,1742.0,骨痹,卷一 痹入脏腑证,〖注〗痹虚，谓气虚之人病诸痹也，宜用加减小续命汤，风胜行痹倍防风，寒胜痛痹倍附子，湿胜着痹倍防己，皮痹加黄 或桂枝，皮脉痹加姜黄或加红花，肌痹加葛根或加白芷，筋痹加羚羊角或加续断，骨痹加虎骨或加狗脊。有汗减麻黄，便溏减防己，寒胜减黄芩加干姜，热胜减附子加石膏，加减治之。痹实，谓气血实之人病诸痹也，宜用增味五痹汤，即麻黄、桂枝，红花、白芷、葛根、附子、虎骨、羚羊角、黄 、甘草、防风、防己、羌活也，行痹以羌活、防风为主，痛痹以麻黄、附子为主，着痹以防己，羌活为主，皮痹以黄 、桂枝皮为主，脉痹以红花。桂枝为主，肌痹以葛根。白芷为主，筋痹以羚羊角为主，骨痹以虎骨为主，增味于五痹治之可也。,病名,[],,脾肾阳虚,,[],,[],,"[""中药内服""]",,"[{""name"": ""加减小续命汤"", ""type"": ""方剂"", ""note"": ""用于痹虚诸痹，随风寒湿及痹部位加减""}, {""name"": ""增味五痹汤"", ""type"": ""方剂"", ""note"": ""用于痹实诸痹，按行痹、痛痹、骨痹等加味""}, {""name"": ""虎骨"", ""type"": ""单味药"", ""note"": ""骨痹用之为主药""}, {""name"": ""狗脊"", ""type"": ""单味药"", ""note"": ""骨痹可加用""}, {""name"": ""续断"", ""type"": ""单味药"", ""note"": ""筋痹相关，加减用药""}]",0.2,骨痹加虎骨或加狗脊,True,True,,"[{""classical_span"": ""骨痹加虎骨"", ""why_supports"": ""出现骨痹病名，涉及骨部慢性病变，但未见骨弱易折描述""}]",1,"[""文本为痹证分型，偏风寒湿痹，非明确骨痿或骨弱"", ""未描述骨折、骨脆或年老骨损等关键特征"", ""证型与现代表型对应证据不足，可能为风湿性骨病""]",a7a6520f62d56e57e72d0a5691a929cd,"['加减小续命汤', '增味五痹汤', '狗脊', '续断', '虎骨']",清,[]
ok,267,2026-02-04 16:51:01,增订通俗伤寒论,1916.0,骨痿,第三编　证治各论 第八章　伤寒兼证,秀按　风湿伤寒，一田野间俗名耳。俞君遵守经旨，因症施治，精切不磨，洵不愧积学之老名医也。但此证新而轻浅，能任辛散香燥者，极易奏功。予曾用五苓散加羌防治著痹，桂枝汤加二乌治行痹，麻黄汤加术附治痛痹，效如桴鼓。若久而深重，血瘀化火，液郁化痰，皮肤不荣，经络时疏，大筋软短，小筋弛长，手足麻痹，骨痿于床者，最难奏效。俗谓“痛风易治，木风难医”，真阅历之谚也。惟有用《外台》竹沥汤，化下丹溪神效活络丹，生津涤痰，活血通络，以渐取效。间服史国公酒，养血祛风，舒筋活络。一面嘱病家访求善针者，七日一针，二七一针，以疏通其脉络，内外并治而已。,病名,[],,肾虚血瘀证,,[],,"[""骨痛"", ""活动受限""]",,"[""中药内服"", ""针刺""]",,"[{""name"": ""五苓散"", ""type"": ""方剂"", ""note"": ""加羌防治著痹""}, {""name"": ""桂枝汤"", ""type"": ""方剂"", ""note"": ""加二乌治行痹""}, {""name"": ""麻黄汤"", ""type"": ""方剂"", ""note"": ""加术附治痛痹""}, {""name"": ""竹沥汤"", ""type"": ""方剂"", ""note"": ""化痰通络，治久重骨痿""}, {""name"": ""神效活络丹"", ""type"": ""方剂"", ""note"": ""化下以活血通络""}, {""name"": ""史国公酒"", ""type"": ""其他"", ""note"": ""间服以养血祛风""}]",1.0,久而深重……大筋软短，小筋弛长，手足麻痹，骨痿于床者,True,True,未愈,"[{""classical_span"": ""骨痿于床者"", ""why_supports"": ""直接出现“骨痿”病名，指骨弱痿软""}, {""classical_span"": ""大筋软短，小筋弛长"", ""why_supports"": ""描述筋骨痿软、功能受限""}]",1,"[""未明确区分是否存在脆性骨折，可能为其他痹证演变"", ""未提供患者年龄性别，难以映射具体现代表型"", ""部分症状可能源于风湿痹证而非骨量减少""]",41c3a9f15fe21d7573dee6a0c7e255b8,"['五苓散', '史国公酒', '桂枝汤', '神效活络丹', '竹沥汤', '麻黄汤']",近现代,"['活动受限', '骨痛']"
ok,4880,2026-02-04 19:53:30,"古今图书集成医部全录013（401-458,儿科）",1934.0,骨枯,古今图书集成医部全录卷四百四十三,无辜疳者，脑后项边有核如弹丸，按之转动，软而不疼，其间有虫如米粉，不速破之，则虫随热气流散，淫食脏腑，以致肢体痈疮，便利脓血，壮热羸瘦，头露骨高是也。针刺破，用膏药贴。或濣濯儿衣，露于檐下为鸩鸟落羽所污，儿着此衣，虫入皮毛，亦致无辜之疾。儿衣已晒，须微火烘之。其若手足极细，项小骨高，尻削体痿，腹大脐突，号哭胷陷，或生谷症，是为丁奚；虚热往来，头骨分开，翻食吐虫，烦渴呕哕，是为哺露。皆因脾胃久虚，不能消化水谷，以致精神减损，无以荣其血气，故肌肉销烁，肾气不足，复为风冷所伤，使形骨枯露；亦有胎中受毒，脏腑血少致之。此皆无辜疳伤种类之疾，病而至此，不几殆哉！宜肥儿丸、大芦荟丸、五疳丸、胡黄连丸、至圣丸、茯苓丸、天麻丸、地黄丸、十全丹、香蔻丸、褐丸子、消食丸、鳖甲丸、下虫丸、集圣丸、黄鸡煎丸等药，及早治之，方为全美。,病名,[],婴幼儿/儿童（原文多次称“儿”“肥儿丸”等，属儿科病）,脾胃虚弱证,,[],,"[""其他""]",形骨枯露、头露骨高、项小骨高、体痿羸瘦（原文描述）,"[""中药内服"", ""针刺"", ""中药外用""]",,"[{""name"": ""肥儿丸"", ""type"": ""方剂"", ""note"": ""用于无辜疳伤诸证""}, {""name"": ""大芦荟丸"", ""type"": ""方剂"", ""note"": ""治疳证""}, {""name"": ""五疳丸"", ""type"": ""方剂"", ""note"": ""治五疳""}, {""name"": ""胡黄连丸"", ""type"": ""方剂"", ""note"": ""清疳热""}, {""name"": ""至圣丸"", ""type"": ""方剂"", ""note"": ""治疳积""}, {""name"": ""茯苓丸"", ""type"": ""方剂"", ""note"": ""健脾治疳""}, {""name"": ""天麻丸"", ""type"": ""方剂"", ""note"": ""治虚风相关症""}, {""name"": ""地黄丸"", ""type"": ""方剂"", ""note"": ""补虚""}, {""name"": ""十全丹"", ""type"": ""方剂"", ""note"": ""补益虚损""}, {""name"": ""香蔻丸"", ""type"": ""方剂"", ""note"": ""消食治疳""}, {""name"": ""褐丸子"", ""type"": ""方剂"", ""note"": ""治疳积""}, {""name"": ""消食丸"", ""type"": ""方剂"", ""note"": ""消食导滞""}, {""name"": ""鳖甲丸"", ""type"": ""方剂"", ""note"": ""治疳瘦""}, {""name"": ""下虫丸"", ""type"": ""方剂"", ""note"": ""驱虫""}, {""name"": ""集圣丸"", ""type"": ""方剂"", ""note"": ""治疳证""}, {""name"": ""黄鸡煎丸"", ""type"": ""方剂"", ""note"": ""补虚羸""}]",0.2,使形骨枯露,True,False,,"[{""classical_span"": ""形骨枯露"", ""why_supports"": ""出现“骨枯”类描述，但发生于小儿疳疾""}, {""classical_span"": ""儿科"", ""why_supports"": ""明确为儿科消耗性疾病，非老年骨弱""}]",1,"[""病属小儿疳疾，非骨量减少为主的骨病"", ""存在痈疮、虫积等感染消耗因素，干扰骨质疏松映射"", ""缺乏脆性骨折或老年/绝经相关背景""]",24c4bbf6cf6c894e4063aa4e43515195,"['下虫丸', '五疳丸', '十全丹', '地黄丸', '大芦荟丸', '天麻丸', '消食丸', '肥儿丸', '胡黄连丸', '至圣丸', '茯苓丸', '褐丸子', '集圣丸', '香蔻丸', '鳖甲丸', '黄鸡煎丸']",近现代,['其他']
ok,104,2026-02-04 16:44:41,张氏医通,1695.0,骨断,卷十四  专方 跌扑门,自然铜散 治跌扑骨断。,方药,[],,删除,,[],,[],,"[""中药内服""]",,"[{""name"": ""自然铜散"", ""type"": ""方剂"", ""note"": ""用于治疗跌扑所致骨断""}]",0.2,,True,False,,"[{""classical_span"": ""治跌扑骨断"", ""why_supports"": ""明确为外伤性骨折治疗，非年老骨弱或脆性骨折范畴""}]",1,"[""条文仅涉及跌扑外伤性骨折，非慢性骨弱疾病"", ""未出现骨痿、骨枯或年老易折等高指向描述"", ""证据不足以支持现代骨质疏松分型映射""]",98ecdd5a341b92ee6de36e86243448fe,['自然铜散'],清,[]
ok,334,2026-02-04 16:53:36,张氏医通,1695.0,骨痿,卷十四  专方 痿门,金刚丸（改定） 治肾虚骨痿。不能起于床。,方药,[],,肝肾阴虚证,,[],,[],,"[""中药内服""]",,"[{""name"": ""龟甲"", ""type"": ""单味药"", ""note"": ""滋补肝肾，益肾强骨，用于肾虚骨痿等""}]",1.0,治阴虚阳亢、阴虚内热、肾虚骨痿,True,True,,"[{""classical_span"": ""肾虚骨痿"", ""why_supports"": ""骨痿为古籍中与骨弱、骨量不足高度相关的病名""}]",1,"[""若将药性描述直接等同具体现代诊断，可能存在过度映射"", ""未提供患者人群与结局信息，证据维度有限"", ""仅凭单味药条目推断现代分型，可能证据不足""]",79f706e3ed4ade5bc3419dc37481e42d,['龟甲'],清,[]
ok,850,2026-02-04 17:14:05,张氏医通,1695.0,骨痿,卷二  诸伤门 虚损（传尸）,刘默生云。虚劳多起于郁。郁则其热内蒸。内蒸则生虫。虫侵蚀脏则咳。初起早为杜绝。不致蔓延。若迁延日久。咳嗽不止。痰如白沫。声哑喉痛。不可治矣。脾胃泄泻。六脉细数而坚急。久卧床褥。烦躁血多者不治。如六脉平缓。重按有神。饮食不减。大肉未消。二便调适者。可用贝母、麦冬消痰宁嗽。功多开郁。蛤蚧透骨追虫。佐以百部。杀虫独步。兼地骨皮、薄荷以清内热。橘红、甘草调中和营为主。如寒热不止。加青蒿、鳖甲。骨蒸无汗。加牡丹皮。每夜发热不已。加酒浸白芍。血虚有伤。加茜根。气虚少食。加人参。脾虚大便不实。加茯苓。燥结。加杏仁。小便不利。加茯苓、泽泻。但觉脊中热痛不已。或时淫淫作痒者。皆是瘵虫为患。宜用向东南桃头四五十个、生艾一握。雄黄豆大一块、麝香二分。捣烂烘热。擦脊骨膏肓百劳肺俞等穴。及四肢关节间。七日一次。亦有用桃叶斤许。同艾叶一二两。分二囊盛。以陈酒三斤煮。乘热熨背脊膏肓百劳等处。不过二三次。虫从魄门而下。下后以六味丸合生脉散调理。传尸劳瘵亦宜用之。凡骨蒸以多汗为易治。气虚血尚未竭也。若干热无汗为难治。气血内涸。不能外通也。骨蒸劳嗽。而见脉弦细数疾。面赤如妆。面黧色枯。目睛无神。眼眶陷下。汗出如珠。天柱不正。指瘦如笾。声哑咽痛。嗽而加汗。嗽而上喘下泄。嗽而左不得眠。肝胀。嗽而右不得眠。肺胀。肉脱骨痿而热甚。泄泻无度而畏寒。失血发热而脉数实。咳吐白血。及呕血声散。骨肉相失。阳事不禁。暮热如焚。身热面色夭然白。及下血 。寒热脱形。脉坚搏者。皆不可治。如病久痞闭。忽得气血冲和。心肾交媾。阳事必举。尤宜切戒房室。犯之必复。愈难调治也。大抵虚劳起于斫丧者。肝肾过劳。多致亡血失精。强中阴竭而死。起于郁结者。内火烁津。多致血结干咳。嗜食发痈而死。,病名,"[""情志异常""]",,肝肾阴虚证,,[],,"[""腰背痛"", ""骨痛"", ""活动受限""]",,"[""中药内服"", ""中药外用""]",,"[{""name"": ""贝母"", ""type"": ""单味药"", ""note"": ""消痰宁嗽，开郁""}, {""name"": ""麦冬"", ""type"": ""单味药"", ""note"": ""养阴清热""}, {""name"": ""蛤蚧"", ""type"": ""单味药"", ""note"": ""透骨追虫""}, {""name"": ""百部"", ""type"": ""单味药"", ""note"": ""杀虫止咳""}, {""name"": ""地骨皮"", ""type"": ""单味药"", ""note"": ""清内热""}, {""name"": ""薄荷"", ""type"": ""单味药"", ""note"": ""清热疏郁""}, {""name"": ""橘红"", ""type"": ""单味药"", ""note"": ""理气调中""}, {""name"": ""甘草"", ""type"": ""单味药"", ""note"": ""调和诸药""}, {""name"": ""桃头、生艾、雄黄、麝香"", ""type"": ""外治"", ""note"": ""捣烂烘热，擦脊骨及关节""}]",1.0,肉脱骨痿而热甚,True,True,,"[{""classical_span"": ""骨痿"", ""why_supports"": ""直接出现高度相关古籍病名""}, {""classical_span"": ""肉脱骨痿"", ""why_supports"": ""描述骨与形体萎弱，符合骨量不足""}, {""classical_span"": ""但觉脊中热痛不已"", ""why_supports"": ""提示脊背骨痛表现""}]",1,"[""文本以劳瘵为主，骨病描述可能为伴随症"", ""未见明确骨折或年老骨弱描述"", ""存在感染性病因解释，可能非骨质疏松本体""]",9624b080dc91cb2314f957d7febdf490,"['地骨皮', '桃头、生艾、雄黄、麝香', '橘红', '甘草', '百部', '薄荷', '蛤蚧', '贝母', '麦冬']",清,"['活动受限', '腰背痛', '骨痛']"
ok,851,2026-02-04 17:14:07,张氏医通,1695.0,骨痿；骨枯,卷五  诸痛门 腰痛,按内经言太阳腰痛者。外感六气也。言肾经腰痛者。内伤房劳也。假令肾脏真气布护。六气焉能为害。惟肾脏虚伤。膀胱之府安能独足。又有膏粱之人。久服热剂。醉以入房。损其真气。则肾脏热。腰脊痛。久则髓减骨枯。发为骨痿。此为本病。其有风寒湿热闪挫瘀血滞气痰积。皆为标病。而肾虚则其本也。风痛者。脉浮。或左或右。痛无定处。牵引两足。小续命加减。寒痛者。其腰如冰。其脉必紧。得热则减。得寒则增。干姜附子汤加肉桂、杜仲。外用摩腰膏。兼风寒者。五积散热服微汗之。内蓄风热痛者。脉必洪数。口渴便闭。小柴胡去半夏。加羌活、续断、黑豆。若大便闭者。先用大柴胡微利之。湿痛者。如坐水中。肾属水。久坐水湿。或着雨露。以致腰下冷痛。脉必弦缓。小便自利。饮食如故。,病名,"[""老年后""]",,肾虚血瘀证,,"[""原发性-老年型""]",,"[""腰背痛"", ""骨痛"", ""活动受限""]",,"[""中药内服"", ""中药外用""]",,"[{""name"": ""小续命汤"", ""type"": ""方剂"", ""note"": ""用于风痛腰痛加减""}, {""name"": ""干姜附子汤"", ""type"": ""方剂"", ""note"": ""寒痛加肉桂、杜仲""}, {""name"": ""五积散"", ""type"": ""方剂"", ""note"": ""兼风寒者热服微汗""}, {""name"": ""小柴胡汤"", ""type"": ""方剂"", ""note"": ""内蓄风热痛去半夏加羌活等""}, {""name"": ""大柴胡汤"", ""type"": ""方剂"", ""note"": ""大便闭者先用微利""}, {""name"": ""摩腰膏"", ""type"": ""外治"", ""note"": ""外用止腰痛""}]",1.0,久则髓减骨枯。发为骨痿。此为本病。,True,True,,"[{""classical_span"": ""髓减骨枯，发为骨痿"", ""why_supports"": ""直接出现骨痿、骨枯，为骨量衰减的强指向""}, {""classical_span"": ""肾虚则其本也"", ""why_supports"": ""以肾虚为本，符合骨质疏松中医病机""}]",4,"[""若忽略原文“骨痿、骨枯”而仅作一般腰痛，可能低估相关性"", ""若将多种证型并列而违反单选要求，属于枚举不合规"", ""若推断具体人群如绝经期而原文未载，属于臆造信息""]",2a0b900f7c304340f315b964b2a17bf7,"['五积散', '大柴胡汤', '小柴胡汤', '小续命汤', '干姜附子汤', '摩腰膏']",清,"['活动受限', '腰背痛', '骨痛']"
ok,703,2026-02-04 17:08:14,轩岐救正论,1644.0,骨痿,卷之三 药性微蕴 羌活独活防风荆芥白附石南紫苏防已川乌白芷本蔓荆甘菊细辛薄荷蝉蜕马兜,铃僵蚕全蝎白附桂枝生姜葱白藿香芜芎秦艽牛蒡子苍术前胡甘松艾叶以上盖消风散寒。蠲痹除湿之善剂也。患此数症者当根据本草六经主治。病可愈。亦只从阳经属经者则宜。若夫真藏中风。阴经中寒。骨痿如痹。阳衰阴胜。水邪似湿者误用之既已竭其营而复泄其卫真气随亡不死何待故凡病久者葱白生姜。亦所忌用。至辛散耗剂。益不敢轻投矣。,病名,"[""老年后""]",,肾阳虚证,,"[""原发性-老年型""]",,[],,"[""中药内服""]",,"[{""name"": ""羌活"", ""type"": ""单味药"", ""note"": ""用于消风散寒，蠲痹除湿，并非专治骨痿""}, {""name"": ""独活"", ""type"": ""单味药"", ""note"": ""同上，用于痹证类风寒湿邪""}, {""name"": ""防风"", ""type"": ""单味药"", ""note"": ""同上""}, {""name"": ""白附子"", ""type"": ""单味药"", ""note"": ""文中列为辛散耗剂，骨痿久病者慎用""}, {""name"": ""桂枝"", ""type"": ""单味药"", ""note"": ""散寒通阳，文中提示久病骨痿者慎用""}]",1.0,骨痿如痹。阳衰阴胜。,True,True,,"[{""classical_span"": ""骨痿如痹"", ""why_supports"": ""明确出现“骨痿”这一与骨质疏松高度对应的古籍病名""}, {""classical_span"": ""阳衰阴胜"", ""why_supports"": ""提示以阳虚为本，符合骨量减少类慢性虚损病机""}]",3,"[""原文未描述骨折、身高变矮等现代表型，可能被认为证据单一"", ""所列药物主要针对痹证，未明确为骨痿设方，易被质疑过度关联"", ""缺乏具体人群与症状描写，现代映射存在不确定性""]",c2ac6ad198b9bf0b69de68a1f3c1d908,"['桂枝', '独活', '白附子', '羌活', '防风']",清,[]
ok,1949,2026-02-04 17:56:19,长沙方歌括白话解,1803.0,骨折,卷 三,广州中医学院西医学习中医班用本方加归尾、赤芍、红花、苏木、牛膝、虻虫之类药物，治疗5例胸腰椎骨折的病人，取得满意的疗效。（高钦颖.名方研究应用精选.西安：西北大学出版社，1993：57）,方药,[],,删除,,[],,"[""其他""]",骨折（未注明脆性或骨弱背景）,"[""中药内服""]",,"[{""name"": ""归尾"", ""type"": ""单味药"", ""note"": ""加味用药""}, {""name"": ""赤芍"", ""type"": ""单味药"", ""note"": ""加味用药""}, {""name"": ""红花"", ""type"": ""单味药"", ""note"": ""加味用药""}, {""name"": ""苏木"", ""type"": ""单味药"", ""note"": ""加味用药""}, {""name"": ""牛膝"", ""type"": ""单味药"", ""note"": ""加味用药""}, {""name"": ""虻虫"", ""type"": ""单味药"", ""note"": ""加味用药""}]",0.2,治疗5例胸腰椎骨折的病人，取得满意的疗效,True,True,显效,"[{""classical_span"": ""胸腰椎骨折"", ""why_supports"": ""涉及椎体骨折，与骨质疏松的骨折结局存在潜在关联""}, {""classical_span"": ""取得满意的疗效"", ""why_supports"": ""提示针对骨折的治疗效果描述""}]",1,"[""仅描述骨折治疗，未提供骨弱或年老等背景，关联证据较弱"", ""未明确中医病名或证型，难以进行证候层面的映射"", ""可能为外伤性骨折而非骨质疏松相关脆性骨折""]",7c2ea22e9bd9286362f5f38d8341b51d,"['归尾', '牛膝', '红花', '苏木', '虻虫', '赤芍']",清,['其他']
ok,2473,2026-02-04 18:16:41,针方六集,1688.0,骨空,卷之六兼罗集 兼罗集,大小骨空皆妙处，艾火须当识得真。,外治法,[],,删除非辨证文献,原文仅提“骨空”及艾火施治，未指明虚实寒热等证候,[],,[],,"[""艾灸""]",,"[{""name"": ""艾火"", ""type"": ""外治"", ""note"": ""用于大小骨空之处施灸""}]",1.0,大小骨空皆妙处，艾火须当识得真。,True,True,,"[{""classical_span"": ""大小骨空"", ""why_supports"": ""“骨空”为古籍中高度指向骨质空虚、骨弱的病名范畴""}]",2,"[""未提供完整篇章，证候与症状信息不足"", ""未明确人群与现代分型，映射存在不确定性"", ""仅据单句判断，缺乏长期病程或转归描述""]",1efbfc3c68a4a423d6ff7ea25015d073,['艾火'],清,[]
ok,778,2026-02-04 17:11:14,针灸逢源,1815.0,骨痿,卷六 论治补遗 积聚,上至心。下若豚状。上下无时。久则喘逆。骨痿少气。,症状,[],,肾虚血瘀证,原文仅述“肾之积…骨痿少气”，未明确对应具体证型,[],,"[""乏力""]",“少气”提示乏力表现,"[""中药内服""]",,"[{""name"": ""奔豚丸"", ""type"": ""方剂"", ""note"": ""用于治疗肾之积所致奔豚及伴随骨痿少气""}]",1.0,久不已，令人喘逆，骨痿少气,True,True,,"[{""classical_span"": ""骨痿少气"", ""why_supports"": ""直接出现“骨痿”，为古籍中与骨质疏松高度相关的典型病名表述""}]",1,"[""原文未提供明确证型却强行对应具体中医证型"", ""未出现骨痿等关键术语却过度映射骨质疏松"", ""臆造未在原文出现的人群或治疗结论""]",f93768b91ea75cbb888b25dc4424e87d,['奔豚丸'],清,['乏力']
ok,1036,2026-02-04 17:21:14,针灸逢源,1815.0,骨痿；骨枯,续刻 素问经文(补遗) 痿论,无以灌渗肌肉。发为肌肉顽痹。传变而为脉痿也)思想无穷所愿不得。意淫于外。(伤脾)入房太甚。宗筋弛纵发为筋痿。及为白淫(白淫。浊带也)生于肝使内也(房劳○肝吴注改疾)有渐于湿(渐近也)以水为事(有事于卑湿之所)若有所留(水湿留着)居处相湿。肌肉濡渍痹而不仁。发为肉痿得之湿地也(病生于脾)有所远行劳倦。逢大热而渴。渴则阳气内伐(内戕真阴)内伐则热舍于肾。肾者。水藏也今水不胜火。则骨枯而髓虚故足不任身。发为骨痿。生于大热也 治痿者。独取阳明何也阳明者。五脏六腑之海。主闰(润同)宗筋(阴毛横骨上下之竖筋)宗筋主束骨而利机关也冲脉者经脉之海也(受十二经之血)主渗灌 谷。与阳明合于宗筋阴阳总宗筋之会。会于气街。而阳明为之长皆属于带脉而络于督脉。故阳明虚。则宗筋纵带脉不引(不能收引)故足痿不用也。,病名,[],,删除多复合证,原文并见“阳明虚”“虚烦脉微”等，且标注肾阳虚证、脾胃虚弱证并存，非单一证型。,[],,"[""活动受限""]",,"[""中药内服"", ""针刺""]",,"[{""name"": ""人参"", ""type"": ""单味药"", ""note"": ""用于虚烦脉微之时""}, {""name"": ""当归"", ""type"": ""单味药"", ""note"": ""养血调络""}, {""name"": ""半夏"", ""type"": ""单味药"", ""note"": ""和胃降逆""}, {""name"": ""茯苓"", ""type"": ""单味药"", ""note"": ""健脾渗湿""}, {""name"": ""阿胶"", ""type"": ""单味药"", ""note"": ""补血滋阴""}, {""name"": ""枣仁"", ""type"": ""单味药"", ""note"": ""安神""}, {""name"": ""桂枝"", ""type"": ""单味药"", ""note"": ""通阳化气""}, {""name"": ""丹皮"", ""type"": ""单味药"", ""note"": ""清血分""}, {""name"": ""附子"", ""type"": ""单味药"", ""note"": ""温阳""}, {""name"": ""牡蛎"", ""type"": ""单味药"", ""note"": ""潜阳""}]",1.0,故有筋痿、脉痿、骨痿、皮痿、肉痿之辨,True,True,,"[{""classical_span"": ""骨痿"", ""why_supports"": ""明确出现高度相关古籍病名，直指骨之痿弱""}, {""classical_span"": ""足痿不用"", ""why_supports"": ""提示下肢功能障碍，符合骨病相关活动受限""}]",1,"[""证型并非单一，若强行归为某一证型可能失真"", ""未出现年龄或绝经等现代分型关键信息，无法对应现代表型"", ""症状未明言疼痛或骨折，过度扩展可能导致误判""]",d35e482444d1322de5e0cd15f1650dbf,"['丹皮', '人参', '半夏', '当归', '枣仁', '桂枝', '牡蛎', '茯苓', '阿胶', '附子']",清,['活动受限']
ok,4958,2026-02-04 19:56:22,普济方（四库本61-120卷）,1406.0,骨枯,普济方卷一百十七,清暑益气汤【出济生拔萃方】治气虚身热得之伤暑热伤气故也有所逺行劳倦逢大热而渇渇则阳气内伐内伐则舍于肾肾者水藏也今水不能胜火则骨枯髓虚足不任身发为骨乏无力故治痿独取于阳明时当长夏湿热大胜蒸蒸而炽人感之多四肢困倦精神短少懒于动作胸满气促肢节沉痛或气高而喘身热而烦心下膨闭小便黄而数大便溏而频或痢出黄如糜或如泔色或渇或不渇不思饮食自汗体重或汗少者血先病而气不病也其脉中得洪缓若湿气相传必加之以迟迟病虽互换少差其天暑时令则一也冝以清燥之剂治之阳气者卫外而为固也热则气泄今暑邪干卫故身热自汗以黄耆甘温补之为君人参橘皮当归甘草甘防温补中益气为臣苍术白术泽泻渗利而除温升麻葛根甘苦平善解肌热又以风胜湿也温胜则食不消而作痞满故炒面甘辛青皮辛温消食快气肾恶燥急食辛以润之故其黄蘗苦辛寒借甘味泻热补水虚者滋其化源以人参五味子麦门冬酸习防寒救天暑伤于庚金为佐,方药,[],,肝肾阴虚证,,[],,"[""乏力"", ""活动受限""]",,"[""中药内服""]",,"[{""name"": ""清暑益气汤"", ""type"": ""方剂"", ""note"": ""治气虚身热、暑热伤气所致骨枯髓虚、骨乏无力""}]",1.0,水不能胜火则骨枯髓虚足不任身发为骨乏无力,True,True,,"[{""classical_span"": ""骨枯髓虚"", ""why_supports"": ""直接描述骨与骨髓枯虚，为骨质疏松高度一致表述""}, {""classical_span"": ""足不任身 骨乏无力"", ""why_supports"": ""体现骨弱乏力、承重能力下降""}]",1,"[""文本未涉及脆性骨折等现代诊断要点"", ""未明确特定现代骨质疏松分型人群"", ""方剂主治暑热气虚，骨病可能为继发表现""]",2e345a0829f171f04eb3e47bfc5e724f,['清暑益气汤'],明,"['乏力', '活动受限']"
ok,4965,2026-02-04 19:56:43,普济方（四库本361-426卷）,1406.0,骨枯,普济方卷三百七十九,凡小儿疳大约有冷热二种热疳之病常见于外五心烦热掀衣气麄饮冷水烦躁卧地肚热脚冷潮热往来皆热疳也冷疳病多在内痢色无常其吻青白肢体软弱目肿面黧又一证燥渴卧地似有热状而饮食不进滑防无已亦冷疳也其有防多脓血日加痩弱此则谓之冷积大抵疳之受气皆虚使然热者虚中之热冷者虚中之冷治热不可妄表过凉治冷不可峻温骤补故钱氏又曰小児易为虚实脾胃虚不受寒温服寒则生冷服温则生热当识此而勿误上医处此消积和胃滋血调气随顺药饵以扶之淡薄饮食以飬之荣卫调和脏腑自然充实取积之法又当权衡积者疳之母由积而虚谓之疳极诸有积者无不肚热脚冷湏酌量虚实而取之若积虚而甚则先与扶胃使胃气内充然后为之防利若积胜于虚则先与利道设得一泄急以和胃之剂为之扶虚然取积宜疎利如白豆防萝卜子缩砂蓬术消疾等般亦不可无胁间癖痛亦虚中之积聚也先寒后热饮水不食或饮水以致喘钱氏有癖为潮热之治法觧散寒热即与下癖合是而观作不同疗治不一又可无权度于此哉若夫诸疳恶证心疳饮水不已食则惊啼耳边纹多舌上黯黒者不治肝疳右胁结硬频数吐涎目睛青筋眼角黒气者不治肾疳饮水好醎小便如乳耳焦肩耸牙黒骨枯者不治肺疳欬逆气促频防白沫身上粟生其色斑黒者不治脾疳吃泥泄痢水谷不消唇白腹髙人中满者不治其或滑泄不休脱肛咳逆抱起昏沉手足垂软足及脚心全不知觉项筋舒展身体变冷是则为五絶证候甚者胸防呕哕乳食直防肿满不痢腹胁胀疼皮紫疮肌肉光紫与夫疳劳渴防面槁色痩骨露齿胀肚不食者皆危笃矣凡疳在内目肿腹胀利色无常或沫青白渐痩弱此冷证也疳在外鼻下赤烂自揉鼻头上有疮不痛痂渐破鼻疮绕耳此热证也宜兰香散白粉散主之肝疳当补肝地黄丸主之心疳当补心定神丸主之脾疳当补脾益黄散主之肾疳当补肾地黄丸主之肺疳当补肺益黄散主之筋疳防血而瘦当补肝地黄丸主之疳喜卧冷地当补肾地黄散主之诸疳皆当补其母及与治疳药冷则木香丸是脾脏虚也脏实而内虚即当补母而防本脏则愈假令日中潮热是心虚热也肝为心母则宜先补肝肝实而后防心心得母气而内平而潮热愈也医见潮热妄谓其实乃以大黄牙硝辈诸冷药利之利既多矣不能禁约而津液内亡即成疳也又有病癖其疾发作寒热饮水胁下有形硬痛治癖之法当渐消磨医反以巴豆硇砂辈下之小児易虚易实下之既过胃中液津耗损渐令疳痩有病伤寒五六日间有下证以冷药下之太过致脾胃液津少即使引饮不止而生热也热气内耗肌肉外消他邪相干证变诸端因亦成疳病又有吐防乆病或医妄下之其虚益甚液津燥损亦能成疳又有肥疳即脾疳也身痩黄虚而烦渇引饮小便赤涩更兼有疮疥其候不一种种异端目涩或生白膜唇赤身黄干或黒喜卧冷地或食泥土身有疮疥防青白黄沫水痢色变易腹满身耳鼻皆有疮髪鬂作穗头大项细极痩饮水皆其证也大抵疳病当辨冷热肥痩其初病者为肥热疳乆病者为痩冷疳冷者木香丸热者黄连丸至冷热之疳尤宜如圣丸故小児之脏腑柔弱不可痛击大下必亡津液而成疳凡病可量大小虚实而下之则不至为疳也初病津液少者当生胃之津液白术散主之津多则愈积痛口中气冷面黄白目无精光或白睛多及多睡少食或大便酸臭者当磨积宜消积丸甚者当用白饼子下之后和胃白术散主之小便初出防赤良乆白浊者乃是热疳疳之新也初黄白乆白浊者乃是冷疳疳之乆也热疳牛黄丸大黄丸冷疳益黄散六甲丸冷热之疳芦防丸香蟾丸小便白浊厚朴丸诸失津液成疳参术散大便如油朱砂丸子益黄散补更于后择用【马氏女五岁疳黄腹大消痩骨热盗汗或时饮食全然不吃或时乳食不知饥饱但好食泥土炭灰纸有一医用千金方猪肉一斤防系曵地行数里乃烧炙与食无效一医以疳药服半年无効召愚视曰食已如饥胃热也好食泥土者脾疳也脾胃有疳热积主人曰何知也愚曰素问云食已如饥者胃疳是肠胃热也则消谷故令已食如饥也又寳鉴云与乳食而不吃逢泥土而湏吞要诀云脾疳食土面萎黄盖胃有积热脾有疳积所以不知饥饱好食泥土主人曰何治也荅曰去胃热逐脾疳当以黄土丸防十余次次日热脾疳积等俱下后益黄散补芦防丸香蟾丸治之七日平愈　张氏女十岁忽脐下疼痛脐下透起自言觉脬囊转痛不可言有时面青吐清水小便如常一月一半月一十数日一进退不定似此一年累医或作淋治者小便不涩或作脬冷者小便如常或作脬热者小便不赤或作积疳痛止腹中或作防痛者只口虽饮水防痛不在脐下众医不晓召愚徃视之此证亦不晓诸书亦未曽详载几无法以治之移时思之忆得钱氏曽用白祥丸治疮此必有防妙处深求其故遂师其意以药投之不日而疾已瘥焉人问用药亦甚无多而取效抑何其速也余曰夫兵不必众而収功药不必多而取效盖医者能机变即可用也后别一女十四歳与前证同三月一发毎发时五六月方退累药无効病起先从心腹中疼后至脐下余曰其病先心腹者有食积也后至脐下者膀胱病也调大防散送下紫丸子防十余次即安又一小女三岁与前证同累药以木通滑石之类无効召愚视之用大防茴香等分防炒为末每服一钱防汤调下】小児奶疳者面色青黄或口内有疮或哯乳多睡乆则成奶癖结块腹中皆乳食不节故也又有小児疳积者其状渐黄色拍背如鼓鸣骨如锯乃积而生热成疳也宜服芦荟丸又宜服猪肚丸又宜服露星膏又小児冷疳多渴好卧冷地烦燥啼呌饮食不进渐成羸痩其候难名上件证有若热证但大便滑泄有药不効者是也唯钱氏论此冷疳宜服木香丸余用之经验乆矣初因女子以此病方三岁百药俱试而无偶中者因阅钱氏方遂合取木香丸数服而愈自后凡有此证无不获痊,病名,[],文本多次出现“小儿”“三岁”“五岁”“十岁”等，明确为儿童人群,脾胃虚弱证,,[],,"[""乏力""]",原文多见“肢体软弱”“渐成羸痩”“骨枯”等，属消瘦乏力类描述,"[""中药内服""]",,"[{""name"": ""木香丸"", ""type"": ""方剂"", ""note"": ""用于治疗小儿冷疳、脾胃虚弱""}, {""name"": ""益黄散"", ""type"": ""方剂"", ""note"": ""用于补脾治疗疳病""}, {""name"": ""地黄丸"", ""type"": ""方剂"", ""note"": ""用于补肝、补肾疳证""}, {""name"": ""芦荟丸"", ""type"": ""方剂"", ""note"": ""用于疳积、疳热""}]",0.2,牙黒骨枯者不治,True,False,愈,"[{""classical_span"": ""牙黒骨枯"", ""why_supports"": ""出现“骨枯”一词，与骨质衰败在语义上存在弱相关""}, {""classical_span"": ""小儿疳"", ""why_supports"": ""明确限定为儿童疳病，非老年或绝经后骨病""}]",1,"[""文本主体为小儿疳病，与现代骨质疏松典型人群不符"", ""缺乏腰背痛、脆性骨折等关键骨质疏松证据"", ""骨枯多为消瘦危重描述，可能并非骨量减少""]",3abac73a7203dbf5e94dba9e98bef657,"['地黄丸', '木香丸', '益黄散', '芦荟丸']",明,['乏力']
ok,4966,2026-02-04 19:56:50,普济方（四库本361-426卷）,1406.0,骨枯,普济方卷三百九十三,十金丹治丁奚哺露由脾胃久虚不能传化水谷以荣血气致骨肉消瘦肾气不足复为风冷所伤使荣骨枯露亦有胎中受毒而成此疾,方药,[],丁奚为小儿疾病，涉及婴幼儿消瘦，非老年或绝经期人群,脾胃虚弱证,,[],,"[""其他""]",骨肉消瘦、荣骨枯露，提示骨骼萎缩样改变,"[""中药内服""]",,"[{""name"": ""十金丹"", ""type"": ""方剂"", ""note"": ""用于治疗丁奚，改善脾胃虚弱、骨肉消瘦""}]",1.0,使荣骨枯露,True,True,,"[{""classical_span"": ""荣骨枯露"", ""why_supports"": ""直接描述骨枯，属于古籍中高度指向骨质疏松的病理表述""}, {""classical_span"": ""骨肉消瘦"", ""why_supports"": ""提示骨与肌肉萎缩，符合骨量不足的慢性表现""}]",1,"[""若将小儿丁奚等同于老年骨病，可能产生人群错配"", ""未出现骨折或疼痛描述，现代临床表现不完全对应"", ""证型多重并存但仅能单选，存在简化风险""]",87ea433f9c3931c1eedb2e2e71e0efbe,['十金丹'],明,['其他']
ok,4968,2026-02-04 19:57:01,普济方（四库本361-426卷）,1406.0,骨枯,普济方卷四百十一,凡四肢者身之支干也其气系于五脏六腑其身度浅薄灸之不欲过多须依经数也过谓余病则宜依之若脚气不拘此例风毒灸之务欲多也依此经数则卒难愈疾小品论灸有八木火明堂论灸之补泻法若能依之应有道理八木之火凡灸用松木火则难愈柏木火则疮多汁橘木火则伤皮桑木火则肉枯木火则体消竹木火则伤筋多壮则筋纵枳木火则陷脉溃榆木火则伤骨多壮则骨枯凡八木之火皆不可用也火用阳燧之火其次用防石之火天阴则用槐木之火阳燧是以火珠向日下以艾于下承之便得火也防石似玉坚以此石系镔铁即火出仍以极烂榆木承之即得亦用艾取之此是匈奴火法今胡人犹尔灸有补泻者甲乙经云用灸补者无吹其火须自灭也以灸泻者疾吹其火付其艾须其火灭也此言以口吹艾炷令疾灭即是泻也不吹听其自灭者即补也小品又云黄帝曰灸不过三分是谓从穴此言作艾炷欲令根下阔三分也若减此则不覆孔穴不中经脉火气不行不能愈病也若江南岭南寒气既少当二分为凖燧小不得减一分半也婴儿以意减之凡灸疮得脓増壊其病乃出疮不壊则病不除也甲乙经云灸不发者灸故履底熨之三日即发也甚宜解此又近有苏恭善医此疾驰名于上京显誉于下邑撰脚气方巻论则信为指南叙灸亦未成胶柱乃云毒气如贼出何必要在大门腹背手足皆须灸也愚谓灸痛风毒所攻腹则引贼入室如何令贼出门特宜知之不可轻脱若手指疾闷灸无妨也若病人患热者若觉针气至病所即退针三二分令病人口吸气鼻出气依经生成数足觉针下阴气隆至依前法出针若病人患寒病者觉针气至病所即进针至二三分令病人鼻吸口呼依本经生成数足觉针下阳气隆至依前法出针,外治法,[],提及“婴儿以意减之”，属施灸剂量注意对象，并非特指骨病人群,删除非辨证文献,原文主要论述灸法材料与补泻操作，并未针对具体证型立论,[],,[],,"[""艾灸""]",,"[{""name"": ""阳燧之火"", ""type"": ""外治"", ""note"": ""文中称为灸火首选来源""}, {""name"": ""防石之火"", ""type"": ""外治"", ""note"": ""次选灸火来源，用艾取火""}, {""name"": ""槐木之火"", ""type"": ""外治"", ""note"": ""天阴时备用灸火来源""}]",0.2,枳木火则陷脉溃榆木火则伤骨多壮则骨枯,True,False,,"[{""classical_span"": ""伤骨多壮则骨枯"", ""why_supports"": ""出现“骨枯”字样，但系施灸不当的损伤描述，非疾病诊断""}]",1,"[""“骨枯”用于说明灸法材料不当的副损伤，而非患者病名"", ""全文缺乏骨弱、易折、腰背痛等骨质疏松核心临床表现"", ""未建立病因、证型或治疗目标与骨病之间的直接对应""]",4607ce2d53175a826fc152fdbd8fdaee,"['槐木之火', '防石之火', '阳燧之火']",明,[]
ok,2113,2026-02-04 18:02:56,针灸神书,1341.0,骨空,卷二·琼瑶神书地部 琼瑶真人治病手法歌,风涎烂眼可怜人，泪出汪汪受苦辛，大小骨空升阳法，艾火须当诚得真。,外治法,[],,删除非辨证文献,原文仅提“骨空升阳法”，未指明具体证型，无法对应固定证型枚举,[],,[],,"[""艾灸""]",,"[{""name"": ""艾火"", ""type"": ""外治"", ""note"": ""用于“骨空升阳法”，强调施灸需得法""}]",1.0,大小骨空升阳法，艾火须当诚得真。,True,True,,"[{""classical_span"": ""大小骨空升阳法"", ""why_supports"": ""明确出现“骨空”，属古籍中与骨质疏松高度对应的病名/范畴""}, {""classical_span"": ""艾火须当诚得真"", ""why_supports"": ""提示以艾灸为主要外治手段，符合慢性骨病调治思路""}]",4,"[""原文未载具体症状，若强行补充腰背痛等表现属臆造"", ""未明确证型与人群，过度映射到固定证型或绝经/老年人群可能不当"", ""治疗效果未记载，若推断疗效结论将超出文本证据""]",527410fd5dd2f79b683ef904e2ce6a11,['艾火'],明,[]
ok,1584,2026-02-04 17:42:50,用药心得十讲-焦树德,2005.0,骨折,第四讲 补益药 狗脊,狗脊为性质平和的补肝肾药，除上述症状外，因肝肾不足而引起的月经过多（配当归炭，白芍，艾炭、生地、黄芩等），白带（配白术，白敛，苍术，茯苓、白鸡冠花等），尿频（配菟丝子，五味子，桑螵蛸等）等证，均可随证加减使用。对老年人腰脊酸，腿软脚弱等证，更为适用。近些年来对于脊椎关节炎，脊髓病，脊椎压缩性骨折后遗症等病，我常在补肝肾，通血脉，祛风寒的基础上加用本药四至八钱（例如曾用于治胸椎压缩性骨折而取得满意效果的主方；生熟地、山药、山萸肉、骨碎补、补骨脂，南红花，川断，杜仲，独活，制附片、淫羊藿，金狗脊、牛膝、炙虎骨，肉桂，随证加减），似有一定帮助，供参考。狗脊毛炒炭有止血作用，主用于外伤止血。用量一般二、三钱，需要时可用到四至八钱。,方药,"[""老年后""]",,肾阳虚证,,"[""原发性-老年型""]",,"[""腰背痛"", ""骨折"", ""活动受限"", ""乏力""]",,"[""中药内服""]",,"[{""name"": ""狗脊（金狗脊）"", ""type"": ""单味药"", ""note"": ""补肝肾，用于老年腰脊酸、压缩性骨折后遗症""}, {""name"": ""熟地黄"", ""type"": ""单味药"", ""note"": ""主方组成之一，补肾""}, {""name"": ""生地黄"", ""type"": ""单味药"", ""note"": ""主方组成之一""}, {""name"": ""山药"", ""type"": ""单味药"", ""note"": ""主方组成之一""}, {""name"": ""山茱萸"", ""type"": ""单味药"", ""note"": ""主方组成之一""}, {""name"": ""骨碎补"", ""type"": ""单味药"", ""note"": ""主方组成之一""}, {""name"": ""补骨脂"", ""type"": ""单味药"", ""note"": ""主方组成之一""}, {""name"": ""川断"", ""type"": ""单味药"", ""note"": ""主方组成之一""}, {""name"": ""杜仲"", ""type"": ""单味药"", ""note"": ""主方组成之一""}, {""name"": ""淫羊藿"", ""type"": ""单味药"", ""note"": ""主方组成之一""}]",0.7,对老年人腰脊酸，腿软脚弱等证，更为适用…曾用于治胸椎压缩性骨折而取得满意效果,True,True,好转,"[{""classical_span"": ""老年人腰脊酸，腿软脚弱"", ""why_supports"": ""符合老年骨量下降所致腰背痛、乏力表现""}, {""classical_span"": ""胸椎压缩性骨折"", ""why_supports"": ""为骨质疏松相关脆性骨折的典型部位""}]",4,"[""文本以用药经验为主，缺乏系统疾病定义"", ""未直接出现骨痿等古籍病名"", ""部分症状亦可见于其他脊柱疾病""]",1834de81636e07f260674c465a7c200e,"['山茱萸', '山药', '川断', '杜仲', '淫羊藿', '熟地黄', '狗脊', '生地黄', '补骨脂', '骨碎补']",近现代,"['乏力', '活动受限', '腰背痛', '骨折']"
ok,1596,2026-02-04 17:43:16,正体类要,1529.0,骨折,下卷 方药,治跌扑伤损，筋骨碎断。先用前汤淋洗，以纸摊贴。若骨折，更以薄木片夹贴，以小绳束三日，再如前法勿去夹板，恐摇动患处，至骨坚牢，方宜去。若被刀剪虫伤成疮，并用姜汁和水调贴，口以风流散填涂。,外治法,[],,删除,,[],,[],,"[""中药外用"", ""其他""]",薄木片夹贴、以小绳束三日属夹板固定等外治处理,"[{""name"": ""前汤"", ""type"": ""方剂"", ""note"": ""先用前汤淋洗患处""}, {""name"": ""姜汁"", ""type"": ""单味药"", ""note"": ""与水调贴于伤疮""}, {""name"": ""风流散"", ""type"": ""方剂"", ""note"": ""用于刀剪虫伤成疮之填涂""}]",0.2,,True,False,,"[{""classical_span"": ""治跌扑伤损，筋骨碎断"", ""why_supports"": ""明确为跌扑外伤所致筋骨损伤与骨折，非内在骨弱""}, {""classical_span"": ""若骨折，更以薄木片夹贴"", ""why_supports"": ""描述急性骨折的固定处理，指向外伤骨病""}]",1,"[""文本为急性跌扑外伤与骨折处理，非慢性骨弱性疾病"", ""未出现骨痿、骨疏、年老骨弱等指向骨质疏松的病名或语义"", ""症状与治法均围绕外伤固定与创口处理，证据不足以强行映射""]",7f8322fe4299388eb342a4f9304e9daf,"['前汤', '姜汁', '风流散']",明,[]
ok,2964,2026-02-04 18:36:59,证治合参,1729.0,骨痿,卷之三 内科,知柏地黄丸（即六味加知母），黄柏　治阴虚火动，骨痿髓枯。,方药,[],,肝肾阴虚证,,[],,"[""其他""]",原文载“骨痿髓枯”，属筋骨萎软、骨质衰弱之象，未直接表述疼痛或骨折,"[""中药内服""]",,"[{""name"": ""知柏地黄丸"", ""type"": ""方剂"", ""note"": ""即六味地黄丸加知母、黄柏，用于治阴虚火动、骨痿髓枯""}, {""name"": ""黄柏"", ""type"": ""单味药"", ""note"": ""用于清虚热，原文指治阴虚火动、骨痿髓枯""}]",1.0,治阴虚火动，骨痿髓枯,True,True,,"[{""classical_span"": ""骨痿髓枯"", ""why_supports"": ""“骨痿”属古籍中与骨质衰弱高度相关的核心病名，直指骨失充养""}]",3,"[""原文未提供明确人群与现代分型信息，若强行对应将构成过度推断"", ""症状未具体到疼痛或骨折，映射需避免扩大解释"", ""条目标题缺失，证据完全依赖上下文摘录""]",1fa733a6d3db5b12d1fb7929ed571fcc,"['知柏地黄丸', '黄柏']",清,['其他']
ok,229,2026-02-04 16:49:30,证治针经,1823.0,骨痿,附 附：集中备检方诀,虎潜丸是补阴方，知母、黄柏当归陈皮、白芍熟地黄，龟板虎胫骨琐阳牛膝共，（羯羊肉酒煮捣烂丸，冬加乾姜一两。）虚羸骨痿此为良。（又丹溪补阴丸，即此方。）,方药,[],,肝肾阴虚证,,[],,[],,"[""中药内服""]",,"[{""name"": ""虎潜丸"", ""type"": ""方剂"", ""note"": ""补阴方，用于虚羸骨痿""}, {""name"": ""丹溪补阴丸"", ""type"": ""方剂"", ""note"": ""又名补阴丸，即虎潜丸""}]",1.0,虚羸骨痿此为良,True,True,,"[{""classical_span"": ""虚羸骨痿此为良"", ""why_supports"": ""直接出现“骨痿”病名，为骨质疏松高度对应的古籍范畴""}]",1,"[""原文未提供明确现代人群或年龄信息，难以精确映射现代表型"", ""未记载骨折、身高变矮等现代表型特征，限制进一步细分"", ""证型判断主要基于方义补阴，文本未直接点明证名""]",85356425094eb9d3abefe68e85ddf988,"['丹溪补阴丸', '虎潜丸']",清,[]
ok,227,2026-02-04 16:49:31,证治针经,1823.0,骨痿,卷一 虚劳,外邪伤阳者，病从上而及下，肺心胃有渐次之诸因；（由肺而逆传至肾，至骨痿不起则死。初治宜分阴邪阳邪，养血祛邪，补正托邪之法。）内邪伤阴者，病由下而及上，肾肝脾见递及之五损。（由肾而递传至肺，至皮聚毛落则曰死。初治当从降火滋阴，剋制生化法。）气血并冲为大厥，（见《素问·调经篇》。）邪传气血号劳风。（固劳感邪，故为劳风病。见《内经》。若血虚感邪，即为血风劳，其涕皆不出，邪不泄由是内舍留连，缠绵不已，不至成劳不已。）八仙（长寿丸、六味丸加麦门冬、五味子）附子（加入），引虚浮之火归原；桂附参耆，收飞越之阳返宅。（末一条原集本列火症。）,病名,[],,删除,,[],,[],,"[""中药内服""]",,"[{""name"": ""八仙（长寿丸）"", ""type"": ""方剂"", ""note"": ""用于虚劳相关骨痿，文中列为治法之一""}, {""name"": ""六味丸加麦门冬、五味子"", ""type"": ""方剂"", ""note"": ""滋阴降火，用于内邪伤阴之治""}, {""name"": ""附子"", ""type"": ""单味药"", ""note"": ""引虚浮之火归原""}, {""name"": ""桂附参耆"", ""type"": ""其他"", ""note"": ""组合用药，收飞越之阳返宅""}]",1.0,由肺而逆传至肾，至骨痿不起则死。,True,True,,"[{""classical_span"": ""至骨痿不起则死"", ""why_supports"": ""明确出现“骨痿”这一与骨质疏松高度对应的古籍病名""}]",1,"[""未出现明确骨痿病名，仅凭泛泛虚劳推断则可能证据不足"", ""若将阴阳虚劳直接等同现代骨质疏松，可能存在过度映射风险"", ""若药物作用未限定于骨病层面，可能导致关联性被夸大""]",dc9e4484f9086e0c72af9696d6f9a229,"['八仙', '六味丸加麦门冬、五味子', '桂附参耆', '附子']",清,[]
ok,174,2026-02-04 16:47:24,证治准绳,1602.0,骨断,证治准绳疡医 卷之六,若元气虚弱，或不戒房劳，或妄行攻伐，致死肉上延，或腐而不痛，黑而不脱者，当大补元气，无可保生。若手足节HT 断去者无妨，骨断筋连不急剪去，若侵及好肉则不治。,治法,[],,血瘀气滞证,,[],,[],,"[""中药内服"", ""针刺""]",,"[{""name"": ""托里散"", ""type"": ""方剂"", ""note"": ""用于脓瘀内焮者，针刺后配合内服""}, {""name"": ""十全大补汤"", ""type"": ""方剂"", ""note"": ""用于口噤遗尿似破伤风者，加附子""}, {""name"": ""附子"", ""type"": ""单味药"", ""note"": ""加用于十全大补汤中以回阳救逆""}]",0.2,骨断筋连，不急剪去,True,False,多有生者,"[{""classical_span"": ""骨断筋连"", ""why_supports"": ""出现骨断描述，涉及骨损伤，但为外伤所致""}]",1,"[""文本为急性外伤骨折处理，非骨弱或骨量减少"", ""未见年老骨弱、易折或慢性骨病描述"", ""将外伤骨折强行等同骨质疏松可能造成误判""]",beade0e4c44315147d752fafbb613032,"['十全大补汤', '托里散', '附子']",明,[]
ok,205,2026-02-04 16:48:40,证治准绳,1602.0,骨断,证治准绳疡医 卷之六,凡腰骨损断，用门一片放地下，一头斜高些，令患人覆眠，以手伸上搬住其门，下用三人拽伸，以手按损处三时久，却用定痛膏、接骨膏敷贴，病患浑身动作一宿至来日，串处无痛，却可自便左右翻转，仍用破血药。凡臀股左右跌出骨者，右入左，左入右，用脚踏进，撙捺平正用药，如跌入内，令患人盘脚，按其肩头，医用膝旅入，虽大痛一时无妨，整顿平正，却用接骨膏、定痛膏敷贴，只宜仰卧，不可翻卧，大动后恐成损患。凡腰腿伤，全用酒佐通气血药，俱要加杜仲。凡胯骨从臀上出者，用二三人捉定腿拔伸，仍以脚捺送入，却用前等膏敷贴。如在裆内出者，则难治。凡脚骨伤甚难整，当临时相度，难泥一说。凡两腿左右打跌骨断者，以手法整其骨，以手拽正，上拽七分于前，下拽五分于后整定，用接骨膏、定痛膏敷贴。以夹缚缚时，先缚中正，后缚上下，外用副夹。若上下有肿痛无虑，五日方可换药。凡辨腿胯骨出内外者，如不粘膝，便是出向内，从内捺入平正；如粘膝不能开，便是出向外，从外捺入平正，临机应变。凡脚盘出臼，令患人坐定，医人以脚从腿上一踏一搬，双手一撙捺，摇二三次，却用接骨膏、定痛膏，或理伤膏敷贴。凡膝盖损断，用手按捺进平正后，用前膏敷贴，桑白皮夹缚，作四截缚之。,外治法,[],,血瘀气滞证,原文为跌打损伤、骨断整复之急性外伤处理，未见内在虚损证型描述,[],,"[""骨痛"", ""骨折"", ""活动受限""]",,"[""中药外用"", ""其他""]",手法整复、牵引、夹缚固定等外科正骨法,"[{""name"": ""定痛膏"", ""type"": ""外治"", ""note"": ""整复后外敷止痛""}, {""name"": ""接骨膏"", ""type"": ""外治"", ""note"": ""用于骨断、脱臼后固定敷贴""}, {""name"": ""破血药"", ""type"": ""其他"", ""note"": ""整复后内服以行瘀""}, {""name"": ""杜仲"", ""type"": ""单味药"", ""note"": ""腰腿伤用酒佐通气血时加用""}, {""name"": ""桑白皮"", ""type"": ""单味药"", ""note"": ""膝盖损断时夹缚用""}]",0.2,凡腰骨损断…用接骨膏、定痛膏敷贴,True,False,好转,"[{""classical_span"": ""凡腰骨损断"", ""why_supports"": ""描述明确为外伤性骨折""}, {""classical_span"": ""跌出骨者"", ""why_supports"": ""强调跌打损伤致骨折而非骨弱自折""}]",1,"[""文本为急性外伤骨折处理，非慢性骨弱疾病"", ""未见年老、久病或骨痿骨枯等指向性表述"", ""骨折成因为跌打损伤，不能直接映射骨质疏松""]",5f6d35e96b8d2ea0fb48ada29800e879,"['定痛膏', '接骨膏', '杜仲', '桑白皮', '破血药']",明,"['活动受限', '骨折', '骨痛']"
ok,207,2026-02-04 16:48:40,证治准绳,1602.0,骨断,证治准绳疡医 卷之六,上为末。先将折伤处揣定，令入原位。以姜汁调药如糊，摊纸上贴骨断处，用杉木片夹定，以绳缚之莫令转动。三五日后开看，以温葱汤洗后，再贴药，复夹七日。如痛再加没药。,外治法,[],,血瘀气滞证,原文为跌仆折伤后局部外治固定，未涉及内在虚损证候，无法对应给定证型,[],,[],,"[""中药外用""]",,"[{""name"": ""姜汁"", ""type"": ""外治"", ""note"": ""调药如糊外贴骨断处""}, {""name"": ""杉木片"", ""type"": ""外治"", ""note"": ""夹定骨断处以固定""}, {""name"": ""没药"", ""type"": ""单味药"", ""note"": ""疼痛时加用""}, {""name"": ""温葱汤"", ""type"": ""外治"", ""note"": ""拆夹后清洗患处""}]",0.2,,True,False,,"[{""classical_span"": ""贴骨断处，用杉木片夹定"", ""why_supports"": ""明确为外伤性骨折的固定处理，非骨弱或脆性骨折描述""}]",1,"[""文本为急性外伤骨折处理，缺乏骨弱、骨痿等内在病机证据"", ""未出现老年、久病或反复易折等提示骨质疏松的关键信息"", ""仅据“骨断”即强行对应骨质疏松可能造成过度映射""]",bdc679de20be8e78c874b1d815670112,"['姜汁', '杉木片', '没药', '温葱汤']",明,[]
ok,1890,2026-02-04 17:53:57,证治准绳,1602.0,骨折,证治准绳疡医 卷之六,上为细末。每服一钱，不拘时酒调下。如损骨折，乳香五钱。,方药,[],,血瘀气滞证,原文仅述骨折用药，未涉及证候辨证,[],,"[""骨折""]",原文仅载“如损骨折”，未说明是否为脆性或反复骨折,"[""中药内服""]",,"[{""name"": ""乳香"", ""type"": ""单味药"", ""note"": ""骨折时加用，酒调内服""}]",0.2,如损骨折，乳香五钱。,True,True,,"[{""classical_span"": ""如损骨折"", ""why_supports"": ""仅提示骨折治疗，与骨质疏松相关性较弱，缺乏骨弱或反复骨折描述""}]",1,"[""文本仅涉及急性骨折处理，缺乏慢性骨弱证据"", ""未出现骨痿、骨疏等高度相关古籍病名"", ""未提供人群年龄或体质信息，难以映射现代表型""]",7a6de914216235340f1deb5959482760,['乳香'],明,['骨折']
ok,3841,2026-02-04 19:12:58,章次公医案中附子的应用,2012.0,骨痹,正文 散寒止痛,左上肢痛：《素问•上古天真论》云：”年半百而动作皆衰。”所以然者，人类受工作紧张、客观环境等诸多因素的影响，加之不知摄生，以致年甫半百，即以气血不足而血运迟缓，渐致气血阻滞，肌肤、经脉、关节之分，始则以缺少气之温煦，血之濡养于前，继以气血运行不畅而痹阻于后，此刻往往两上肢肩部交替疼痛，动作不灵，难以上举后伸。先生治此骨痹证，多从温经养血，祛邪通络着手。如”赵，男，左臂经脉疼痛，上及肩胛，下达肘部，五十以后有之，多属血虚不能营养经脉。附块、川芎、羌独活、当归、秦艽、海风藤、桑枝、　莶草”。,病名,"[""老年后""]",,肾阳虚证,,[],,"[""骨痛"", ""活动受限""]",,"[""中药内服""]",,"[{""name"": ""附块"", ""type"": ""单味药"", ""note"": ""温经散寒止痛""}, {""name"": ""川芎"", ""type"": ""单味药"", ""note"": ""活血行气""}, {""name"": ""羌独活"", ""type"": ""单味药"", ""note"": ""祛风湿止痛""}, {""name"": ""当归"", ""type"": ""单味药"", ""note"": ""养血活血""}, {""name"": ""秦艽"", ""type"": ""单味药"", ""note"": ""祛风湿止痛""}, {""name"": ""海风藤"", ""type"": ""单味药"", ""note"": ""通络止痛""}, {""name"": ""桑枝"", ""type"": ""单味药"", ""note"": ""通络利关节""}, {""name"": ""莶草"", ""type"": ""单味药"", ""note"": ""祛风湿""}]",0.2,“年半百而动作皆衰……五十以后有之，多属血虚不能营养经脉。”,True,True,,"[{""classical_span"": ""年半百而动作皆衰"", ""why_supports"": ""提示随年龄增长出现机体衰退""}, {""classical_span"": ""骨痹证"", ""why_supports"": ""属慢性骨关节病范畴，弱相关""}]",1,"[""仅描述痹证疼痛，未见骨弱或骨折证据"", ""无腰背痛、身高变矮等典型骨质疏松表现"", ""年龄相关但病因更偏风寒湿痹""]",2dd89a2682a55a2c93b03113c16fa2eb,"['川芎', '当归', '桑枝', '海风藤', '秦艽', '羌独活', '莶草', '附块']",近现代,"['活动受限', '骨痛']"
ok,3165,2026-02-04 18:45:26,证治准绳,1602.0,骨痿；骨枯,证治准绳杂病 卷之四,观其微旨，是用五志、五劳、六淫，从脏气所要者，各举其一以为例耳。若会通八十一篇而言，便见五劳、五志、六淫，尽得成五脏之热以为痿也。何则？言肺气热则皮痿，因有所失亡，所求不得者，与他篇之谓始富后贫，虽不伤邪，皮焦筋屈，痿 为挛者，同是一于七情之不扬。若病机之谓诸痿喘呕，诸气愤郁，皆属于上者言之，即此可推，何热而不为痿，何脉而不为热也。如言心气热为脉痿，因得之悲哀太甚，阳气内动而血崩，大经空虚，乃为脉痿，此以心为神明之官，主脉为要者言也。及乎推之，五脏各有神，各有志，若怒则气上逆，甚则呕血之类，亦五志所动，以热伤血，血逆行于经脉亦必空虚。有若形乐志苦，病生于脉。则是五志皆得以痿其脉，不独悲哀一因也。且五志之在各脏，自伤其所属。若怒甚筋纵，其若不容与形乐志乐，病生于肉，形苦志乐，病生于筋。又若忧恐喜怒，因太虚则五脏相乘，故病有五五二十五变，皆至于大骨枯槁，大肉陷下之病。其神志在五脏之为热病者不可胜计。如言肝脏气热，因思想无穷，所愿不得，犹肺之所求不得也。其入房太甚，宗筋弛纵，亦犹肾之远行劳倦也。即此可见，五劳各得伤其五脏所合之皮肉筋骨矣。如言脾脏气热，因得之有渐于湿，以水为事者，若岁运太阴湿土司天，在泉之湿，皆致肌肉痿，足痿不收，此是从五脏中举外感者为例耳。诸脏皆然，少阴之复为骨痿。少阳之复为脉痿。阳明司天之政，四之气，亦为骨痿。厥阴司天，风气下临，脾气上从，而为肌肉痿。有因于湿，首如裹，湿热不攘，大筋软短，小筋弛长，软短为拘，弛长为痿。《灵枢》有八风之变，或伤筋，或伤肉，或伤骨，与邪客筋骨间者，热多则筋弛，骨消肉烁。夫其外淫而生五脏痿病者如此。然有不言邪，止从经脏之虚而论者，谓脾病者，身重肌肉痿，足痿不收，行善螈。谓肾虚者，为跛为痱。谓三阳有余，三阴不足为偏枯。谓足少阳之别，虚则痿 ，坐不能起。足阳明之别，虚则足不收，胫枯。又有饮食所伤，味过于咸，则大骨气劳。味过于辛，则筋脉沮弛。与夫膏粱之人，病偏枯痿厥。以上所陈，止就本条足痿不用者言耳。至若五脏尽热，神昏仆倒，手足俱不用，世俗所谓瘫痪者，岂非亦是痿之大者也。又若下条肺痿之为脏病者，而经又有心气痿者死，则是五脏尽有其痿，盖可知矣。《原病式》论小便遗失，谓肺热客于肾部，干于足厥阴之经，而气血不得宣通则痿痹，故神无所用，而不遂其机，因致溲便遗失。由是论之，凡神机气血或劣弱，或闭塞，即脏腑经络四属，若内若外，随处而不用。故《内经》重其事，叠出诸篇，后之览者，竟失其旨。集方论者，或并见虚劳证，或并见风门，赖丹溪始发挥千余年之误表而出之，而复语焉不详，可惜也。曰痿论，阳明冲脉合宗筋，会于气街，因阳明虚，故宗筋纵，带脉不引而足痿，所以独取阳明。今子历陈受病之邪及诸痿证，又将若之何治，曰圣人凡语其一，推之而可十可百，岂惟足痿而已乎。所谓各补其荥而通其俞，调其虚实，和其逆顺者，则治邪之法尽在其中矣。所云筋脉骨肉，各以其时受月则病已者，治四属内外诸痿之法，亦在其中矣。然而诸痿之病，未有不因阳明虚而得者，何以言之？按《灵枢》有谓真气所受于天，与谷气并而充身也。又谓谷始入于胃之两焦，以溉五脏，别出两行荣卫之道，其大气之搏而不行者，积于胸中，命曰气海。《素问》则谓足太阴者，三阴也，其脉贯胃属脾络嗌，故太阴为之行气于三阴。阳明者，表也，五脏六腑之海也，亦为之行气于三阳。脏腑各因其经而受气于阳明，故为胃行其津液。四肢不得禀水谷气，日以益衰，阴dao不利，筋骨肌肉无气以生，故不用焉。而冲脉者，出于肾下，与任脉起于胞中，治血海亦云，为五脏六腑之海也。五脏六腑皆禀焉。其上行者，渗三阳，灌诸精。其下行者，渗三阴，灌诸络而温肌肉，与阳明宗筋会于气冲。因言阳明虚则宗筋纵，带脉不引，故足痿不用也。即此而观，真气者，天之道也。谷气者，地之道也。地非天不生，天非地不成，是故真气与谷气并而后生成，形气之道立矣。故阳明虚，于五脏无所禀，则不能行血气，营阴阳，濡筋骨，利关节。气海无所受，则卫气不能温分肉，充皮肤，肥腠理，司开阖。血海无所受，则上下内外之络脉空虚，于是精神气血之奉生身、周于性命者劣弱矣。故百体中随其不得受水谷气处，则不用而为痿，治痿不独取阳明而何哉。丹溪云：肺金体燥居上而主气，畏火者也。脾土性湿居中而主四肢，畏木者也。火性炎上，若嗜欲无节，则水失所养，火寡于畏，而侮所胜，肺得火邪而热矣。木性刚急，肺受热邪则金失所养，木寡于畏而侮所胜，脾得木邪而伤矣。肺热则不能管摄一身，脾伤则四肢不能为用，而诸痿作矣。泻南方，则肺金清而东方不实，何脾伤之有。补北方，则心火降而西方不虚，何肺热之有。故阳明实则宗筋润，能束骨而利机关矣。治痿之法，无出于此。骆龙吉亦曰风火相炽，当滋肾水。东垣先生取黄柏为君，黄 等药为辅佐，而无一定之方。有兼痰积者，有湿多者，有热多者，有湿热相半者，有挟寒者，临病制方，其善于治痿乎。虽然药中肯綮矣，若将理失宜，圣医不治也。天产作阳，浓味发热，凡病痿者，若不淡薄滋味，吾知其必不能安全也。按丹溪以《难经》泻南补北之法，摘为治痿之方，亦是举其例耳。若胃口不开，饮食少进者，当以芳香辛温之剂进之，不可拘于此例，宜藿香养胃汤主之。,病名,"[""情志异常""]",,肝肾阴虚证,,"[""其他""]",原文为广义“骨痿/骨枯”范畴，未限定绝经或老年等现代分型，仅作总体骨质衰败类比,"[""活动受限"", ""乏力""]",,"[""中药内服""]",,"[{""name"": ""黄柏"", ""type"": ""单味药"", ""note"": ""东垣治痿取为君药，用于清热滋肾""}, {""name"": ""藿香养胃汤"", ""type"": ""方剂"", ""note"": ""用于胃口不开、饮食少进之痿证""}]",1.0,皆至于大骨枯槁，大肉陷下之病……少阴之复为骨痿,True,True,,"[{""classical_span"": ""少阴之复为骨痿"", ""why_supports"": ""直接出现“骨痿”病名，为骨质衰弱高度相关表述""}, {""classical_span"": ""大骨枯槁，大肉陷下"", ""why_supports"": ""描述骨枯肉陷，符合骨量减少、结构衰败特征""}]",3,"[""若将广义痿证等同于单一现代骨质疏松分型，可能过度映射"", ""文本偏重病机理论，缺乏具体骨折等现代诊断要点"", ""治疗药物为治痿通法，未专指骨病亦可能被质疑相关性""]",32d0c89955395d3b030fdef6d9377403,"['藿香养胃汤', '黄柏']",明,"['乏力', '活动受限']"
ok,3308,2026-02-04 18:51:40,证治准绳,1602.0,骨虚,证治准绳类方 卷之一,鹿角丸 治骨虚极，面肿垢黑，脊痛不能久立，血气衰惫，发落齿枯，甚则喜睡。,病名,[],,肾虚血瘀证,原文仅述“骨虚极”及症状，未明确归属具体证型,[],,"[""腰背痛"", ""骨痛"", ""活动受限"", ""乏力""]",,"[""中药内服""]",,"[{""name"": ""鹿角"", ""type"": ""单味药"", ""note"": ""用于治疗骨虚相关症状""}]",0.7,骨虚极，脊痛不能久立，血气衰惫，发落齿枯,True,True,,"[{""classical_span"": ""骨虚极"", ""why_supports"": ""直接描述骨体虚损，指向骨量不足范畴""}, {""classical_span"": ""脊痛不能久立"", ""why_supports"": ""符合骨质疏松常见的腰背痛与功能受限""}, {""classical_span"": ""发落齿枯"", ""why_supports"": ""反映骨与齿同源的衰败状态""}]",1,"[""未提及骨折等关键现代诊断要素，可能被质疑映射过度"", ""中医证型未明确，存在分类不确定性"", ""缺乏人群与年龄信息，难以对应具体现代表型""]",442386da87365f8b59a555a0c8150bfe,['鹿角'],明,"['乏力', '活动受限', '腰背痛', '骨痛']"
ok,5148,2026-02-04 20:04:31,证治准绳,1602.0,骨枯,证治准绳杂病 卷之一,宜八味顺气散，或调气散，或四七汤。手足搐搦为风厥，宜小续命汤。因酒而得为酒厥，宜二陈汤加干葛、青皮，或葛花解酲汤。又有骨枯爪痛为骨厥，身立如椽为厥，喘而惋为阳明厥，此皆由气逆也。厥亦有腹满不知人者，一二日稍知人者，皆卒然闷乱者，皆因邪气乱，阳气逆，是少阴肾脉不至也。肾气衰少，精血奔逸，使气促迫，上入胸胁，宗气反结心下，阳气退下，热归股腹，与阴相助，令身不仁。,病名,"[""情志异常""]",,肝肾阴虚证,,[],,"[""骨痛""]",,"[""中药内服""]",,"[{""name"": ""八味顺气散"", ""type"": ""方剂"", ""note"": ""用于厥证调气""}, {""name"": ""调气散"", ""type"": ""方剂"", ""note"": ""用于气逆相关厥证""}, {""name"": ""四七汤"", ""type"": ""方剂"", ""note"": ""用于厥证""}, {""name"": ""小续命汤"", ""type"": ""方剂"", ""note"": ""用于风厥手足搐搦""}, {""name"": ""二陈汤加干葛、青皮"", ""type"": ""方剂"", ""note"": ""用于酒厥""}, {""name"": ""葛花解酲汤"", ""type"": ""方剂"", ""note"": ""用于酒厥""}]",1.0,又有骨枯爪痛为骨厥,True,True,,"[{""classical_span"": ""骨枯爪痛为骨厥"", ""why_supports"": ""出现“骨枯”直指骨质衰败，与骨质疏松高度相符""}]",1,"[""文本未涉及现代骨折等指标，映射存在时代差异"", ""方药针对厥证整体，未专述骨枯单独疗效"", ""缺乏明确人群年龄信息，限制现代表型判断""]",9e5cb385c6dd30c4ff182fed450c2606,"['二陈汤加干葛、青皮', '八味顺气散', '四七汤', '小续命汤', '葛花解酲汤', '调气散']",明,['骨痛']
ok,874,2026-02-04 17:14:56,证治准绳·杂病,1602.0,骨痿,第一册·诸伤门 虚劳,二损损于心，故血脉虚弱，不能荣于脏腑，妇人则月水不通。三损损于胃，故饮食不为肌肤也。自下而损者，一损损于肾，故骨痿不起于床。二损损于肝，故筋缓不能自收持。三损损于脾，故饮食不能消克也。故心肺损则色弊，肝肾损则形痿，脾胃损则谷不化也。治肺损皮聚而毛落，宜益气，四君子汤。治心肺虚损，皮聚毛落，血脉虚耗，妇人月水愆期，宜益气和血，八物汤。治心肺损及胃，损饮食，不为肌肤，宜益气和血，调饮食，十全散。治肾损，骨痿不能起于床，宜益精补肾，金刚丸。治肾肝损，骨痿不能起于床，宜益精。筋缓不能自收时，宜缓中牛膝丸。治肝肾损及脾，食谷不化，宜益精缓中消谷，煨肾丸。如阳盛阴虚，肝肾不足，房室虚损，形瘦无力，面多青黄而无常色，宜荣血养肾，地黄丸。如阳盛阴虚，心肺不足，及男子妇人面无血色，食少嗜卧，肢体困倦，宜八味丸。,病名,"[""围绝经期""]",,肝肾阴虚证,,"[""原发性-绝经后型""]",,"[""活动受限"", ""乏力""]",,"[""中药内服""]",,"[{""name"": ""金刚丸"", ""type"": ""方剂"", ""note"": ""治肾损骨痿不能起于床""}, {""name"": ""缓中牛膝丸"", ""type"": ""方剂"", ""note"": ""治肝肾损筋缓不能自收""}, {""name"": ""煨肾丸"", ""type"": ""方剂"", ""note"": ""治肝肾损及脾，食谷不化""}, {""name"": ""地黄丸"", ""type"": ""方剂"", ""note"": ""阳盛阴虚，肝肾不足""}, {""name"": ""八味丸"", ""type"": ""方剂"", ""note"": ""心肺不足，形体困倦""}]",1.0,治肾损，骨痿不能起于床,True,True,,"[{""classical_span"": ""骨痿不能起于床"", ""why_supports"": ""直接描述骨痿与起居功能受限，强指向骨弱萎软""}, {""classical_span"": ""肝肾损则形痿"", ""why_supports"": ""肝肾亏损导致形体痿弱，符合慢性骨量不足""}]",1,"[""若将急性外伤骨折误纳入本条将属臆造"", ""若忽略原文仅论虚损而强行对应继发性骨病"", ""若证型多选而未遵循单选约束""]",ffe986576df773ff36b5baa5928b339f,"['八味丸', '地黄丸', '煨肾丸', '缓中牛膝丸', '金刚丸']",明,"['乏力', '活动受限']"
ok,882,2026-02-04 17:15:15,证治准绳·杂病,1602.0,骨痿；骨枯,第四册·痿痹门 痿,观其微旨，是用五志、五劳、六淫，从脏气所要者，各举其一以为例耳。若会通八十一篇而言，便见五劳、五志、六淫，尽得成五脏之热以为痿也。何则？言肺气热则皮痿，因有所失亡，所求不得者，与他篇之谓始富后贫，虽不伤邪，皮焦筋屈，痿 为挛者，同是一于七情之不扬。若病机之谓诸痿喘呕，诸气愤郁，皆属于上者言之，即此可推，何热而不为痿，何脉而不为热也。如言心气热为脉痿，因得之悲哀太甚，阳气内动而血崩，大经空虚，乃为脉痿，此以心为神明之官，主脉为要者言也。及乎推之，五脏各有神，各有志，若怒则气上逆，甚则呕血之类，亦五志所动，以热伤血，血逆行于经脉亦必空虚。有若形乐志苦，病生于脉。则是五志皆得以痿其脉，不独悲哀一因也。且五志之在各脏，自伤其所属。若怒甚筋纵，其若不容与形乐志乐，病生于肉，形苦志乐，病生于筋。又若忧恐喜怒，因太虚则五脏相乘，故病有五五二十五变，皆至于大骨枯槁，大肉陷下之病。其神志在五脏之为热病者不可胜计。如言肝脏气热，因思想无穷，所愿不得，犹肺之所求不得也。其入房太甚，宗筋弛纵，亦犹肾之远行劳倦也。即此可见，五劳各得伤其五脏所合之皮肉筋骨矣。如言脾脏气热，因得之有渐于湿，以水为事者，若岁运太阴湿土司天，在泉之湿，皆致肌肉痿，足痿不收，此是从五脏中举外感者为例耳。诸脏皆然，少阴之复为骨痿。少阳之复为脉痿。阳明司天之政，四之气，亦为骨痿。厥阴司天，风气下临，脾气上从，而为肌肉痿。有因于湿，首如裹，湿热不攘，大筋软短，小筋弛长，软短为拘，弛长为痿。《灵枢》有八风之变，或伤筋，或伤肉，或伤骨，与邪客筋骨间者，热多则筋弛，骨消肉烁。夫其外淫而生五脏痿病者如此。然有不言邪，止从经脏之虚而论者，谓脾病者，身重肌肉痿，足痿不收，行善螈。谓肾虚者，为跛为痱。谓三阳有余，三阴不足为偏枯。谓足少阳之别，虚则痿 ，坐不能起。足阳明之别，虚则足不收，胫枯。又有饮食所伤，味过于咸，则大骨气劳。味过于辛，则筋脉沮弛。与夫膏粱之人，病偏枯痿厥。以上所陈，止就本条足痿不用者言耳。至若五脏尽热，神昏仆倒，手足俱不用，世俗所谓瘫痪者，岂非亦是痿之大者也。又若下条肺痿之为脏病者，而经又有心气痿者死，则是五脏尽有其痿，盖可知矣。《原病式》论小便遗失，谓肺热客于肾部，干于足厥阴之经，而气血不得宣通则痿痹，故神无所用，而不遂其机，因致溲便遗失。由是论之，凡神机气血或劣弱，或闭塞，即脏腑经络四属，若内若外，随处而不用。故《内经》重其事，叠出诸篇，后之览者，竟失其旨。集方论者，或并见虚劳证，或并见风门，赖丹溪始发挥千余年之误表而出之，而复语焉不详，可惜也。曰痿论，阳明冲脉合宗筋，会于气街，因阳明虚，故宗筋纵，带脉不引而足痿，所以独取阳明。今子历陈受病之邪及诸痿证，又将若之何治，曰圣人凡语其一，推之而可十可百，岂惟足痿而已乎。所谓各补其荥而通其俞，调其虚实，和其逆顺者，则治邪之法尽在其中矣。所云筋脉骨肉，各以其时受月则病已者，治四属内外诸痿之法，亦在其中矣。然而诸痿之病，未有不因阳明虚而得者，何以言之？按《灵枢》有谓真气所受于天，与谷气并而充身也。又谓谷始入于胃之两焦，以溉五脏，别出两行荣卫之道，其大气之搏而不行者，积于胸中，命曰气海。《素问》则谓足太阴者，三阴也，其脉贯胃属脾络嗌，故太阴为之行气于三阴。阳明者，表也，五脏六腑之海也，亦为之行气于三阳。脏腑各因其经而受气于阳明，故为胃行其津液。四肢不得禀水谷气，日以益衰，阴道不利，筋骨肌肉无气以生，故不用焉。而冲脉者，出于肾下，与任脉起于胞中，治血海亦云，为五脏六腑之海也。五脏六腑皆禀焉。其上行者，渗三阳，灌诸精。其下行者，渗三阴，灌诸络而温肌肉，与阳明宗筋会于气冲。因言阳明虚则宗筋纵，带脉不引，故足痿不用也。即此而观，真气者，天之道也。谷气者，地之道也。地非天不生，天非地不成，是故真气与谷气并而后生成，形气之道立矣。故阳明虚，于五脏无所禀，则不能行血气，营阴阳，濡筋骨，利关节。气海无所受，则卫气不能温分肉，充皮肤，肥腠理，司开阖。血海无所受，则上下内外之络脉空虚，于是精神气血之奉生身、周于性命者劣弱矣。故百体中随其不得受水谷气处，则不用而为痿，治痿不独取阳明而何哉。丹溪云：肺金体燥居上而主气，畏火者也。脾土性湿居中而主四肢，畏木者也。火性炎上，若嗜欲无节，则水失所养，火寡于畏，而侮所胜，肺得火邪而热矣。木性刚急，肺受热邪则金失所养，木寡于畏而侮所胜，脾得木邪而伤矣。肺热则不能管摄一身，脾伤则四肢不能为用，而诸痿作矣。泻南方，则肺金清而东方不实，何脾伤之有。补北方，则心火降而西方不虚，何肺热之有。故阳明实则宗筋润，能束骨而利机关矣。治痿之法，无出于此。骆龙吉亦曰风火相炽，当滋肾水。东垣先生取黄柏为君，黄 等药为辅佐，而无一定之方。有兼痰积者，有湿多者，有热多者，有湿热相半者，有挟寒者，临病制方，其善于治痿乎。虽然药中肯綮矣，若将理失宜，圣医不治也。天产作阳，浓味发热，凡病痿者，若不淡薄滋味，吾知其必不能安全也。按丹溪以《难经》泻南补北之法，摘为治痿之方，亦是举其例耳。若胃口不开，饮食少进者，当以芳香辛温之剂进之，不可拘于此例，宜藿香养胃汤主之。,病名,"[""情志异常""]",,肝肾阴虚证,,[],,"[""活动受限"", ""乏力""]",,"[""中药内服""]",,"[{""name"": ""黄柏"", ""type"": ""单味药"", ""note"": ""东垣取为君药，用于治痿""}, {""name"": ""藿香养胃汤"", ""type"": ""方剂"", ""note"": ""用于胃口不开、饮食少进之痿证""}]",1.0,少阴之复为骨痿……大骨枯槁，大肉陷下,True,True,,"[{""classical_span"": ""少阴之复为骨痿"", ""why_supports"": ""直接出现“骨痿”病名，与骨量衰减高度一致""}, {""classical_span"": ""大骨枯槁，大肉陷下"", ""why_supports"": ""描述骨枯肉陷，符合骨质疏松形态学特征""}]",1,"[""文本未明确提及现代诊断标准，可能被误解为其他痿证"", ""症状多源于五脏热痿，未专指骨折风险"", ""治疗多为整体调理，非专门骨病论述""]",77e642ae4bcce7fa11a7f21a922d2a26,"['藿香养胃汤', '黄柏']",明,"['乏力', '活动受限']"
ok,880,2026-02-04 17:15:18,证治准绳·杂病,1602.0,骨痿；骨枯,第四册·诸痛门 腰痛,每服五七十丸，食前温酒、白汤任下。（以上俱用下药，实者宜之。）腰胯连脚膝晓夜疼痛，宜虎骨散、补骨脂丸、百倍丸、养肾散、选而用之。大抵诸腰痛皆起肾虚，既挟邪气，则须除其邪。如无外邪积滞而自痛，则惟补肾而已。腰肢痿弱，身体疲倦，脚膝酸软，脉或洪或细而皆无力，痛亦攸攸隐隐而不甚，是其候也。亦分寒热二证，脉细而无力，怯怯短气，小便清利，是为阳虚。宜肾气丸、茴香丸、鹿茸、羊肾之属，或以大建中汤加川椒十粒，吞下腰肾丸，及生料鹿茸丸之类。仍以茴香炒研末，破开猪腰子，作薄片勿令断，层层掺药末，水纸裹煨熟，细嚼酒咽。此皆所以补阳之不足也。其脉洪而无力，小便黄赤，虚火时炎，是谓阴虚。东垣所谓膏粱之人，久服汤药，醉以入房，损其真气，则肾气热，肾气热则腰脊痛而不能举，久则髓减骨枯，发为骨痿。宜六味丸、滋肾丸、封髓丹、补阴丸之类。以补阴之不足也。杨仁斋云：经云，腰者肾之腑，转摇不能，肾将惫矣。审如是则病在少阴，必究其受病之源，而处之为得。虽然宗筋聚于阴器，肝者肾之同系也。五脏皆取气于谷，脾者肾之仓廪也。郁怒伤肝则诸筋纵弛，忧思伤脾则胃气不行，二者又能为腰痛之冠，故并及之。郁怒伤肝发为腰痛，宜调肝散主之。忧思伤脾发为腰痛，宜沉香降气汤和调气散，姜、枣煎主之。煨肾丸，治肝肾损及脾损，谷不化，腰痛不起者神效。又有沮锉失志伤肾而痛者，和剂七气汤，多加白茯苓，少加乳香、沉香主之。疟痢后腰痛，及妇人月经后腰痛，俱属虚，宜补。于补气血药中，加杜仲、侧柏叶主之。丹溪云：久腰痛，必用官桂开之方止，腹胁痛亦然。橘香丸，治腰痛经久不瘥，亦用官桂开之之意也。,病名,[],,肝肾阴虚证,,[],,"[""腰背痛"", ""骨痛"", ""活动受限""]",,"[""中药内服"", ""针刺"", ""中药外用""]",,"[{""name"": ""六味地黄丸"", ""type"": ""方剂"", ""note"": ""补阴之不足，用于骨痿骨枯相关腰脊痛""}, {""name"": ""滋肾丸"", ""type"": ""方剂"", ""note"": ""滋补肾阴，治疗髓减骨枯""}, {""name"": ""封髓丹"", ""type"": ""方剂"", ""note"": ""补阴固髓，用于久则骨痿""}, {""name"": ""肾气丸"", ""type"": ""方剂"", ""note"": ""补肾助阳，治肾虚腰痛""}, {""name"": ""茴香丸"", ""type"": ""方剂"", ""note"": ""温补肾阳，治转摇不能之腰痛""}, {""name"": ""独活寄生汤"", ""type"": ""方剂"", ""note"": ""治风湿腰痛，兼补肝肾""}, {""name"": ""摩腰膏"", ""type"": ""外治"", ""note"": ""外用缓解寒湿或感寒所致腰痛""}]",1.0,久则髓减骨枯，发为骨痿,True,True,,"[{""classical_span"": ""久则髓减骨枯，发为骨痿"", ""why_supports"": ""直接出现骨痿、骨枯，为古籍中与骨质疏松高度一致的病名与病机描述""}, {""classical_span"": ""腰者肾之腑，转摇不能"", ""why_supports"": ""强调肾虚致腰部功能受限，符合骨量不足相关表现""}]",1,"[""若未出现骨痿骨枯等明确病名则相关性不足"", ""若将急性外伤或单纯痹证误标为骨质疏松属过度映射"", ""若现代表型或人群强行推断而无原文依据则不合格""]",91c92d1e5e05f794e83c2b3d16022b06,"['六味地黄丸', '封髓丹', '摩腰膏', '滋肾丸', '独活寄生汤', '肾气丸', '茴香丸']",明,"['活动受限', '腰背痛', '骨痛']"
ok,883,2026-02-04 17:15:21,证治准绳·杂病,1602.0,骨痿；骨枯,第四册·痿痹门 痿,故《下经》曰：肉痿者，得之湿地也。又曰：脾热者，色黄而肉蠕动。宜苍、白术，二陈，入霞天膏之属主之。肾气热则腰脊不举，骨枯而髓减，发为骨痿。有所远行劳倦，逢大热而渴，渴则阳气内伐，内伐则热舍于肾，肾者水脏也，今水不胜火则骨枯而髓虚，故足不任身发为骨痿。故《下经》曰：骨痿者，生于大热也。又曰：肾热者，色黑而齿槁。宜金刚丸。肾肝俱损，骨痿不能起于床，筋弱不能收持，宜益精缓中，宜牛膝丸、加味四斤丸。,病名,[],,肝肾阴虚证,,[],,"[""活动受限""]",,"[""中药内服""]",,"[{""name"": ""苍术"", ""type"": ""单味药"", ""note"": ""用于肉痿，配伍使用""}, {""name"": ""白术"", ""type"": ""单味药"", ""note"": ""用于肉痿，配伍使用""}, {""name"": ""二陈汤"", ""type"": ""方剂"", ""note"": ""治疗脾热肉痿""}, {""name"": ""霞天膏"", ""type"": ""其他"", ""note"": ""入方使用，治疗肉痿""}, {""name"": ""金刚丸"", ""type"": ""方剂"", ""note"": ""治疗肾热骨痿""}, {""name"": ""牛膝丸"", ""type"": ""方剂"", ""note"": ""治疗肾肝俱损之骨痿""}, {""name"": ""加味四斤丸"", ""type"": ""方剂"", ""note"": ""治疗骨痿不能起床""}]",1.0,肾气热则腰脊不举，骨枯而髓减，发为骨痿,True,True,,"[{""classical_span"": ""骨枯而髓减，发为骨痿"", ""why_supports"": ""直接描述骨质枯萎、髓减，符合骨质疏松核心特征""}, {""classical_span"": ""骨痿不能起于床"", ""why_supports"": ""提示严重骨骼功能障碍，与骨质疏松致残表现相符""}]",1,"[""若未明确指出骨枯或骨痿，可能仅为一般痿证"", ""未限定人群年龄，难以区分具体现代表型"", ""部分用药配伍背景不明，可能被误解为其他病证""]",11e100f83783c5edf0c964fe206db65f,"['二陈汤', '加味四斤丸', '牛膝丸', '白术', '苍术', '金刚丸', '霞天膏']",明,['活动受限']
ok,3439,2026-02-04 18:57:18,证治准绳·杂病,1602.0,骨极；骨枯,第一册·诸伤门 虚劳,《素问》云：脉虚、气虚、尺虚，是谓重虚。所谓气虚者，言无常也；尺虚者，行步 然；脉虚者，不象阴也。又云：脉细，皮寒，气少，泄利前后，饮食不入，是谓五虚。五虚死，浆粥入胃泄注止，则虚可活。治用黄 建中汤、理中汤之类。此《素问》但言虚而无劳瘵之名，然其因则固屡言之矣。凡外感六淫，内伤七情，其邪展转乘于五脏，遂至大骨枯槁，大肉陷下，各见所合衰惫之证，真脏脉见则有死期。又如二阳之病，则传为风消、息贲。三阳之病，传为索泽，瘅成为消中。大肠移热于胃，胃移热于胆，则皆善食而瘦。尝贵后贱，病从内生，名曰脱营。尝富后贫，名曰失精。暴乐暴喜，始乐后苦，皆伤精气。精气竭绝，形体毁沮，离绝菀结，喜怒忧恐，五脏空虚，血气离守。《灵枢》曰：怵惕思虑则伤神，神伤则恐惧自失，破 脱肉，毛瘁色夭，死于冬。又诸热病在肤肉脉筋骨之间者，各客于所合之本脏不得，客于所不胜。及考医和视晋平公之疾曰：是近女室晦，女阳物而晦时，淫则生内热或蛊之疾，非鬼非食，疾不可为也。至汉张仲景《金匮要略》明立虚劳门，于是巢元方撰《病源候论》遂有虚劳，有蒸病，有注病，皆由此而推之者也。虚劳者，五劳、六极、七伤是也。五劳者，志劳、思劳、心劳、忧劳、瘦劳。六极者，气极、血极、筋极、骨极、肌极、精极。七伤者，曰阴寒、曰阴痿、曰里急、曰精连连，曰精少、阴下湿、曰精清、曰小便苦数，临事不举。又曰：大饱伤脾，大怒气逆伤肝，强力举重、久坐湿地伤肾，形寒饮冷伤肺，忧愁思虑伤心，风雨寒暑伤形，大恐惧不节伤志。蒸有五，骨蒸、脉蒸、皮蒸、肉蒸、内蒸。又有二十三蒸，胞、玉房、脑、髓、骨、血、脉、肝、心、脾、肺、肾、膀胱、胆、胃、三焦、小肠、肉、肤、皮、气各有一蒸，其状遍身发热，多因热病愈后，食牛肉，或饮酒，或房欲而成注者。注之为言住也，邪气居人身内，生既连滞停住，死又注易傍人也，即所谓传尸。已别立门外。今以虚劳骨蒸合为一门，而列古明医治法于后。《金匮》云：五劳虚极羸瘦，腹满不能饮食，食伤，忧伤，饮伤，房室伤，饥伤，劳伤，经络荣卫气伤，内有干血，肌肤甲错，两目黯黑，缓中补虚，大黄 虫丸主之。按虚劳发热，未有不由瘀血者，而瘀血未有不由内伤者，人之饮食起居，一失其节，皆能成伤，此亦可以睹矣。故以润剂治干，以蠕动HT血之物行死血，死血既去，病根已划，而后可从事乎滋补之剂，仲景为万古医方之祖，有以哉。又有陈大夫传仲景百劳丸，可与 虫丸互用。《活法机要》云：虚损之疾，寒热因虚而感也。感寒则损阳，阳虚则阴盛，故损则自上而下，治之宜以辛甘淡，过于胃则不可治也。感热则损阴，阴虚则阳盛，故损则自下而上，治之宜以苦酸咸，过于脾则不可治也。自上而损者，一损损于肺，故皮聚而毛落。,病名,"[""情志异常""]",,肝肾阴虚证,,[],,"[""乏力"", ""活动受限""]",,"[""中药内服""]",,"[{""name"": ""黄建中汤"", ""type"": ""方剂"", ""note"": ""用于虚劳气血不足之治""}, {""name"": ""理中汤"", ""type"": ""方剂"", ""note"": ""用于中焦虚寒、虚劳调理""}, {""name"": ""大黄虫丸"", ""type"": ""方剂"", ""note"": ""用于虚劳有瘀、骨枯体羸""}, {""name"": ""百劳丸"", ""type"": ""方剂"", ""note"": ""陈大夫传方，用治虚劳诸损""}]",1.0,遂至大骨枯槁，大肉陷下，各见所合衰惫之证,True,True,,"[{""classical_span"": ""六极者，气极、血极、筋极、骨极"", ""why_supports"": ""明确提出“骨极”，指骨之极度衰损""}, {""classical_span"": ""遂至大骨枯槁"", ""why_supports"": ""直接描述骨枯槁，与骨量减少高度一致""}]",1,"[""原文未涉及骨折，若强行标注脆性骨折则属过度映射"", ""未限定具体年龄人群，若标注绝经或老年属臆测"", ""证型并列出现，若不择其一而全选则违反单选要求""]",79853e5dc6d6401261db303683dfc60e,"['大黄虫丸', '理中汤', '百劳丸', '黄建中汤']",明,"['乏力', '活动受限']"
ok,333,2026-02-04 16:53:35,治病法轨,1900.0,骨痿,下　卷,又治遗精过多，以损其肾，致骨痿不能步履，左脉微细者，用斑龙丸 （一百二十七）。,方药,[],,肾虚血瘀证,遗精过多损肾，致骨痿，属肾虚为主（原文未明分阴阳）,[],,"[""活动受限"", ""步态不稳""]",,"[""中药内服""]",,"[{""name"": ""斑龙丸"", ""type"": ""方剂"", ""note"": ""用于治疗遗精损肾所致骨痿不能步履""}]",1.0,以损其肾，致骨痿不能步履,True,True,,"[{""classical_span"": ""致骨痿不能步履"", ""why_supports"": ""明确出现“骨痿”，为骨质疏松高度相关古籍病名，伴行走功能受限""}]",1,"[""未在原文明确证型阴阳仍强行细分"", ""将非骨病疼痛性痹证误映射为骨质疏松"", ""缺乏原文证据却推断具体人群或现代病因""]",6f1301ea4b893c6f035855414757d28d,['斑龙丸'],清,"['步态不稳', '活动受限']"
ok,1047,2026-02-04 17:21:37,治验回忆录,1983.0,骨痿,97．小儿痿证,张兴载，男，5 岁。今夏有非常之寒，感而发高热，旋为痉搐。医先与蝎、蚕、星、竺等祛风豁痰之药，搐得稍减，时止时作，因循月余未愈。更医，反其道而行之，则用柴、芍、归、地、参、术等平肝滋血益气健脾，痉得止，随又改进滋阴诸品，而痿躄骤发。遂惑于《内经》痿属五脏热生之说，或作肺热痿软而用二母二冬；或作肝热痿软而用清肝顺气饮；甚而认作水不胜火之肾热痿软应用坎离既济丸，一月间举棋不定，屡更治法，终未效也。今切脉细微，指纹清淡略沉，面晄白无华，神疲肢倦，味淡食少，舌白润而胖，僵卧不能起立，两足不知移，短气息微，腰以下冷如冰，喜被温复，小便清长，大便如常。考查上述诸证，显属虚象。盖其先服风药而痉未已，改滋补而愈，若不妄事更弦，无的放矢，何至痿证之发，其犯虚者实之之误，至为昭然。幸儿体禀赋素厚，尚能经此戕贼，然亦危矣。据《素问?痿论》云：“故阳明虚，则宗筋纵，带脉不引，故足痿不用也。”又：“筋痿者，生于肝使内也。”《证治准绳》曰：“肝肾损，骨痿不能起于床，筋弱不能收持，宜益精缓中。”详参各节，则本证属于脾胃肝肾之虚，当补而不当泻，是与脚气壅疾无力治异。疏用加味四筋丸与四君子汤合剂，补肝肾，调脾胃，初服二剂效不显，进至五剂，脚能伸缩，精神饮食亦渐佳。十剂而后，始能启行，再以归脾汤、养荣汤调理全愈。,病名,[],小儿（5岁男童），属儿童人群；枚举未含儿童，故列为其他,脾肾阳虚,,[],,"[""活动受限"", ""乏力"", ""步态不稳""]",僵卧不能起立、两足不知移、神疲肢倦,"[""中药内服""]",,"[{""name"": ""加味四筋丸"", ""type"": ""方剂"", ""note"": ""补肝肾、治筋骨痿软""}, {""name"": ""四君子汤"", ""type"": ""方剂"", ""note"": ""调脾胃、益气""}, {""name"": ""归脾汤"", ""type"": ""方剂"", ""note"": ""后期调理""}, {""name"": ""养荣汤"", ""type"": ""方剂"", ""note"": ""善后调养""}]",1.0,肝肾损，骨痿不能起于床,True,True,全愈,"[{""classical_span"": ""骨痿不能起于床"", ""why_supports"": ""直接出现骨痿，为古籍中与骨质疏松高度对应的病名""}, {""classical_span"": ""僵卧不能起立，两足不知移"", ""why_supports"": ""表现为严重活动受限与下肢无力，符合骨弱/骨痿表现""}]",1,"[""若忽略其为小儿病例，可能误映射为老年性骨质疏松"", ""若未严格依据原文而推断骨折或疼痛，则属证据不足"", ""若将多证型并列而非单选，违反枚举约束""]",8624d59de0899ce5d7ea294548b86fac,"['养荣汤', '加味四筋丸', '四君子汤', '归脾汤']",近现代,"['乏力', '步态不稳', '活动受限']"
ok,215,2026-02-04 16:49:04,中国接骨图说,1807.0,骨断,正文 脉证治法,凡骨断皮破者。不用酒煎药。或损在内破皮肉者。可加童便在破血药内。若骨断皮不破。可全用酒煎药服之。若只损伤。骨未折肉未破者。用正骨顺气汤。折伤木汤之类。,治法,[],,删除,,[],,"[""骨折""]",原文反复出现“骨断”“折伤”，体现骨折表现，但为外伤所致,"[""中药内服""]",,"[{""name"": ""正骨顺气汤"", ""type"": ""方剂"", ""note"": ""用于骨未折肉未破之损伤""}, {""name"": ""折伤木汤"", ""type"": ""方剂"", ""note"": ""用于折伤类损伤""}, {""name"": ""童便"", ""type"": ""其他"", ""note"": ""骨断皮破或内损时加入破血药内""}]",0.2,凡骨断皮破者……若骨断皮不破，可全用酒煎药服之,True,False,,"[{""classical_span"": ""凡骨断皮破者"", ""why_supports"": ""明确描述骨折，但属外伤急性情境""}, {""classical_span"": ""若骨断皮不破"", ""why_supports"": ""提示骨折处理原则，与慢性骨弱无直接对应""}]",1,"[""文本为外伤骨折治法，非慢性骨弱或骨痿描述"", ""未见年老、骨弱、易折等指向骨质疏松的核心语义"", ""证型与人群信息缺失，无法进行稳定映射""]",0b0e996bb033d8c7021f21b701c1f656,"['折伤木汤', '正骨顺气汤', '童便']",清,['骨折']
ok,217,2026-02-04 16:49:11,中国接骨图说,1807.0,骨断,正文 杉篱法,杉篱者。复逼之器也。量患处之长短阔狭。曲直凸凹之形。以杉木为片。以布卷定之。酌其片数记其次以布联编之。令不得紊乱。有似于篱。故名焉。手足骨断骨碎筋斜筋断者。先以布缠之。以此篱环抱之。再以布缠卷篱上。则骨缝吻合。坚牢无离绽脱走之患。令不动摇为要。,外治法,[],,血瘀气滞证,文本仅述外伤骨断之固定方法，未涉及内在证候,[],,"[""其他""]",骨断、骨碎，属急性外伤性骨折描述,"[""其他""]",以杉木片、布联编成“杉篱”进行外固定,"[{""name"": ""杉木"", ""type"": ""外治"", ""note"": ""制成片状，与布联编作固定器具""}, {""name"": ""布"", ""type"": ""外治"", ""note"": ""缠裹、联编杉木以固定患处""}]",0.2,,True,False,,"[{""classical_span"": ""手足骨断骨碎"", ""why_supports"": ""明确为外伤性骨折情境，而非骨弱或骨痿""}]",1,"[""文本为急性外伤处理，非慢性骨弱疾病"", ""未见骨痿、骨疏等与骨质疏松对应的古病名"", ""无老年或绝经相关背景仍强行映射会失真""]",15120d89313814439d2a6fb8b18253a7,"['布', '杉木']",清,['其他']
ok,1910,2026-02-04 17:54:49,中国接骨图说,1807.0,骨折,序一,三折肱为良医。九折臂为良医。盲史湘累吐能言之。则治打扑折伤者。古之良医也。周官有折疡之祝药焉。政论有续骨之膏焉。而本草鸿然吐言地黄属骨。而甘草生肉。祝药膏药。圣贤所教。何曾无效乎。虽然骨折骸碎。节脱筋断。其所伤者。在子腠之内。而药施诸皮肤之外。不近似隔履搔痒乎。予曾论之。人身之与家国。其理一致。动履平宁者。太平清明之象也。其失常不快者。祸乱之象也。内证者。内乱也。外证者。外寇也。病之得于喜怒饮食者。犹枉席沉蛊之祸。朝政废缺之害也。病之得于风寒暑湿者。犹夷狄内侵之祸。诸侯叛逆之乱也。若夫打扑伤损之类。是非内患。又非外惧。是犹星陨地震。海啸山崩之变。水火饥馑之灾乎。是宜别有其法焉。岂可比诸内外之治术乎。是故赵宋始有正骨科焉。至明又有接骨科焉。其法载于圣济证治之诸书。近世医宗金鉴所载摸、接、端、提、按、摩、推、拿之八法。是予所谓别得其治者也。唯恨其法。未得精细耳。滨田医官。二宫彦可。博学笃志。精于其业。曾西游至于长崎。师事吉原吉隐。得正骨之术。杏隐元武夫也。扩充其曾所学死活拳法。以建其法。彦可尽传其秘蕴。东归之后。屡验诸患者。桴鼓相应。十愈八九。遂以良闻。顷原其师说。加之以其所自得者。著中国接骨图说二卷。请序于予。予阅之。其书探珠、弄玉、靡风、车转、圆旋、螺旋、跃鱼、游鱼、熊顾、鸾翔、鹤跨、骑龙、燕尾、鴒尾、尺蠖、诸法焉。母法十五。子法三十六。合五十一法矣。有图而象之。有说而解之。又别建揉法百五十法焉。富哉术也。比诸金鉴诸书所载。则犹金罍玉爵之于汗尊杯饮邪。杏隐海隅隐士。怀抱奇术。遁戢不出。销名幽薮。然得彦可而显于天下。岂不为大幸乎。今之医生。匿其师传。以为自得。诩诩夸人。钓誉于世。以弋身家之腴者。比比有之。甚则至弯射羿之弓焉。彦可则不然。著其书而显其师。比诸彼徒。岂不亦天冠地履乎。予于此书。不独喜其术之精。而有青蓝之誉焉。又以喜意出于敦厚。慕君子长者之风者乎。,外治法,[],,删除,,[],,[],,"[""其他""]",正骨、接骨手法（摸、接、端、提、按、摩、推、拿等），用于跌扑折伤的外治,"[{""name"": ""地黄"", ""type"": ""单味药"", ""note"": ""原文提及“地黄属骨”，为理论性引用，非具体处方""}, {""name"": ""甘草"", ""type"": ""单味药"", ""note"": ""原文提及“甘草生肉”，为理论性引用，非具体处方""}, {""name"": ""祝药膏药"", ""type"": ""外治"", ""note"": ""原文提及用于折疡的膏药，未给出具体制法""}]",0.2,,True,False,,"[{""classical_span"": ""治打扑折伤者"", ""why_supports"": ""明确指向跌扑外伤所致骨折，非骨弱或脆性骨折""}, {""classical_span"": ""打扑伤损之类"", ""why_supports"": ""作者将其与内外病因区分，强调急性外伤""}]",1,"[""文本讨论的是急性跌扑折伤而非骨量减少性疾病"", ""未出现骨痿、骨弱、年老易折等指向骨质疏松的核心特征"", ""将正骨外伤内容强行等同于骨质疏松可能造成误判""]",7d0fd85f4b8609f3796a72761f2576bd,"['地黄', '甘草', '祝药膏药']",清,[]
ok,1022,2026-02-04 17:20:41,中医临证经验与方法,2006.0,骨痿,第一章 症 第一节 内科 奔豚,奔豚证，在我国早期的医学著作中就有较详细的记载。《难经》说：“肾之积，名曰奔豚。发于少腹，上至心下若豚状，或上或下无时，久不已，令人喘逆少气骨痿。”张仲景说：“奔豚病从少腹起，上冲咽喉，发作欲死，复还止，皆从惊恐得之。”《诸病源候论》说：“起于惊恐忧思所生”，“其气乘人，若心中踊踊，如车所惊，如人所恐，不藏不定，饮食辄呕，气满胸中，狂痴不定，妄言妄见……心中闷乱，不欲闻人声，休作有时，乍瘥乍急，呼吸短气，手足厥逆，内烦结痛，温温欲吐……诊其脉来触祝触祝者。”尤在泾在阐述奔豚病的同时，不但强调了病在肾，而且特别说明“奔豚惊怖，皆自肝病”，“以肝肾同处下焦，而其气并善上逆也。”另外张仲景还提出了一些相应的方剂。他说：“奔豚气上冲胸，腹痛，往来寒热，奔豚汤主之。”“发汗后，烧针令其汗，针处被寒，核起而赤者，必发奔豚，气从少腹上冲心者，灸其核上各一壮，与桂枝加桂汤。”“发汗后，其人脐下悸者，欲作奔豚，茯苓桂枝甘草大枣汤主之。”“伤寒，若吐若下后，心下逆满，气上冲胸，起则头眩，脉沉紧，发汗则动经，身为振振摇者，茯苓桂枝白术甘草汤主之。”“太阳病发汗，汗出不解，其人仍发热，心下悸，头眩，身睏动，振振欲擗地者，真武汤主之。”余宗其意，试用于某些循环系统、神经系统、内分泌系统疾病，常常获效。,病名,"[""情志异常""]",,肾阳虚证,,[],,[],,"[""中药内服"", ""针刺"", ""艾灸""]",,"[{""name"": ""奔豚汤"", ""type"": ""方剂"", ""note"": ""用于奔豚气上冲胸腹痛""}, {""name"": ""桂枝加桂汤"", ""type"": ""方剂"", ""note"": ""发汗后针处被寒致奔豚""}, {""name"": ""茯苓桂枝甘草大枣汤"", ""type"": ""方剂"", ""note"": ""脐下悸欲作奔豚""}, {""name"": ""茯苓桂枝白术甘草汤"", ""type"": ""方剂"", ""note"": ""伤寒吐下后气上冲胸""}, {""name"": ""真武汤"", ""type"": ""方剂"", ""note"": ""汗出不解心下悸振摇""}]",1.0,久不已，令人喘逆少气骨痿。,True,True,,"[{""classical_span"": ""令人喘逆少气骨痿"", ""why_supports"": ""明确出现“骨痿”，为古籍中与骨质疏松高度相关的病名描述""}]",3,"[""条目主体为奔豚证，骨痿仅为并见表现，非主病"", ""未见具体骨折或骨量减少等直接描述"", ""证型与现代骨质疏松分型对应仍属推断""]",82e6c3a7440deb949575183e7bc14725,"['奔豚汤', '桂枝加桂汤', '真武汤', '茯苓桂枝甘草大枣汤', '茯苓桂枝白术甘草汤']",近现代,[]
ok,1634,2026-02-04 17:44:45,中医临证经验与方法,2006.0,骨折,第一章 症 第一节 内科 尿失禁,1963年6月4曰，治一女性患者，霍××，40岁。腰椎骨折痊愈后三个月来，二便一直不能控制，先用针灸、西药治疗不见好转，继服中药收敛固脬、益气养阴亦不效。询其证见腰酸腰困，舌苔薄白，脉弦尺微。证脉合参，诊为肾督亏损，开阖失职，乃拟补益肾督，佐以固涩。龟鹿二仙胶加减：鹿茸0．9克(研、冲)，东参9克，枸杞子15克，龟甲15克，熟地15克，牡蛎15克，菟丝子30克，覆盆子30克，何首乌30克。4剂减，8剂竟愈。,方药,"[""围绝经期""]",40岁女性患者；非老年或围绝经期人群,肾虚血瘀证,肾督亏损、开阖失职（原文诊断）,[],,"[""骨折""]",原文记载“腰椎骨折”，未说明外伤机制,"[""中药内服""]",,"[{""name"": ""龟鹿二仙胶"", ""type"": ""方剂"", ""note"": ""加减应用""}, {""name"": ""鹿茸"", ""type"": ""单味药"", ""note"": ""研冲服""}, {""name"": ""东参"", ""type"": ""单味药"", ""note"": ""入方""}, {""name"": ""枸杞子"", ""type"": ""单味药"", ""note"": ""入方""}, {""name"": ""龟甲"", ""type"": ""单味药"", ""note"": ""入方""}, {""name"": ""熟地"", ""type"": ""单味药"", ""note"": ""入方""}, {""name"": ""牡蛎"", ""type"": ""单味药"", ""note"": ""入方""}, {""name"": ""菟丝子"", ""type"": ""单味药"", ""note"": ""入方""}, {""name"": ""覆盆子"", ""type"": ""单味药"", ""note"": ""入方""}, {""name"": ""何首乌"", ""type"": ""单味药"", ""note"": ""入方""}]",0.2,腰椎骨折痊愈后三个月来,True,False,愈,"[{""classical_span"": ""腰椎骨折"", ""why_supports"": ""出现骨折这一与骨量异常可能相关的表现，但缺乏脆性证据""}, {""classical_span"": ""40岁"", ""why_supports"": ""年龄较轻，不符合典型原发性骨质疏松人群""}]",1,"[""骨折未说明为低能量或反复发作，难以判定脆性"", ""患者年龄偏年轻，不符合常见骨质疏松人群"", ""主要论述尿失禁治疗，骨病并非核心主题""]",7c651711d7622f8d40493cb6d58ca572,"['东参', '何首乌', '枸杞子', '熟地', '牡蛎', '菟丝子', '覆盆子', '鹿茸', '龟甲', '龟鹿二仙胶']",近现代,['骨折']
ok,3980,2026-02-04 19:18:09,中医临证经验与方法,2006.0,骨痹,第一章 症 第一节 内科 痹证,林佩琴《类证治载》云：“骨痹，即寒痹痛痹也，苦痛切骨，安肾丸。”“筋痹，即风痹也，风热攻注，筋弛脉缓，羚羊角散；若湿邪入筋，续断丹。”“脉痹，即热痹也，风湿郁热，经隧为壅，升麻汤去桂、麻，加萆薢、石膏，或秦艽四物汤。”“肌痹，即湿痹着痹也，浑身上下左右麻木，属卫气不行，本方去蔓荆、倍黄芪，加防风；肌肉麻木，属营气不行，本方去蔓荆，加桂枝、羌活、防风。”“皮痹，邪在皮毛，搔如隔帛，或瘾疹风疮，宜疏风养血，秦艽地黄汤。”,病名,[],,删除多复合证,原文并列提及肾阳虚证、脾胃虚弱证等多证，未形成单一证型判断,[],,[],,"[""中药内服""]",,"[{""name"": ""安肾丸"", ""type"": ""方剂"", ""note"": ""用于骨痹，苦痛切骨""}, {""name"": ""羚羊角散"", ""type"": ""方剂"", ""note"": ""用于筋痹属风痹""}, {""name"": ""续断丹"", ""type"": ""方剂"", ""note"": ""湿邪入筋所用""}, {""name"": ""升麻汤"", ""type"": ""方剂"", ""note"": ""脉痹加减用方""}, {""name"": ""秦艽四物汤"", ""type"": ""方剂"", ""note"": ""脉痹或皮痹相关用方""}, {""name"": ""秦艽地黄汤"", ""type"": ""方剂"", ""note"": ""皮痹，疏风养血""}]",0.2,骨痹，即寒痹痛痹也，苦痛切骨,True,True,,"[{""classical_span"": ""骨痹，即寒痹痛痹也"", ""why_supports"": ""涉及骨部病名，但偏痹证疼痛，非明确骨弱或易折""}, {""classical_span"": ""苦痛切骨"", ""why_supports"": ""提示骨部疼痛，为弱相关表现""}]",1,"[""仅为痹证分类，缺乏骨弱、易折等关键信息"", ""证型并列出现，无法对应单一骨质疏松机制"", ""症状以疼痛为主，可能属于风寒湿痹而非骨量减少""]",2e83529f2b119247b18d404c9defcc08,"['升麻汤', '安肾丸', '秦艽四物汤', '秦艽地黄汤', '续断丹', '羚羊角散']",近现代,[]
ok,1101,2026-02-04 17:23:34,中医奇证新编,2001.0,骨痿,五官肢体疾病 三、四肢血脉病证 287．小腿肌肉进行性萎缩案,[原按]进行性肌营养不良症是由遗传因素引起的肌肉进行性消瘦无力的一种肌肉疾患。中医学虽病名有异，但症状相同，当属“痿证”范畴。痿同萎，指肌肉萎缩无力，四肢枯废不用。《素问·痿论篇》专论痿证，根据五脏五合的理论，将痿证分为痿躄、脉痿、筋痿，肉痿、骨痿五种，认为因五脏有热所致，主要为肺热叶焦。故张景岳说：“痿证之意，《内经》言之详矣。观所列五脏之证，皆言为热，而五脏之证，又总由肺热叶焦，以致金燥水亏乃成痿证。……又曰悲哀太甚则胞络绝，传为脉痿，思想无穷，所愿不得，发为筋痿，有渐于湿，以水为事，发为肉痿之类，则又非尽为火证，此其有余不尽之意，犹有可知。故因此而生火者有之，因此而败伤元气者亦有之，元气败伤则精虚不能灌溉，血虚不能营养者，亦不少矣。若概从火论，则恐其真阳亏败及土衰水涸者，有不能堪。故当酌寒热之浅深，虚实之缓急，以施治疗，庶得治痿之全矣。”因此，对于痿证的治疗，不能拘泥于《内经》“治痿独取阳明”之法，须辨证论治，有其证必用其法。当然，五脏六腑皆禀气于胃，胃司纳谷而化生精微，胃的功能健旺，则肺津充足，脏腑气血旺盛，肌肉筋脉骨髓得以濡养，痿证自有恢复之机。此例患者面色晦暗，足跟疼痛，耳鸣多尿，肌肉萎缩，脉沉舌淡，乃元气败伤，肾虚精亏，肝血不足所致。盖肾藏精，主骨，为作强之官；肝藏血，主筋，为罴极之本。精血充盛则筋骨坚强，肌肉健壮，活动正常，肝肾亏损、精血虚弱则面色无华而晦暗，肾亏则足跟痛而耳鸣多尿，不能濡养肌肉则四肢痿软。又患者罹病以来，食欲减退，为脾胃虚弱所致。故在治法上恒以补肾为主，佐以健脾益气，方用右归饮合三妙丸化裁。枸杞，补骨脂，桑寄生，肉苁蓉、杜仲、续断、狗脊、巴戟天以补肾填精，千年健、木瓜、五加皮、伸筋草、鸡血藤益肝肾，壮筋骨、舒筋活络，熟地、当归以滋肾养血，苍白术、太子参、黄精以健脾益气、濡养肌肉，淮牛膝既补益肝肾，又引药下行，运药力直达病所。诸药合用，守方守法，故取得满意效果。余以此法共治20余例此种病人，均获良效。(皖南医学院附属医院李济仁供稿。),病名,"[""情志异常""]",,肝肾阴虚证,,[],,"[""骨痛"", ""活动受限"", ""乏力""]",原文见足跟疼痛、四肢痿软、肌肉萎缩无力,"[""中药内服""]",,"[{""name"": ""右归饮"", ""type"": ""方剂"", ""note"": ""补肾填精，为主方""}, {""name"": ""三妙丸"", ""type"": ""方剂"", ""note"": ""合方化裁以助治""}, {""name"": ""枸杞子"", ""type"": ""单味药"", ""note"": ""补肾填精""}, {""name"": ""杜仲"", ""type"": ""单味药"", ""note"": ""补肾强筋骨""}]",0.4,《素问·痿论篇》…骨痿五种…肾藏精，主骨…精血虚弱则筋骨不坚,True,True,显效,"[{""classical_span"": ""骨痿"", ""why_supports"": ""明确列入痿证五类之一，直指骨之失养""}, {""classical_span"": ""肾藏精，主骨"", ""why_supports"": ""以肾精亏虚解释骨弱筋软，契合骨量不足机制""}]",4,"[""病例以肌营养不良为主，骨改变为推论"", ""未见脆性骨折等直接骨质疏松结局"", ""现代诊断与古病名间存在概念差异""]",3c03e58c10798231d5d17394017cc466,"['三妙丸', '右归饮', '杜仲', '枸杞子']",近现代,"['乏力', '活动受限', '骨痛']"
ok,891,2026-02-04 17:15:34,重订广温热论,1911.0,骨痿,第一卷 论燥火之症治,如发自少阴肾经者，必君火与真水不交，水愈亏则火愈旺。其舌多嫩红而燥，或舌心虽黑无甚苔垢，或舌本枯而不甚赤。脉多右大无力，左弦细数，甚或沉细涩数，或浮大革数。神多虚烦，甚或惊悸，或极疲倦。症多梦遗精滑，或梦与鬼交，潮湿盗汗，平旦病减，午后病增，口干舌燥，颧红唇赤，五心烦热，腰 足冷，甚或骨痿于床，气浮而咳，或气喘而促，或头晕咽病；大便多秘，或反溏滑；小便短数，溺有余沥，或精随溺而带出。治法宜滋阴润燥，交济心肾为首要，周氏新加六味汤主之，间有可用六味加犀角汤者。若济君火，则加枸杞、元参；若输肺金，则加生麦散；火甚者，加黄柏、龟板，或专用丹溪大补阴丸滋阴潜阳，以苦寒培生气而坚阴，较六味地黄汤更优；如小便清和，无痰气者，只须专意滋肾，张氏左归饮多服为佳。以上皆燥火症实与虚传变之大要也，余症亦详本书温热各论中。,病名,[],,肝肾阴虚证,,[],,"[""活动受限"", ""乏力""]",,"[""中药内服""]",,"[{""name"": ""周氏新加六味汤"", ""type"": ""方剂"", ""note"": ""主治燥火伤阴、心肾不交""}, {""name"": ""六味加犀角汤"", ""type"": ""方剂"", ""note"": ""燥火偏盛者可用""}, {""name"": ""丹溪大补阴丸"", ""type"": ""方剂"", ""note"": ""滋阴潜阳，火甚者用""}, {""name"": ""左归饮"", ""type"": ""方剂"", ""note"": ""专意滋肾，多服为佳""}]",1.0,甚或骨痿于床,True,True,,"[{""classical_span"": ""骨痿于床"", ""why_supports"": ""直接出现骨痿，为古籍中高度指向骨质衰弱的病名""}]",1,"[""未出现明确骨痿等病名却强行判定高相关"", ""将急性外伤或痹证误映射为骨质疏松"", ""枚举字段选择不合规或证据不足仍填充""]",9edbedfef2505ee82c814914113c85a9,"['丹溪大补阴丸', '六味加犀角汤', '周氏新加六味汤', '左归饮']",清,"['乏力', '活动受限']"
ok,725,2026-02-04 17:08:59,重订灵兰要览,1820.0,骨痿；骨枯,卷下 腰痛,小便黄赤，虚火时炎，是为阴虚。东垣所谓膏粱之人，久服汤药，醉以入房，损其真气，则肾气热，肾气热则腰脊痛不能举，久则髓减骨枯，发为骨痿。宜六味地黄丸、滋肾丸、封髓丹之类，治阴之不足也。,症状,[],,肝肾阴虚证,,[],,"[""腰背痛"", ""骨痛"", ""活动受限""]",,"[""中药内服"", ""中药外用""]",,"[{""name"": ""六味丸"", ""type"": ""方剂"", ""note"": ""用于真阴亏损、骨痿相关表现""}, {""name"": ""滋肾丸"", ""type"": ""方剂"", ""note"": ""用于肾虚相关腰脊痛""}, {""name"": ""封髓丹"", ""type"": ""方剂"", ""note"": ""用于肾虚遗精并见骨病""}, {""name"": ""姜附汤"", ""type"": ""方剂"", ""note"": ""寒痛腰冷加味应用""}, {""name"": ""独活寄生汤"", ""type"": ""方剂"", ""note"": ""风湿腰痛""}, {""name"": ""摩腰膏"", ""type"": ""外治"", ""note"": ""外用缓解腰痛""}]",1.0,久则髓减骨枯，发为骨痿,True,True,,"[{""classical_span"": ""髓减骨枯，发为骨痿"", ""why_supports"": ""直接出现骨痿、骨枯，为骨量衰减的强指向""}, {""classical_span"": ""腰脊痛不能举"", ""why_supports"": ""符合骨质疏松常见腰背痛与功能受限""}]",1,"[""未出现明确脆性骨折描述"", ""治疗方药复杂，非专指单一骨病"", ""人群与现代表型对应不足""]",04650d82b5a8d522f5ea4640718b81d9,"['六味丸', '姜附汤', '封髓丹', '摩腰膏', '滋肾丸', '独活寄生汤']",清,"['活动受限', '腰背痛', '骨痛']"
ok,686,2026-02-04 17:07:27,重订通俗伤寒论,1956.0,骨痿,第九章·伤寒夹证 第十三节‧夹痨伤寒,筋缓不能自收持。五损损于肾。肾主骨。故骨痿不能起于床。肾司二便。故二便不禁，此先伤乎阳。,病名,"[""情志异常""]",,脾胃虚弱证,,[],,"[""活动受限""]",,"[""中药内服""]",,"[{""name"": ""六味地黄丸"", ""type"": ""方剂"", ""note"": ""文中与“保阴”并列，用于滋水添精、补阴配阳""}, {""name"": ""左归丸"", ""type"": ""方剂"", ""note"": ""与六味并举，用于滋阴补肾、久服以补真阴""}]",1.0,五损损于肾，骨痿不能起于床,True,True,,"[{""classical_span"": ""骨痿不能起于床"", ""why_supports"": ""明确出现“骨痿”病名，且描述严重功能受限，符合骨量衰退与骨弱范畴""}, {""classical_span"": ""五损损于肾"", ""why_supports"": ""将骨痿归因于肾虚，为骨病、骨弱的重要病机指向""}]",1,"[""原文未提供现代诊断指标，无法直接等同现代DXA定义的骨质疏松"", ""未记载具体骨折情形，若强行推断脆性骨折可能构成过度映射"", ""人群年龄与性别未明，现代表型细分存在不确定性""]",272ac1c230523a4d470d7da0c320ef94,"['六味地黄丸', '左归丸']",近现代,['活动受限']
ok,1121,2026-02-04 17:24:34,重订通俗伤寒论,1956.0,骨痿,第八章·伤寒兼证 第七节‧风湿伤寒,【秀按】风湿伤寒。一田野间俗名耳。俞君遵守经旨。因症施治。精切不磨。洵不愧积学之老名医也。但此证新而轻浅。能任辛散香燥者。极易奏功。予曾用五苓散加羌防治着痹。桂枝东加二乌治行痹。麻黄东加朮附治痛痹。效如桴鼓。若久而深重。血瘀化火。液郁化痰。皮肤不荣。经络时疏。大筋软短。小筋弛长。手足麻痹。骨痿于床者。最难奏效。俗谓痛风易治。木风难医。真阅历之谚也。惟有用《外台》竹沥汤。化下丹溪神效活络丹。生津涤痰。活血通络。以渐取效。间服史国公酒。养血祛风。舒筋活络。一面嘱家访求善针者。七日一针。二七一针。以疏通其脉络。内外并治而已。,病名,[],,肾虚血瘀证,,[],,"[""活动受限""]",,"[""中药内服"", ""针刺""]",,"[{""name"": ""竹沥汤"", ""type"": ""方剂"", ""note"": ""用于久而深重、骨痿者，生津涤痰""}, {""name"": ""丹溪神效活络丹"", ""type"": ""方剂"", ""note"": ""化痰活血通络，配合竹沥汤使用""}, {""name"": ""史国公酒"", ""type"": ""方剂"", ""note"": ""间服以养血祛风、舒筋活络""}]",1.0,久而深重……大筋软短，小筋弛长……骨痿于床者，最难奏效。,True,True,渐取效,"[{""classical_span"": ""骨痿于床者"", ""why_supports"": ""明确出现“骨痿”病名，直指骨萎弱、不能起床""}, {""classical_span"": ""大筋软短，小筋弛长"", ""why_supports"": ""描述筋骨痿软，符合骨量不足相关表现""}]",1,"[""文本未提及明确年龄或绝经信息，无法细分现代表型"", ""部分症状可能与风湿痹证重叠，存在鉴别需求"", ""古今病名映射存在语义差异，需依赖解释框架""]",b6bc33bc81c03b520980331f45b25978,"['丹溪神效活络丹', '史国公酒', '竹沥汤']",近现代,['活动受限']
ok,3873,2026-02-04 19:14:09,朱良春经验精华全集,2008.0,骨痹,朱良春治疗强直性脊柱炎用药特色选析,内容提要：强直性脊柱炎，属中医之肾痹，骨痹范畴，其病变部位以脊柱、腰骶为主，是致残率很高之疾病，目前西医尚无有效治疗方法，吾师朱良春先生以辩证为主，又以辨病和辨证相结合，分前期“肾痹型”和久病肾督虚损瘀滞“骨痹型”两类论治，疗效卓著，颇有中医廉验之特色。著名老中医学家邓铁涛先生指出“中医的现代化，必须按中医的自身发展规律，沿着验、便、廉的方向发展，千万不能走西方的复杂化，和高消费道路。”为国家为人民减轻医疗费用过高，就要以廉验的中医药去取代日益昴贵的抗生素。以事实论证，乃是“经验系列”公之于世之的。 关健词：强脊炎、肾痹型、骨痹型、单纯中药、老名医、朱良春 强直性脊柱炎属血清阳性脊柱关节病，与类风湿关节炎是两个完全不同的疾病，本病之临床见证，主要病位是累及患者的骶髂关节和脊柱，前期型患者多有腰髋部酸痛，僵硬。久病肾督虚损骨痹型见脊柱强直，畸形，X线摄片脊柱呈竹节样改变，髋关节破坏，强直。西医至今多用消炎痛，保泰松等西药缓解症状，或配合固定的中药方治疗，虽有近效，但停药后易复发，且长期使用止痛药易损伤胃肠道，引起胃出血，长期服止痛药还会成瘾，危害极大。现就吾师治疗经验选析如下： 1、强脊炎前期首分湿热痹阻，肾督亏损“前期肾痹型” 笔者以病情轻重，试分肾痹、骨痹论述。肾痹为前期型，又分湿热郁阻和肾督亏损两型，湿热郁阻型证见低热持续不退，舌苔黄腻，舌体瘦，脉细数，腰脊酸痛，或髋痛，膝肿痛，踝肿痛等阴虚湿热症状，因阴虚湿热兼夹，至低热缠绵，痰瘀痹阻奇经，导致膝踝，尤其是骶髂关节疼痛，且在短时间内骶髂关节发生质的变化，其特点为湿热痰瘀痹阻奇经督脉之道路。这类患者骶髂关节X线摄片多以模糊为主。病例⑴朱师曾治蔡某，女，21岁，1997年3月初诊主诉：5个月前腰脊酸痛，尤以骶髂部僵痛明显，伴低热，两膝肿痛，此前常咽痛感冒，在当地医院X线摄片诊为骶髂关节炎，多方治疗均未见效，低热持续缠绵，舌体瘦，脉细小数，舌苔薄黄腻，大便不爽，无家族性病史，朱师诊为督脉亏损，湿热痰瘀阻络，缠绵难解，虚实夹杂，治以清湿热、补肾督、通奇经。处方：①蒲公英、蛇舌草、怀山药、金荞麦、鸡血藤、威灵仙各30g，青蒿、银柴胡、乌梢蛇、炙蜂房、地鳖虫、徐长卿、广地龙、炙僵蚕、虎杖各10g，甘草6g水煎服，日一剂。②扶正蠲痹胶囊1号、2号，各服2枚，每日3次，饭后服(扶正蠲痹胶囊采用藓动物药蕲蛇、全蝎、蜈蚣、地龙等，以低温冷冻干燥技术而制成，其蠲痹通络，祛风定痛之功优于干燥之常用生药，1号偏温、2号偏寒)服药50余剂，低热缠绵已解，体重增加2斤，两膝肿痛大减，惟腰痛未已，咽燥不舒，有粘痰阻塞感，上方去蛇舌草，淮山药，青蒿，银柴胡，加全当归，生熟地，北沙参，补骨脂，杜仲各10g再服60剂，诸证消失，停服汤药，继以“益肾蠲痹丸”巩固疗效。 病例⑵前期肾督亏损型： 倪某，女22岁，患者双骶髂关节痛半年，翻身困难，伴无力，腰脊痛，面少华，舌质淡紫，苔薄白，脉细弦。当地医院据X线摄片，诊为骶髂关节炎早期，HLA--B27阳性，有家族强脊炎史。朱师诊为肾督亏损，脉络不利之肾痹，治以益肾壮督，蠲痹通络，处方：①穿山龙50g，生黄芪、鸡血藤、威灵仙各30g，鹿角霜、制元胡各20g，仙灵脾、熟地黄各15g，仙茅、乌梢蛇、肉苁蓉、补骨脂各10g。②益肾蠲痹丸4gx180包，每服4g，每日3次，饭后服，以此方出入共服60剂，诸证消失，嘱以益肾蠲痹丸巩固。 按：笔者所选以上两案，一为湿热郁阻下焦肾经，低热缠绵不解，一为肾督亏损，奇经不利，前者为寒热虚实夹杂，朱师治以清通补兼司，后者则以虚损为主，一派虚寒见证，治以益肾壮督，蠲痹通络，异途同归，均收佳效。同是强直性脊柱炎之前期症，如医者囿于西医之诊断，以辨病论治，对号入座，结果则遥无愈期，以误治为不治。中医之优势在于辨证施治。纵观全国老一辈临床家，均有异常巧妙的高招，善于在高新的医学知识和复杂的病因病机和客观的临床见证中，抓住要领和精髓，把冥思苦索，心领神会，独有见地的东西，变成创造性的观点和方法，在临证中变化从心，不拘一格，遵法度而又不囿于法度，乃化生法外之法，方外之方，不求神而神在，不言法而法成，达到似此上工者之境界。老一辈的高超医术和创造性的发挥，出自历代诸贤而高于诸贤，来于实践而高于实践。朱师在湿热郁阻肾督案中，集寒热、温凉、气血、攻补之药于一方的治法，乃是大方复治法，古有“安宫牛黄丸”“紫雪丹”等之先例。曹仁伯曾云：“每遇病机丛杂，治此碍彼，他人莫能措手者，必细意研求，或于一方中变化而损益之，或合数方为一方而融贯之。”强直性脊柱炎前期型之湿热郁阻肾督案病机复杂，寒热夹杂，虚实兼见，正虚邪恋，肾督虚损，多脏受累，如用单纯的方药往往顾此失彼，朱师采用此法，可谓缓妥周全之法，大方复治药味虽多，但药物的治疗作用，可协同发挥或相加，毒付作用则会因相互制约而不显。药味虽多却杂而不乱，多方兼顾，标本同治，而又主次分明，配伍之妙当乃别开生面。方中蒲公英甘平，清热解毒，利尿散结，缪希雍谓“甘平之剂，能补肝肾，味此一语，则知其入胃而兼入肝肾矣，不然，安能凉血，乌须发。”《本草新编》云“蒲公英亦泻胃火之药，但其气甚平，既能泻火，又不损土，可以长服久服而无碍。”蛇舌草微苦甘寒，清热、利湿、解毒，临床体会尤能清肝肾下焦之湿热郁结，民间单方一味蛇舌草治热淋即是明证。山药甘平，为气阴两补之品，金荞麦功能清热解毒、祛风利湿，对肺部感染性疾病及肠道炎症有较好的疗效。以上四药同用共奏甘平之剂，能补肝肾，甘寒微苦能养阴、清热、利湿。盖湿热郁阻肾督之症，清中寓补，久用无弊，鸡血藤活血舒筋，补血镇痛，威灵仙味辛性温，有祛风湿，通经络，止痹痛之功，青蒿“和解枢机”清透伏邪，银柴胡不独清热，兼能凉血，治虚劳骨蒸，自有实效，二药合用对湿热留恋，气机郁滞，膀胱气化不利尤有佳效。乌梢蛇、炙蜂房、地鳖虫、徐长卿、广地龙、炙僵蚕等同用，意即益肾壮督，蠲痹通络，配合扶正蠲痹胶囊1～2号，通补兼施，寒热相佐，疗效相得益彰。下案见证为虚损寒瘀，专以益肾壮督，蠲痹通络为主，即可速愈。故医者“言常者易，通变者难”也。 ⒉强脊炎久病肾督亏损“骨痹型” 强直性脊柱炎后期，气血肾精亏损，督脉空虚，外邪深入经隧骨骱，临证多见颈项前倾，胸椎后突，严重佝偻，目难平视，腰膝酸软，晨僵，夜间疼痛，髋关节强直或半强直，舌体胖嫩，舌苔薄白，脉沉细数。髋关节X线摄片多有变窄及破坏，少数有融合，脊椎摄片呈竹节样变，椎体方形变，椎间小关节模糊，韧带钙化等。骨痹之因，有先天不足和后天失养及外邪久闭由虚至损，虚中夹实。盖肾精亏损，不能濡养督脉，则不荣则痛。督脉空虚，风寒湿乘虚而入，壅阻经络久而变生痰瘀，深入经隧骨骱，则不通则痛。因痰瘀阻滞，故出现肿痛、晨僵，活动功能受限等症，治当益肾壮督，蠲痹通络，虚实兼顾。朱师曾治汪某，男，28岁，初诊主诉，肩、双膝、腰骶部疼痛7～8年，加剧半年，渐至行走，翻身，下蹲受限，伴发热，经当地医院检查RF阴性，ESR60mm/n，ANA系例阳性，X摄片：右侧股骨头无菌性坏死，椎体融合，骨髓显示：缺铁性贫血，现每天用消炎痛片，雷公藤片维持，刻下夜间出汗，面色无华，二便正常，苔薄腻，脉细弦，朱师诊为肾虚骨痹之强直性脊椎炎，治以益肾壮督，蠲痹通络，处方：①穿山龙50g，青风藤、仙鹤草、律草、威灵仙、鸡血藤各30g，青蒿子、生熟地各15g，乌梢蛇、炙蜂房、地鳖虫、广地龙、炙僵蚕、全当归各10g，甘草6g，水煎服，日一剂，②扶正蠲痹胶囊1～2号各服2枚，每日3次，饭后服③消炎痛栓30枚，剧痛时用1枚，塞入肛门内止痛，以上方出入，酌加生黄芪、生白芍、伸筋草、炒白术、制马钱子、徐长卿等共服药180剂，发热一直未作，体重增加，腿肌有力，站立、行走、穿衣均复正常，惟关节疼痛未已，再嘱守服100剂，诸症消失，行走、上下楼均自如，面转红润。舌脉正常，X线摄片复查股骨头密度较前大有增加，再以原方去虫类药并制马钱子，配合扶正蠲痹胶囊巩固2月，症情稳定，恢复工作。 按：朱师博究本草，熟谙药性，处方用药常自出新意，别具一格，上案“前期型”乃因湿热郁阻下焦致肾督亏损，见阴虚兼夹湿热之症，妙用蒲公英、蛇舌草、青蒿、银柴胡、金荞麦等甘寒、微苦、养阴、清热、利湿，合清透郁热、和解枢机、蠲痹通络之品，使久郁下焦之肾经湿热迅速得解，低热不复发作，证情逐日好转。本案低热前医久治不退，乃因外邪深入经隧骨骱，久病入络，痰瘀壅阻经隧骨骱，非虫蚁之品殊难获效，朱师在蠲痹通络，益肾壮督的主方中，选佐青蒿子疏透骨中之热，《本草正义》谓“青蒿子专治骨蒸，盖凡子皆重，故主里症，且清芬又能疏解血中之滞。”选青风藤泻下焦血分湿热《本草汇言》云：“青风藤散风寒湿痹之药也，能舒筋活血，正骨利髓，故风病软弱无力，并劲强偏废之症，久服常服大建奇功。”又妙以仙鹤草，律草为伍，仙鹤草苦辛而涩，能止能行，补涩之中寓有宣通之意，且有强壮强心之效，合诸药久用，颇能提高蠲痹通络之功。律草甘寒，清热利尿、消瘀解毒，朱师除用于散结除蒸，利水泄热之外，常妙以大剂量律草通络止痛，且此案重用律草伍大剂量穿山龙，一寒一热，颇能提高通络止痛，通络退热之功，律草又有清退虚热之效。穿山龙除散寒止痛，祛湿利水，化痰消肿，活血解毒等功能之外，更有强胃消食，强壮扶正的作用。更值一提的是改口服消炎痛片为消炎痛栓塞入肛门止痛，消除了长服消炎痛引起胃出血和成瘾的付作用，这些自出新意，别具一格，唯善而用的大医风度，乃吾辈之模楷也。自古以来，中医流派众多，然均各是其是而各非其非，能博采众长，兼收并蓄者鲜。以师所是为是，师所非为非，乃中医学发展之憾事。荀子对战国时期诸子蜂起之评价云：“诸子皆有所见，亦皆有所弊，”中医之门户之见又何独不然？实践是检验真理的唯一标准，疗效是科学的论证。邓老指出：“中医经历了近百年的沦桑而不倒，靠的是中医有一套指导实践的系统理论，能治好病，包括急慢性病及疑难病症”吾等整理发表朱师之“经验和特色系例”二十三篇(未完)涉及内外妇儿伤诸多疑难杂病，其中多种疑难病症，至今西医尚无有效治疗方药，足可证明中医学术是至精至微的科学，是民族文化的瑰宝。 发表于《辽宁中医杂志》2001年第10期 (邱志济 ),病名,"[""情志异常""]",,肾虚血瘀证,,[],,"[""腰背痛"", ""驼背"", ""活动受限""]",,"[""中药内服""]",,"[{""name"": ""益肾蠲痹丸"", ""type"": ""方剂"", ""note"": ""用于久病肾督亏损骨痹型巩固疗效""}, {""name"": ""扶正蠲痹胶囊"", ""type"": ""其他"", ""note"": ""通补兼施，蠲痹通络""}, {""name"": ""穿山龙"", ""type"": ""单味药"", ""note"": ""主方用药，益肾壮督、通络止痛""}, {""name"": ""鸡血藤"", ""type"": ""单味药"", ""note"": ""活血补血、舒筋止痛""}, {""name"": ""威灵仙"", ""type"": ""单味药"", ""note"": ""祛风湿、通经络、止痹痛""}]",0.2,强直性脊柱炎后期…严重佝偻…骨痹型,True,True,好转,"[{""classical_span"": ""久病肾督亏损“骨痹型”"", ""why_supports"": ""涉及骨病、肾虚与形体改变，弱相关骨质疏松""}, {""classical_span"": ""严重佝偻，目难平视"", ""why_supports"": ""出现驼背等形体变化，符合骨量减少表现""}]",1,"[""原文以强直性脊柱炎为主病，非直接论述骨质疏松"", ""未出现脆性骨折等关键骨质疏松特征"", ""骨密度改善仅为个案描述，证据有限""]",5155ddb27b2a70164a1907a703842523,"['威灵仙', '扶正蠲痹胶囊', '益肾蠲痹丸', '穿山龙', '鸡血藤']",近现代,"['活动受限', '腰背痛', '驼背']"
ok,4458,2026-02-04 19:36:31,竹亭医案女科,1911.0,骨痹,卷三 妇女经产杂症,病由感寒腹痛而起，渐自右股骱骨，痛如刀割，朝缓夜剧，迄今匝月，证名骨痹，痛甚见厥。乃寒与气郁，湿阻关节，引动内风，肝虚气滞，脉象沉紧。法从温舒，方用制香附、元胡索、当归、肉桂、木瓜、陈皮、独活、杜仲、淡茱萸等九味。煎服两帖，痛如前，不增不减。,病名,"[""情志异常""]",,肾阳虚证,,[],,"[""骨痛""]",,"[""中药内服""]",,"[{""name"": ""制香附"", ""type"": ""单味药"", ""note"": ""方中行气止痛""}, {""name"": ""元胡索"", ""type"": ""单味药"", ""note"": ""活血止痛""}, {""name"": ""当归"", ""type"": ""单味药"", ""note"": ""养血活血""}, {""name"": ""肉桂"", ""type"": ""单味药"", ""note"": ""温阳散寒""}, {""name"": ""木瓜"", ""type"": ""单味药"", ""note"": ""舒筋止痛""}, {""name"": ""陈皮"", ""type"": ""单味药"", ""note"": ""理气化湿""}, {""name"": ""独活"", ""type"": ""单味药"", ""note"": ""祛风湿止痛""}, {""name"": ""杜仲"", ""type"": ""单味药"", ""note"": ""补肝肾强筋骨""}, {""name"": ""淡茱萸"", ""type"": ""单味药"", ""note"": ""温中散寒""}]",0.2,证名骨痹，渐自右股骱骨，痛如刀割,True,True,未愈,"[{""classical_span"": ""证名骨痹"", ""why_supports"": ""涉及骨病范畴，可能与骨质异常相关""}, {""classical_span"": ""右股骱骨痛如刀割"", ""why_supports"": ""明确骨部疼痛表现""}]",3,"[""仅为痹证骨痛，缺乏骨弱或易折证据"", ""未见年老或绝经等原发性骨疏松关键信息"", ""症状可能由寒湿痹阻而非骨量减少导致""]",c63f01c7a75627f2a4f50600ad89efd8,"['元胡索', '制香附', '当归', '木瓜', '杜仲', '淡茱萸', '独活', '肉桂', '陈皮']",清,['骨痛']
ok,4821,2026-02-04 19:51:12,专治麻痧初编,1853.0,骨枯,卷三 朱氏《痘疹传心录》,一儿疹后干咳不已。余谓疹时过于解散，肺气虚耗，宜补脾肺为主，不信，只以清火止嗽药，其背渐驼，腿足细小，终身痼疾。亦有嗽久而胸高肿满，状如龟胸。启云先生曰：疹后久嗽则金衰，金衰不能生肾水，肾主骨髓，肾无生气则骨枯而髓减，风寒乘虚而入于髓，其邪凝滞故腰脊不举而为斯疾也。治法先以防风散其邪，又八味地黄丸，加人参 杜仲 牛膝当归 石斛 何首乌 米仁 菟丝子 萆 鹿茸蜜丸，又以驱风壮筋活血膏贴其凸处，又灸肺俞穴。（第三椎骨下各开一寸半）膈俞穴（第七椎骨下各开一寸半）一儿患此，余诊右脉缓弱，谓脾肺不足，先以人参白术茯苓陈皮甘草贝母当归芍药米仁石斛水煎服，脾土稍固，又以前方法治之，腿足渐而生肉，背驼稍愈，但不能脱然如故。,病名,[],文本明确为“一儿”，属儿童人群；依据为原文病例描述。,肾阳虚证,,[],,"[""驼背"", ""活动受限""]",腿足细小、腰脊不举，属活动功能受限之表现。,"[""中药内服"", ""中药外用"", ""艾灸""]",,"[{""name"": ""防风散"", ""type"": ""方剂"", ""note"": ""先用以散邪""}, {""name"": ""八味地黄丸（加味）"", ""type"": ""方剂"", ""note"": ""加人参、杜仲、牛膝、当归、石斛、何首乌、米仁、菟丝子、萆薢、鹿茸，蜜丸""}, {""name"": ""驱风壮筋活血膏"", ""type"": ""外治"", ""note"": ""贴其背部凸处""}, {""name"": ""人参白术茯苓陈皮甘草贝母当归芍药米仁石斛"", ""type"": ""方剂"", ""note"": ""水煎服以培补脾肺""}]",1.0,肾主骨髓，肾无生气则骨枯而髓减……腰脊不举,True,True,好转,"[{""classical_span"": ""骨枯而髓减"", ""why_supports"": ""直接指向骨质衰败，与骨量减少高度一致""}, {""classical_span"": ""其背渐驼，腿足细小"", ""why_supports"": ""体现骨骼畸变与生长/骨量不足表现""}]",1,"[""若忽略儿童背景而强行归为老年骨病，可能造成分型错误"", ""若未依据原文用药而泛称补肾活血，属信息臆造"", ""若将急性外伤或痹证混同本例慢性骨枯，证据不足""]",d9c246a680f88cc38d5ae2ccaa25f71e,"['人参白术茯苓陈皮甘草贝母当归芍药米仁石斛', '八味地黄丸', '防风散', '驱风壮筋活血膏']",清,"['活动受限', '驼背']"
ok,4822,2026-02-04 19:51:12,专治麻痧初编,1853.0,骨枯,卷三 秦氏《痘疹折衷》,疹后干嗽不已，因过于解散，以致肺气虚耗，宜补脾肺为主，用四君子汤加陈皮贝母归身白芍米仁石斛治之。有用清火止嗽药，背渐驼肥 足细小者，有咳久而胸高肿满状如龟背者，乃疹后久嗽则金衰，金衰则不能生水制木，木火刑金，盖肾主骨髓，肾无生气则骨枯而髓减，风寒乘虚而入于髓内，其邪凝滞故腰脊不举而有斯疾。治法先以防风散驱其邪，后以八味地黄丸加人参杜仲牛膝当归霍石斛何首乌米仁野黑豆兔丝子枸杞子巴戟肉萆 桑寄生鹿茸蜜丸，又以驱风壮筋活血膏贴其突处，又以艾灸肺俞穴（第三椎骨下各开一寸半）鬲俞穴（第七椎骨下各开一寸半）。,症状,[],痘疹后患者（疹后久嗽致肾虚骨枯），原文未限定年龄,肾阳虚证,,[],,"[""驼背"", ""活动受限""]",,"[""中药内服"", ""中药外用"", ""艾灸""]",,"[{""name"": ""防风散"", ""type"": ""方剂"", ""note"": ""先驱风邪""}, {""name"": ""八味地黄丸"", ""type"": ""方剂"", ""note"": ""加人参、杜仲、牛膝等补肾壮骨""}, {""name"": ""驱风壮筋活血膏"", ""type"": ""外治"", ""note"": ""贴其突处""}, {""name"": ""艾灸肺俞穴、鬲俞穴"", ""type"": ""外治"", ""note"": ""艾灸取穴""}]",1.0,盖肾主骨髓，肾无生气则骨枯而髓减…腰脊不举…状如龟背,True,True,,"[{""classical_span"": ""骨枯而髓减"", ""why_supports"": ""直接指向骨质衰败""}, {""classical_span"": ""状如龟背"", ""why_supports"": ""对应驼背等形体改变""}]",1,"[""若将急性痘疹并发症误判为原发骨病可能不当"", ""未明确记载骨折，部分表型推断有限"", ""人群年龄不详，现代分型存在不确定性""]",edcdd4a12cff51393524060d98c52341,"['八味地黄丸', '艾灸肺俞穴、鬲俞穴', '防风散', '驱风壮筋活血膏']",清,"['活动受限', '驼背']"
ok,259,2026-02-04 16:50:48,邹亦仲医案新编,2013.0,骨痿,正文 湿热足痿化疟方解,魏毓章，脚痿无力，行步似拖，咳嗽痰多，饮食不减。多医咸作虚疗，补阴补阳，始已嚐遍。诊脉浮洪实数，不为指挠，确属湿热发痿之候，但脉形数大，半系补药酿成。方书所载骨痿一症，多属乎虚，宜补肾填精，用全珍金刚丸为治，无不有验。奈此症缘夙有积湿在中，又感时令湿热以合成之。湿先流足，致足之气血经脉，都被湿袭而不用矣。脉大如此，料将来肿满之患难除。初与三承气未应，继用控涎、十枣汤以攻，便始泄而脉始衰。究病不多愈，痿软仍然，蕴热之深，概可想见。然脉虽大减，暂可不发肿满，湿热根株，又将何以剷除乎。延至二年夏，湿令重临，肿满始应湿而发，气喘不舒，又添肺气上逆问题矣。再延仆诊，试与五皮饮二帖，旋得肿消，即停药饵。示法脉转滑细紊乱，假愈可知，而大恙将临眉睫。初之不信，阅数日果腹大如鼓也。因信任不坚，遂辞调治之责。经草医神方，延误数月，幸湿热自能化疟，肿症渐无形消灭也。发肿虽不出余之预料，后经化疟解邪，何曾先晓，愧甚。此症脉象难疗，竟得疟解，非毓章之理数未穷，何能免此危殆，为之庆幸不已焉。,病名,[],,肾阳虚证,,[],,"[""活动受限"", ""步态不稳"", ""乏力""]",,"[""中药内服""]",,"[{""name"": ""全珍金刚丸"", ""type"": ""方剂"", ""note"": ""方书所载治骨痿之方""}, {""name"": ""三承气汤"", ""type"": ""方剂"", ""note"": ""初与攻下未应""}, {""name"": ""控涎丹"", ""type"": ""方剂"", ""note"": ""继用以攻逐湿痰""}, {""name"": ""十枣汤"", ""type"": ""方剂"", ""note"": ""与控涎并用以攻湿""}, {""name"": ""五皮饮"", ""type"": ""方剂"", ""note"": ""后期消肿用之""}]",1.0,方书所载骨痿一症，多属乎虚，宜补肾填精,True,True,好转,"[{""classical_span"": ""骨痿一症"", ""why_supports"": ""直接出现古籍中与骨质衰弱高度相关的病名""}, {""classical_span"": ""脚痿无力，行步似拖"", ""why_supports"": ""体现筋骨痿软、功能受限的慢性表现""}]",1,"[""原文未明确描述骨折或骨量减少，现代表型映射不足"", ""证型以湿热为主但标签为肾阳虚，可能存在理解分歧"", ""结局转归复杂，非专门针对骨病的系统治疗""]",d6cfa9a38a6501eb4777e2b79f6e1886,"['三承气汤', '五皮饮', '全珍金刚丸', '十枣汤', '控涎丹']",近现代,"['乏力', '步态不稳', '活动受限']"
ok,1609,2026-02-04 17:43:47,走近中医,2004.0,骨折,第七章  人体精气的仓库,关于肾与骨骼的关系，在这里我还可以讲个小故事。我亲戚的女儿在跳舞时不慎摔了一跤，导致左手尺骨、桡骨骨折。当时做了尺骨、桡骨的切复内固定手术，但是术后骨折端一直没有骨痂生长，半年后西医诊断为“骨折后骨不愈合”，认为需要重新再做植骨手术。这时我亲戚来向我咨询，问我植骨手术的效果怎样，这个手术值不值得做。我告诉他说，骨折后不愈合，说明机体本身的骨骼生长能力差，这个生长能力不是植骨所能解决和改善的，更何况植骨手术过程中骨骼的骨膜被剥离，这又会加重对骨骼生长能力的破坏，所以我认为手术效果肯定不会好，甚至会使情况更加恶化。对骨折不愈合的治疗，最正确的应该是改善和提高机体本身骨骼的生长能力。我亲戚又问，那怎么样才能改善人体的骨骼生长能力呢？我说，中医认为，骨骼的生长和肾中的精气有着密切的关系，骨骼生长能力不足，可以通过“补肾”的方法来治疗。我亲戚觉得有道理，采用了我的方法，结果用“补肾”类中药(杜仲、骨碎补、金毛狗脊、川断、鹿角胶、熟地、枸杞、山茱萸)连续治疗了3个月后，拍片显示骨折断端完全愈合。这也有力地证明了中医对人体物质和功能之间联系的探索方法是完全可取和正确的。,方药,[],,肾虚血瘀证,原文仅述“骨骼生长和肾中精气密切相关”“骨骼生长能力不足可补肾”，未明确命名具体证型,[],,"[""骨折""]",,"[""中药内服""]",,"[{""name"": ""杜仲"", ""type"": ""单味药"", ""note"": ""补肾以助骨骼生长""}, {""name"": ""骨碎补"", ""type"": ""单味药"", ""note"": ""用于促进骨折愈合""}, {""name"": ""金毛狗脊"", ""type"": ""单味药"", ""note"": ""补肾强骨""}, {""name"": ""川断"", ""type"": ""单味药"", ""note"": ""补肝肾、续筋骨""}, {""name"": ""鹿角胶"", ""type"": ""单味药"", ""note"": ""补肾填精""}, {""name"": ""熟地"", ""type"": ""单味药"", ""note"": ""补肾益精""}, {""name"": ""枸杞"", ""type"": ""单味药"", ""note"": ""补肝肾""}, {""name"": ""山茱萸"", ""type"": ""单味药"", ""note"": ""补肾固精""}]",0.2,中医认为，骨骼的生长和肾中的精气有着密切的关系,True,False,愈,"[{""classical_span"": ""骨骼的生长和肾中的精气"", ""why_supports"": ""体现肾精主骨的理论，与骨量/骨生长能力的古代理解有关""}, {""classical_span"": ""骨折后不愈合"", ""why_supports"": ""涉及骨修复能力不足，但属于外伤后转归""}]",1,"[""案例为跌倒外伤骨折，非典型骨质疏松脆性骨折"", ""未出现骨痿、骨枯等古籍病名，证据指向较弱"", ""中医证型未明确，强行对应具体证型可能失真""]",5b0f3e64dde579274ee6beaa937f1888,"['山茱萸', '川断', '杜仲', '枸杞', '熟地', '金毛狗脊', '骨碎补', '鹿角胶']",近现代,['骨折']
