disease_signature,library,term,p_value,combined_score,overlap_genes,interpretation
osteoclast_up_at_d9,LINCS_L1000_Chem_Pert_Consensus_Sigs,Ginsenoside-Rd Down,7.061951517147671e-10,2568.466630817987,FTO;CA2;SLC2A1;AKR1B1;F3;ABCG2,perturbagens associated with the osteoclast signature; candidate reversers where a perturbagen down-regulates the up-signature (confirm with Level-5 directionality)
osteoclast_up_at_d9,LINCS_L1000_Chem_Pert_Consensus_Sigs,ITSA-1 Down,6.610032599896987e-08,1349.073371653052,FTO;DPP4;PKM;CA2;AKR1B1,perturbagens associated with the osteoclast signature; candidate reversers where a perturbagen down-regulates the up-signature (confirm with Level-5 directionality)
osteoclast_up_at_d9,LINCS_L1000_Chem_Pert_Consensus_Sigs,ST-4066738 Up,6.610032599896987e-08,1349.073371653052,PKM;CA2;SLC2A1;AKR1B1;F3,perturbagens associated with the osteoclast signature; candidate reversers where a perturbagen down-regulates the up-signature (confirm with Level-5 directionality)
osteoclast_up_at_d9,LINCS_L1000_Chem_Pert_Consensus_Sigs,MW-A1-14 Down,3.881630350990498e-06,701.2679421300994,FTO;PKM;CA2;AKR1B1,perturbagens associated with the osteoclast signature; candidate reversers where a perturbagen down-regulates the up-signature (confirm with Level-5 directionality)
osteoclast_up_at_d9,LINCS_L1000_Chem_Pert_Consensus_Sigs,TW-37 Up,4.012670872742187e-06,693.4018659569766,PKM;CA2;SLC2A1;F3,perturbagens associated with the osteoclast signature; candidate reversers where a perturbagen down-regulates the up-signature (confirm with Level-5 directionality)
osteoclast_up_at_d9,LINCS_L1000_Chem_Pert_Consensus_Sigs,Compound-E Down,4.146968312680285e-06,685.6839309989614,CA2;SLC2A1;AKR1B1;ABCG2,perturbagens associated with the osteoclast signature; candidate reversers where a perturbagen down-regulates the up-signature (confirm with Level-5 directionality)
osteoclast_up_at_d9,LINCS_L1000_Chem_Pert_Consensus_Sigs,Aztreonam Down,4.215354658676165e-06,681.8792723295245,DPP4;PKM;AKR1B1;F3,perturbagens associated with the osteoclast signature; candidate reversers where a perturbagen down-regulates the up-signature (confirm with Level-5 directionality)
osteoclast_up_at_d9,LINCS_L1000_Chem_Pert_Consensus_Sigs,Nilvadipine Down,4.215354658676165e-06,681.8792723295245,CA2;SLC2A1;F3;ABCG2,perturbagens associated with the osteoclast signature; candidate reversers where a perturbagen down-regulates the up-signature (confirm with Level-5 directionality)
osteoclast_up_at_d9,LINCS_L1000_Chem_Pert_Consensus_Sigs,THZ-2-98-01 Up,4.215354658676165e-06,681.8792723295245,DPP4;PKM;CA2;F3,perturbagens associated with the osteoclast signature; candidate reversers where a perturbagen down-regulates the up-signature (confirm with Level-5 directionality)
osteoclast_up_at_d9,LINCS_L1000_Chem_Pert_Consensus_Sigs,Taurodeoxycholic-Acid Down,4.215354658676165e-06,681.8792723295245,PKM;CA2;AKR1B1;F3,perturbagens associated with the osteoclast signature; candidate reversers where a perturbagen down-regulates the up-signature (confirm with Level-5 directionality)
osteoclast_up_at_d9,LINCS_L1000_Chem_Pert_Consensus_Sigs,Cyclopentanone-Oxime Down,4.28457481755327e-06,678.1101733975152,CA2;SLC2A1;AKR1B1;ABCG2,perturbagens associated with the osteoclast signature; candidate reversers where a perturbagen down-regulates the up-signature (confirm with Level-5 directionality)
osteoclast_up_at_d9,LINCS_L1000_Chem_Pert_Consensus_Sigs,RS-56812 Up,4.28457481755327e-06,678.1101733975152,FTO;PKM;AKR1B1;F3,perturbagens associated with the osteoclast signature; candidate reversers where a perturbagen down-regulates the up-signature (confirm with Level-5 directionality)
osteoclast_up_at_d9,LINCS_L1000_Chem_Pert_Consensus_Sigs,E-7438 Down,4.28457481755327e-06,678.1101733975152,CA2;SLC2A1;AKR1B1;ABCG2,perturbagens associated with the osteoclast signature; candidate reversers where a perturbagen down-regulates the up-signature (confirm with Level-5 directionality)
osteoclast_up_at_d9,LINCS_L1000_Chem_Pert_Consensus_Sigs,Enalapril Up,4.28457481755327e-06,678.1101733975152,FTO;PKM;CA2;CISD1,perturbagens associated with the osteoclast signature; candidate reversers where a perturbagen down-regulates the up-signature (confirm with Level-5 directionality)
osteoclast_up_at_d9,LINCS_L1000_Chem_Pert_Consensus_Sigs,Iriflophenone Up,4.28457481755327e-06,678.1101733975152,PKM;CA2;F3;ABCG2,perturbagens associated with the osteoclast signature; candidate reversers where a perturbagen down-regulates the up-signature (confirm with Level-5 directionality)
osteoclast_up_at_d9,LINCS_L1000_Chem_Pert_Consensus_Sigs,Sulfabenzamide Up,4.28457481755327e-06,678.1101733975152,DPP4;PKM;CA2;AKR1B1,perturbagens associated with the osteoclast signature; candidate reversers where a perturbagen down-regulates the up-signature (confirm with Level-5 directionality)
osteoclast_up_at_d9,LINCS_L1000_Chem_Pert_Consensus_Sigs,DL-PDMP Down,4.28457481755327e-06,678.1101733975152,CA2;SLC2A1;F3;ABCG2,perturbagens associated with the osteoclast signature; candidate reversers where a perturbagen down-regulates the up-signature (confirm with Level-5 directionality)
osteoclast_up_at_d9,LINCS_L1000_Chem_Pert_Consensus_Sigs,Helveticoside Down,4.28457481755327e-06,678.1101733975152,FTO;PKM;CA2;AKR1B1,perturbagens associated with the osteoclast signature; candidate reversers where a perturbagen down-regulates the up-signature (confirm with Level-5 directionality)
osteoclast_up_at_d9,LINCS_L1000_Chem_Pert_Consensus_Sigs,DM-161 Down,4.28457481755327e-06,678.1101733975152,PKM;CA2;AKR1B1;F3,perturbagens associated with the osteoclast signature; candidate reversers where a perturbagen down-regulates the up-signature (confirm with Level-5 directionality)
osteoclast_up_at_d9,LINCS_L1000_Chem_Pert_Consensus_Sigs,BI-78D3 Down,4.28457481755327e-06,678.1101733975152,FTO;DPP4;CA2;F3,perturbagens associated with the osteoclast signature; candidate reversers where a perturbagen down-regulates the up-signature (confirm with Level-5 directionality)
osteoclast_up_at_d9,LINCS_L1000_Chem_Pert_Consensus_Sigs,ZD-7155 Up,4.354635366399249e-06,674.3761601258425,FTO;PKM;SLC2A1;AKR1B1,perturbagens associated with the osteoclast signature; candidate reversers where a perturbagen down-regulates the up-signature (confirm with Level-5 directionality)
osteoclast_up_at_d9,LINCS_L1000_Chem_Pert_Consensus_Sigs,Triphenylphosphine-Oxide Down,4.354635366399249e-06,674.3761601258425,DPP4;CA2;AKR1B1;ABCG2,perturbagens associated with the osteoclast signature; candidate reversers where a perturbagen down-regulates the up-signature (confirm with Level-5 directionality)
osteoclast_up_at_d9,LINCS_L1000_Chem_Pert_Consensus_Sigs,Flavokavain-B Up,4.354635366399249e-06,674.3761601258425,CA2;SLC2A1;AKR1B1;ABCG2,perturbagens associated with the osteoclast signature; candidate reversers where a perturbagen down-regulates the up-signature (confirm with Level-5 directionality)
osteoclast_up_at_d9,LINCS_L1000_Chem_Pert_Consensus_Sigs,SC-144 Up,4.354635366399249e-06,674.3761601258425,PKM;CA2;SLC2A1;F3,perturbagens associated with the osteoclast signature; candidate reversers where a perturbagen down-regulates the up-signature (confirm with Level-5 directionality)
osteoclast_up_at_d9,LINCS_L1000_Chem_Pert_Consensus_Sigs,AM-251 Down,4.354635366399249e-06,674.3761601258425,DPP4;PKM;CA2;AKR1B1,perturbagens associated with the osteoclast signature; candidate reversers where a perturbagen down-regulates the up-signature (confirm with Level-5 directionality)
osteoclast_up_at_d9,LINCS_L1000_Chem_Pert_Consensus_Sigs,5-Methylhydantoin Down,4.354635366399249e-06,674.3761601258425,PKM;CA2;AKR1B1;F3,perturbagens associated with the osteoclast signature; candidate reversers where a perturbagen down-regulates the up-signature (confirm with Level-5 directionality)
osteoclast_up_at_d9,LINCS_L1000_Chem_Pert_Consensus_Sigs,KU-C103868 Up,4.425542904437184e-06,670.6767666690207,FTO;PKM;AKR1B1;F3,perturbagens associated with the osteoclast signature; candidate reversers where a perturbagen down-regulates the up-signature (confirm with Level-5 directionality)
osteoclast_up_at_d9,LINCS_L1000_Chem_Pert_Consensus_Sigs,Dienogest Up,4.425542904437184e-06,670.6767666690207,PKM;CA2;SLC2A1;AKR1B1,perturbagens associated with the osteoclast signature; candidate reversers where a perturbagen down-regulates the up-signature (confirm with Level-5 directionality)
osteoclast_up_at_d9,LINCS_L1000_Chem_Pert_Consensus_Sigs,AG-370 Up,4.497304053156905e-06,667.0115352346738,PKM;CA2;AKR1B1;F3,perturbagens associated with the osteoclast signature; candidate reversers where a perturbagen down-regulates the up-signature (confirm with Level-5 directionality)
osteoclast_up_at_d9,LINCS_L1000_Chem_Pert_Consensus_Sigs,CMAP-ERG-AZD2281 Down,4.497304053156905e-06,667.0115352346738,PKM;CA2;F3;ABCG2,perturbagens associated with the osteoclast signature; candidate reversers where a perturbagen down-regulates the up-signature (confirm with Level-5 directionality)
osteoclast_up_at_d9,LINCS_L1000_Chem_Pert_Consensus_Sigs,ZM-39923 Up,4.497304053156905e-06,667.0115352346738,PKM;CA2;SLC2A1;AKR1B1,perturbagens associated with the osteoclast signature; candidate reversers where a perturbagen down-regulates the up-signature (confirm with Level-5 directionality)
osteoclast_up_at_d9,LINCS_L1000_Chem_Pert_Consensus_Sigs,Ethylestrenol Up,4.497304053156905e-06,667.0115352346738,CA2;SLC2A1;AKR1B1;ABCG2,perturbagens associated with the osteoclast signature; candidate reversers where a perturbagen down-regulates the up-signature (confirm with Level-5 directionality)
osteoclast_up_at_d9,LINCS_L1000_Chem_Pert_Consensus_Sigs,N-MPPP Up,4.497304053156905e-06,667.0115352346738,PKM;SLC2A1;AKR1B1;F3,perturbagens associated with the osteoclast signature; candidate reversers where a perturbagen down-regulates the up-signature (confirm with Level-5 directionality)
osteoclast_up_at_d9,LINCS_L1000_Chem_Pert_Consensus_Sigs,Deferasirox Up,4.497304053156905e-06,667.0115352346738,PKM;CA2;SLC2A1;F3,perturbagens associated with the osteoclast signature; candidate reversers where a perturbagen down-regulates the up-signature (confirm with Level-5 directionality)
osteoclast_up_at_d9,LINCS_L1000_Chem_Pert_Consensus_Sigs,Empagliflozin Up,4.497304053156905e-06,667.0115352346738,PKM;CA2;SLC2A1;F3,perturbagens associated with the osteoclast signature; candidate reversers where a perturbagen down-regulates the up-signature (confirm with Level-5 directionality)
osteoclast_up_at_d9,LINCS_L1000_Chem_Pert_Consensus_Sigs,GGTI-298 Up,4.497304053156905e-06,667.0115352346738,FTO;DPP4;PKM;AKR1B1,perturbagens associated with the osteoclast signature; candidate reversers where a perturbagen down-regulates the up-signature (confirm with Level-5 directionality)
osteoclast_up_at_d9,LINCS_L1000_Chem_Pert_Consensus_Sigs,Olomoucine Down,4.497304053156905e-06,667.0115352346738,PKM;SLC2A1;F3;ABCG2,perturbagens associated with the osteoclast signature; candidate reversers where a perturbagen down-regulates the up-signature (confirm with Level-5 directionality)
osteoclast_up_at_d9,LINCS_L1000_Chem_Pert_Consensus_Sigs,EMF-sumo1-9 Down,4.497304053156905e-06,667.0115352346738,PKM;CA2;F3;ABCG2,perturbagens associated with the osteoclast signature; candidate reversers where a perturbagen down-regulates the up-signature (confirm with Level-5 directionality)
osteoclast_up_at_d9,LINCS_L1000_Chem_Pert_Consensus_Sigs,Ethisterone Up,4.569925457634111e-06,663.3800158957769,PKM;CA2;AKR1B1;F3,perturbagens associated with the osteoclast signature; candidate reversers where a perturbagen down-regulates the up-signature (confirm with Level-5 directionality)
osteoclast_up_at_d9,LINCS_L1000_Chem_Pert_Consensus_Sigs,PAC-1 Up,4.569925457634111e-06,663.3800158957769,PKM;CA2;SLC2A1;F3,perturbagens associated with the osteoclast signature; candidate reversers where a perturbagen down-regulates the up-signature (confirm with Level-5 directionality)
osteoclast_up_at_d9,LINCS_L1000_Chem_Pert_Consensus_Sigs,Resmethrin Up,4.569925457634111e-06,663.3800158957769,PKM;CA2;SLC2A1;F3,perturbagens associated with the osteoclast signature; candidate reversers where a perturbagen down-regulates the up-signature (confirm with Level-5 directionality)
osteoclast_up_at_d9,LINCS_L1000_Chem_Pert_Consensus_Sigs,L-glutamic-acid Down,4.569925457634111e-06,663.3800158957769,FTO;CA2;F3;ABCG2,perturbagens associated with the osteoclast signature; candidate reversers where a perturbagen down-regulates the up-signature (confirm with Level-5 directionality)
osteoclast_up_at_d9,LINCS_L1000_Chem_Pert_Consensus_Sigs,Mepazine Up,4.569925457634111e-06,663.3800158957769,PKM;CA2;AKR1B1;F3,perturbagens associated with the osteoclast signature; candidate reversers where a perturbagen down-regulates the up-signature (confirm with Level-5 directionality)
osteoclast_up_at_d9,LINCS_L1000_Chem_Pert_Consensus_Sigs,AZ-6102 Up,4.569925457634111e-06,663.3800158957769,PKM;CA2;SLC2A1;F3,perturbagens associated with the osteoclast signature; candidate reversers where a perturbagen down-regulates the up-signature (confirm with Level-5 directionality)
osteoclast_up_at_d9,LINCS_L1000_Chem_Pert_Consensus_Sigs,VU-0418942-1 Up,4.569925457634111e-06,663.3800158957769,PKM;CA2;SLC2A1;F3,perturbagens associated with the osteoclast signature; candidate reversers where a perturbagen down-regulates the up-signature (confirm with Level-5 directionality)
osteoclast_up_at_d9,LINCS_L1000_Chem_Pert_Consensus_Sigs,KU-C103658 Down,4.569925457634111e-06,663.3800158957769,FTO;PKM;CA2;ABCG2,perturbagens associated with the osteoclast signature; candidate reversers where a perturbagen down-regulates the up-signature (confirm with Level-5 directionality)
osteoclast_up_at_d9,LINCS_L1000_Chem_Pert_Consensus_Sigs,Dyphylline Up,4.643413786482537e-06,659.7817664249902,FTO;DPP4;CA2;ABCG2,perturbagens associated with the osteoclast signature; candidate reversers where a perturbagen down-regulates the up-signature (confirm with Level-5 directionality)
osteoclast_up_at_d9,LINCS_L1000_Chem_Pert_Consensus_Sigs,Clorsulon Down,4.643413786482537e-06,659.7817664249902,CA2;SLC2A1;F3;ABCG2,perturbagens associated with the osteoclast signature; candidate reversers where a perturbagen down-regulates the up-signature (confirm with Level-5 directionality)
osteoclast_up_at_d9,LINCS_L1000_Chem_Pert_Consensus_Sigs,SA-1455791 Up,4.643413786482537e-06,659.7817664249902,CA2;SLC2A1;F3;ABCG2,perturbagens associated with the osteoclast signature; candidate reversers where a perturbagen down-regulates the up-signature (confirm with Level-5 directionality)
osteoclast_up_at_d9,LINCS_L1000_Chem_Pert_Consensus_Sigs,LUC M617 Up,4.643413786482537e-06,659.7817664249902,DPP4;PKM;CA2;F3,perturbagens associated with the osteoclast signature; candidate reversers where a perturbagen down-regulates the up-signature (confirm with Level-5 directionality)
osteoclast_up_at_d9,LINCS_L1000_Chem_Pert_Consensus_Sigs,Clomipramine Down,4.643413786482537e-06,659.7817664249902,CA2;SLC2A1;F3;ABCG2,perturbagens associated with the osteoclast signature; candidate reversers where a perturbagen down-regulates the up-signature (confirm with Level-5 directionality)
osteoclast_up_at_d9,LINCS_L1000_Chem_Pert_Consensus_Sigs,Gossypol Up,0.00018082388550927088,314.5459125299294,CA2;SLC2A1;F3,perturbagens associated with the osteoclast signature; candidate reversers where a perturbagen down-regulates the up-signature (confirm with Level-5 directionality)
osteoclast_up_at_d9,LINCS_L1000_Chem_Pert_Consensus_Sigs,GDC-0068 Down,0.0001854023355140706,310.9211693624197,CA2;SLC2A1;ABCG2,perturbagens associated with the osteoclast signature; candidate reversers where a perturbagen down-regulates the up-signature (confirm with Level-5 directionality)
osteoclast_up_at_d9,LINCS_L1000_Chem_Pert_Consensus_Sigs,DM-55-3 Up,0.0001877196379064523,309.13492244651553,PKM;SLC2A1;F3,perturbagens associated with the osteoclast signature; candidate reversers where a perturbagen down-regulates the up-signature (confirm with Level-5 directionality)
osteoclast_up_at_d9,LINCS_L1000_Chem_Pert_Consensus_Sigs,Taselisib Down,0.0001877196379064523,309.13492244651553,CA2;SLC2A1;ABCG2,perturbagens associated with the osteoclast signature; candidate reversers where a perturbagen down-regulates the up-signature (confirm with Level-5 directionality)
osteoclast_up_at_d9,LINCS_L1000_Chem_Pert_Consensus_Sigs,Angiogenesis-Inhibitor Up,0.00019005575087453592,307.36577462542357,CA2;SLC2A1;F3,perturbagens associated with the osteoclast signature; candidate reversers where a perturbagen down-regulates the up-signature (confirm with Level-5 directionality)
osteoclast_up_at_d9,LINCS_L1000_Chem_Pert_Consensus_Sigs,Daprodustat Down,0.00019005575087453592,307.36577462542357,CA2;F3;ABCG2,perturbagens associated with the osteoclast signature; candidate reversers where a perturbagen down-regulates the up-signature (confirm with Level-5 directionality)
osteoclast_up_at_d9,LINCS_L1000_Chem_Pert_Consensus_Sigs,Amidopyrine Down,0.00019005575087453592,307.36577462542357,CA2;F3;ABCG2,perturbagens associated with the osteoclast signature; candidate reversers where a perturbagen down-regulates the up-signature (confirm with Level-5 directionality)
osteoclast_up_at_d9,LINCS_L1000_Chem_Pert_Consensus_Sigs,Cycloheximide Down,0.00019005575087453592,307.36577462542357,FTO;PKM;AKR1B1,perturbagens associated with the osteoclast signature; candidate reversers where a perturbagen down-regulates the up-signature (confirm with Level-5 directionality)
osteoclast_up_at_d9,LINCS_L1000_Chem_Pert_Consensus_Sigs,Piperine Down,0.00019005575087453592,307.36577462542357,CA2;AKR1B1;ABCG2,perturbagens associated with the osteoclast signature; candidate reversers where a perturbagen down-regulates the up-signature (confirm with Level-5 directionality)
osteoclast_up_at_d9,LINCS_L1000_Chem_Pert_Consensus_Sigs,Artemether Up,0.00019241074355822626,305.6134931663387,DPP4;CA2;AKR1B1,perturbagens associated with the osteoclast signature; candidate reversers where a perturbagen down-regulates the up-signature (confirm with Level-5 directionality)
osteoclast_up_at_d9,LINCS_L1000_Chem_Pert_Consensus_Sigs,MW-STK33-23 Up,0.00019241074355822626,305.6134931663387,FTO;CA2;F3,perturbagens associated with the osteoclast signature; candidate reversers where a perturbagen down-regulates the up-signature (confirm with Level-5 directionality)
osteoclast_up_at_d9,LINCS_L1000_Chem_Pert_Consensus_Sigs,MK-2206 Down,0.00019241074355822626,305.6134931663387,CA2;SLC2A1;ABCG2,perturbagens associated with the osteoclast signature; candidate reversers where a perturbagen down-regulates the up-signature (confirm with Level-5 directionality)
osteoclast_up_at_d9,LINCS_L1000_Chem_Pert_Consensus_Sigs,Strophanthidin Down,0.00019241074355822626,305.6134931663387,DPP4;PKM;AKR1B1,perturbagens associated with the osteoclast signature; candidate reversers where a perturbagen down-regulates the up-signature (confirm with Level-5 directionality)
osteoclast_up_at_d9,LINCS_L1000_Chem_Pert_Consensus_Sigs,NSC-119889 Down,0.00019241074355822626,305.6134931663387,DPP4;CA2;F3,perturbagens associated with the osteoclast signature; candidate reversers where a perturbagen down-regulates the up-signature (confirm with Level-5 directionality)
osteoclast_up_at_d9,LINCS_L1000_Chem_Pert_Consensus_Sigs,Iopromide Down,0.00019478468503091324,303.8778494479002,DPP4;AKR1B1;ABCG2,perturbagens associated with the osteoclast signature; candidate reversers where a perturbagen down-regulates the up-signature (confirm with Level-5 directionality)
osteoclast_up_at_d9,LINCS_L1000_Chem_Pert_Consensus_Sigs,Bisindolylmaleimide-Ix Up,0.00019478468503091324,303.8778494479002,FTO;CA2;F3,perturbagens associated with the osteoclast signature; candidate reversers where a perturbagen down-regulates the up-signature (confirm with Level-5 directionality)
osteoclast_up_at_d9,LINCS_L1000_Chem_Pert_Consensus_Sigs,PNU-74654 Up,0.00019478468503091324,303.8778494479002,PKM;CA2;AKR1B1,perturbagens associated with the osteoclast signature; candidate reversers where a perturbagen down-regulates the up-signature (confirm with Level-5 directionality)
osteoclast_up_at_d9,LINCS_L1000_Chem_Pert_Consensus_Sigs,Doxercalciferol Up,0.00019478468503091324,303.8778494479002,CA2;AKR1B1;F3,perturbagens associated with the osteoclast signature; candidate reversers where a perturbagen down-regulates the up-signature (confirm with Level-5 directionality)
osteoclast_up_at_d9,LINCS_L1000_Chem_Pert_Consensus_Sigs,CVF-SUMO-11 Up,0.00019478468503091324,303.8778494479002,CA2;SLC2A1;ABCG2,perturbagens associated with the osteoclast signature; candidate reversers where a perturbagen down-regulates the up-signature (confirm with Level-5 directionality)
osteoclast_up_at_d9,LINCS_L1000_Chem_Pert_Consensus_Sigs,GSK-2334470 Down,0.00019478468503091324,303.8778494479002,CA2;SLC2A1;ABCG2,perturbagens associated with the osteoclast signature; candidate reversers where a perturbagen down-regulates the up-signature (confirm with Level-5 directionality)
osteoclast_up_at_d9,LINCS_L1000_Chem_Pert_Consensus_Sigs,Cyclizine Down,0.00019717764430167352,302.15861887060737,PKM;CA2;F3,perturbagens associated with the osteoclast signature; candidate reversers where a perturbagen down-regulates the up-signature (confirm with Level-5 directionality)
osteoclast_up_at_d9,LINCS_L1000_Chem_Pert_Consensus_Sigs,Peruvoside Down,0.00019717764430167352,302.15861887060737,FTO;PKM;AKR1B1,perturbagens associated with the osteoclast signature; candidate reversers where a perturbagen down-regulates the up-signature (confirm with Level-5 directionality)
osteoclast_up_at_d9,LINCS_L1000_Chem_Pert_Consensus_Sigs,Fenretinide Up,0.00019717764430167352,302.15861887060737,CA2;SLC2A1;AKR1B1,perturbagens associated with the osteoclast signature; candidate reversers where a perturbagen down-regulates the up-signature (confirm with Level-5 directionality)
osteoclast_up_at_d9,LINCS_L1000_Chem_Pert_Consensus_Sigs,Atrasentan Down,0.00019717764430167352,302.15861887060737,CA2;F3;ABCG2,perturbagens associated with the osteoclast signature; candidate reversers where a perturbagen down-regulates the up-signature (confirm with Level-5 directionality)
osteoclast_up_at_d9,LINCS_L1000_Chem_Pert_Consensus_Sigs,Methoxypyruvic-Acid Down,0.00019717764430167352,302.15861887060737,PKM;CA2;SLC2A1,perturbagens associated with the osteoclast signature; candidate reversers where a perturbagen down-regulates the up-signature (confirm with Level-5 directionality)
osteoclast_up_at_d9,LINCS_L1000_Chem_Pert_Consensus_Sigs,Alprazolam Up,0.00019717764430167352,302.15861887060737,PKM;CA2;AKR1B1,perturbagens associated with the osteoclast signature; candidate reversers where a perturbagen down-regulates the up-signature (confirm with Level-5 directionality)
osteoclast_up_at_d9,LINCS_L1000_Chem_Pert_Consensus_Sigs,620 7033 4251 Down,0.00019717764430167352,302.15861887060737,PKM;CA2;AKR1B1,perturbagens associated with the osteoclast signature; candidate reversers where a perturbagen down-regulates the up-signature (confirm with Level-5 directionality)
osteoclast_up_at_d9,LINCS_L1000_Chem_Pert_Consensus_Sigs,Avicin-D Down,0.00019717764430167352,302.15861887060737,PKM;SLC2A1;ABCG2,perturbagens associated with the osteoclast signature; candidate reversers where a perturbagen down-regulates the up-signature (confirm with Level-5 directionality)
osteoclast_up_at_d9,LINCS_L1000_Chem_Pert_Consensus_Sigs,SA-1939938 Up,0.00019717764430167352,302.15861887060737,DPP4;CA2;AKR1B1,perturbagens associated with the osteoclast signature; candidate reversers where a perturbagen down-regulates the up-signature (confirm with Level-5 directionality)
osteoclast_up_at_d9,LINCS_L1000_Chem_Pert_Consensus_Sigs,Progesterone Down,0.00019717764430167352,302.15861887060737,CA2;SLC2A1;ABCG2,perturbagens associated with the osteoclast signature; candidate reversers where a perturbagen down-regulates the up-signature (confirm with Level-5 directionality)
osteoclast_up_at_d9,LINCS_L1000_Chem_Pert_Consensus_Sigs,Serdemetan Down,0.00019717764430167352,302.15861887060737,FTO;CA2;SLC2A1,perturbagens associated with the osteoclast signature; candidate reversers where a perturbagen down-regulates the up-signature (confirm with Level-5 directionality)
osteoclast_up_at_d9,LINCS_L1000_Chem_Pert_Consensus_Sigs,Pancuronium Down,0.00019717764430167352,302.15861887060737,DPP4;AKR1B1;F3,perturbagens associated with the osteoclast signature; candidate reversers where a perturbagen down-regulates the up-signature (confirm with Level-5 directionality)
osteoclast_up_at_d9,LINCS_L1000_Chem_Pert_Consensus_Sigs,QL-X-138 Down,0.00019717764430167352,302.15861887060737,PKM;CA2;ABCG2,perturbagens associated with the osteoclast signature; candidate reversers where a perturbagen down-regulates the up-signature (confirm with Level-5 directionality)
osteoclast_up_at_d9,LINCS_L1000_Chem_Pert_Consensus_Sigs,Piperacillin Down,0.00019958969022854052,300.4555807852775,SLC2A1;F3;ABCG2,perturbagens associated with the osteoclast signature; candidate reversers where a perturbagen down-regulates the up-signature (confirm with Level-5 directionality)
osteoclast_up_at_d9,LINCS_L1000_Chem_Pert_Consensus_Sigs,CGS-15943 Up,0.00019958969022854052,300.4555807852775,SLC2A1;AKR1B1;F3,perturbagens associated with the osteoclast signature; candidate reversers where a perturbagen down-regulates the up-signature (confirm with Level-5 directionality)
osteoclast_up_at_d9,LINCS_L1000_Chem_Pert_Consensus_Sigs,Homatropine Up,0.00019958969022854052,300.4555807852775,PKM;SLC2A1;ABCG2,perturbagens associated with the osteoclast signature; candidate reversers where a perturbagen down-regulates the up-signature (confirm with Level-5 directionality)
osteoclast_up_at_d9,LINCS_L1000_Chem_Pert_Consensus_Sigs,PP-1 Up,0.00019958969022854052,300.4555807852775,FTO;DPP4;ABCG2,perturbagens associated with the osteoclast signature; candidate reversers where a perturbagen down-regulates the up-signature (confirm with Level-5 directionality)
osteoclast_up_at_d9,LINCS_L1000_Chem_Pert_Consensus_Sigs,BRL-54443 Up,0.00019958969022854052,300.4555807852775,DPP4;PKM;F3,perturbagens associated with the osteoclast signature; candidate reversers where a perturbagen down-regulates the up-signature (confirm with Level-5 directionality)
osteoclast_up_at_d9,LINCS_L1000_Chem_Pert_Consensus_Sigs,Cyclopentene Down,0.00019958969022854052,300.4555807852775,SLC2A1;AKR1B1;ABCG2,perturbagens associated with the osteoclast signature; candidate reversers where a perturbagen down-regulates the up-signature (confirm with Level-5 directionality)
osteoclast_up_at_d9,LINCS_L1000_Chem_Pert_Consensus_Sigs,Atazanavir Down,0.00019958969022854052,300.4555807852775,AKR1B1;F3;ABCG2,perturbagens associated with the osteoclast signature; candidate reversers where a perturbagen down-regulates the up-signature (confirm with Level-5 directionality)
osteoclast_up_at_d9,LINCS_L1000_Chem_Pert_Consensus_Sigs,TRIFLUPERIDOL-2HCL Down,0.00019958969022854052,300.4555807852775,CA2;SLC2A1;AKR1B1,perturbagens associated with the osteoclast signature; candidate reversers where a perturbagen down-regulates the up-signature (confirm with Level-5 directionality)
osteoclast_up_at_d9,LINCS_L1000_Chem_Pert_Consensus_Sigs,Letrozole Up,0.00019958969022854052,300.4555807852775,DPP4;CA2;ABCG2,perturbagens associated with the osteoclast signature; candidate reversers where a perturbagen down-regulates the up-signature (confirm with Level-5 directionality)
osteoclast_up_at_d9,LINCS_L1000_Chem_Pert_Consensus_Sigs,Cladribine Up,0.00019958969022854052,300.4555807852775,CA2;AKR1B1;F3,perturbagens associated with the osteoclast signature; candidate reversers where a perturbagen down-regulates the up-signature (confirm with Level-5 directionality)
osteoclast_up_at_d9,LINCS_L1000_Chem_Pert_Consensus_Sigs,Buflomedil Up,0.00019958969022854052,300.4555807852775,FTO;CA2;ABCG2,perturbagens associated with the osteoclast signature; candidate reversers where a perturbagen down-regulates the up-signature (confirm with Level-5 directionality)
osteoclast_up_at_d9,LINCS_L1000_Chem_Pert_Consensus_Sigs,Lomifylline Up,0.00019958969022854052,300.4555807852775,DPP4;CA2;AKR1B1,perturbagens associated with the osteoclast signature; candidate reversers where a perturbagen down-regulates the up-signature (confirm with Level-5 directionality)
osteoclast_up_at_d9,LINCS_L1000_Chem_Pert_Consensus_Sigs,Tizanidine Up,0.00019958969022854052,300.4555807852775,PKM;AKR1B1;F3,perturbagens associated with the osteoclast signature; candidate reversers where a perturbagen down-regulates the up-signature (confirm with Level-5 directionality)
osteoclast_up_at_d9,LINCS_L1000_Chem_Pert_Consensus_Sigs,Furfural Up,0.00019958969022854052,300.4555807852775,DPP4;SLC2A1;ABCG2,perturbagens associated with the osteoclast signature; candidate reversers where a perturbagen down-regulates the up-signature (confirm with Level-5 directionality)
osteoclast_up_at_d9,LINCS_L1000_Chem_Pert_Consensus_Sigs,Semagacestat Up,0.00019958969022854052,300.4555807852775,FTO;CA2;ABCG2,perturbagens associated with the osteoclast signature; candidate reversers where a perturbagen down-regulates the up-signature (confirm with Level-5 directionality)
osteoclast_up_at_d9,LINCS_L1000_Chem_Pert_Consensus_Sigs,AGI-6780 Up,0.00019958969022854052,300.4555807852775,PKM;CA2;ABCG2,perturbagens associated with the osteoclast signature; candidate reversers where a perturbagen down-regulates the up-signature (confirm with Level-5 directionality)
osteoclast_down_at_d9,LINCS_L1000_Chem_Pert_Consensus_Sigs,Isamoltane Down,2.077115049204124e-07,893.0587883724268,ALOX5;AHR;MPO;PTPN2;CES1,perturbagens associated with the osteoclast signature; candidate reversers where a perturbagen down-regulates the up-signature (confirm with Level-5 directionality)
osteoclast_down_at_d9,LINCS_L1000_Chem_Pert_Consensus_Sigs,SA-90377 Up,1.0231192304754387e-05,468.76634517102275,FLT3;ALOX5;AHR;CES1,perturbagens associated with the osteoclast signature; candidate reversers where a perturbagen down-regulates the up-signature (confirm with Level-5 directionality)
osteoclast_down_at_d9,LINCS_L1000_Chem_Pert_Consensus_Sigs,RWJ-21757 Up,1.0396257451866671e-05,466.1633889855219,ALOX5;AHR;MPO;CES1,perturbagens associated with the osteoclast signature; candidate reversers where a perturbagen down-regulates the up-signature (confirm with Level-5 directionality)
osteoclast_down_at_d9,LINCS_L1000_Chem_Pert_Consensus_Sigs,FGFR3 ALARIN Up,1.0396257451866671e-05,466.1633889855219,FLT3;CYP1A1;AHR;MPO,perturbagens associated with the osteoclast signature; candidate reversers where a perturbagen down-regulates the up-signature (confirm with Level-5 directionality)
osteoclast_down_at_d9,LINCS_L1000_Chem_Pert_Consensus_Sigs,Erbstatin-Analog Up,1.0563284437736414e-05,463.5845198803972,ALOX5;CYP1A1;PTPN2;CES1,perturbagens associated with the osteoclast signature; candidate reversers where a perturbagen down-regulates the up-signature (confirm with Level-5 directionality)
osteoclast_down_at_d9,LINCS_L1000_Chem_Pert_Consensus_Sigs,Rutaecarpine Up,1.0732288203362734e-05,461.0294208253411,ALOX5;CYP1A1;AHR;CES1,perturbagens associated with the osteoclast signature; candidate reversers where a perturbagen down-regulates the up-signature (confirm with Level-5 directionality)
osteoclast_down_at_d9,LINCS_L1000_Chem_Pert_Consensus_Sigs,Tylosin-Tartrate Down,0.0003465375445121919,221.33118917602707,FLT3;ALOX5;MPO,perturbagens associated with the osteoclast signature; candidate reversers where a perturbagen down-regulates the up-signature (confirm with Level-5 directionality)
osteoclast_down_at_d9,LINCS_L1000_Chem_Pert_Consensus_Sigs,PACOCF3 Down,0.0003465375445121919,221.33118917602707,ALOX5;CYP1A1;CES1,perturbagens associated with the osteoclast signature; candidate reversers where a perturbagen down-regulates the up-signature (confirm with Level-5 directionality)
osteoclast_down_at_d9,LINCS_L1000_Chem_Pert_Consensus_Sigs,8-bromo-cGMP Down,0.0003507867667551523,220.05295156748898,ALOX5;CYP1A1;CES1,perturbagens associated with the osteoclast signature; candidate reversers where a perturbagen down-regulates the up-signature (confirm with Level-5 directionality)
osteoclast_down_at_d9,LINCS_L1000_Chem_Pert_Consensus_Sigs,Tetramethyl-Haematoxylone Down,0.0003550695960559546,218.78687931261112,ALOX5;CYP1A1;AHR,perturbagens associated with the osteoclast signature; candidate reversers where a perturbagen down-regulates the up-signature (confirm with Level-5 directionality)
osteoclast_down_at_d9,LINCS_L1000_Chem_Pert_Consensus_Sigs,Semagacestat Up,0.00035938614881214257,217.5328082985674,FLT3;AHR;MPO,perturbagens associated with the osteoclast signature; candidate reversers where a perturbagen down-regulates the up-signature (confirm with Level-5 directionality)
osteoclast_down_at_d9,LINCS_L1000_Chem_Pert_Consensus_Sigs,TCS-359 Down,0.00035938614881214257,217.5328082985674,CYP1A1;AHR;CES1,perturbagens associated with the osteoclast signature; candidate reversers where a perturbagen down-regulates the up-signature (confirm with Level-5 directionality)
osteoclast_down_at_d9,LINCS_L1000_Chem_Pert_Consensus_Sigs,Stemregenin-1 Down,0.00036373654119265604,216.29057728784738,ALOX5;CYP1A1;CES1,perturbagens associated with the osteoclast signature; candidate reversers where a perturbagen down-regulates the up-signature (confirm with Level-5 directionality)
osteoclast_down_at_d9,LINCS_L1000_Chem_Pert_Consensus_Sigs,Dicloxacillin Up,0.00036373654119265604,216.29057728784738,ALOX5;MPO;CES1,perturbagens associated with the osteoclast signature; candidate reversers where a perturbagen down-regulates the up-signature (confirm with Level-5 directionality)
osteoclast_down_at_d9,LINCS_L1000_Chem_Pert_Consensus_Sigs,LUC FBS Up,0.00036373654119265604,216.29057728784738,FLT3;AHR;CES1,perturbagens associated with the osteoclast signature; candidate reversers where a perturbagen down-regulates the up-signature (confirm with Level-5 directionality)
osteoclast_down_at_d9,LINCS_L1000_Chem_Pert_Consensus_Sigs,Broxuridine Up,0.00036373654119265604,216.29057728784738,FLT3;AHR;CES1,perturbagens associated with the osteoclast signature; candidate reversers where a perturbagen down-regulates the up-signature (confirm with Level-5 directionality)
osteoclast_down_at_d9,LINCS_L1000_Chem_Pert_Consensus_Sigs,ST-4028268 Down,0.00036373654119265604,216.29057728784738,ALOX5;AHR;MPO,perturbagens associated with the osteoclast signature; candidate reversers where a perturbagen down-regulates the up-signature (confirm with Level-5 directionality)
osteoclast_down_at_d9,LINCS_L1000_Chem_Pert_Consensus_Sigs,Felbinac Down,0.0003681208893734754,215.06002783882923,ALOX5;CYP1A1;AHR,perturbagens associated with the osteoclast signature; candidate reversers where a perturbagen down-regulates the up-signature (confirm with Level-5 directionality)
osteoclast_down_at_d9,LINCS_L1000_Chem_Pert_Consensus_Sigs,Pen Down,0.0003681208893734754,215.06002783882923,ALOX5;MPO;CES1,perturbagens associated with the osteoclast signature; candidate reversers where a perturbagen down-regulates the up-signature (confirm with Level-5 directionality)
osteoclast_down_at_d9,LINCS_L1000_Chem_Pert_Consensus_Sigs,Tacalcitol Down,0.0003681208893734754,215.06002783882923,FLT3;AHR;CES1,perturbagens associated with the osteoclast signature; candidate reversers where a perturbagen down-regulates the up-signature (confirm with Level-5 directionality)
osteoclast_down_at_d9,LINCS_L1000_Chem_Pert_Consensus_Sigs,O-Aminoazotoluene Up,0.0003681208893734754,215.06002783882923,ALOX5;CYP1A1;CES1,perturbagens associated with the osteoclast signature; candidate reversers where a perturbagen down-regulates the up-signature (confirm with Level-5 directionality)
osteoclast_down_at_d9,LINCS_L1000_Chem_Pert_Consensus_Sigs,Mdivi-1 Up,0.0003681208893734754,215.06002783882923,ALOX5;CYP1A1;CES1,perturbagens associated with the osteoclast signature; candidate reversers where a perturbagen down-regulates the up-signature (confirm with Level-5 directionality)
osteoclast_down_at_d9,LINCS_L1000_Chem_Pert_Consensus_Sigs,SA-84869 Up,0.0003681208893734754,215.06002783882923,CTDSP1;ALOX5;CES1,perturbagens associated with the osteoclast signature; candidate reversers where a perturbagen down-regulates the up-signature (confirm with Level-5 directionality)
osteoclast_down_at_d9,LINCS_L1000_Chem_Pert_Consensus_Sigs,CS-2092524 Down,0.0003681208893734754,215.06002783882923,ALOX5;AHR;MPO,perturbagens associated with the osteoclast signature; candidate reversers where a perturbagen down-regulates the up-signature (confirm with Level-5 directionality)
osteoclast_down_at_d9,LINCS_L1000_Chem_Pert_Consensus_Sigs,Bimatoprost Down,0.000372539309175394,213.8410042730788,CYP1A1;AHR;CES1,perturbagens associated with the osteoclast signature; candidate reversers where a perturbagen down-regulates the up-signature (confirm with Level-5 directionality)
osteoclast_down_at_d9,LINCS_L1000_Chem_Pert_Consensus_Sigs,Ertugliflozin Down,0.000372539309175394,213.8410042730788,ALOX5;CYP1A1;CES1,perturbagens associated with the osteoclast signature; candidate reversers where a perturbagen down-regulates the up-signature (confirm with Level-5 directionality)
osteoclast_down_at_d9,LINCS_L1000_Chem_Pert_Consensus_Sigs,6-Benzylaminopurine Up,0.000372539309175394,213.8410042730788,AHR;MPO;CES1,perturbagens associated with the osteoclast signature; candidate reversers where a perturbagen down-regulates the up-signature (confirm with Level-5 directionality)
osteoclast_down_at_d9,LINCS_L1000_Chem_Pert_Consensus_Sigs,VU-0403126 Up,0.000372539309175394,213.8410042730788,ALOX5;AHR;CES1,perturbagens associated with the osteoclast signature; candidate reversers where a perturbagen down-regulates the up-signature (confirm with Level-5 directionality)
osteoclast_down_at_d9,LINCS_L1000_Chem_Pert_Consensus_Sigs,Torcetrapib Down,0.000372539309175394,213.8410042730788,CYP1A1;AHR;CES1,perturbagens associated with the osteoclast signature; candidate reversers where a perturbagen down-regulates the up-signature (confirm with Level-5 directionality)
osteoclast_down_at_d9,LINCS_L1000_Chem_Pert_Consensus_Sigs,PA-824 Down,0.000372539309175394,213.8410042730788,FLT3;PTPN2;CES1,perturbagens associated with the osteoclast signature; candidate reversers where a perturbagen down-regulates the up-signature (confirm with Level-5 directionality)
osteoclast_down_at_d9,LINCS_L1000_Chem_Pert_Consensus_Sigs,Guaiacol Up,0.000372539309175394,213.8410042730788,CYP1A1;AHR;CES1,perturbagens associated with the osteoclast signature; candidate reversers where a perturbagen down-regulates the up-signature (confirm with Level-5 directionality)
osteoclast_down_at_d9,LINCS_L1000_Chem_Pert_Consensus_Sigs,Oltipraz Up,0.000372539309175394,213.8410042730788,CYP1A1;AHR;MPO,perturbagens associated with the osteoclast signature; candidate reversers where a perturbagen down-regulates the up-signature (confirm with Level-5 directionality)
osteoclast_down_at_d9,LINCS_L1000_Chem_Pert_Consensus_Sigs,Lysergol Down,0.000372539309175394,213.8410042730788,ALOX5;MPO;CES1,perturbagens associated with the osteoclast signature; candidate reversers where a perturbagen down-regulates the up-signature (confirm with Level-5 directionality)
osteoclast_down_at_d9,LINCS_L1000_Chem_Pert_Consensus_Sigs,Terguride Down,0.000372539309175394,213.8410042730788,FLT3;AHR;CES1,perturbagens associated with the osteoclast signature; candidate reversers where a perturbagen down-regulates the up-signature (confirm with Level-5 directionality)
osteoclast_down_at_d9,LINCS_L1000_Chem_Pert_Consensus_Sigs,Lisuride Down,0.000372539309175394,213.8410042730788,AHR;MPO;CES1,perturbagens associated with the osteoclast signature; candidate reversers where a perturbagen down-regulates the up-signature (confirm with Level-5 directionality)
osteoclast_down_at_d9,LINCS_L1000_Chem_Pert_Consensus_Sigs,Bicalutamide Down,0.000372539309175394,213.8410042730788,CYP1A1;AHR;CES1,perturbagens associated with the osteoclast signature; candidate reversers where a perturbagen down-regulates the up-signature (confirm with Level-5 directionality)
osteoclast_down_at_d9,LINCS_L1000_Chem_Pert_Consensus_Sigs,Midodrine Down,0.000372539309175394,213.8410042730788,ALOX5;AHR;CES1,perturbagens associated with the osteoclast signature; candidate reversers where a perturbagen down-regulates the up-signature (confirm with Level-5 directionality)
osteoclast_down_at_d9,LINCS_L1000_Chem_Pert_Consensus_Sigs,Lupanine Down,0.000372539309175394,213.8410042730788,ALOX5;CYP1A1;RELA,perturbagens associated with the osteoclast signature; candidate reversers where a perturbagen down-regulates the up-signature (confirm with Level-5 directionality)
osteoclast_down_at_d9,LINCS_L1000_Chem_Pert_Consensus_Sigs,Icosapent Down,0.000372539309175394,213.8410042730788,CYP1A1;AHR;MPO,perturbagens associated with the osteoclast signature; candidate reversers where a perturbagen down-regulates the up-signature (confirm with Level-5 directionality)
osteoclast_down_at_d9,LINCS_L1000_Chem_Pert_Consensus_Sigs,MRE-269 Up,0.0003769919163706772,212.63335359373627,ALOX5;MPO;CES1,perturbagens associated with the osteoclast signature; candidate reversers where a perturbagen down-regulates the up-signature (confirm with Level-5 directionality)
osteoclast_down_at_d9,LINCS_L1000_Chem_Pert_Consensus_Sigs,ICI-162846 Up,0.0003769919163706772,212.63335359373627,FLT3;AHR;MPO,perturbagens associated with the osteoclast signature; candidate reversers where a perturbagen down-regulates the up-signature (confirm with Level-5 directionality)
osteoclast_down_at_d9,LINCS_L1000_Chem_Pert_Consensus_Sigs,SA-1459020 Down,0.0003769919163706772,212.63335359373627,CYP1A1;AHR;CES1,perturbagens associated with the osteoclast signature; candidate reversers where a perturbagen down-regulates the up-signature (confirm with Level-5 directionality)
osteoclast_down_at_d9,LINCS_L1000_Chem_Pert_Consensus_Sigs,NBQX Up,0.0003769919163706772,212.63335359373627,FLT3;ALOX5;CYP1A1,perturbagens associated with the osteoclast signature; candidate reversers where a perturbagen down-regulates the up-signature (confirm with Level-5 directionality)
osteoclast_down_at_d9,LINCS_L1000_Chem_Pert_Consensus_Sigs,Omecamtiv-Mecarbil Down,0.0003769919163706772,212.63335359373627,ALOX5;CYP1A1;MPO,perturbagens associated with the osteoclast signature; candidate reversers where a perturbagen down-regulates the up-signature (confirm with Level-5 directionality)
osteoclast_down_at_d9,LINCS_L1000_Chem_Pert_Consensus_Sigs,GSK-429286A Up,0.0003769919163706772,212.63335359373627,ALOX5;AHR;MPO,perturbagens associated with the osteoclast signature; candidate reversers where a perturbagen down-regulates the up-signature (confirm with Level-5 directionality)
osteoclast_down_at_d9,LINCS_L1000_Chem_Pert_Consensus_Sigs,Pinaverium Down,0.0003769919163706772,212.63335359373627,ALOX5;CYP1A1;CES1,perturbagens associated with the osteoclast signature; candidate reversers where a perturbagen down-regulates the up-signature (confirm with Level-5 directionality)
osteoclast_down_at_d9,LINCS_L1000_Chem_Pert_Consensus_Sigs,Butorphanol-(+)-Tartrate Up,0.0003769919163706772,212.63335359373627,ALOX5;CYP1A1;CES1,perturbagens associated with the osteoclast signature; candidate reversers where a perturbagen down-regulates the up-signature (confirm with Level-5 directionality)
osteoclast_down_at_d9,LINCS_L1000_Chem_Pert_Consensus_Sigs,EPZ-015666 Up,0.0003769919163706772,212.63335359373627,FLT3;MPO;CES1,perturbagens associated with the osteoclast signature; candidate reversers where a perturbagen down-regulates the up-signature (confirm with Level-5 directionality)
osteoclast_down_at_d9,LINCS_L1000_Chem_Pert_Consensus_Sigs,SB-228357 Up,0.0003769919163706772,212.63335359373627,CYP1A1;AHR;HIF1A,perturbagens associated with the osteoclast signature; candidate reversers where a perturbagen down-regulates the up-signature (confirm with Level-5 directionality)
osteoclast_down_at_d9,LINCS_L1000_Chem_Pert_Consensus_Sigs,Fenbendazole Down,0.0003769919163706772,212.63335359373627,AHR;MPO;CES1,perturbagens associated with the osteoclast signature; candidate reversers where a perturbagen down-regulates the up-signature (confirm with Level-5 directionality)
osteoclast_down_at_d9,LINCS_L1000_Chem_Pert_Consensus_Sigs,Asiatic-Acid Down,0.0003769919163706772,212.63335359373627,FLT3;AHR;CES1,perturbagens associated with the osteoclast signature; candidate reversers where a perturbagen down-regulates the up-signature (confirm with Level-5 directionality)
osteoclast_down_at_d9,LINCS_L1000_Chem_Pert_Consensus_Sigs,Methoxsalen Down,0.0003769919163706772,212.63335359373627,ALOX5;CYP1A1;CES1,perturbagens associated with the osteoclast signature; candidate reversers where a perturbagen down-regulates the up-signature (confirm with Level-5 directionality)
osteoclast_down_at_d9,LINCS_L1000_Chem_Pert_Consensus_Sigs,KU-C104230 Down,0.0003769919163706772,212.63335359373627,AHR;MPO;CES1,perturbagens associated with the osteoclast signature; candidate reversers where a perturbagen down-regulates the up-signature (confirm with Level-5 directionality)
osteoclast_down_at_d9,LINCS_L1000_Chem_Pert_Consensus_Sigs,PU-H71 Down,0.0003769919163706772,212.63335359373627,ALOX5;CYP1A1;AHR,perturbagens associated with the osteoclast signature; candidate reversers where a perturbagen down-regulates the up-signature (confirm with Level-5 directionality)
osteoclast_down_at_d9,LINCS_L1000_Chem_Pert_Consensus_Sigs,Demeclocycline Down,0.0003814788263655544,211.4369254514816,FLT3;MPO;CES1,perturbagens associated with the osteoclast signature; candidate reversers where a perturbagen down-regulates the up-signature (confirm with Level-5 directionality)
osteoclast_down_at_d9,LINCS_L1000_Chem_Pert_Consensus_Sigs,Loracarbef Down,0.0003814788263655544,211.4369254514816,ALOX5;CYP1A1;AHR,perturbagens associated with the osteoclast signature; candidate reversers where a perturbagen down-regulates the up-signature (confirm with Level-5 directionality)
osteoclast_down_at_d9,LINCS_L1000_Chem_Pert_Consensus_Sigs,Cyclopamine Up,0.0003814788263655544,211.4369254514816,ALOX5;MPO;CES1,perturbagens associated with the osteoclast signature; candidate reversers where a perturbagen down-regulates the up-signature (confirm with Level-5 directionality)
osteoclast_down_at_d9,LINCS_L1000_Chem_Pert_Consensus_Sigs,Oxybuprocaine Up,0.0003814788263655544,211.4369254514816,FLT3;AHR;MPO,perturbagens associated with the osteoclast signature; candidate reversers where a perturbagen down-regulates the up-signature (confirm with Level-5 directionality)
osteoclast_down_at_d9,LINCS_L1000_Chem_Pert_Consensus_Sigs,Dicyclohexylurea Up,0.0003814788263655544,211.4369254514816,FLT3;AHR;CES1,perturbagens associated with the osteoclast signature; candidate reversers where a perturbagen down-regulates the up-signature (confirm with Level-5 directionality)
osteoclast_down_at_d9,LINCS_L1000_Chem_Pert_Consensus_Sigs,Sulforaphane Up,0.0003814788263655544,211.4369254514816,CYP1A1;PTPN2;CES1,perturbagens associated with the osteoclast signature; candidate reversers where a perturbagen down-regulates the up-signature (confirm with Level-5 directionality)
osteoclast_down_at_d9,LINCS_L1000_Chem_Pert_Consensus_Sigs,Mevalonic-Acid Down,0.0003814788263655544,211.4369254514816,ALOX5;CYP1A1;CES1,perturbagens associated with the osteoclast signature; candidate reversers where a perturbagen down-regulates the up-signature (confirm with Level-5 directionality)
osteoclast_down_at_d9,LINCS_L1000_Chem_Pert_Consensus_Sigs,S-ruxolitinib Down,0.0003814788263655544,211.4369254514816,CYP1A1;MPO;CES1,perturbagens associated with the osteoclast signature; candidate reversers where a perturbagen down-regulates the up-signature (confirm with Level-5 directionality)
osteoclast_down_at_d9,LINCS_L1000_Chem_Pert_Consensus_Sigs,Usnic-Acid Up,0.0003814788263655544,211.4369254514816,ALOX5;AHR;CES1,perturbagens associated with the osteoclast signature; candidate reversers where a perturbagen down-regulates the up-signature (confirm with Level-5 directionality)
osteoclast_down_at_d9,LINCS_L1000_Chem_Pert_Consensus_Sigs,Sericetin Down,0.0003814788263655544,211.4369254514816,AHR;MPO;CES1,perturbagens associated with the osteoclast signature; candidate reversers where a perturbagen down-regulates the up-signature (confirm with Level-5 directionality)
osteoclast_down_at_d9,LINCS_L1000_Chem_Pert_Consensus_Sigs,COT-10b Down,0.0003814788263655544,211.4369254514816,CYP1A1;AHR;CES1,perturbagens associated with the osteoclast signature; candidate reversers where a perturbagen down-regulates the up-signature (confirm with Level-5 directionality)
osteoclast_down_at_d9,LINCS_L1000_Chem_Pert_Consensus_Sigs,CH-223191 Down,0.0003860001545883625,210.25157206087235,CYP1A1;AHR;CES1,perturbagens associated with the osteoclast signature; candidate reversers where a perturbagen down-regulates the up-signature (confirm with Level-5 directionality)
osteoclast_down_at_d9,LINCS_L1000_Chem_Pert_Consensus_Sigs,Tetrindole Up,0.0003860001545883625,210.25157206087235,ALOX5;CYP1A1;AHR,perturbagens associated with the osteoclast signature; candidate reversers where a perturbagen down-regulates the up-signature (confirm with Level-5 directionality)
osteoclast_down_at_d9,LINCS_L1000_Chem_Pert_Consensus_Sigs,BL-050 Up,0.0003860001545883625,210.25157206087235,ALOX5;MPO;CES1,perturbagens associated with the osteoclast signature; candidate reversers where a perturbagen down-regulates the up-signature (confirm with Level-5 directionality)
osteoclast_down_at_d9,LINCS_L1000_Chem_Pert_Consensus_Sigs,Nicardipine Down,0.0003860001545883625,210.25157206087235,ALOX5;CYP1A1;CES1,perturbagens associated with the osteoclast signature; candidate reversers where a perturbagen down-regulates the up-signature (confirm with Level-5 directionality)
osteoclast_down_at_d9,LINCS_L1000_Chem_Pert_Consensus_Sigs,Urea Up,0.0003905560161877159,209.0771481677417,FLT3;AHR;MPO,perturbagens associated with the osteoclast signature; candidate reversers where a perturbagen down-regulates the up-signature (confirm with Level-5 directionality)
osteoclast_down_at_d9,LINCS_L1000_Chem_Pert_Consensus_Sigs,RAN-30 Down,0.0003905560161877159,209.0771481677417,AHR;MPO;CES1,perturbagens associated with the osteoclast signature; candidate reversers where a perturbagen down-regulates the up-signature (confirm with Level-5 directionality)
osteoclast_down_at_d9,LINCS_L1000_Chem_Pert_Consensus_Sigs,SCH-900776 Up,0.007987630221760503,84.09064872952908,ALOX5;AHR,perturbagens associated with the osteoclast signature; candidate reversers where a perturbagen down-regulates the up-signature (confirm with Level-5 directionality)
osteoclast_down_at_d9,LINCS_L1000_Chem_Pert_Consensus_Sigs,KO-143 Up,0.008190562375707616,82.5501733469963,ALOX5;MPO,perturbagens associated with the osteoclast signature; candidate reversers where a perturbagen down-regulates the up-signature (confirm with Level-5 directionality)
osteoclast_down_at_d9,LINCS_L1000_Chem_Pert_Consensus_Sigs,Tigecycline Up,0.008327148243193512,81.54858226858137,AHR;MPO,perturbagens associated with the osteoclast signature; candidate reversers where a perturbagen down-regulates the up-signature (confirm with Level-5 directionality)
osteoclast_down_at_d9,LINCS_L1000_Chem_Pert_Consensus_Sigs,RS-67506 Down,0.008464769694564793,80.5666462934082,FLT3;MPO,perturbagens associated with the osteoclast signature; candidate reversers where a perturbagen down-regulates the up-signature (confirm with Level-5 directionality)
osteoclast_down_at_d9,LINCS_L1000_Chem_Pert_Consensus_Sigs,Sulfanitran Up,0.00853396806053085,80.08287883408578,FLT3;ALOX5,perturbagens associated with the osteoclast signature; candidate reversers where a perturbagen down-regulates the up-signature (confirm with Level-5 directionality)
osteoclast_down_at_d9,LINCS_L1000_Chem_Pert_Consensus_Sigs,Dovitinib Up,0.00860342448036626,79.60382342527252,ALOX5;MPO,perturbagens associated with the osteoclast signature; candidate reversers where a perturbagen down-regulates the up-signature (confirm with Level-5 directionality)
osteoclast_down_at_d9,LINCS_L1000_Chem_Pert_Consensus_Sigs,BJM-CSC-15 Up,0.008673138672282456,79.1294153238866,ALOX5;MPO,perturbagens associated with the osteoclast signature; candidate reversers where a perturbagen down-regulates the up-signature (confirm with Level-5 directionality)
osteoclast_down_at_d9,LINCS_L1000_Chem_Pert_Consensus_Sigs,Benzethonium Up,0.008673138672282456,79.1294153238866,CYP1A1;AHR,perturbagens associated with the osteoclast signature; candidate reversers where a perturbagen down-regulates the up-signature (confirm with Level-5 directionality)
osteoclast_down_at_d9,LINCS_L1000_Chem_Pert_Consensus_Sigs,PATI-1-2-3 Down,0.008673138672282456,79.1294153238866,CYP1A1;AHR,perturbagens associated with the osteoclast signature; candidate reversers where a perturbagen down-regulates the up-signature (confirm with Level-5 directionality)
osteoclast_down_at_d9,LINCS_L1000_Chem_Pert_Consensus_Sigs,Furazolidone Down,0.008743110356630767,78.65959093481695,ALOX5;MPO,perturbagens associated with the osteoclast signature; candidate reversers where a perturbagen down-regulates the up-signature (confirm with Level-5 directionality)
osteoclast_down_at_d9,LINCS_L1000_Chem_Pert_Consensus_Sigs,MW-SHH-54 Down,0.008743110356630767,78.65959093481695,ALOX5;AHR,perturbagens associated with the osteoclast signature; candidate reversers where a perturbagen down-regulates the up-signature (confirm with Level-5 directionality)
osteoclast_down_at_d9,LINCS_L1000_Chem_Pert_Consensus_Sigs,K-252A Up,0.008743110356630767,78.65959093481695,AHR;CES1,perturbagens associated with the osteoclast signature; candidate reversers where a perturbagen down-regulates the up-signature (confirm with Level-5 directionality)
osteoclast_down_at_d9,LINCS_L1000_Chem_Pert_Consensus_Sigs,Lomerizine Down,0.008743110356630767,78.65959093481695,CYP1A1;AHR,perturbagens associated with the osteoclast signature; candidate reversers where a perturbagen down-regulates the up-signature (confirm with Level-5 directionality)
osteoclast_down_at_d9,LINCS_L1000_Chem_Pert_Consensus_Sigs,Fluoropyruvate Down,0.008743110356630767,78.65959093481695,ALOX5;CES1,perturbagens associated with the osteoclast signature; candidate reversers where a perturbagen down-regulates the up-signature (confirm with Level-5 directionality)
osteoclast_down_at_d9,LINCS_L1000_Chem_Pert_Consensus_Sigs,Mesna Down,0.008743110356630767,78.65959093481695,CYP1A1;MPO,perturbagens associated with the osteoclast signature; candidate reversers where a perturbagen down-regulates the up-signature (confirm with Level-5 directionality)
osteoclast_down_at_d9,LINCS_L1000_Chem_Pert_Consensus_Sigs,Benfotiamine Down,0.008813339250145349,78.19428779679703,CYP1A1;CES1,perturbagens associated with the osteoclast signature; candidate reversers where a perturbagen down-regulates the up-signature (confirm with Level-5 directionality)
osteoclast_down_at_d9,LINCS_L1000_Chem_Pert_Consensus_Sigs,Dilazep-Hcl Down,0.008813339250145349,78.19428779679703,CYP1A1;PTPN2,perturbagens associated with the osteoclast signature; candidate reversers where a perturbagen down-regulates the up-signature (confirm with Level-5 directionality)
osteoclast_down_at_d9,LINCS_L1000_Chem_Pert_Consensus_Sigs,Hydrocotarnine Up,0.008813339250145349,78.19428779679703,ALOX5;MPO,perturbagens associated with the osteoclast signature; candidate reversers where a perturbagen down-regulates the up-signature (confirm with Level-5 directionality)
osteoclast_down_at_d9,LINCS_L1000_Chem_Pert_Consensus_Sigs,Almotriptan Down,0.008813339250145349,78.19428779679703,ALOX5;MPO,perturbagens associated with the osteoclast signature; candidate reversers where a perturbagen down-regulates the up-signature (confirm with Level-5 directionality)
osteoclast_down_at_d9,LINCS_L1000_Chem_Pert_Consensus_Sigs,Silychristin Down,0.008813339250145349,78.19428779679703,ALOX5;CYP1A1,perturbagens associated with the osteoclast signature; candidate reversers where a perturbagen down-regulates the up-signature (confirm with Level-5 directionality)
osteoclast_down_at_d9,LINCS_L1000_Chem_Pert_Consensus_Sigs,Astemizole Up,0.008813339250145349,78.19428779679703,ALOX5;AHR,perturbagens associated with the osteoclast signature; candidate reversers where a perturbagen down-regulates the up-signature (confirm with Level-5 directionality)
osteoclast_down_at_d9,LINCS_L1000_Chem_Pert_Consensus_Sigs,1-HYDROXYPHENAZINE Up,0.008813339250145349,78.19428779679703,ALOX5;MPO,perturbagens associated with the osteoclast signature; candidate reversers where a perturbagen down-regulates the up-signature (confirm with Level-5 directionality)
osteoclast_down_at_d9,LINCS_L1000_Chem_Pert_Consensus_Sigs,Furafylline Up,0.008813339250145349,78.19428779679703,ALOX5;CES1,perturbagens associated with the osteoclast signature; candidate reversers where a perturbagen down-regulates the up-signature (confirm with Level-5 directionality)
osteoclast_down_at_d9,LINCS_L1000_Chem_Pert_Consensus_Sigs,Strychnine-Hcl Up,0.008813339250145349,78.19428779679703,MPO;CES1,perturbagens associated with the osteoclast signature; candidate reversers where a perturbagen down-regulates the up-signature (confirm with Level-5 directionality)
osteoclast_down_at_d9,LINCS_L1000_Chem_Pert_Consensus_Sigs,4-mu-8C Up,0.008813339250145349,78.19428779679703,AHR;MPO,perturbagens associated with the osteoclast signature; candidate reversers where a perturbagen down-regulates the up-signature (confirm with Level-5 directionality)
osteoclast_down_at_d9,LINCS_L1000_Chem_Pert_Consensus_Sigs,Arofylline Up,0.008813339250145349,78.19428779679703,CYP1A1;MPO,perturbagens associated with the osteoclast signature; candidate reversers where a perturbagen down-regulates the up-signature (confirm with Level-5 directionality)
osteoclast_down_at_d9,LINCS_L1000_Chem_Pert_Consensus_Sigs,Cobicistat Up,0.008813339250145349,78.19428779679703,ALOX5;AHR,perturbagens associated with the osteoclast signature; candidate reversers where a perturbagen down-regulates the up-signature (confirm with Level-5 directionality)
osteoclast_down_at_d9,LINCS_L1000_Chem_Pert_Consensus_Sigs,Vortioxetine Up,0.008813339250145349,78.19428779679703,CYP1A1;MPO,perturbagens associated with the osteoclast signature; candidate reversers where a perturbagen down-regulates the up-signature (confirm with Level-5 directionality)
osteoclast_down_at_d9,LINCS_L1000_Chem_Pert_Consensus_Sigs,Fmk Down,0.008813339250145349,78.19428779679703,CYP1A1;AHR,perturbagens associated with the osteoclast signature; candidate reversers where a perturbagen down-regulates the up-signature (confirm with Level-5 directionality)
osteoclast_up_at_d9,LINCS_L1000_CRISPR_KO_Consensus_Sigs,ATP5B Up,5.846660589641705e-08,1394.0640611042768,FTO;DPP4;CA2;SLC2A1;F3,perturbagens associated with the osteoclast signature; candidate reversers where a perturbagen down-regulates the up-signature (confirm with Level-5 directionality)
osteoclast_up_at_d9,LINCS_L1000_CRISPR_KO_Consensus_Sigs,PDS5A Up,5.846660589641705e-08,1394.0640611042768,FTO;PKM;AKR1B1;F3;ABCG2,perturbagens associated with the osteoclast signature; candidate reversers where a perturbagen down-regulates the up-signature (confirm with Level-5 directionality)
osteoclast_up_at_d9,LINCS_L1000_CRISPR_KO_Consensus_Sigs,ERBIN Down,3.9467467419678816e-06,697.3161331156871,DPP4;PKM;CA2;SLC2A1,perturbagens associated with the osteoclast signature; candidate reversers where a perturbagen down-regulates the up-signature (confirm with Level-5 directionality)
osteoclast_up_at_d9,LINCS_L1000_CRISPR_KO_Consensus_Sigs,CLK1 Up,4.079409227282341e-06,689.5246318597923,DPP4;PKM;CA2;AKR1B1,perturbagens associated with the osteoclast signature; candidate reversers where a perturbagen down-regulates the up-signature (confirm with Level-5 directionality)
osteoclast_up_at_d9,LINCS_L1000_CRISPR_KO_Consensus_Sigs,STK24 Up,4.079409227282341e-06,689.5246318597923,FTO;DPP4;CA2;ABCG2,perturbagens associated with the osteoclast signature; candidate reversers where a perturbagen down-regulates the up-signature (confirm with Level-5 directionality)
osteoclast_up_at_d9,LINCS_L1000_CRISPR_KO_Consensus_Sigs,IQSEC3 Up,4.146968312680285e-06,685.6839309989614,PKM;SLC2A1;AKR1B1;ABCG2,perturbagens associated with the osteoclast signature; candidate reversers where a perturbagen down-regulates the up-signature (confirm with Level-5 directionality)
osteoclast_up_at_d9,LINCS_L1000_CRISPR_KO_Consensus_Sigs,REPS2 Up,4.146968312680285e-06,685.6839309989614,PKM;SLC2A1;F3;ABCG2,perturbagens associated with the osteoclast signature; candidate reversers where a perturbagen down-regulates the up-signature (confirm with Level-5 directionality)
osteoclast_up_at_d9,LINCS_L1000_CRISPR_KO_Consensus_Sigs,KIF11 Up,4.215354658676165e-06,681.8792723295245,PKM;CA2;SLC2A1;F3,perturbagens associated with the osteoclast signature; candidate reversers where a perturbagen down-regulates the up-signature (confirm with Level-5 directionality)
osteoclast_up_at_d9,LINCS_L1000_CRISPR_KO_Consensus_Sigs,PKIA Up,4.215354658676165e-06,681.8792723295245,FTO;PKM;CA2;SLC2A1,perturbagens associated with the osteoclast signature; candidate reversers where a perturbagen down-regulates the up-signature (confirm with Level-5 directionality)
osteoclast_up_at_d9,LINCS_L1000_CRISPR_KO_Consensus_Sigs,VPS72 Up,4.215354658676165e-06,681.8792723295245,PKM;CA2;AKR1B1;F3,perturbagens associated with the osteoclast signature; candidate reversers where a perturbagen down-regulates the up-signature (confirm with Level-5 directionality)
osteoclast_up_at_d9,LINCS_L1000_CRISPR_KO_Consensus_Sigs,CAV2 Up,4.28457481755327e-06,678.1101733975152,CA2;SLC2A1;F3;ABCG2,perturbagens associated with the osteoclast signature; candidate reversers where a perturbagen down-regulates the up-signature (confirm with Level-5 directionality)
osteoclast_up_at_d9,LINCS_L1000_CRISPR_KO_Consensus_Sigs,TOP1MT Down,4.354635366399249e-06,674.3761601258425,FTO;CA2;SLC2A1;ABCG2,perturbagens associated with the osteoclast signature; candidate reversers where a perturbagen down-regulates the up-signature (confirm with Level-5 directionality)
osteoclast_up_at_d9,LINCS_L1000_CRISPR_KO_Consensus_Sigs,KCTD8 Up,4.354635366399249e-06,674.3761601258425,DPP4;CA2;SLC2A1;ABCG2,perturbagens associated with the osteoclast signature; candidate reversers where a perturbagen down-regulates the up-signature (confirm with Level-5 directionality)
osteoclast_up_at_d9,LINCS_L1000_CRISPR_KO_Consensus_Sigs,RDH8 Up,4.354635366399249e-06,674.3761601258425,DPP4;CA2;AKR1B1;ABCG2,perturbagens associated with the osteoclast signature; candidate reversers where a perturbagen down-regulates the up-signature (confirm with Level-5 directionality)
osteoclast_up_at_d9,LINCS_L1000_CRISPR_KO_Consensus_Sigs,SCAMP3 Up,4.354635366399249e-06,674.3761601258425,DPP4;CA2;F3;ABCG2,perturbagens associated with the osteoclast signature; candidate reversers where a perturbagen down-regulates the up-signature (confirm with Level-5 directionality)
osteoclast_up_at_d9,LINCS_L1000_CRISPR_KO_Consensus_Sigs,TGFBR2 Up,4.354635366399249e-06,674.3761601258425,DPP4;PKM;AKR1B1;ABCG2,perturbagens associated with the osteoclast signature; candidate reversers where a perturbagen down-regulates the up-signature (confirm with Level-5 directionality)
osteoclast_up_at_d9,LINCS_L1000_CRISPR_KO_Consensus_Sigs,SLC25A21 Down,4.425542904437184e-06,670.6767666690207,PKM;CA2;SLC2A1;ABCG2,perturbagens associated with the osteoclast signature; candidate reversers where a perturbagen down-regulates the up-signature (confirm with Level-5 directionality)
osteoclast_up_at_d9,LINCS_L1000_CRISPR_KO_Consensus_Sigs,SEC14L4 Up,4.425542904437184e-06,670.6767666690207,PKM;CA2;AKR1B1;ABCG2,perturbagens associated with the osteoclast signature; candidate reversers where a perturbagen down-regulates the up-signature (confirm with Level-5 directionality)
osteoclast_up_at_d9,LINCS_L1000_CRISPR_KO_Consensus_Sigs,UBA1 Up,4.425542904437184e-06,670.6767666690207,CA2;SLC2A1;F3;ABCG2,perturbagens associated with the osteoclast signature; candidate reversers where a perturbagen down-regulates the up-signature (confirm with Level-5 directionality)
osteoclast_up_at_d9,LINCS_L1000_CRISPR_KO_Consensus_Sigs,ADH5 Down,4.425542904437184e-06,670.6767666690207,PKM;CA2;AKR1B1;F3,perturbagens associated with the osteoclast signature; candidate reversers where a perturbagen down-regulates the up-signature (confirm with Level-5 directionality)
osteoclast_up_at_d9,LINCS_L1000_CRISPR_KO_Consensus_Sigs,CTTNBP2 Down,4.425542904437184e-06,670.6767666690207,DPP4;CA2;SLC2A1;AKR1B1,perturbagens associated with the osteoclast signature; candidate reversers where a perturbagen down-regulates the up-signature (confirm with Level-5 directionality)
osteoclast_up_at_d9,LINCS_L1000_CRISPR_KO_Consensus_Sigs,ARHGAP18 Up,4.497304053156905e-06,667.0115352346738,FTO;PKM;CA2;F3,perturbagens associated with the osteoclast signature; candidate reversers where a perturbagen down-regulates the up-signature (confirm with Level-5 directionality)
osteoclast_up_at_d9,LINCS_L1000_CRISPR_KO_Consensus_Sigs,CAMKK2 Up,4.497304053156905e-06,667.0115352346738,FTO;CA2;F3;ABCG2,perturbagens associated with the osteoclast signature; candidate reversers where a perturbagen down-regulates the up-signature (confirm with Level-5 directionality)
osteoclast_up_at_d9,LINCS_L1000_CRISPR_KO_Consensus_Sigs,PARVG Up,4.497304053156905e-06,667.0115352346738,PKM;CA2;AKR1B1;F3,perturbagens associated with the osteoclast signature; candidate reversers where a perturbagen down-regulates the up-signature (confirm with Level-5 directionality)
osteoclast_up_at_d9,LINCS_L1000_CRISPR_KO_Consensus_Sigs,TRIM46 Up,4.497304053156905e-06,667.0115352346738,CA2;SLC2A1;AKR1B1;ABCG2,perturbagens associated with the osteoclast signature; candidate reversers where a perturbagen down-regulates the up-signature (confirm with Level-5 directionality)
osteoclast_up_at_d9,LINCS_L1000_CRISPR_KO_Consensus_Sigs,ATP5D Down,4.497304053156905e-06,667.0115352346738,DPP4;CA2;SLC2A1;ABCG2,perturbagens associated with the osteoclast signature; candidate reversers where a perturbagen down-regulates the up-signature (confirm with Level-5 directionality)
osteoclast_up_at_d9,LINCS_L1000_CRISPR_KO_Consensus_Sigs,CLCF1 Down,4.569925457634111e-06,663.3800158957769,DPP4;CA2;F3;ABCG2,perturbagens associated with the osteoclast signature; candidate reversers where a perturbagen down-regulates the up-signature (confirm with Level-5 directionality)
osteoclast_up_at_d9,LINCS_L1000_CRISPR_KO_Consensus_Sigs,ATP1A3 Up,4.643413786482537e-06,659.7817664249902,PKM;CA2;AKR1B1;F3,perturbagens associated with the osteoclast signature; candidate reversers where a perturbagen down-regulates the up-signature (confirm with Level-5 directionality)
osteoclast_up_at_d9,LINCS_L1000_CRISPR_KO_Consensus_Sigs,MYLK2 Up,4.643413786482537e-06,659.7817664249902,PKM;CA2;AKR1B1;F3,perturbagens associated with the osteoclast signature; candidate reversers where a perturbagen down-regulates the up-signature (confirm with Level-5 directionality)
osteoclast_up_at_d9,LINCS_L1000_CRISPR_KO_Consensus_Sigs,IDO2 Down,4.643413786482537e-06,659.7817664249902,CA2;SLC2A1;F3;ABCG2,perturbagens associated with the osteoclast signature; candidate reversers where a perturbagen down-regulates the up-signature (confirm with Level-5 directionality)
osteoclast_up_at_d9,LINCS_L1000_CRISPR_KO_Consensus_Sigs,RGS10 Down,0.00019005575087453592,307.36577462542357,CA2;SLC2A1;F3,perturbagens associated with the osteoclast signature; candidate reversers where a perturbagen down-regulates the up-signature (confirm with Level-5 directionality)
osteoclast_up_at_d9,LINCS_L1000_CRISPR_KO_Consensus_Sigs,TBRG4 Down,0.00019005575087453592,307.36577462542357,PKM;CA2;SLC2A1,perturbagens associated with the osteoclast signature; candidate reversers where a perturbagen down-regulates the up-signature (confirm with Level-5 directionality)
osteoclast_up_at_d9,LINCS_L1000_CRISPR_KO_Consensus_Sigs,TCF12 Up,0.00019005575087453592,307.36577462542357,PKM;CA2;SLC2A1,perturbagens associated with the osteoclast signature; candidate reversers where a perturbagen down-regulates the up-signature (confirm with Level-5 directionality)
osteoclast_up_at_d9,LINCS_L1000_CRISPR_KO_Consensus_Sigs,ASS1 Up,0.00019241074355822626,305.6134931663387,DPP4;CA2;AKR1B1,perturbagens associated with the osteoclast signature; candidate reversers where a perturbagen down-regulates the up-signature (confirm with Level-5 directionality)
osteoclast_up_at_d9,LINCS_L1000_CRISPR_KO_Consensus_Sigs,PKN1 Down,0.00019241074355822626,305.6134931663387,DPP4;CA2;AKR1B1,perturbagens associated with the osteoclast signature; candidate reversers where a perturbagen down-regulates the up-signature (confirm with Level-5 directionality)
osteoclast_up_at_d9,LINCS_L1000_CRISPR_KO_Consensus_Sigs,PTAFR Down,0.00019241074355822626,305.6134931663387,CA2;F3;ABCG2,perturbagens associated with the osteoclast signature; candidate reversers where a perturbagen down-regulates the up-signature (confirm with Level-5 directionality)
osteoclast_up_at_d9,LINCS_L1000_CRISPR_KO_Consensus_Sigs,KCNK13 Up,0.00019241074355822626,305.6134931663387,FTO;PKM;CA2,perturbagens associated with the osteoclast signature; candidate reversers where a perturbagen down-regulates the up-signature (confirm with Level-5 directionality)
osteoclast_up_at_d9,LINCS_L1000_CRISPR_KO_Consensus_Sigs,NLRC5 Up,0.00019241074355822626,305.6134931663387,PKM;CA2;AKR1B1,perturbagens associated with the osteoclast signature; candidate reversers where a perturbagen down-regulates the up-signature (confirm with Level-5 directionality)
osteoclast_up_at_d9,LINCS_L1000_CRISPR_KO_Consensus_Sigs,OSCAR Up,0.00019241074355822626,305.6134931663387,PKM;CA2;ABCG2,perturbagens associated with the osteoclast signature; candidate reversers where a perturbagen down-regulates the up-signature (confirm with Level-5 directionality)
osteoclast_up_at_d9,LINCS_L1000_CRISPR_KO_Consensus_Sigs,FBN1 Down,0.00019241074355822626,305.6134931663387,DPP4;CA2;AKR1B1,perturbagens associated with the osteoclast signature; candidate reversers where a perturbagen down-regulates the up-signature (confirm with Level-5 directionality)
osteoclast_up_at_d9,LINCS_L1000_CRISPR_KO_Consensus_Sigs,LRRIQ3 Down,0.00019241074355822626,305.6134931663387,DPP4;F3;ABCG2,perturbagens associated with the osteoclast signature; candidate reversers where a perturbagen down-regulates the up-signature (confirm with Level-5 directionality)
osteoclast_up_at_d9,LINCS_L1000_CRISPR_KO_Consensus_Sigs,MDFIC Down,0.00019241074355822626,305.6134931663387,CA2;SLC2A1;AKR1B1,perturbagens associated with the osteoclast signature; candidate reversers where a perturbagen down-regulates the up-signature (confirm with Level-5 directionality)
osteoclast_up_at_d9,LINCS_L1000_CRISPR_KO_Consensus_Sigs,ADGRG1 Up,0.00019478468503091324,303.8778494479002,CA2;SLC2A1;ABCG2,perturbagens associated with the osteoclast signature; candidate reversers where a perturbagen down-regulates the up-signature (confirm with Level-5 directionality)
osteoclast_up_at_d9,LINCS_L1000_CRISPR_KO_Consensus_Sigs,CDC37 Up,0.00019478468503091324,303.8778494479002,SLC2A1;F3;ABCG2,perturbagens associated with the osteoclast signature; candidate reversers where a perturbagen down-regulates the up-signature (confirm with Level-5 directionality)
osteoclast_up_at_d9,LINCS_L1000_CRISPR_KO_Consensus_Sigs,S100Z Down,0.00019478468503091324,303.8778494479002,CA2;AKR1B1;F3,perturbagens associated with the osteoclast signature; candidate reversers where a perturbagen down-regulates the up-signature (confirm with Level-5 directionality)
osteoclast_up_at_d9,LINCS_L1000_CRISPR_KO_Consensus_Sigs,EDEM2 Up,0.00019478468503091324,303.8778494479002,DPP4;PKM;CA2,perturbagens associated with the osteoclast signature; candidate reversers where a perturbagen down-regulates the up-signature (confirm with Level-5 directionality)
osteoclast_up_at_d9,LINCS_L1000_CRISPR_KO_Consensus_Sigs,EHBP1L1 Up,0.00019478468503091324,303.8778494479002,DPP4;AKR1B1;F3,perturbagens associated with the osteoclast signature; candidate reversers where a perturbagen down-regulates the up-signature (confirm with Level-5 directionality)
osteoclast_up_at_d9,LINCS_L1000_CRISPR_KO_Consensus_Sigs,F13A1 Up,0.00019478468503091324,303.8778494479002,PKM;CA2;SLC2A1,perturbagens associated with the osteoclast signature; candidate reversers where a perturbagen down-regulates the up-signature (confirm with Level-5 directionality)
osteoclast_up_at_d9,LINCS_L1000_CRISPR_KO_Consensus_Sigs,IGLON5 Up,0.00019478468503091324,303.8778494479002,SLC2A1;F3;ABCG2,perturbagens associated with the osteoclast signature; candidate reversers where a perturbagen down-regulates the up-signature (confirm with Level-5 directionality)
osteoclast_up_at_d9,LINCS_L1000_CRISPR_KO_Consensus_Sigs,IL22 Up,0.00019478468503091324,303.8778494479002,AKR1B1;F3;ABCG2,perturbagens associated with the osteoclast signature; candidate reversers where a perturbagen down-regulates the up-signature (confirm with Level-5 directionality)
osteoclast_up_at_d9,LINCS_L1000_CRISPR_KO_Consensus_Sigs,IRF3 Up,0.00019478468503091324,303.8778494479002,CA2;SLC2A1;AKR1B1,perturbagens associated with the osteoclast signature; candidate reversers where a perturbagen down-regulates the up-signature (confirm with Level-5 directionality)
osteoclast_up_at_d9,LINCS_L1000_CRISPR_KO_Consensus_Sigs,VRK2 Up,0.00019478468503091324,303.8778494479002,DPP4;PKM;SLC2A1,perturbagens associated with the osteoclast signature; candidate reversers where a perturbagen down-regulates the up-signature (confirm with Level-5 directionality)
osteoclast_up_at_d9,LINCS_L1000_CRISPR_KO_Consensus_Sigs,SERPING1 Down,0.00019717764430167352,302.15861887060737,CA2;SLC2A1;ABCG2,perturbagens associated with the osteoclast signature; candidate reversers where a perturbagen down-regulates the up-signature (confirm with Level-5 directionality)
osteoclast_up_at_d9,LINCS_L1000_CRISPR_KO_Consensus_Sigs,TRPC7 Down,0.00019717764430167352,302.15861887060737,CA2;SLC2A1;F3,perturbagens associated with the osteoclast signature; candidate reversers where a perturbagen down-regulates the up-signature (confirm with Level-5 directionality)
osteoclast_up_at_d9,LINCS_L1000_CRISPR_KO_Consensus_Sigs,KCNE3 Up,0.00019717764430167352,302.15861887060737,CA2;SLC2A1;ABCG2,perturbagens associated with the osteoclast signature; candidate reversers where a perturbagen down-regulates the up-signature (confirm with Level-5 directionality)
osteoclast_up_at_d9,LINCS_L1000_CRISPR_KO_Consensus_Sigs,NDUFS2 Up,0.00019717764430167352,302.15861887060737,DPP4;CA2;F3,perturbagens associated with the osteoclast signature; candidate reversers where a perturbagen down-regulates the up-signature (confirm with Level-5 directionality)
osteoclast_up_at_d9,LINCS_L1000_CRISPR_KO_Consensus_Sigs,ATP2A1 Down,0.00019717764430167352,302.15861887060737,PKM;SLC2A1;AKR1B1,perturbagens associated with the osteoclast signature; candidate reversers where a perturbagen down-regulates the up-signature (confirm with Level-5 directionality)
osteoclast_up_at_d9,LINCS_L1000_CRISPR_KO_Consensus_Sigs,CHRNA10 Down,0.00019717764430167352,302.15861887060737,PKM;CA2;AKR1B1,perturbagens associated with the osteoclast signature; candidate reversers where a perturbagen down-regulates the up-signature (confirm with Level-5 directionality)
osteoclast_up_at_d9,LINCS_L1000_CRISPR_KO_Consensus_Sigs,LDLRAD3 Down,0.00019717764430167352,302.15861887060737,SLC2A1;AKR1B1;ABCG2,perturbagens associated with the osteoclast signature; candidate reversers where a perturbagen down-regulates the up-signature (confirm with Level-5 directionality)
osteoclast_up_at_d9,LINCS_L1000_CRISPR_KO_Consensus_Sigs,AADACL2 Up,0.00019958969022854052,300.4555807852775,CA2;SLC2A1;ABCG2,perturbagens associated with the osteoclast signature; candidate reversers where a perturbagen down-regulates the up-signature (confirm with Level-5 directionality)
osteoclast_up_at_d9,LINCS_L1000_CRISPR_KO_Consensus_Sigs,BMPR1B Up,0.00019958969022854052,300.4555807852775,CA2;F3;ABCG2,perturbagens associated with the osteoclast signature; candidate reversers where a perturbagen down-regulates the up-signature (confirm with Level-5 directionality)
osteoclast_up_at_d9,LINCS_L1000_CRISPR_KO_Consensus_Sigs,C2ORF16 Up,0.00019958969022854052,300.4555807852775,CA2;SLC2A1;F3,perturbagens associated with the osteoclast signature; candidate reversers where a perturbagen down-regulates the up-signature (confirm with Level-5 directionality)
osteoclast_up_at_d9,LINCS_L1000_CRISPR_KO_Consensus_Sigs,CLDN11 Up,0.00019958969022854052,300.4555807852775,DPP4;SLC2A1;ABCG2,perturbagens associated with the osteoclast signature; candidate reversers where a perturbagen down-regulates the up-signature (confirm with Level-5 directionality)
osteoclast_up_at_d9,LINCS_L1000_CRISPR_KO_Consensus_Sigs,CR2 Up,0.00019958969022854052,300.4555807852775,DPP4;SLC2A1;AKR1B1,perturbagens associated with the osteoclast signature; candidate reversers where a perturbagen down-regulates the up-signature (confirm with Level-5 directionality)
osteoclast_up_at_d9,LINCS_L1000_CRISPR_KO_Consensus_Sigs,TNFSF18 Down,0.00019958969022854052,300.4555807852775,PKM;CA2;F3,perturbagens associated with the osteoclast signature; candidate reversers where a perturbagen down-regulates the up-signature (confirm with Level-5 directionality)
osteoclast_up_at_d9,LINCS_L1000_CRISPR_KO_Consensus_Sigs,HPN Up,0.00019958969022854052,300.4555807852775,FTO;CA2;ABCG2,perturbagens associated with the osteoclast signature; candidate reversers where a perturbagen down-regulates the up-signature (confirm with Level-5 directionality)
osteoclast_up_at_d9,LINCS_L1000_CRISPR_KO_Consensus_Sigs,HSD11B1 Up,0.00019958969022854052,300.4555807852775,AKR1B1;F3;ABCG2,perturbagens associated with the osteoclast signature; candidate reversers where a perturbagen down-regulates the up-signature (confirm with Level-5 directionality)
osteoclast_up_at_d9,LINCS_L1000_CRISPR_KO_Consensus_Sigs,INTS4 Up,0.00019958969022854052,300.4555807852775,SLC2A1;F3;ABCG2,perturbagens associated with the osteoclast signature; candidate reversers where a perturbagen down-regulates the up-signature (confirm with Level-5 directionality)
osteoclast_up_at_d9,LINCS_L1000_CRISPR_KO_Consensus_Sigs,KCNS3 Up,0.00019958969022854052,300.4555807852775,PKM;SLC2A1;ABCG2,perturbagens associated with the osteoclast signature; candidate reversers where a perturbagen down-regulates the up-signature (confirm with Level-5 directionality)
osteoclast_up_at_d9,LINCS_L1000_CRISPR_KO_Consensus_Sigs,MCCC1 Up,0.00019958969022854052,300.4555807852775,PKM;AKR1B1;F3,perturbagens associated with the osteoclast signature; candidate reversers where a perturbagen down-regulates the up-signature (confirm with Level-5 directionality)
osteoclast_up_at_d9,LINCS_L1000_CRISPR_KO_Consensus_Sigs,NNT Up,0.00019958969022854052,300.4555807852775,FTO;F3;ABCG2,perturbagens associated with the osteoclast signature; candidate reversers where a perturbagen down-regulates the up-signature (confirm with Level-5 directionality)
osteoclast_up_at_d9,LINCS_L1000_CRISPR_KO_Consensus_Sigs,SERPINE1 Up,0.00019958969022854052,300.4555807852775,PKM;SLC2A1;ABCG2,perturbagens associated with the osteoclast signature; candidate reversers where a perturbagen down-regulates the up-signature (confirm with Level-5 directionality)
osteoclast_up_at_d9,LINCS_L1000_CRISPR_KO_Consensus_Sigs,SLC7A11 Up,0.00019958969022854052,300.4555807852775,PKM;CA2;AKR1B1,perturbagens associated with the osteoclast signature; candidate reversers where a perturbagen down-regulates the up-signature (confirm with Level-5 directionality)
osteoclast_up_at_d9,LINCS_L1000_CRISPR_KO_Consensus_Sigs,SPINK4 Up,0.00019958969022854052,300.4555807852775,PKM;CA2;F3,perturbagens associated with the osteoclast signature; candidate reversers where a perturbagen down-regulates the up-signature (confirm with Level-5 directionality)
osteoclast_up_at_d9,LINCS_L1000_CRISPR_KO_Consensus_Sigs,TOP2B Up,0.00019958969022854052,300.4555807852775,FTO;CA2;F3,perturbagens associated with the osteoclast signature; candidate reversers where a perturbagen down-regulates the up-signature (confirm with Level-5 directionality)
osteoclast_up_at_d9,LINCS_L1000_CRISPR_KO_Consensus_Sigs,ZBTB32 Up,0.00019958969022854052,300.4555807852775,CA2;AKR1B1;F3,perturbagens associated with the osteoclast signature; candidate reversers where a perturbagen down-regulates the up-signature (confirm with Level-5 directionality)
osteoclast_up_at_d9,LINCS_L1000_CRISPR_KO_Consensus_Sigs,B4GALT3 Down,0.00019958969022854052,300.4555807852775,DPP4;CA2;SLC2A1,perturbagens associated with the osteoclast signature; candidate reversers where a perturbagen down-regulates the up-signature (confirm with Level-5 directionality)
osteoclast_up_at_d9,LINCS_L1000_CRISPR_KO_Consensus_Sigs,CD207 Down,0.00019958969022854052,300.4555807852775,CA2;SLC2A1;F3,perturbagens associated with the osteoclast signature; candidate reversers where a perturbagen down-regulates the up-signature (confirm with Level-5 directionality)
osteoclast_up_at_d9,LINCS_L1000_CRISPR_KO_Consensus_Sigs,CDK17 Down,0.00019958969022854052,300.4555807852775,CA2;SLC2A1;ABCG2,perturbagens associated with the osteoclast signature; candidate reversers where a perturbagen down-regulates the up-signature (confirm with Level-5 directionality)
osteoclast_up_at_d9,LINCS_L1000_CRISPR_KO_Consensus_Sigs,FNTB Down,0.00019958969022854052,300.4555807852775,PKM;CA2;SLC2A1,perturbagens associated with the osteoclast signature; candidate reversers where a perturbagen down-regulates the up-signature (confirm with Level-5 directionality)
osteoclast_up_at_d9,LINCS_L1000_CRISPR_KO_Consensus_Sigs,FPR1 Down,0.00019958969022854052,300.4555807852775,DPP4;CA2;F3,perturbagens associated with the osteoclast signature; candidate reversers where a perturbagen down-regulates the up-signature (confirm with Level-5 directionality)
osteoclast_up_at_d9,LINCS_L1000_CRISPR_KO_Consensus_Sigs,GRIK5 Down,0.00019958969022854052,300.4555807852775,CA2;SLC2A1;F3,perturbagens associated with the osteoclast signature; candidate reversers where a perturbagen down-regulates the up-signature (confirm with Level-5 directionality)
osteoclast_up_at_d9,LINCS_L1000_CRISPR_KO_Consensus_Sigs,MRPL16 Down,0.00019958969022854052,300.4555807852775,CA2;SLC2A1;ABCG2,perturbagens associated with the osteoclast signature; candidate reversers where a perturbagen down-regulates the up-signature (confirm with Level-5 directionality)
osteoclast_up_at_d9,LINCS_L1000_CRISPR_KO_Consensus_Sigs,NTRK3 Down,0.0002020208916409693,298.7685183858688,CA2;AKR1B1;F3,perturbagens associated with the osteoclast signature; candidate reversers where a perturbagen down-regulates the up-signature (confirm with Level-5 directionality)
osteoclast_up_at_d9,LINCS_L1000_CRISPR_KO_Consensus_Sigs,CREG1 Up,0.0002020208916409693,298.7685183858688,DPP4;PKM;F3,perturbagens associated with the osteoclast signature; candidate reversers where a perturbagen down-regulates the up-signature (confirm with Level-5 directionality)
osteoclast_up_at_d9,LINCS_L1000_CRISPR_KO_Consensus_Sigs,CTRL Up,0.0002020208916409693,298.7685183858688,PKM;SLC2A1;F3,perturbagens associated with the osteoclast signature; candidate reversers where a perturbagen down-regulates the up-signature (confirm with Level-5 directionality)
osteoclast_up_at_d9,LINCS_L1000_CRISPR_KO_Consensus_Sigs,SKP1 Down,0.0002020208916409693,298.7685183858688,FTO;F3;ABCG2,perturbagens associated with the osteoclast signature; candidate reversers where a perturbagen down-regulates the up-signature (confirm with Level-5 directionality)
osteoclast_up_at_d9,LINCS_L1000_CRISPR_KO_Consensus_Sigs,DNLZ Up,0.0002020208916409693,298.7685183858688,DPP4;F3;ABCG2,perturbagens associated with the osteoclast signature; candidate reversers where a perturbagen down-regulates the up-signature (confirm with Level-5 directionality)
osteoclast_up_at_d9,LINCS_L1000_CRISPR_KO_Consensus_Sigs,TIRAP Down,0.0002020208916409693,298.7685183858688,DPP4;CA2;AKR1B1,perturbagens associated with the osteoclast signature; candidate reversers where a perturbagen down-regulates the up-signature (confirm with Level-5 directionality)
osteoclast_up_at_d9,LINCS_L1000_CRISPR_KO_Consensus_Sigs,TSSK6 Down,0.0002020208916409693,298.7685183858688,CA2;AKR1B1;F3,perturbagens associated with the osteoclast signature; candidate reversers where a perturbagen down-regulates the up-signature (confirm with Level-5 directionality)
osteoclast_up_at_d9,LINCS_L1000_CRISPR_KO_Consensus_Sigs,HIST1H2BJ Up,0.0002020208916409693,298.7685183858688,CA2;SLC2A1;ABCG2,perturbagens associated with the osteoclast signature; candidate reversers where a perturbagen down-regulates the up-signature (confirm with Level-5 directionality)
osteoclast_up_at_d9,LINCS_L1000_CRISPR_KO_Consensus_Sigs,OLR1 Up,0.0002020208916409693,298.7685183858688,DPP4;CA2;ABCG2,perturbagens associated with the osteoclast signature; candidate reversers where a perturbagen down-regulates the up-signature (confirm with Level-5 directionality)
osteoclast_up_at_d9,LINCS_L1000_CRISPR_KO_Consensus_Sigs,PANX3 Up,0.0002020208916409693,298.7685183858688,CA2;SLC2A1;F3,perturbagens associated with the osteoclast signature; candidate reversers where a perturbagen down-regulates the up-signature (confirm with Level-5 directionality)
osteoclast_up_at_d9,LINCS_L1000_CRISPR_KO_Consensus_Sigs,PAPSS2 Up,0.0002020208916409693,298.7685183858688,PKM;AKR1B1;ABCG2,perturbagens associated with the osteoclast signature; candidate reversers where a perturbagen down-regulates the up-signature (confirm with Level-5 directionality)
osteoclast_up_at_d9,LINCS_L1000_CRISPR_KO_Consensus_Sigs,RNASEH2A Up,0.0002020208916409693,298.7685183858688,CA2;SLC2A1;ABCG2,perturbagens associated with the osteoclast signature; candidate reversers where a perturbagen down-regulates the up-signature (confirm with Level-5 directionality)
osteoclast_up_at_d9,LINCS_L1000_CRISPR_KO_Consensus_Sigs,SNAPC4 Up,0.0002020208916409693,298.7685183858688,PKM;SLC2A1;F3,perturbagens associated with the osteoclast signature; candidate reversers where a perturbagen down-regulates the up-signature (confirm with Level-5 directionality)
osteoclast_up_at_d9,LINCS_L1000_CRISPR_KO_Consensus_Sigs,CCDC141 Down,0.0002020208916409693,298.7685183858688,PKM;CA2;AKR1B1,perturbagens associated with the osteoclast signature; candidate reversers where a perturbagen down-regulates the up-signature (confirm with Level-5 directionality)
osteoclast_up_at_d9,LINCS_L1000_CRISPR_KO_Consensus_Sigs,CCDC77 Down,0.0002020208916409693,298.7685183858688,SLC2A1;F3;ABCG2,perturbagens associated with the osteoclast signature; candidate reversers where a perturbagen down-regulates the up-signature (confirm with Level-5 directionality)
osteoclast_up_at_d9,LINCS_L1000_CRISPR_KO_Consensus_Sigs,CFL1 Down,0.0002020208916409693,298.7685183858688,PKM;CA2;SLC2A1,perturbagens associated with the osteoclast signature; candidate reversers where a perturbagen down-regulates the up-signature (confirm with Level-5 directionality)
osteoclast_up_at_d9,LINCS_L1000_CRISPR_KO_Consensus_Sigs,CHRNA9 Down,0.0002020208916409693,298.7685183858688,DPP4;PKM;CA2,perturbagens associated with the osteoclast signature; candidate reversers where a perturbagen down-regulates the up-signature (confirm with Level-5 directionality)
osteoclast_down_at_d9,LINCS_L1000_CRISPR_KO_Consensus_Sigs,INF2 Down,1.0231192304754387e-05,468.76634517102275,FLT3;CYP1A1;AHR;CES1,perturbagens associated with the osteoclast signature; candidate reversers where a perturbagen down-regulates the up-signature (confirm with Level-5 directionality)
osteoclast_down_at_d9,LINCS_L1000_CRISPR_KO_Consensus_Sigs,PMS2 Down,0.0003507867667551523,220.05295156748898,ALOX5;MPO;CES1,perturbagens associated with the osteoclast signature; candidate reversers where a perturbagen down-regulates the up-signature (confirm with Level-5 directionality)
osteoclast_down_at_d9,LINCS_L1000_CRISPR_KO_Consensus_Sigs,IL9R Up,0.0003507867667551523,220.05295156748898,CYP1A1;AHR;CES1,perturbagens associated with the osteoclast signature; candidate reversers where a perturbagen down-regulates the up-signature (confirm with Level-5 directionality)
osteoclast_down_at_d9,LINCS_L1000_CRISPR_KO_Consensus_Sigs,LRRTM4 Up,0.0003507867667551523,220.05295156748898,ALOX5;CYP1A1;AHR,perturbagens associated with the osteoclast signature; candidate reversers where a perturbagen down-regulates the up-signature (confirm with Level-5 directionality)
osteoclast_down_at_d9,LINCS_L1000_CRISPR_KO_Consensus_Sigs,ASH2L Up,0.0003550695960559546,218.78687931261112,ALOX5;CYP1A1;AHR,perturbagens associated with the osteoclast signature; candidate reversers where a perturbagen down-regulates the up-signature (confirm with Level-5 directionality)
osteoclast_down_at_d9,LINCS_L1000_CRISPR_KO_Consensus_Sigs,SCN2B Up,0.0003550695960559546,218.78687931261112,ALOX5;AHR;CES1,perturbagens associated with the osteoclast signature; candidate reversers where a perturbagen down-regulates the up-signature (confirm with Level-5 directionality)
osteoclast_down_at_d9,LINCS_L1000_CRISPR_KO_Consensus_Sigs,ARPC1B Down,0.0003550695960559546,218.78687931261112,ALOX5;MPO;CES1,perturbagens associated with the osteoclast signature; candidate reversers where a perturbagen down-regulates the up-signature (confirm with Level-5 directionality)
osteoclast_down_at_d9,LINCS_L1000_CRISPR_KO_Consensus_Sigs,MANSC1 Up,0.00035938614881214257,217.5328082985674,ALOX5;CYP1A1;AHR,perturbagens associated with the osteoclast signature; candidate reversers where a perturbagen down-regulates the up-signature (confirm with Level-5 directionality)
osteoclast_down_at_d9,LINCS_L1000_CRISPR_KO_Consensus_Sigs,PCSK9 Up,0.00035938614881214257,217.5328082985674,FLT3;CYP1A1;MPO,perturbagens associated with the osteoclast signature; candidate reversers where a perturbagen down-regulates the up-signature (confirm with Level-5 directionality)
osteoclast_down_at_d9,LINCS_L1000_CRISPR_KO_Consensus_Sigs,FXYD2 Down,0.00035938614881214257,217.5328082985674,ALOX5;CYP1A1;MPO,perturbagens associated with the osteoclast signature; candidate reversers where a perturbagen down-regulates the up-signature (confirm with Level-5 directionality)
osteoclast_down_at_d9,LINCS_L1000_CRISPR_KO_Consensus_Sigs,IKBKG Down,0.00035938614881214257,217.5328082985674,ALOX5;AHR;CES1,perturbagens associated with the osteoclast signature; candidate reversers where a perturbagen down-regulates the up-signature (confirm with Level-5 directionality)
osteoclast_down_at_d9,LINCS_L1000_CRISPR_KO_Consensus_Sigs,KCNS3 Down,0.00036373654119265604,216.29057728784738,ALOX5;AHR;CES1,perturbagens associated with the osteoclast signature; candidate reversers where a perturbagen down-regulates the up-signature (confirm with Level-5 directionality)
osteoclast_down_at_d9,LINCS_L1000_CRISPR_KO_Consensus_Sigs,PPCDC Down,0.0003681208893734754,215.06002783882923,CYP1A1;MPO;CES1,perturbagens associated with the osteoclast signature; candidate reversers where a perturbagen down-regulates the up-signature (confirm with Level-5 directionality)
osteoclast_down_at_d9,LINCS_L1000_CRISPR_KO_Consensus_Sigs,CDK17 Up,0.0003681208893734754,215.06002783882923,ALOX5;AHR;CES1,perturbagens associated with the osteoclast signature; candidate reversers where a perturbagen down-regulates the up-signature (confirm with Level-5 directionality)
osteoclast_down_at_d9,LINCS_L1000_CRISPR_KO_Consensus_Sigs,TRIM27 Down,0.0003681208893734754,215.06002783882923,ALOX5;CYP1A1;AHR,perturbagens associated with the osteoclast signature; candidate reversers where a perturbagen down-regulates the up-signature (confirm with Level-5 directionality)
osteoclast_down_at_d9,LINCS_L1000_CRISPR_KO_Consensus_Sigs,HARS Up,0.0003681208893734754,215.06002783882923,ALOX5;AHR;MPO,perturbagens associated with the osteoclast signature; candidate reversers where a perturbagen down-regulates the up-signature (confirm with Level-5 directionality)
osteoclast_down_at_d9,LINCS_L1000_CRISPR_KO_Consensus_Sigs,NIPBL Up,0.0003681208893734754,215.06002783882923,FLT3;AHR;CES1,perturbagens associated with the osteoclast signature; candidate reversers where a perturbagen down-regulates the up-signature (confirm with Level-5 directionality)
osteoclast_down_at_d9,LINCS_L1000_CRISPR_KO_Consensus_Sigs,RARB Up,0.0003681208893734754,215.06002783882923,ALOX5;CYP1A1;CES1,perturbagens associated with the osteoclast signature; candidate reversers where a perturbagen down-regulates the up-signature (confirm with Level-5 directionality)
osteoclast_down_at_d9,LINCS_L1000_CRISPR_KO_Consensus_Sigs,MYOM3 Down,0.000372539309175394,213.8410042730788,FLT3;MPO;CES1,perturbagens associated with the osteoclast signature; candidate reversers where a perturbagen down-regulates the up-signature (confirm with Level-5 directionality)
osteoclast_down_at_d9,LINCS_L1000_CRISPR_KO_Consensus_Sigs,TYK2 Up,0.000372539309175394,213.8410042730788,ALOX5;CYP1A1;AHR,perturbagens associated with the osteoclast signature; candidate reversers where a perturbagen down-regulates the up-signature (confirm with Level-5 directionality)
osteoclast_down_at_d9,LINCS_L1000_CRISPR_KO_Consensus_Sigs,ACVR2A Down,0.000372539309175394,213.8410042730788,ALOX5;AHR;CES1,perturbagens associated with the osteoclast signature; candidate reversers where a perturbagen down-regulates the up-signature (confirm with Level-5 directionality)
osteoclast_down_at_d9,LINCS_L1000_CRISPR_KO_Consensus_Sigs,CMTM2 Down,0.000372539309175394,213.8410042730788,ALOX5;MPO;CES1,perturbagens associated with the osteoclast signature; candidate reversers where a perturbagen down-regulates the up-signature (confirm with Level-5 directionality)
osteoclast_down_at_d9,LINCS_L1000_CRISPR_KO_Consensus_Sigs,FTCD Down,0.000372539309175394,213.8410042730788,ALOX5;MPO;CES1,perturbagens associated with the osteoclast signature; candidate reversers where a perturbagen down-regulates the up-signature (confirm with Level-5 directionality)
osteoclast_down_at_d9,LINCS_L1000_CRISPR_KO_Consensus_Sigs,GJB3 Down,0.000372539309175394,213.8410042730788,ALOX5;CYP1A1;MPO,perturbagens associated with the osteoclast signature; candidate reversers where a perturbagen down-regulates the up-signature (confirm with Level-5 directionality)
osteoclast_down_at_d9,LINCS_L1000_CRISPR_KO_Consensus_Sigs,P2RY14 Down,0.0003769919163706772,212.63335359373627,FLT3;ALOX5;MPO,perturbagens associated with the osteoclast signature; candidate reversers where a perturbagen down-regulates the up-signature (confirm with Level-5 directionality)
osteoclast_down_at_d9,LINCS_L1000_CRISPR_KO_Consensus_Sigs,RDH13 Down,0.0003769919163706772,212.63335359373627,ALOX5;MPO;CES1,perturbagens associated with the osteoclast signature; candidate reversers where a perturbagen down-regulates the up-signature (confirm with Level-5 directionality)
osteoclast_down_at_d9,LINCS_L1000_CRISPR_KO_Consensus_Sigs,RTP4 Down,0.0003769919163706772,212.63335359373627,FLT3;CYP1A1;AHR,perturbagens associated with the osteoclast signature; candidate reversers where a perturbagen down-regulates the up-signature (confirm with Level-5 directionality)
osteoclast_down_at_d9,LINCS_L1000_CRISPR_KO_Consensus_Sigs,TMOD4 Down,0.0003769919163706772,212.63335359373627,ALOX5;CYP1A1;CES1,perturbagens associated with the osteoclast signature; candidate reversers where a perturbagen down-regulates the up-signature (confirm with Level-5 directionality)
osteoclast_down_at_d9,LINCS_L1000_CRISPR_KO_Consensus_Sigs,HEATR9 Up,0.0003769919163706772,212.63335359373627,CTDSP1;ALOX5;AHR,perturbagens associated with the osteoclast signature; candidate reversers where a perturbagen down-regulates the up-signature (confirm with Level-5 directionality)
osteoclast_down_at_d9,LINCS_L1000_CRISPR_KO_Consensus_Sigs,CSAD Down,0.0003769919163706772,212.63335359373627,ALOX5;MPO;CES1,perturbagens associated with the osteoclast signature; candidate reversers where a perturbagen down-regulates the up-signature (confirm with Level-5 directionality)
osteoclast_down_at_d9,LINCS_L1000_CRISPR_KO_Consensus_Sigs,NLRC3 Down,0.0003814788263655544,211.4369254514816,ALOX5;CYP1A1;AHR,perturbagens associated with the osteoclast signature; candidate reversers where a perturbagen down-regulates the up-signature (confirm with Level-5 directionality)
osteoclast_down_at_d9,LINCS_L1000_CRISPR_KO_Consensus_Sigs,NUPL2 Down,0.0003814788263655544,211.4369254514816,ALOX5;CYP1A1;AHR,perturbagens associated with the osteoclast signature; candidate reversers where a perturbagen down-regulates the up-signature (confirm with Level-5 directionality)
osteoclast_down_at_d9,LINCS_L1000_CRISPR_KO_Consensus_Sigs,TP53I3 Down,0.0003814788263655544,211.4369254514816,ALOX5;MPO;CES1,perturbagens associated with the osteoclast signature; candidate reversers where a perturbagen down-regulates the up-signature (confirm with Level-5 directionality)
osteoclast_down_at_d9,LINCS_L1000_CRISPR_KO_Consensus_Sigs,MTOR Up,0.0003814788263655544,211.4369254514816,FLT3;AHR;CES1,perturbagens associated with the osteoclast signature; candidate reversers where a perturbagen down-regulates the up-signature (confirm with Level-5 directionality)
osteoclast_down_at_d9,LINCS_L1000_CRISPR_KO_Consensus_Sigs,RAVER1 Up,0.0003814788263655544,211.4369254514816,CYP1A1;AHR;CES1,perturbagens associated with the osteoclast signature; candidate reversers where a perturbagen down-regulates the up-signature (confirm with Level-5 directionality)
osteoclast_down_at_d9,LINCS_L1000_CRISPR_KO_Consensus_Sigs,HSD17B7 Down,0.0003814788263655544,211.4369254514816,ALOX5;AHR;CES1,perturbagens associated with the osteoclast signature; candidate reversers where a perturbagen down-regulates the up-signature (confirm with Level-5 directionality)
osteoclast_down_at_d9,LINCS_L1000_CRISPR_KO_Consensus_Sigs,LAP3 Down,0.0003814788263655544,211.4369254514816,AHR;PTPN2;CES1,perturbagens associated with the osteoclast signature; candidate reversers where a perturbagen down-regulates the up-signature (confirm with Level-5 directionality)
osteoclast_down_at_d9,LINCS_L1000_CRISPR_KO_Consensus_Sigs,MPP6 Down,0.0003814788263655544,211.4369254514816,ALOX5;CYP1A1;CES1,perturbagens associated with the osteoclast signature; candidate reversers where a perturbagen down-regulates the up-signature (confirm with Level-5 directionality)
osteoclast_down_at_d9,LINCS_L1000_CRISPR_KO_Consensus_Sigs,IL27RA Up,0.0003860001545883625,210.25157206087235,CYP1A1;MPO;CES1,perturbagens associated with the osteoclast signature; candidate reversers where a perturbagen down-regulates the up-signature (confirm with Level-5 directionality)
osteoclast_down_at_d9,LINCS_L1000_CRISPR_KO_Consensus_Sigs,DRAM1 Down,0.0003905560161877159,209.0771481677417,ALOX5;CYP1A1;RELA,perturbagens associated with the osteoclast signature; candidate reversers where a perturbagen down-regulates the up-signature (confirm with Level-5 directionality)
osteoclast_down_at_d9,LINCS_L1000_CRISPR_KO_Consensus_Sigs,CSNK1E Up,0.00853396806053085,80.08287883408578,CYP1A1;MPO,perturbagens associated with the osteoclast signature; candidate reversers where a perturbagen down-regulates the up-signature (confirm with Level-5 directionality)
osteoclast_down_at_d9,LINCS_L1000_CRISPR_KO_Consensus_Sigs,C1ORF56 Up,0.00860342448036626,79.60382342527252,CYP1A1;AHR,perturbagens associated with the osteoclast signature; candidate reversers where a perturbagen down-regulates the up-signature (confirm with Level-5 directionality)
osteoclast_down_at_d9,LINCS_L1000_CRISPR_KO_Consensus_Sigs,TFDP2 Down,0.00860342448036626,79.60382342527252,ALOX5;AHR,perturbagens associated with the osteoclast signature; candidate reversers where a perturbagen down-regulates the up-signature (confirm with Level-5 directionality)
osteoclast_down_at_d9,LINCS_L1000_CRISPR_KO_Consensus_Sigs,HSD3B2 Up,0.00860342448036626,79.60382342527252,CYP1A1;CES1,perturbagens associated with the osteoclast signature; candidate reversers where a perturbagen down-regulates the up-signature (confirm with Level-5 directionality)
osteoclast_down_at_d9,LINCS_L1000_CRISPR_KO_Consensus_Sigs,TPBGL Down,0.008673138672282456,79.1294153238866,ALOX5;MPO,perturbagens associated with the osteoclast signature; candidate reversers where a perturbagen down-regulates the up-signature (confirm with Level-5 directionality)
osteoclast_down_at_d9,LINCS_L1000_CRISPR_KO_Consensus_Sigs,ZNF300 Down,0.008673138672282456,79.1294153238866,ALOX5;MPO,perturbagens associated with the osteoclast signature; candidate reversers where a perturbagen down-regulates the up-signature (confirm with Level-5 directionality)
osteoclast_down_at_d9,LINCS_L1000_CRISPR_KO_Consensus_Sigs,MCAM Up,0.008673138672282456,79.1294153238866,ALOX5;MPO,perturbagens associated with the osteoclast signature; candidate reversers where a perturbagen down-regulates the up-signature (confirm with Level-5 directionality)
osteoclast_down_at_d9,LINCS_L1000_CRISPR_KO_Consensus_Sigs,MVK Up,0.008673138672282456,79.1294153238866,ALOX5;CES1,perturbagens associated with the osteoclast signature; candidate reversers where a perturbagen down-regulates the up-signature (confirm with Level-5 directionality)
osteoclast_down_at_d9,LINCS_L1000_CRISPR_KO_Consensus_Sigs,QARS Up,0.008673138672282456,79.1294153238866,FLT3;RELA,perturbagens associated with the osteoclast signature; candidate reversers where a perturbagen down-regulates the up-signature (confirm with Level-5 directionality)
osteoclast_down_at_d9,LINCS_L1000_CRISPR_KO_Consensus_Sigs,SOCS5 Up,0.008673138672282456,79.1294153238866,ALOX5;MPO,perturbagens associated with the osteoclast signature; candidate reversers where a perturbagen down-regulates the up-signature (confirm with Level-5 directionality)
osteoclast_down_at_d9,LINCS_L1000_CRISPR_KO_Consensus_Sigs,LILRB5 Down,0.008673138672282456,79.1294153238866,ALOX5;CES1,perturbagens associated with the osteoclast signature; candidate reversers where a perturbagen down-regulates the up-signature (confirm with Level-5 directionality)
osteoclast_down_at_d9,LINCS_L1000_CRISPR_KO_Consensus_Sigs,MPZ Down,0.008673138672282456,79.1294153238866,ALOX5;CYP1A1,perturbagens associated with the osteoclast signature; candidate reversers where a perturbagen down-regulates the up-signature (confirm with Level-5 directionality)
osteoclast_down_at_d9,LINCS_L1000_CRISPR_KO_Consensus_Sigs,CDK8 Up,0.008743110356630767,78.65959093481695,MPO;CES1,perturbagens associated with the osteoclast signature; candidate reversers where a perturbagen down-regulates the up-signature (confirm with Level-5 directionality)
osteoclast_down_at_d9,LINCS_L1000_CRISPR_KO_Consensus_Sigs,CST7 Up,0.008743110356630767,78.65959093481695,ALOX5;AHR,perturbagens associated with the osteoclast signature; candidate reversers where a perturbagen down-regulates the up-signature (confirm with Level-5 directionality)
osteoclast_down_at_d9,LINCS_L1000_CRISPR_KO_Consensus_Sigs,DUSP6 Up,0.008743110356630767,78.65959093481695,ALOX5;MPO,perturbagens associated with the osteoclast signature; candidate reversers where a perturbagen down-regulates the up-signature (confirm with Level-5 directionality)
osteoclast_down_at_d9,LINCS_L1000_CRISPR_KO_Consensus_Sigs,FUT8 Up,0.008743110356630767,78.65959093481695,ALOX5;MPO,perturbagens associated with the osteoclast signature; candidate reversers where a perturbagen down-regulates the up-signature (confirm with Level-5 directionality)
osteoclast_down_at_d9,LINCS_L1000_CRISPR_KO_Consensus_Sigs,GABRR3 Up,0.008743110356630767,78.65959093481695,ALOX5;CYP1A1,perturbagens associated with the osteoclast signature; candidate reversers where a perturbagen down-regulates the up-signature (confirm with Level-5 directionality)
osteoclast_down_at_d9,LINCS_L1000_CRISPR_KO_Consensus_Sigs,LYAR Up,0.008743110356630767,78.65959093481695,ALOX5;CYP1A1,perturbagens associated with the osteoclast signature; candidate reversers where a perturbagen down-regulates the up-signature (confirm with Level-5 directionality)
osteoclast_down_at_d9,LINCS_L1000_CRISPR_KO_Consensus_Sigs,PAOX Up,0.008743110356630767,78.65959093481695,ALOX5;CES1,perturbagens associated with the osteoclast signature; candidate reversers where a perturbagen down-regulates the up-signature (confirm with Level-5 directionality)
osteoclast_down_at_d9,LINCS_L1000_CRISPR_KO_Consensus_Sigs,ST6GALNAC1 Up,0.008743110356630767,78.65959093481695,AHR;MPO,perturbagens associated with the osteoclast signature; candidate reversers where a perturbagen down-regulates the up-signature (confirm with Level-5 directionality)
osteoclast_down_at_d9,LINCS_L1000_CRISPR_KO_Consensus_Sigs,TNFRSF10C Up,0.008743110356630767,78.65959093481695,ALOX5;AHR,perturbagens associated with the osteoclast signature; candidate reversers where a perturbagen down-regulates the up-signature (confirm with Level-5 directionality)
osteoclast_down_at_d9,LINCS_L1000_CRISPR_KO_Consensus_Sigs,COL8A1 Down,0.008743110356630767,78.65959093481695,MPO;RELA,perturbagens associated with the osteoclast signature; candidate reversers where a perturbagen down-regulates the up-signature (confirm with Level-5 directionality)
osteoclast_down_at_d9,LINCS_L1000_CRISPR_KO_Consensus_Sigs,LRRIQ3 Down,0.008743110356630767,78.65959093481695,ALOX5;CYP1A1,perturbagens associated with the osteoclast signature; candidate reversers where a perturbagen down-regulates the up-signature (confirm with Level-5 directionality)
osteoclast_down_at_d9,LINCS_L1000_CRISPR_KO_Consensus_Sigs,MFSD2A Down,0.008743110356630767,78.65959093481695,ALOX5;AHR,perturbagens associated with the osteoclast signature; candidate reversers where a perturbagen down-regulates the up-signature (confirm with Level-5 directionality)
osteoclast_down_at_d9,LINCS_L1000_CRISPR_KO_Consensus_Sigs,CBX1 Up,0.008813339250145349,78.19428779679703,ALOX5;MPO,perturbagens associated with the osteoclast signature; candidate reversers where a perturbagen down-regulates the up-signature (confirm with Level-5 directionality)
osteoclast_down_at_d9,LINCS_L1000_CRISPR_KO_Consensus_Sigs,DLAT Up,0.008813339250145349,78.19428779679703,FLT3;MPO,perturbagens associated with the osteoclast signature; candidate reversers where a perturbagen down-regulates the up-signature (confirm with Level-5 directionality)
osteoclast_down_at_d9,LINCS_L1000_CRISPR_KO_Consensus_Sigs,SLC22A18AS Down,0.008813339250145349,78.19428779679703,CYP1A1;CES1,perturbagens associated with the osteoclast signature; candidate reversers where a perturbagen down-regulates the up-signature (confirm with Level-5 directionality)
osteoclast_down_at_d9,LINCS_L1000_CRISPR_KO_Consensus_Sigs,SPTLC2 Down,0.008813339250145349,78.19428779679703,ALOX5;CYP1A1,perturbagens associated with the osteoclast signature; candidate reversers where a perturbagen down-regulates the up-signature (confirm with Level-5 directionality)
osteoclast_down_at_d9,LINCS_L1000_CRISPR_KO_Consensus_Sigs,TGFBR3 Down,0.008813339250145349,78.19428779679703,ALOX5;MPO,perturbagens associated with the osteoclast signature; candidate reversers where a perturbagen down-regulates the up-signature (confirm with Level-5 directionality)
osteoclast_down_at_d9,LINCS_L1000_CRISPR_KO_Consensus_Sigs,TMEM71 Down,0.008813339250145349,78.19428779679703,CYP1A1;MPO,perturbagens associated with the osteoclast signature; candidate reversers where a perturbagen down-regulates the up-signature (confirm with Level-5 directionality)
osteoclast_down_at_d9,LINCS_L1000_CRISPR_KO_Consensus_Sigs,HTR2A Up,0.008813339250145349,78.19428779679703,ALOX5;MPO,perturbagens associated with the osteoclast signature; candidate reversers where a perturbagen down-regulates the up-signature (confirm with Level-5 directionality)
osteoclast_down_at_d9,LINCS_L1000_CRISPR_KO_Consensus_Sigs,IGLON5 Up,0.008813339250145349,78.19428779679703,ALOX5;CES1,perturbagens associated with the osteoclast signature; candidate reversers where a perturbagen down-regulates the up-signature (confirm with Level-5 directionality)
osteoclast_down_at_d9,LINCS_L1000_CRISPR_KO_Consensus_Sigs,KCNB1 Up,0.008813339250145349,78.19428779679703,FLT3;MPO,perturbagens associated with the osteoclast signature; candidate reversers where a perturbagen down-regulates the up-signature (confirm with Level-5 directionality)
osteoclast_down_at_d9,LINCS_L1000_CRISPR_KO_Consensus_Sigs,MGAT2 Up,0.008813339250145349,78.19428779679703,ALOX5;CYP1A1,perturbagens associated with the osteoclast signature; candidate reversers where a perturbagen down-regulates the up-signature (confirm with Level-5 directionality)
osteoclast_down_at_d9,LINCS_L1000_CRISPR_KO_Consensus_Sigs,SBDS Up,0.008813339250145349,78.19428779679703,ALOX5;AHR,perturbagens associated with the osteoclast signature; candidate reversers where a perturbagen down-regulates the up-signature (confirm with Level-5 directionality)
osteoclast_down_at_d9,LINCS_L1000_CRISPR_KO_Consensus_Sigs,SF3A2 Up,0.008813339250145349,78.19428779679703,CYP1A1;PTPN2,perturbagens associated with the osteoclast signature; candidate reversers where a perturbagen down-regulates the up-signature (confirm with Level-5 directionality)
osteoclast_down_at_d9,LINCS_L1000_CRISPR_KO_Consensus_Sigs,TOB2 Up,0.008813339250145349,78.19428779679703,ALOX5;MPO,perturbagens associated with the osteoclast signature; candidate reversers where a perturbagen down-regulates the up-signature (confirm with Level-5 directionality)
osteoclast_down_at_d9,LINCS_L1000_CRISPR_KO_Consensus_Sigs,ACTB Down,0.008813339250145349,78.19428779679703,ALOX5;CES1,perturbagens associated with the osteoclast signature; candidate reversers where a perturbagen down-regulates the up-signature (confirm with Level-5 directionality)
osteoclast_down_at_d9,LINCS_L1000_CRISPR_KO_Consensus_Sigs,CD247 Down,0.008813339250145349,78.19428779679703,ALOX5;RELA,perturbagens associated with the osteoclast signature; candidate reversers where a perturbagen down-regulates the up-signature (confirm with Level-5 directionality)
osteoclast_down_at_d9,LINCS_L1000_CRISPR_KO_Consensus_Sigs,GBA Down,0.008813339250145349,78.19428779679703,ALOX5;CYP1A1,perturbagens associated with the osteoclast signature; candidate reversers where a perturbagen down-regulates the up-signature (confirm with Level-5 directionality)
osteoclast_down_at_d9,LINCS_L1000_CRISPR_KO_Consensus_Sigs,INSC Down,0.008813339250145349,78.19428779679703,ALOX5;AHR,perturbagens associated with the osteoclast signature; candidate reversers where a perturbagen down-regulates the up-signature (confirm with Level-5 directionality)
osteoclast_down_at_d9,LINCS_L1000_CRISPR_KO_Consensus_Sigs,ITGB8 Down,0.008813339250145349,78.19428779679703,ALOX5;AHR,perturbagens associated with the osteoclast signature; candidate reversers where a perturbagen down-regulates the up-signature (confirm with Level-5 directionality)
osteoclast_down_at_d9,LINCS_L1000_CRISPR_KO_Consensus_Sigs,MINDY1 Down,0.008813339250145349,78.19428779679703,AHR;CES1,perturbagens associated with the osteoclast signature; candidate reversers where a perturbagen down-regulates the up-signature (confirm with Level-5 directionality)
osteoclast_down_at_d9,LINCS_L1000_CRISPR_KO_Consensus_Sigs,ORAI1 Down,0.00888382507803719,77.73344453506539,ALOX5;AHR,perturbagens associated with the osteoclast signature; candidate reversers where a perturbagen down-regulates the up-signature (confirm with Level-5 directionality)
osteoclast_down_at_d9,LINCS_L1000_CRISPR_KO_Consensus_Sigs,OSBPL6 Down,0.00888382507803719,77.73344453506539,ALOX5;MPO,perturbagens associated with the osteoclast signature; candidate reversers where a perturbagen down-regulates the up-signature (confirm with Level-5 directionality)
osteoclast_down_at_d9,LINCS_L1000_CRISPR_KO_Consensus_Sigs,PCK1 Down,0.00888382507803719,77.73344453506539,ALOX5;MPO,perturbagens associated with the osteoclast signature; candidate reversers where a perturbagen down-regulates the up-signature (confirm with Level-5 directionality)
osteoclast_down_at_d9,LINCS_L1000_CRISPR_KO_Consensus_Sigs,CD36 Up,0.00888382507803719,77.73344453506539,ALOX5;CYP1A1,perturbagens associated with the osteoclast signature; candidate reversers where a perturbagen down-regulates the up-signature (confirm with Level-5 directionality)
osteoclast_down_at_d9,LINCS_L1000_CRISPR_KO_Consensus_Sigs,CHD7 Up,0.00888382507803719,77.73344453506539,AHR;CES1,perturbagens associated with the osteoclast signature; candidate reversers where a perturbagen down-regulates the up-signature (confirm with Level-5 directionality)
osteoclast_down_at_d9,LINCS_L1000_CRISPR_KO_Consensus_Sigs,SELPLG Down,0.00888382507803719,77.73344453506539,CYP1A1;AHR,perturbagens associated with the osteoclast signature; candidate reversers where a perturbagen down-regulates the up-signature (confirm with Level-5 directionality)
osteoclast_down_at_d9,LINCS_L1000_CRISPR_KO_Consensus_Sigs,SLC4A3 Down,0.00888382507803719,77.73344453506539,ALOX5;MPO,perturbagens associated with the osteoclast signature; candidate reversers where a perturbagen down-regulates the up-signature (confirm with Level-5 directionality)
osteoclast_down_at_d9,LINCS_L1000_CRISPR_KO_Consensus_Sigs,EOMES Up,0.00888382507803719,77.73344453506539,ALOX5;AHR,perturbagens associated with the osteoclast signature; candidate reversers where a perturbagen down-regulates the up-signature (confirm with Level-5 directionality)
osteoclast_down_at_d9,LINCS_L1000_CRISPR_KO_Consensus_Sigs,SOD1 Down,0.00888382507803719,77.73344453506539,CYP1A1;CES1,perturbagens associated with the osteoclast signature; candidate reversers where a perturbagen down-regulates the up-signature (confirm with Level-5 directionality)
osteoclast_down_at_d9,LINCS_L1000_CRISPR_KO_Consensus_Sigs,SPCS3 Down,0.00888382507803719,77.73344453506539,FLT3;MPO,perturbagens associated with the osteoclast signature; candidate reversers where a perturbagen down-regulates the up-signature (confirm with Level-5 directionality)
osteoclast_down_at_d9,LINCS_L1000_CRISPR_KO_Consensus_Sigs,SPN Down,0.00888382507803719,77.73344453506539,AHR;CES1,perturbagens associated with the osteoclast signature; candidate reversers where a perturbagen down-regulates the up-signature (confirm with Level-5 directionality)
osteoclast_down_at_d9,LINCS_L1000_CRISPR_KO_Consensus_Sigs,SPRY1 Down,0.00888382507803719,77.73344453506539,CYP1A1;AHR,perturbagens associated with the osteoclast signature; candidate reversers where a perturbagen down-regulates the up-signature (confirm with Level-5 directionality)
osteoclast_down_at_d9,LINCS_L1000_CRISPR_KO_Consensus_Sigs,STK32B Down,0.00888382507803719,77.73344453506539,HIF1A;CES1,perturbagens associated with the osteoclast signature; candidate reversers where a perturbagen down-regulates the up-signature (confirm with Level-5 directionality)
osteoclast_down_at_d9,LINCS_L1000_CRISPR_KO_Consensus_Sigs,VEGFA Down,0.00888382507803719,77.73344453506539,AHR;CES1,perturbagens associated with the osteoclast signature; candidate reversers where a perturbagen down-regulates the up-signature (confirm with Level-5 directionality)
osteoclast_down_at_d9,LINCS_L1000_CRISPR_KO_Consensus_Sigs,IL1RL1 Up,0.00888382507803719,77.73344453506539,ALOX5;CES1,perturbagens associated with the osteoclast signature; candidate reversers where a perturbagen down-regulates the up-signature (confirm with Level-5 directionality)
osteoclast_down_at_d9,LINCS_L1000_CRISPR_KO_Consensus_Sigs,LIPF Up,0.00888382507803719,77.73344453506539,ALOX5;AHR,perturbagens associated with the osteoclast signature; candidate reversers where a perturbagen down-regulates the up-signature (confirm with Level-5 directionality)
osteoclast_down_at_d9,LINCS_L1000_CRISPR_KO_Consensus_Sigs,METTL1 Up,0.00888382507803719,77.73344453506539,CYP1A1;CES1,perturbagens associated with the osteoclast signature; candidate reversers where a perturbagen down-regulates the up-signature (confirm with Level-5 directionality)
